Kmer	Relative Affinity
AAAAAAAA	0.15
AAAAAAAC	0.11
AAAAAAAG	0.13
AAAAAAAT	0.12
AAAAAACA	0.12
AAAAAACC	0.12
AAAAAACG	0.12
AAAAAACT	0.12
AAAAAAGA	0.13
AAAAAAGC	0.11
AAAAAAGG	0.14
AAAAAAGT	0.11
AAAAAATA	0.14
AAAAAATC	0.12
AAAAAATG	0.13
AAAAAATT	0.12
AAAAACAA	0.14
AAAAACAC	0.11
AAAAACAG	0.12
AAAAACAT	0.1
AAAAACCA	0.12
AAAAACCC	0.12
AAAAACCG	0.12
AAAAACCT	0.12
AAAAACGA	0.13
AAAAACGC	0.11
AAAAACGG	0.1
AAAAACGT	0.1
AAAAACTA	0.12
AAAAACTC	0.12
AAAAACTG	0.11
AAAAACTT	0.13
AAAAAGAA	0.13
AAAAAGAC	0.12
AAAAAGAG	0.11
AAAAAGAT	0.12
AAAAAGCA	0.11
AAAAAGCC	0.12
AAAAAGCG	0.13
AAAAAGCT	0.11
AAAAAGGA	0.12
AAAAAGGC	0.11
AAAAAGGG	0.13
AAAAAGGT	0.1
AAAAAGTA	0.12
AAAAAGTC	0.1
AAAAAGTG	0.12
AAAAAGTT	0.11
AAAAATAA	0.14
AAAAATAC	0.12
AAAAATAG	0.12
AAAAATAT	0.14
AAAAATCA	0.1
AAAAATCC	0.12
AAAAATCG	0.11
AAAAATCT	0.12
AAAAATGA	0.13
AAAAATGC	0.1
AAAAATGG	0.12
AAAAATGT	0.11
AAAAATTA	0.13
AAAAATTC	0.13
AAAAATTG	0.12
AAAAATTT	0.13
AAAACAAA	0.12
AAAACAAC	0.12
AAAACAAG	0.11
AAAACAAT	0.11
AAAACACA	0.12
AAAACACC	0.1
AAAACACG	0.1
AAAACACT	0.11
AAAACAGA	0.11
AAAACAGC	0.11
AAAACAGG	0.12
AAAACAGT	0.12
AAAACATA	0.12
AAAACATC	0.1
AAAACATG	0.1
AAAACATT	0.1
AAAACCAA	0.11
AAAACCAC	0.11
AAAACCAG	0.11
AAAACCAT	0.11
AAAACCCA	0.11
AAAACCCC	0.09
AAAACCCG	0.11
AAAACCCT	0.11
AAAACCGA	0.12
AAAACCGC	0.1
AAAACCGG	0.13
AAAACCGT	0.11
AAAACCTA	0.1
AAAACCTC	0.11
AAAACCTG	0.09
AAAACCTT	0.1
AAAACGAA	0.12
AAAACGAC	0.12
AAAACGAG	0.1
AAAACGAT	0.1
AAAACGCA	0.09
AAAACGCC	0.12
AAAACGCG	0.1
AAAACGCT	0.11
AAAACGGA	0.14
AAAACGGC	0.11
AAAACGGG	0.12
AAAACGGT	0.11
AAAACGTA	0.11
AAAACGTC	0.1
AAAACGTG	0.1
AAAACGTT	0.13
AAAACTAA	0.13
AAAACTAC	0.13
AAAACTAG	0.1
AAAACTAT	0.12
AAAACTCA	0.13
AAAACTCC	0.11
AAAACTCG	0.1
AAAACTCT	0.11
AAAACTGA	0.11
AAAACTGC	0.11
AAAACTGG	0.1
AAAACTGT	0.1
AAAACTTA	0.12
AAAACTTC	0.14
AAAACTTG	0.1
AAAACTTT	0.11
AAAAGAAA	0.13
AAAAGAAC	0.12
AAAAGAAG	0.11
AAAAGAAT	0.13
AAAAGACA	0.12
AAAAGACC	0.1
AAAAGACG	0.11
AAAAGACT	0.1
AAAAGAGA	0.14
AAAAGAGC	0.09
AAAAGAGG	0.11
AAAAGAGT	0.1
AAAAGATA	0.11
AAAAGATC	0.11
AAAAGATG	0.11
AAAAGATT	0.11
AAAAGCAA	0.11
AAAAGCAC	0.11
AAAAGCAG	0.11
AAAAGCAT	0.11
AAAAGCCA	0.14
AAAAGCCC	0.11
AAAAGCCG	0.12
AAAAGCCT	0.11
AAAAGCGA	0.12
AAAAGCGC	0.11
AAAAGCGG	0.12
AAAAGCGT	0.1
AAAAGCTA	0.11
AAAAGCTC	0.11
AAAAGCTG	0.1
AAAAGCTT	0.1
AAAAGGAA	0.18
AAAAGGAC	0.11
AAAAGGAG	0.11
AAAAGGAT	0.14
AAAAGGCA	0.12
AAAAGGCC	0.1
AAAAGGCG	0.1
AAAAGGCT	0.1
AAAAGGGA	0.12
AAAAGGGC	0.11
AAAAGGGG	0.11
AAAAGGGT	0.11
AAAAGGTA	0.1
AAAAGGTC	0.09
AAAAGGTG	0.11
AAAAGGTT	0.1
AAAAGTAA	0.12
AAAAGTAC	0.12
AAAAGTAG	0.13
AAAAGTAT	0.13
AAAAGTCA	0.11
AAAAGTCC	0.1
AAAAGTCG	0.1
AAAAGTCT	0.11
AAAAGTGA	0.13
AAAAGTGC	0.09
AAAAGTGG	0.11
AAAAGTGT	0.1
AAAAGTTA	0.11
AAAAGTTC	0.11
AAAAGTTG	0.09
AAAAGTTT	0.11
AAAATAAA	0.13
AAAATAAC	0.12
AAAATAAG	0.12
AAAATAAT	0.12
AAAATACA	0.12
AAAATACC	0.12
AAAATACG	0.1
AAAATACT	0.11
AAAATAGA	0.12
AAAATAGC	0.1
AAAATAGG	0.12
AAAATAGT	0.11
AAAATATA	0.13
AAAATATC	0.13
AAAATATG	0.12
AAAATATT	0.11
AAAATCAA	0.11
AAAATCAC	0.11
AAAATCAG	0.12
AAAATCAT	0.12
AAAATCCA	0.12
AAAATCCC	0.13
AAAATCCG	0.18
AAAATCCT	0.12
AAAATCGA	0.1
AAAATCGC	0.11
AAAATCGG	0.11
AAAATCGT	0.11
AAAATCTA	0.1
AAAATCTC	0.1
AAAATCTG	0.12
AAAATCTT	0.11
AAAATGAA	0.1
AAAATGAC	0.11
AAAATGAG	0.12
AAAATGAT	0.14
AAAATGCA	0.12
AAAATGCC	0.11
AAAATGCG	0.11
AAAATGCT	0.11
AAAATGGA	0.11
AAAATGGC	0.11
AAAATGGG	0.1
AAAATGGT	0.12
AAAATGTA	0.12
AAAATGTC	0.11
AAAATGTG	0.09
AAAATGTT	0.1
AAAATTAA	0.11
AAAATTAC	0.11
AAAATTAG	0.12
AAAATTAT	0.13
AAAATTCA	0.12
AAAATTCC	0.12
AAAATTCG	0.12
AAAATTCT	0.11
AAAATTGA	0.14
AAAATTGC	0.1
AAAATTGG	0.12
AAAATTGT	0.12
AAAATTTA	0.13
AAAATTTC	0.1
AAAATTTG	0.12
AAAATTTT	0.14
AAACAAAA	0.12
AAACAAAC	0.11
AAACAAAG	0.11
AAACAAAT	0.12
AAACAACA	0.12
AAACAACC	0.11
AAACAACG	0.11
AAACAACT	0.1
AAACAAGA	0.14
AAACAAGC	0.1
AAACAAGG	0.1
AAACAAGT	0.11
AAACAATA	0.12
AAACAATC	0.1
AAACAATG	0.11
AAACAATT	0.11
AAACACAA	0.12
AAACACAC	0.1
AAACACAG	0.12
AAACACAT	0.12
AAACACCA	0.1
AAACACCC	0.11
AAACACCG	0.11
AAACACCT	0.1
AAACACGA	0.09
AAACACGC	0.1
AAACACGG	0.1
AAACACGT	0.08
AAACACTA	0.1
AAACACTC	0.11
AAACACTG	0.12
AAACACTT	0.11
AAACAGAA	0.13
AAACAGAC	0.1
AAACAGAG	0.1
AAACAGAT	0.13
AAACAGCA	0.1
AAACAGCC	0.11
AAACAGCG	0.11
AAACAGCT	0.09
AAACAGGA	0.23
AAACAGGC	0.11
AAACAGGG	0.1
AAACAGGT	0.1
AAACAGTA	0.11
AAACAGTC	0.09
AAACAGTG	0.12
AAACAGTT	0.1
AAACATAA	0.1
AAACATAC	0.1
AAACATAG	0.11
AAACATAT	0.13
AAACATCA	0.1
AAACATCC	0.23
AAACATCG	0.1
AAACATCT	0.11
AAACATGA	0.11
AAACATGC	0.09
AAACATGG	0.1
AAACATGT	0.09
AAACATTA	0.1
AAACATTC	0.1
AAACATTG	0.09
AAACATTT	0.12
AAACCAAA	0.12
AAACCAAC	0.12
AAACCAAG	0.11
AAACCAAT	0.12
AAACCACA	0.11
AAACCACC	0.11
AAACCACG	0.1
AAACCACT	0.12
AAACCAGA	0.11
AAACCAGC	0.12
AAACCAGG	0.11
AAACCAGT	0.1
AAACCATA	0.11
AAACCATC	0.13
AAACCATG	0.11
AAACCATT	0.11
AAACCCAA	0.12
AAACCCAC	0.11
AAACCCAG	0.12
AAACCCAT	0.11
AAACCCCA	0.1
AAACCCCC	0.1
AAACCCCG	0.13
AAACCCCT	0.09
AAACCCGA	0.12
AAACCCGC	0.11
AAACCCGG	0.12
AAACCCGT	0.11
AAACCCTA	0.09
AAACCCTC	0.11
AAACCCTG	0.11
AAACCCTT	0.1
AAACCGAA	0.12
AAACCGAC	0.1
AAACCGAG	0.11
AAACCGAT	0.11
AAACCGCA	0.1
AAACCGCC	0.1
AAACCGCG	0.11
AAACCGCT	0.08
AAACCGGA	0.23
AAACCGGC	0.11
AAACCGGG	0.12
AAACCGGT	0.1
AAACCGTA	0.1
AAACCGTC	0.1
AAACCGTG	0.11
AAACCGTT	0.1
AAACCTAA	0.11
AAACCTAC	0.1
AAACCTAG	0.1
AAACCTAT	0.1
AAACCTCA	0.11
AAACCTCC	0.1
AAACCTCG	0.1
AAACCTCT	0.11
AAACCTGA	0.11
AAACCTGC	0.11
AAACCTGG	0.1
AAACCTGT	0.1
AAACCTTA	0.1
AAACCTTC	0.11
AAACCTTG	0.09
AAACCTTT	0.11
AAACGAAA	0.11
AAACGAAC	0.11
AAACGAAG	0.11
AAACGAAT	0.11
AAACGACA	0.1
AAACGACC	0.11
AAACGACG	0.12
AAACGACT	0.1
AAACGAGA	0.12
AAACGAGC	0.09
AAACGAGG	0.1
AAACGAGT	0.1
AAACGATA	0.09
AAACGATC	0.11
AAACGATG	0.12
AAACGATT	0.11
AAACGCAA	0.09
AAACGCAC	0.1
AAACGCAG	0.1
AAACGCAT	0.09
AAACGCCA	0.1
AAACGCCC	0.11
AAACGCCG	0.1
AAACGCCT	0.11
AAACGCGA	0.1
AAACGCGC	0.1
AAACGCGG	0.12
AAACGCGT	0.09
AAACGCTA	0.1
AAACGCTC	0.1
AAACGCTG	0.09
AAACGCTT	0.11
AAACGGAA	0.24
AAACGGAC	0.12
AAACGGAG	0.1
AAACGGAT	0.16
AAACGGCA	0.11
AAACGGCC	0.11
AAACGGCG	0.12
AAACGGCT	0.09
AAACGGGA	0.13
AAACGGGC	0.1
AAACGGGG	0.1
AAACGGGT	0.1
AAACGGTA	0.12
AAACGGTC	0.09
AAACGGTG	0.1
AAACGGTT	0.1
AAACGTAA	0.1
AAACGTAC	0.1
AAACGTAG	0.1
AAACGTAT	0.1
AAACGTCA	0.1
AAACGTCC	0.12
AAACGTCG	0.11
AAACGTCT	0.11
AAACGTGA	0.11
AAACGTGC	0.1
AAACGTGG	0.1
AAACGTGT	0.11
AAACGTTA	0.12
AAACGTTC	0.11
AAACGTTG	0.1
AAACGTTT	0.1
AAACTAAA	0.12
AAACTAAC	0.12
AAACTAAG	0.14
AAACTAAT	0.12
AAACTACA	0.11
AAACTACC	0.13
AAACTACG	0.11
AAACTACT	0.12
AAACTAGA	0.1
AAACTAGC	0.1
AAACTAGG	0.09
AAACTAGT	0.11
AAACTATA	0.12
AAACTATC	0.1
AAACTATG	0.11
AAACTATT	0.11
AAACTCAA	0.12
AAACTCAC	0.11
AAACTCAG	0.11
AAACTCAT	0.11
AAACTCCA	0.12
AAACTCCC	0.1
AAACTCCG	0.11
AAACTCCT	0.11
AAACTCGA	0.1
AAACTCGC	0.1
AAACTCGG	0.1
AAACTCGT	0.1
AAACTCTA	0.12
AAACTCTC	0.11
AAACTCTG	0.11
AAACTCTT	0.1
AAACTGAA	0.12
AAACTGAC	0.11
AAACTGAG	0.11
AAACTGAT	0.11
AAACTGCA	0.11
AAACTGCC	0.11
AAACTGCG	0.09
AAACTGCT	0.1
AAACTGGA	0.1
AAACTGGC	0.1
AAACTGGG	0.11
AAACTGGT	0.11
AAACTGTA	0.1
AAACTGTC	0.1
AAACTGTG	0.09
AAACTGTT	0.11
AAACTTAA	0.12
AAACTTAC	0.1
AAACTTAG	0.11
AAACTTAT	0.1
AAACTTCA	0.11
AAACTTCC	0.28
AAACTTCG	0.12
AAACTTCT	0.12
AAACTTGA	0.1
AAACTTGC	0.11
AAACTTGG	0.11
AAACTTGT	0.1
AAACTTTA	0.11
AAACTTTC	0.11
AAACTTTG	0.1
AAAGAAAA	0.12
AAAGAAAC	0.11
AAAGAAAG	0.13
AAAGAAAT	0.14
AAAGAACA	0.12
AAAGAACC	0.12
AAAGAACG	0.12
AAAGAACT	0.11
AAAGAAGA	0.11
AAAGAAGC	0.11
AAAGAAGG	0.12
AAAGAAGT	0.11
AAAGAATA	0.12
AAAGAATC	0.12
AAAGAATG	0.1
AAAGAATT	0.1
AAAGACAA	0.12
AAAGACAC	0.11
AAAGACAG	0.11
AAAGACAT	0.09
AAAGACCA	0.1
AAAGACCC	0.1
AAAGACCG	0.1
AAAGACCT	0.11
AAAGACGA	0.11
AAAGACGC	0.11
AAAGACGG	0.1
AAAGACGT	0.11
AAAGACTA	0.11
AAAGACTC	0.1
AAAGACTG	0.09
AAAGACTT	0.1
AAAGAGAA	0.12
AAAGAGAC	0.13
AAAGAGAG	0.1
AAAGAGAT	0.1
AAAGAGCA	0.11
AAAGAGCC	0.08
AAAGAGCG	0.1
AAAGAGCT	0.1
AAAGAGGA	0.13
AAAGAGGC	0.1
AAAGAGGG	0.11
AAAGAGGT	0.11
AAAGAGTA	0.12
AAAGAGTC	0.08
AAAGAGTG	0.11
AAAGAGTT	0.12
AAAGATAA	0.13
AAAGATAC	0.1
AAAGATAG	0.11
AAAGATAT	0.13
AAAGATCA	0.11
AAAGATCC	0.12
AAAGATCG	0.1
AAAGATCT	0.1
AAAGATGA	0.11
AAAGATGC	0.1
AAAGATGG	0.11
AAAGATGT	0.11
AAAGATTA	0.11
AAAGATTC	0.1
AAAGATTG	0.11
AAAGATTT	0.12
AAAGCAAA	0.12
AAAGCAAC	0.09
AAAGCAAG	0.11
AAAGCAAT	0.11
AAAGCACA	0.11
AAAGCACC	0.1
AAAGCACG	0.1
AAAGCACT	0.1
AAAGCAGA	0.13
AAAGCAGC	0.11
AAAGCAGG	0.11
AAAGCAGT	0.1
AAAGCATA	0.11
AAAGCATC	0.11
AAAGCATG	0.1
AAAGCATT	0.1
AAAGCCAA	0.12
AAAGCCAC	0.13
AAAGCCAG	0.09
AAAGCCAT	0.13
AAAGCCCA	0.09
AAAGCCCC	0.1
AAAGCCCG	0.1
AAAGCCCT	0.1
AAAGCCGA	0.1
AAAGCCGC	0.11
AAAGCCGG	0.12
AAAGCCGT	0.11
AAAGCCTA	0.11
AAAGCCTC	0.11
AAAGCCTG	0.08
AAAGCCTT	0.1
AAAGCGAA	0.11
AAAGCGAC	0.12
AAAGCGAG	0.12
AAAGCGAT	0.11
AAAGCGCA	0.1
AAAGCGCC	0.11
AAAGCGCG	0.1
AAAGCGCT	0.11
AAAGCGGA	0.13
AAAGCGGC	0.1
AAAGCGGG	0.1
AAAGCGGT	0.11
AAAGCGTA	0.1
AAAGCGTC	0.1
AAAGCGTG	0.09
AAAGCGTT	0.1
AAAGCTAA	0.1
AAAGCTAC	0.11
AAAGCTAG	0.1
AAAGCTAT	0.09
AAAGCTCA	0.11
AAAGCTCC	0.09
AAAGCTCG	0.1
AAAGCTCT	0.1
AAAGCTGA	0.1
AAAGCTGC	0.1
AAAGCTGG	0.12
AAAGCTGT	0.09
AAAGCTTA	0.1
AAAGCTTC	0.11
AAAGCTTG	0.09
AAAGCTTT	0.1
AAAGGAAA	0.28
AAAGGAAC	0.13
AAAGGAAG	0.26
AAAGGAAT	0.12
AAAGGACA	0.12
AAAGGACC	0.11
AAAGGACG	0.12
AAAGGACT	0.1
AAAGGAGA	0.09
AAAGGAGC	0.11
AAAGGAGG	0.12
AAAGGAGT	0.11
AAAGGATA	0.18
AAAGGATC	0.11
AAAGGATG	0.17
AAAGGATT	0.1
AAAGGCAA	0.1
AAAGGCAC	0.1
AAAGGCAG	0.13
AAAGGCAT	0.11
AAAGGCCA	0.1
AAAGGCCC	0.11
AAAGGCCG	0.1
AAAGGCCT	0.1
AAAGGCGA	0.1
AAAGGCGC	0.09
AAAGGCGG	0.12
AAAGGCGT	0.1
AAAGGCTA	0.09
AAAGGCTC	0.1
AAAGGCTG	0.11
AAAGGCTT	0.1
AAAGGGAA	0.13
AAAGGGAC	0.09
AAAGGGAG	0.1
AAAGGGAT	0.12
AAAGGGCA	0.1
AAAGGGCC	0.09
AAAGGGCG	0.1
AAAGGGCT	0.11
AAAGGGGA	0.12
AAAGGGGC	0.11
AAAGGGGG	0.14
AAAGGGGT	0.1
AAAGGGTA	0.11
AAAGGGTC	0.1
AAAGGGTG	0.11
AAAGGGTT	0.1
AAAGGTAA	0.1
AAAGGTAC	0.09
AAAGGTAG	0.11
AAAGGTAT	0.11
AAAGGTCA	0.1
AAAGGTCC	0.1
AAAGGTCG	0.11
AAAGGTCT	0.11
AAAGGTGA	0.1
AAAGGTGC	0.1
AAAGGTGG	0.1
AAAGGTGT	0.12
AAAGGTTA	0.1
AAAGGTTC	0.1
AAAGGTTG	0.11
AAAGTAAA	0.12
AAAGTAAC	0.12
AAAGTAAG	0.1
AAAGTAAT	0.11
AAAGTACA	0.11
AAAGTACC	0.11
AAAGTACG	0.11
AAAGTACT	0.09
AAAGTAGA	0.09
AAAGTAGC	0.09
AAAGTAGG	0.13
AAAGTAGT	0.09
AAAGTATA	0.11
AAAGTATC	0.12
AAAGTATG	0.09
AAAGTATT	0.11
AAAGTCAA	0.11
AAAGTCAC	0.11
AAAGTCAG	0.1
AAAGTCAT	0.11
AAAGTCCA	0.1
AAAGTCCC	0.1
AAAGTCCG	0.11
AAAGTCCT	0.1
AAAGTCGA	0.1
AAAGTCGC	0.11
AAAGTCGG	0.1
AAAGTCGT	0.1
AAAGTCTA	0.1
AAAGTCTC	0.1
AAAGTCTG	0.09
AAAGTCTT	0.1
AAAGTGAA	0.12
AAAGTGAC	0.1
AAAGTGAG	0.11
AAAGTGAT	0.13
AAAGTGCA	0.09
AAAGTGCC	0.1
AAAGTGCG	0.1
AAAGTGCT	0.08
AAAGTGGA	0.11
AAAGTGGC	0.1
AAAGTGGG	0.1
AAAGTGGT	0.1
AAAGTGTA	0.1
AAAGTGTC	0.1
AAAGTGTG	0.11
AAAGTGTT	0.1
AAAGTTAA	0.11
AAAGTTAC	0.1
AAAGTTAG	0.11
AAAGTTAT	0.11
AAAGTTCA	0.1
AAAGTTCC	0.12
AAAGTTCG	0.1
AAAGTTCT	0.11
AAAGTTGA	0.11
AAAGTTGC	0.1
AAAGTTGG	0.1
AAAGTTGT	0.1
AAAGTTTA	0.11
AAAGTTTC	0.11
AAAGTTTG	0.11
AAATAAAA	0.13
AAATAAAC	0.12
AAATAAAG	0.11
AAATAAAT	0.12
AAATAACA	0.12
AAATAACC	0.12
AAATAACG	0.11
AAATAACT	0.12
AAATAAGA	0.11
AAATAAGC	0.12
AAATAAGG	0.12
AAATAAGT	0.11
AAATAATA	0.14
AAATAATC	0.11
AAATAATG	0.12
AAATAATT	0.12
AAATACAA	0.12
AAATACAC	0.12
AAATACAG	0.13
AAATACAT	0.12
AAATACCA	0.12
AAATACCC	0.11
AAATACCG	0.14
AAATACCT	0.11
AAATACGA	0.11
AAATACGC	0.11
AAATACGG	0.11
AAATACGT	0.1
AAATACTA	0.12
AAATACTC	0.09
AAATACTG	0.12
AAATACTT	0.11
AAATAGAA	0.11
AAATAGAC	0.1
AAATAGAG	0.12
AAATAGAT	0.12
AAATAGCA	0.11
AAATAGCC	0.1
AAATAGCG	0.11
AAATAGCT	0.09
AAATAGGA	0.14
AAATAGGC	0.11
AAATAGGG	0.12
AAATAGGT	0.1
AAATAGTA	0.1
AAATAGTC	0.1
AAATAGTG	0.11
AAATAGTT	0.11
AAATATAA	0.14
AAATATAC	0.11
AAATATAG	0.12
AAATATAT	0.12
AAATATCA	0.1
AAATATCC	0.15
AAATATCG	0.11
AAATATCT	0.12
AAATATGA	0.11
AAATATGC	0.09
AAATATGG	0.11
AAATATGT	0.12
AAATATTA	0.11
AAATATTC	0.12
AAATATTG	0.11
AAATATTT	0.11
AAATCAAA	0.13
AAATCAAC	0.11
AAATCAAG	0.1
AAATCAAT	0.12
AAATCACA	0.1
AAATCACC	0.14
AAATCACG	0.1
AAATCACT	0.12
AAATCAGA	0.1
AAATCAGC	0.11
AAATCAGG	0.11
AAATCAGT	0.1
AAATCATA	0.11
AAATCATC	0.1
AAATCATG	0.1
AAATCATT	0.11
AAATCCAA	0.12
AAATCCAC	0.11
AAATCCAG	0.12
AAATCCAT	0.12
AAATCCCA	0.13
AAATCCCC	0.1
AAATCCCG	0.14
AAATCCCT	0.11
AAATCCGA	0.11
AAATCCGC	0.12
AAATCCGG	0.25
AAATCCGT	0.12
AAATCCTA	0.12
AAATCCTC	0.11
AAATCCTG	0.14
AAATCCTT	0.1
AAATCGAA	0.11
AAATCGAC	0.09
AAATCGAG	0.12
AAATCGAT	0.09
AAATCGCA	0.11
AAATCGCC	0.12
AAATCGCG	0.11
AAATCGCT	0.11
AAATCGGA	0.11
AAATCGGC	0.1
AAATCGGG	0.1
AAATCGGT	0.09
AAATCGTA	0.11
AAATCGTC	0.11
AAATCGTG	0.1
AAATCGTT	0.11
AAATCTAA	0.12
AAATCTAC	0.12
AAATCTAG	0.09
AAATCTAT	0.1
AAATCTCA	0.11
AAATCTCC	0.1
AAATCTCG	0.1
AAATCTCT	0.12
AAATCTGA	0.11
AAATCTGC	0.1
AAATCTGG	0.11
AAATCTGT	0.12
AAATCTTA	0.11
AAATCTTC	0.12
AAATCTTG	0.1
AAATGAAA	0.12
AAATGAAC	0.1
AAATGAAG	0.11
AAATGAAT	0.1
AAATGACA	0.11
AAATGACC	0.1
AAATGACG	0.1
AAATGACT	0.1
AAATGAGA	0.11
AAATGAGC	0.1
AAATGAGG	0.13
AAATGAGT	0.12
AAATGATA	0.12
AAATGATC	0.11
AAATGATG	0.11
AAATGATT	0.13
AAATGCAA	0.11
AAATGCAC	0.12
AAATGCAG	0.1
AAATGCAT	0.12
AAATGCCA	0.11
AAATGCCC	0.11
AAATGCCG	0.11
AAATGCCT	0.12
AAATGCGA	0.11
AAATGCGC	0.11
AAATGCGG	0.1
AAATGCGT	0.1
AAATGCTA	0.11
AAATGCTC	0.11
AAATGCTG	0.1
AAATGCTT	0.1
AAATGGAA	0.13
AAATGGAC	0.1
AAATGGAG	0.1
AAATGGAT	0.1
AAATGGCA	0.1
AAATGGCC	0.1
AAATGGCG	0.11
AAATGGCT	0.1
AAATGGGA	0.11
AAATGGGC	0.1
AAATGGGG	0.11
AAATGGGT	0.1
AAATGGTA	0.12
AAATGGTC	0.11
AAATGGTG	0.1
AAATGGTT	0.11
AAATGTAA	0.12
AAATGTAC	0.1
AAATGTAG	0.11
AAATGTAT	0.11
AAATGTCA	0.1
AAATGTCC	0.12
AAATGTCG	0.11
AAATGTCT	0.1
AAATGTGA	0.1
AAATGTGC	0.1
AAATGTGG	0.13
AAATGTGT	0.11
AAATGTTA	0.11
AAATGTTC	0.1
AAATGTTG	0.1
AAATTAAA	0.12
AAATTAAC	0.1
AAATTAAG	0.11
AAATTAAT	0.13
AAATTACA	0.12
AAATTACC	0.12
AAATTACG	0.11
AAATTACT	0.13
AAATTAGA	0.12
AAATTAGC	0.11
AAATTAGG	0.12
AAATTAGT	0.11
AAATTATA	0.11
AAATTATC	0.12
AAATTATG	0.12
AAATTATT	0.12
AAATTCAA	0.11
AAATTCAC	0.13
AAATTCAG	0.11
AAATTCAT	0.1
AAATTCCA	0.12
AAATTCCC	0.11
AAATTCCG	0.14
AAATTCCT	0.11
AAATTCGA	0.12
AAATTCGC	0.11
AAATTCGG	0.11
AAATTCGT	0.13
AAATTCTA	0.11
AAATTCTC	0.1
AAATTCTG	0.12
AAATTCTT	0.1
AAATTGAA	0.12
AAATTGAC	0.12
AAATTGAG	0.09
AAATTGAT	0.12
AAATTGCA	0.11
AAATTGCC	0.1
AAATTGCG	0.1
AAATTGCT	0.1
AAATTGGA	0.1
AAATTGGC	0.1
AAATTGGG	0.11
AAATTGGT	0.12
AAATTGTA	0.12
AAATTGTC	0.12
AAATTGTG	0.1
AAATTGTT	0.11
AAATTTAA	0.12
AAATTTAC	0.12
AAATTTAG	0.12
AAATTTAT	0.11
AAATTTCA	0.1
AAATTTCC	0.17
AAATTTCG	0.1
AAATTTCT	0.1
AAATTTGA	0.12
AAATTTGC	0.1
AAATTTGG	0.1
AAATTTGT	0.11
AAATTTTA	0.1
AAATTTTC	0.12
AAATTTTG	0.12
AACAAAAA	0.14
AACAAAAC	0.12
AACAAAAG	0.1
AACAAAAT	0.13
AACAAACA	0.12
AACAAACC	0.11
AACAAACG	0.1
AACAAACT	0.12
AACAAAGA	0.12
AACAAAGC	0.11
AACAAAGG	0.11
AACAAAGT	0.1
AACAAATA	0.12
AACAAATC	0.1
AACAAATG	0.13
AACAAATT	0.12
AACAACAA	0.13
AACAACAC	0.11
AACAACAG	0.11
AACAACAT	0.11
AACAACCA	0.12
AACAACCC	0.12
AACAACCG	0.11
AACAACCT	0.11
AACAACGA	0.11
AACAACGC	0.1
AACAACGG	0.11
AACAACGT	0.11
AACAACTA	0.11
AACAACTC	0.1
AACAACTG	0.1
AACAACTT	0.11
AACAAGAA	0.15
AACAAGAC	0.11
AACAAGAG	0.13
AACAAGAT	0.11
AACAAGCA	0.09
AACAAGCC	0.09
AACAAGCG	0.12
AACAAGCT	0.11
AACAAGGA	0.12
AACAAGGC	0.1
AACAAGGG	0.1
AACAAGGT	0.12
AACAAGTA	0.1
AACAAGTC	0.1
AACAAGTG	0.12
AACAAGTT	0.09
AACAATAA	0.1
AACAATAC	0.11
AACAATAG	0.11
AACAATAT	0.14
AACAATCA	0.09
AACAATCC	0.12
AACAATCG	0.1
AACAATCT	0.1
AACAATGA	0.11
AACAATGC	0.09
AACAATGG	0.1
AACAATGT	0.12
AACAATTA	0.12
AACAATTC	0.11
AACAATTG	0.1
AACACAAA	0.11
AACACAAC	0.11
AACACAAG	0.1
AACACAAT	0.12
AACACACA	0.09
AACACACC	0.11
AACACACG	0.1
AACACACT	0.11
AACACAGA	0.11
AACACAGC	0.11
AACACAGG	0.09
AACACAGT	0.1
AACACATA	0.09
AACACATC	0.12
AACACATG	0.09
AACACATT	0.12
AACACCAA	0.11
AACACCAC	0.11
AACACCAG	0.1
AACACCAT	0.1
AACACCCA	0.1
AACACCCC	0.1
AACACCCG	0.11
AACACCCT	0.1
AACACCGA	0.1
AACACCGC	0.11
AACACCGG	0.12
AACACCGT	0.09
AACACCTA	0.09
AACACCTC	0.1
AACACCTG	0.1
AACACCTT	0.1
AACACGAA	0.11
AACACGAC	0.1
AACACGAG	0.1
AACACGAT	0.1
AACACGCA	0.1
AACACGCC	0.09
AACACGCG	0.09
AACACGCT	0.1
AACACGGA	0.13
AACACGGC	0.1
AACACGGG	0.11
AACACGGT	0.1
AACACGTA	0.1
AACACGTC	0.11
AACACGTG	0.08
AACACGTT	0.09
AACACTAA	0.1
AACACTAC	0.11
AACACTAG	0.09
AACACTAT	0.11
AACACTCA	0.11
AACACTCC	0.1
AACACTCG	0.1
AACACTCT	0.1
AACACTGA	0.11
AACACTGC	0.11
AACACTGG	0.1
AACACTGT	0.09
AACACTTA	0.1
AACACTTC	0.1
AACACTTG	0.1
AACAGAAA	0.12
AACAGAAC	0.1
AACAGAAG	0.13
AACAGAAT	0.12
AACAGACA	0.11
AACAGACC	0.11
AACAGACG	0.1
AACAGACT	0.1
AACAGAGA	0.11
AACAGAGC	0.11
AACAGAGG	0.1
AACAGAGT	0.1
AACAGATA	0.12
AACAGATC	0.11
AACAGATG	0.11
AACAGATT	0.13
AACAGCAA	0.1
AACAGCAC	0.11
AACAGCAG	0.09
AACAGCAT	0.09
AACAGCCA	0.11
AACAGCCC	0.11
AACAGCCG	0.11
AACAGCCT	0.1
AACAGCGA	0.09
AACAGCGC	0.09
AACAGCGG	0.1
AACAGCGT	0.09
AACAGCTA	0.1
AACAGCTC	0.09
AACAGCTG	0.09
AACAGCTT	0.09
AACAGGAA	0.28
AACAGGAC	0.15
AACAGGAG	0.1
AACAGGAT	0.24
AACAGGCA	0.11
AACAGGCC	0.09
AACAGGCG	0.09
AACAGGCT	0.1
AACAGGGA	0.13
AACAGGGC	0.09
AACAGGGG	0.11
AACAGGGT	0.1
AACAGGTA	0.11
AACAGGTC	0.09
AACAGGTG	0.09
AACAGGTT	0.1
AACAGTAA	0.1
AACAGTAC	0.1
AACAGTAG	0.11
AACAGTAT	0.11
AACAGTCA	0.1
AACAGTCC	0.09
AACAGTCG	0.09
AACAGTCT	0.09
AACAGTGA	0.1
AACAGTGC	0.1
AACAGTGG	0.11
AACAGTGT	0.09
AACAGTTA	0.12
AACAGTTC	0.1
AACAGTTG	0.1
AACATAAA	0.11
AACATAAC	0.1
AACATAAG	0.11
AACATAAT	0.11
AACATACA	0.1
AACATACC	0.1
AACATACG	0.11
AACATACT	0.1
AACATAGA	0.12
AACATAGC	0.1
AACATAGG	0.11
AACATAGT	0.1
AACATATA	0.09
AACATATC	0.12
AACATATG	0.1
AACATATT	0.1
AACATCAA	0.11
AACATCAC	0.11
AACATCAG	0.11
AACATCAT	0.1
AACATCCA	0.11
AACATCCC	0.14
AACATCCG	0.54
AACATCCT	0.32
AACATCGA	0.1
AACATCGC	0.1
AACATCGG	0.1
AACATCGT	0.11
AACATCTA	0.11
AACATCTC	0.11
AACATCTG	0.09
AACATCTT	0.1
AACATGAA	0.1
AACATGAC	0.1
AACATGAG	0.11
AACATGAT	0.11
AACATGCA	0.1
AACATGCC	0.09
AACATGCG	0.09
AACATGCT	0.08
AACATGGA	0.11
AACATGGC	0.09
AACATGGG	0.11
AACATGGT	0.09
AACATGTA	0.11
AACATGTC	0.09
AACATGTG	0.09
AACATGTT	0.08
AACATTAA	0.11
AACATTAC	0.1
AACATTAG	0.11
AACATTAT	0.12
AACATTCA	0.1
AACATTCC	0.1
AACATTCG	0.1
AACATTCT	0.11
AACATTGA	0.1
AACATTGC	0.09
AACATTGG	0.09
AACATTGT	0.1
AACATTTA	0.14
AACATTTC	0.1
AACATTTG	0.1
AACCAAAA	0.13
AACCAAAC	0.11
AACCAAAG	0.12
AACCAAAT	0.12
AACCAACA	0.11
AACCAACC	0.09
AACCAACG	0.11
AACCAACT	0.11
AACCAAGA	0.11
AACCAAGC	0.1
AACCAAGG	0.12
AACCAAGT	0.09
AACCAATA	0.11
AACCAATC	0.12
AACCAATG	0.11
AACCAATT	0.1
AACCACAA	0.1
AACCACAC	0.11
AACCACAG	0.09
AACCACAT	0.11
AACCACCA	0.11
AACCACCC	0.1
AACCACCG	0.1
AACCACCT	0.1
AACCACGA	0.1
AACCACGC	0.1
AACCACGG	0.09
AACCACGT	0.09
AACCACTA	0.12
AACCACTC	0.12
AACCACTG	0.11
AACCACTT	0.1
AACCAGAA	0.12
AACCAGAC	0.1
AACCAGAG	0.1
AACCAGAT	0.11
AACCAGCA	0.11
AACCAGCC	0.1
AACCAGCG	0.11
AACCAGCT	0.11
AACCAGGA	0.14
AACCAGGC	0.12
AACCAGGG	0.11
AACCAGGT	0.09
AACCAGTA	0.1
AACCAGTC	0.08
AACCAGTG	0.1
AACCAGTT	0.12
AACCATAA	0.11
AACCATAC	0.1
AACCATAG	0.1
AACCATAT	0.13
AACCATCA	0.11
AACCATCC	0.13
AACCATCG	0.1
AACCATCT	0.1
AACCATGA	0.1
AACCATGC	0.11
AACCATGG	0.11
AACCATGT	0.1
AACCATTA	0.12
AACCATTC	0.12
AACCATTG	0.1
AACCCAAA	0.11
AACCCAAC	0.12
AACCCAAG	0.11
AACCCAAT	0.11
AACCCACA	0.1
AACCCACC	0.1
AACCCACG	0.1
AACCCACT	0.11
AACCCAGA	0.11
AACCCAGC	0.09
AACCCAGG	0.1
AACCCAGT	0.1
AACCCATA	0.12
AACCCATC	0.1
AACCCATG	0.1
AACCCATT	0.1
AACCCCAA	0.1
AACCCCAC	0.1
AACCCCAG	0.09
AACCCCAT	0.1
AACCCCCA	0.1
AACCCCCC	0.1
AACCCCCG	0.1
AACCCCCT	0.1
AACCCCGA	0.1
AACCCCGC	0.11
AACCCCGG	0.14
AACCCCGT	0.1
AACCCCTA	0.09
AACCCCTC	0.09
AACCCCTG	0.09
AACCCCTT	0.1
AACCCGAA	0.1
AACCCGAC	0.11
AACCCGAG	0.11
AACCCGAT	0.09
AACCCGCA	0.1
AACCCGCC	0.1
AACCCGCG	0.11
AACCCGCT	0.12
AACCCGGA	0.16
AACCCGGC	0.1
AACCCGGG	0.11
AACCCGGT	0.11
AACCCGTA	0.09
AACCCGTC	0.1
AACCCGTG	0.08
AACCCGTT	0.08
AACCCTAA	0.1
AACCCTAC	0.1
AACCCTAG	0.08
AACCCTAT	0.09
AACCCTCA	0.11
AACCCTCC	0.1
AACCCTCG	0.09
AACCCTCT	0.09
AACCCTGA	0.1
AACCCTGC	0.09
AACCCTGG	0.11
AACCCTGT	0.09
AACCCTTA	0.12
AACCCTTC	0.11
AACCCTTG	0.1
AACCGAAA	0.11
AACCGAAC	0.12
AACCGAAG	0.1
AACCGAAT	0.11
AACCGACA	0.12
AACCGACC	0.11
AACCGACG	0.11
AACCGACT	0.1
AACCGAGA	0.11
AACCGAGC	0.1
AACCGAGG	0.1
AACCGAGT	0.09
AACCGATA	0.11
AACCGATC	0.1
AACCGATG	0.1
AACCGATT	0.11
AACCGCAA	0.1
AACCGCAC	0.1
AACCGCAG	0.12
AACCGCAT	0.1
AACCGCCA	0.1
AACCGCCC	0.1
AACCGCCG	0.11
AACCGCCT	0.1
AACCGCGA	0.12
AACCGCGC	0.09
AACCGCGG	0.1
AACCGCGT	0.1
AACCGCTA	0.09
AACCGCTC	0.09
AACCGCTG	0.1
AACCGCTT	0.09
AACCGGAA	0.59
AACCGGAC	0.16
AACCGGAG	0.14
AACCGGAT	0.54
AACCGGCA	0.11
AACCGGCC	0.1
AACCGGCG	0.11
AACCGGCT	0.08
AACCGGGA	0.13
AACCGGGC	0.11
AACCGGGG	0.12
AACCGGGT	0.11
AACCGGTA	0.13
AACCGGTC	0.11
AACCGGTG	0.1
AACCGGTT	0.1
AACCGTAA	0.11
AACCGTAC	0.1
AACCGTAG	0.08
AACCGTAT	0.09
AACCGTCA	0.11
AACCGTCC	0.11
AACCGTCG	0.09
AACCGTCT	0.1
AACCGTGA	0.1
AACCGTGC	0.1
AACCGTGG	0.1
AACCGTGT	0.09
AACCGTTA	0.1
AACCGTTC	0.11
AACCGTTG	0.1
AACCTAAA	0.12
AACCTAAC	0.1
AACCTAAG	0.1
AACCTAAT	0.1
AACCTACA	0.1
AACCTACC	0.1
AACCTACG	0.1
AACCTACT	0.11
AACCTAGA	0.11
AACCTAGC	0.09
AACCTAGG	0.09
AACCTAGT	0.1
AACCTATA	0.12
AACCTATC	0.11
AACCTATG	0.1
AACCTATT	0.11
AACCTCAA	0.1
AACCTCAC	0.11
AACCTCAG	0.1
AACCTCAT	0.11
AACCTCCA	0.1
AACCTCCC	0.1
AACCTCCG	0.11
AACCTCCT	0.1
AACCTCGA	0.1
AACCTCGC	0.1
AACCTCGG	0.1
AACCTCGT	0.09
AACCTCTA	0.1
AACCTCTC	0.1
AACCTCTG	0.11
AACCTCTT	0.11
AACCTGAA	0.11
AACCTGAC	0.11
AACCTGAG	0.1
AACCTGAT	0.11
AACCTGCA	0.09
AACCTGCC	0.1
AACCTGCG	0.09
AACCTGCT	0.1
AACCTGGA	0.11
AACCTGGC	0.09
AACCTGGG	0.09
AACCTGGT	0.1
AACCTGTA	0.09
AACCTGTC	0.1
AACCTGTG	0.11
AACCTTAA	0.12
AACCTTAC	0.12
AACCTTAG	0.08
AACCTTAT	0.11
AACCTTCA	0.1
AACCTTCC	0.12
AACCTTCG	0.09
AACCTTCT	0.1
AACCTTGA	0.1
AACCTTGC	0.08
AACCTTGG	0.09
AACCTTGT	0.09
AACCTTTA	0.1
AACCTTTC	0.11
AACCTTTG	0.1
AACGAAAA	0.13
AACGAAAC	0.11
AACGAAAG	0.1
AACGAAAT	0.1
AACGAACA	0.1
AACGAACC	0.11
AACGAACG	0.1
AACGAACT	0.09
AACGAAGA	0.11
AACGAAGC	0.11
AACGAAGG	0.1
AACGAAGT	0.09
AACGAATA	0.11
AACGAATC	0.1
AACGAATG	0.1
AACGAATT	0.11
AACGACAA	0.11
AACGACAC	0.1
AACGACAG	0.1
AACGACAT	0.1
AACGACCA	0.12
AACGACCC	0.12
AACGACCG	0.09
AACGACCT	0.11
AACGACGA	0.12
AACGACGC	0.1
AACGACGG	0.11
AACGACGT	0.1
AACGACTA	0.1
AACGACTC	0.09
AACGACTG	0.1
AACGACTT	0.1
AACGAGAA	0.11
AACGAGAC	0.1
AACGAGAG	0.11
AACGAGAT	0.12
AACGAGCA	0.1
AACGAGCC	0.09
AACGAGCG	0.09
AACGAGCT	0.1
AACGAGGA	0.11
AACGAGGC	0.1
AACGAGGG	0.1
AACGAGGT	0.09
AACGAGTA	0.1
AACGAGTC	0.1
AACGAGTG	0.09
AACGAGTT	0.09
AACGATAA	0.11
AACGATAC	0.1
AACGATAG	0.11
AACGATAT	0.11
AACGATCA	0.09
AACGATCC	0.1
AACGATCG	0.1
AACGATCT	0.09
AACGATGA	0.1
AACGATGC	0.09
AACGATGG	0.11
AACGATGT	0.11
AACGATTA	0.11
AACGATTC	0.11
AACGATTG	0.09
AACGCAAA	0.1
AACGCAAC	0.11
AACGCAAG	0.1
AACGCAAT	0.11
AACGCACA	0.12
AACGCACC	0.1
AACGCACG	0.11
AACGCACT	0.11
AACGCAGA	0.11
AACGCAGC	0.1
AACGCAGG	0.09
AACGCAGT	0.09
AACGCATA	0.11
AACGCATC	0.11
AACGCATG	0.09
AACGCATT	0.09
AACGCCAA	0.1
AACGCCAC	0.1
AACGCCAG	0.09
AACGCCAT	0.09
AACGCCCA	0.09
AACGCCCC	0.11
AACGCCCG	0.1
AACGCCCT	0.1
AACGCCGA	0.1
AACGCCGC	0.1
AACGCCGG	0.11
AACGCCGT	0.1
AACGCCTA	0.1
AACGCCTC	0.09
AACGCCTG	0.1
AACGCCTT	0.11
AACGCGAA	0.12
AACGCGAC	0.09
AACGCGAG	0.1
AACGCGAT	0.1
AACGCGCA	0.09
AACGCGCC	0.11
AACGCGCG	0.09
AACGCGCT	0.11
AACGCGGA	0.13
AACGCGGC	0.11
AACGCGGG	0.1
AACGCGGT	0.09
AACGCGTA	0.09
AACGCGTC	0.1
AACGCGTG	0.08
AACGCGTT	0.1
AACGCTAA	0.09
AACGCTAC	0.1
AACGCTAG	0.1
AACGCTAT	0.1
AACGCTCA	0.09
AACGCTCC	0.09
AACGCTCG	0.1
AACGCTCT	0.09
AACGCTGA	0.1
AACGCTGC	0.09
AACGCTGG	0.09
AACGCTGT	0.1
AACGCTTA	0.1
AACGCTTC	0.11
AACGCTTG	0.1
AACGGAAA	0.48
AACGGAAC	0.16
AACGGAAG	0.51
AACGGAAT	0.13
AACGGACA	0.13
AACGGACC	0.1
AACGGACG	0.17
AACGGACT	0.1
AACGGAGA	0.13
AACGGAGC	0.1
AACGGAGG	0.1
AACGGAGT	0.09
AACGGATA	0.32
AACGGATC	0.13
AACGGATG	0.36
AACGGATT	0.12
AACGGCAA	0.09
AACGGCAC	0.1
AACGGCAG	0.1
AACGGCAT	0.11
AACGGCCA	0.11
AACGGCCC	0.11
AACGGCCG	0.11
AACGGCCT	0.1
AACGGCGA	0.11
AACGGCGC	0.09
AACGGCGG	0.12
AACGGCGT	0.1
AACGGCTA	0.09
AACGGCTC	0.08
AACGGCTG	0.11
AACGGCTT	0.09
AACGGGAA	0.18
AACGGGAC	0.1
AACGGGAG	0.11
AACGGGAT	0.12
AACGGGCA	0.1
AACGGGCC	0.09
AACGGGCG	0.09
AACGGGCT	0.09
AACGGGGA	0.11
AACGGGGC	0.12
AACGGGGG	0.12
AACGGGGT	0.1
AACGGGTA	0.12
AACGGGTC	0.1
AACGGGTG	0.09
AACGGTAA	0.11
AACGGTAC	0.12
AACGGTAG	0.11
AACGGTAT	0.11
AACGGTCA	0.11
AACGGTCC	0.09
AACGGTCG	0.09
AACGGTCT	0.09
AACGGTGA	0.1
AACGGTGC	0.1
AACGGTGG	0.09
AACGGTGT	0.09
AACGGTTA	0.11
AACGGTTC	0.09
AACGGTTG	0.11
AACGTAAA	0.09
AACGTAAC	0.11
AACGTAAG	0.09
AACGTAAT	0.09
AACGTACA	0.1
AACGTACC	0.09
AACGTACG	0.09
AACGTACT	0.09
AACGTAGA	0.11
AACGTAGC	0.09
AACGTAGG	0.1
AACGTAGT	0.1
AACGTATA	0.1
AACGTATC	0.1
AACGTATG	0.09
AACGTATT	0.1
AACGTCAA	0.11
AACGTCAC	0.1
AACGTCAG	0.09
AACGTCAT	0.11
AACGTCCA	0.1
AACGTCCC	0.1
AACGTCCG	0.15
AACGTCCT	0.13
AACGTCGA	0.1
AACGTCGC	0.1
AACGTCGG	0.11
AACGTCGT	0.09
AACGTCTA	0.1
AACGTCTC	0.09
AACGTCTG	0.09
AACGTCTT	0.09
AACGTGAA	0.1
AACGTGAC	0.11
AACGTGAG	0.09
AACGTGAT	0.1
AACGTGCA	0.09
AACGTGCC	0.09
AACGTGCG	0.1
AACGTGCT	0.1
AACGTGGA	0.1
AACGTGGC	0.09
AACGTGGG	0.11
AACGTGGT	0.08
AACGTGTA	0.1
AACGTGTC	0.1
AACGTGTG	0.1
AACGTTAA	0.1
AACGTTAC	0.1
AACGTTAG	0.09
AACGTTAT	0.1
AACGTTCA	0.08
AACGTTCC	0.11
AACGTTCG	0.11
AACGTTCT	0.09
AACGTTGA	0.1
AACGTTGC	0.1
AACGTTGG	0.09
AACGTTGT	0.1
AACGTTTA	0.1
AACGTTTC	0.12
AACGTTTG	0.1
AACTAAAA	0.12
AACTAAAC	0.12
AACTAAAG	0.12
AACTAAAT	0.11
AACTAACA	0.1
AACTAACC	0.12
AACTAACG	0.11
AACTAACT	0.12
AACTAAGA	0.13
AACTAAGC	0.12
AACTAAGG	0.11
AACTAAGT	0.11
AACTAATA	0.12
AACTAATC	0.11
AACTAATG	0.11
AACTAATT	0.11
AACTACAA	0.11
AACTACAC	0.09
AACTACAG	0.1
AACTACAT	0.12
AACTACCA	0.1
AACTACCC	0.11
AACTACCG	0.11
AACTACCT	0.13
AACTACGA	0.11
AACTACGC	0.09
AACTACGG	0.1
AACTACGT	0.1
AACTACTA	0.11
AACTACTC	0.11
AACTACTG	0.12
AACTACTT	0.1
AACTAGAA	0.09
AACTAGAC	0.1
AACTAGAG	0.1
AACTAGAT	0.11
AACTAGCA	0.12
AACTAGCC	0.1
AACTAGCG	0.11
AACTAGCT	0.1
AACTAGGA	0.12
AACTAGGC	0.09
AACTAGGG	0.1
AACTAGGT	0.11
AACTAGTA	0.11
AACTAGTC	0.09
AACTAGTG	0.11
AACTAGTT	0.09
AACTATAA	0.11
AACTATAC	0.12
AACTATAG	0.11
AACTATAT	0.1
AACTATCA	0.1
AACTATCC	0.11
AACTATCG	0.09
AACTATCT	0.12
AACTATGA	0.08
AACTATGC	0.1
AACTATGG	0.1
AACTATGT	0.1
AACTATTA	0.1
AACTATTC	0.1
AACTATTG	0.11
AACTCAAA	0.11
AACTCAAC	0.11
AACTCAAG	0.1
AACTCAAT	0.11
AACTCACA	0.12
AACTCACC	0.11
AACTCACG	0.1
AACTCACT	0.1
AACTCAGA	0.12
AACTCAGC	0.09
AACTCAGG	0.11
AACTCAGT	0.1
AACTCATA	0.11
AACTCATC	0.1
AACTCATG	0.09
AACTCATT	0.11
AACTCCAA	0.11
AACTCCAC	0.11
AACTCCAG	0.1
AACTCCAT	0.11
AACTCCCA	0.1
AACTCCCC	0.11
AACTCCCG	0.12
AACTCCCT	0.1
AACTCCGA	0.11
AACTCCGC	0.1
AACTCCGG	0.12
AACTCCGT	0.09
AACTCCTA	0.11
AACTCCTC	0.11
AACTCCTG	0.1
AACTCCTT	0.11
AACTCGAA	0.1
AACTCGAC	0.1
AACTCGAG	0.09
AACTCGAT	0.11
AACTCGCA	0.09
AACTCGCC	0.11
AACTCGCG	0.11
AACTCGCT	0.11
AACTCGGA	0.1
AACTCGGC	0.1
AACTCGGG	0.1
AACTCGGT	0.09
AACTCGTA	0.1
AACTCGTC	0.1
AACTCGTG	0.09
AACTCTAA	0.12
AACTCTAC	0.09
AACTCTAG	0.1
AACTCTAT	0.12
AACTCTCA	0.1
AACTCTCC	0.1
AACTCTCG	0.1
AACTCTCT	0.11
AACTCTGA	0.12
AACTCTGC	0.1
AACTCTGG	0.11
AACTCTGT	0.1
AACTCTTA	0.12
AACTCTTC	0.11
AACTCTTG	0.1
AACTGAAA	0.12
AACTGAAC	0.11
AACTGAAG	0.11
AACTGAAT	0.1
AACTGACA	0.1
AACTGACC	0.11
AACTGACG	0.1
AACTGACT	0.1
AACTGAGA	0.11
AACTGAGC	0.09
AACTGAGG	0.12
AACTGAGT	0.1
AACTGATA	0.12
AACTGATC	0.1
AACTGATG	0.12
AACTGATT	0.1
AACTGCAA	0.13
AACTGCAC	0.1
AACTGCAG	0.1
AACTGCAT	0.11
AACTGCCA	0.1
AACTGCCC	0.08
AACTGCCG	0.12
AACTGCCT	0.11
AACTGCGA	0.1
AACTGCGC	0.1
AACTGCGG	0.1
AACTGCGT	0.09
AACTGCTA	0.11
AACTGCTC	0.1
AACTGCTG	0.11
AACTGCTT	0.11
AACTGGAA	0.12
AACTGGAC	0.09
AACTGGAG	0.1
AACTGGAT	0.1
AACTGGCA	0.11
AACTGGCC	0.09
AACTGGCG	0.1
AACTGGCT	0.09
AACTGGGA	0.12
AACTGGGC	0.1
AACTGGGG	0.12
AACTGGGT	0.1
AACTGGTA	0.1
AACTGGTC	0.09
AACTGGTG	0.09
AACTGTAA	0.1
AACTGTAC	0.1
AACTGTAG	0.09
AACTGTAT	0.11
AACTGTCA	0.1
AACTGTCC	0.1
AACTGTCG	0.1
AACTGTCT	0.1
AACTGTGA	0.1
AACTGTGC	0.09
AACTGTGG	0.1
AACTGTGT	0.1
AACTGTTA	0.09
AACTGTTC	0.11
AACTGTTG	0.11
AACTTAAA	0.13
AACTTAAC	0.1
AACTTAAG	0.12
AACTTAAT	0.12
AACTTACA	0.1
AACTTACC	0.11
AACTTACG	0.11
AACTTACT	0.09
AACTTAGA	0.11
AACTTAGC	0.1
AACTTAGG	0.09
AACTTAGT	0.1
AACTTATA	0.12
AACTTATC	0.12
AACTTATG	0.1
AACTTATT	0.11
AACTTCAA	0.1
AACTTCAC	0.11
AACTTCAG	0.1
AACTTCAT	0.1
AACTTCCA	0.13
AACTTCCC	0.19
AACTTCCG	0.59
AACTTCCT	0.43
AACTTCGA	0.11
AACTTCGC	0.11
AACTTCGG	0.12
AACTTCGT	0.1
AACTTCTA	0.1
AACTTCTC	0.1
AACTTCTG	0.11
AACTTCTT	0.12
AACTTGAA	0.11
AACTTGAC	0.11
AACTTGAG	0.09
AACTTGAT	0.12
AACTTGCA	0.09
AACTTGCC	0.1
AACTTGCG	0.1
AACTTGCT	0.1
AACTTGGA	0.11
AACTTGGC	0.11
AACTTGGG	0.12
AACTTGGT	0.1
AACTTGTA	0.1
AACTTGTC	0.11
AACTTGTG	0.11
AACTTTAA	0.12
AACTTTAC	0.11
AACTTTAG	0.1
AACTTTAT	0.11
AACTTTCA	0.11
AACTTTCC	0.12
AACTTTCG	0.09
AACTTTCT	0.11
AACTTTGA	0.1
AACTTTGC	0.1
AACTTTGG	0.11
AACTTTGT	0.11
AACTTTTA	0.12
AACTTTTC	0.11
AACTTTTG	0.12
AAGAAAAA	0.14
AAGAAAAC	0.12
AAGAAAAG	0.15
AAGAAAAT	0.12
AAGAAACA	0.13
AAGAAACC	0.12
AAGAAACG	0.1
AAGAAACT	0.11
AAGAAAGA	0.13
AAGAAAGC	0.11
AAGAAAGG	0.12
AAGAAAGT	0.11
AAGAAATA	0.12
AAGAAATC	0.12
AAGAAATG	0.13
AAGAAATT	0.11
AAGAACAA	0.14
AAGAACAC	0.12
AAGAACAG	0.11
AAGAACAT	0.12
AAGAACCA	0.11
AAGAACCC	0.1
AAGAACCG	0.12
AAGAACCT	0.11
AAGAACGA	0.12
AAGAACGC	0.11
AAGAACGG	0.1
AAGAACGT	0.11
AAGAACTA	0.1
AAGAACTC	0.11
AAGAACTG	0.1
AAGAACTT	0.12
AAGAAGAA	0.13
AAGAAGAC	0.11
AAGAAGAG	0.11
AAGAAGAT	0.1
AAGAAGCA	0.11
AAGAAGCC	0.11
AAGAAGCG	0.1
AAGAAGCT	0.09
AAGAAGGA	0.14
AAGAAGGC	0.1
AAGAAGGG	0.09
AAGAAGGT	0.09
AAGAAGTA	0.1
AAGAAGTC	0.1
AAGAAGTG	0.09
AAGAATAA	0.12
AAGAATAC	0.12
AAGAATAG	0.1
AAGAATAT	0.11
AAGAATCA	0.11
AAGAATCC	0.13
AAGAATCG	0.1
AAGAATCT	0.11
AAGAATGA	0.09
AAGAATGC	0.12
AAGAATGG	0.11
AAGAATGT	0.11
AAGAATTA	0.11
AAGAATTC	0.09
AAGAATTG	0.13
AAGACAAA	0.1
AAGACAAC	0.1
AAGACAAG	0.11
AAGACAAT	0.12
AAGACACA	0.11
AAGACACC	0.1
AAGACACG	0.1
AAGACACT	0.11
AAGACAGA	0.1
AAGACAGC	0.11
AAGACAGG	0.12
AAGACAGT	0.11
AAGACATA	0.11
AAGACATC	0.1
AAGACATG	0.09
AAGACATT	0.1
AAGACCAA	0.11
AAGACCAC	0.1
AAGACCAG	0.1
AAGACCAT	0.12
AAGACCCA	0.11
AAGACCCC	0.1
AAGACCCG	0.09
AAGACCCT	0.09
AAGACCGA	0.1
AAGACCGC	0.1
AAGACCGG	0.13
AAGACCGT	0.09
AAGACCTA	0.11
AAGACCTC	0.09
AAGACCTG	0.1
AAGACCTT	0.11
AAGACGAA	0.11
AAGACGAC	0.11
AAGACGAG	0.1
AAGACGAT	0.11
AAGACGCA	0.11
AAGACGCC	0.12
AAGACGCG	0.12
AAGACGCT	0.09
AAGACGGA	0.14
AAGACGGC	0.1
AAGACGGG	0.1
AAGACGGT	0.1
AAGACGTA	0.11
AAGACGTC	0.12
AAGACGTG	0.11
AAGACTAA	0.12
AAGACTAC	0.09
AAGACTAG	0.09
AAGACTAT	0.1
AAGACTCA	0.09
AAGACTCC	0.1
AAGACTCG	0.1
AAGACTCT	0.1
AAGACTGA	0.1
AAGACTGC	0.09
AAGACTGG	0.09
AAGACTGT	0.09
AAGACTTA	0.09
AAGACTTC	0.1
AAGACTTG	0.1
AAGAGAAA	0.12
AAGAGAAC	0.12
AAGAGAAG	0.11
AAGAGAAT	0.12
AAGAGACA	0.14
AAGAGACC	0.12
AAGAGACG	0.1
AAGAGACT	0.1
AAGAGAGA	0.12
AAGAGAGC	0.1
AAGAGAGG	0.11
AAGAGAGT	0.1
AAGAGATA	0.12
AAGAGATC	0.1
AAGAGATG	0.1
AAGAGATT	0.1
AAGAGCAA	0.12
AAGAGCAC	0.1
AAGAGCAG	0.11
AAGAGCAT	0.1
AAGAGCCA	0.11
AAGAGCCC	0.1
AAGAGCCG	0.1
AAGAGCCT	0.1
AAGAGCGA	0.1
AAGAGCGC	0.09
AAGAGCGG	0.12
AAGAGCGT	0.09
AAGAGCTA	0.1
AAGAGCTC	0.1
AAGAGCTG	0.09
AAGAGCTT	0.12
AAGAGGAA	0.17
AAGAGGAC	0.12
AAGAGGAG	0.1
AAGAGGAT	0.14
AAGAGGCA	0.12
AAGAGGCC	0.1
AAGAGGCG	0.11
AAGAGGCT	0.1
AAGAGGGA	0.1
AAGAGGGC	0.11
AAGAGGGG	0.1
AAGAGGGT	0.1
AAGAGGTA	0.11
AAGAGGTC	0.1
AAGAGGTG	0.1
AAGAGTAA	0.13
AAGAGTAC	0.1
AAGAGTAG	0.11
AAGAGTAT	0.09
AAGAGTCA	0.1
AAGAGTCC	0.1
AAGAGTCG	0.11
AAGAGTCT	0.1
AAGAGTGA	0.11
AAGAGTGC	0.09
AAGAGTGG	0.1
AAGAGTGT	0.1
AAGAGTTA	0.12
AAGAGTTC	0.1
AAGAGTTG	0.11
AAGATAAA	0.13
AAGATAAC	0.11
AAGATAAG	0.1
AAGATAAT	0.11
AAGATACA	0.12
AAGATACC	0.12
AAGATACG	0.12
AAGATACT	0.09
AAGATAGA	0.11
AAGATAGC	0.11
AAGATAGG	0.1
AAGATAGT	0.11
AAGATATA	0.13
AAGATATC	0.09
AAGATATG	0.11
AAGATATT	0.11
AAGATCAA	0.1
AAGATCAC	0.11
AAGATCAG	0.11
AAGATCAT	0.1
AAGATCCA	0.11
AAGATCCC	0.1
AAGATCCG	0.15
AAGATCCT	0.11
AAGATCGA	0.11
AAGATCGC	0.09
AAGATCGG	0.1
AAGATCGT	0.09
AAGATCTA	0.1
AAGATCTC	0.09
AAGATCTG	0.1
AAGATCTT	0.11
AAGATGAA	0.11
AAGATGAC	0.11
AAGATGAG	0.11
AAGATGAT	0.11
AAGATGCA	0.1
AAGATGCC	0.1
AAGATGCG	0.11
AAGATGCT	0.1
AAGATGGA	0.11
AAGATGGC	0.12
AAGATGGG	0.1
AAGATGGT	0.1
AAGATGTA	0.1
AAGATGTC	0.1
AAGATGTG	0.11
AAGATTAA	0.09
AAGATTAC	0.09
AAGATTAG	0.11
AAGATTAT	0.12
AAGATTCA	0.1
AAGATTCC	0.11
AAGATTCG	0.11
AAGATTCT	0.11
AAGATTGA	0.11
AAGATTGC	0.11
AAGATTGG	0.1
AAGATTGT	0.11
AAGATTTA	0.12
AAGATTTC	0.11
AAGATTTG	0.09
AAGCAAAA	0.11
AAGCAAAC	0.11
AAGCAAAG	0.12
AAGCAAAT	0.1
AAGCAACA	0.1
AAGCAACC	0.1
AAGCAACG	0.11
AAGCAACT	0.11
AAGCAAGA	0.1
AAGCAAGC	0.11
AAGCAAGG	0.1
AAGCAAGT	0.09
AAGCAATA	0.09
AAGCAATC	0.11
AAGCAATG	0.09
AAGCAATT	0.11
AAGCACAA	0.12
AAGCACAC	0.11
AAGCACAG	0.11
AAGCACAT	0.1
AAGCACCA	0.11
AAGCACCC	0.1
AAGCACCG	0.1
AAGCACCT	0.1
AAGCACGA	0.11
AAGCACGC	0.1
AAGCACGG	0.11
AAGCACGT	0.1
AAGCACTA	0.11
AAGCACTC	0.11
AAGCACTG	0.09
AAGCACTT	0.1
AAGCAGAA	0.12
AAGCAGAC	0.13
AAGCAGAG	0.13
AAGCAGAT	0.11
AAGCAGCA	0.1
AAGCAGCC	0.1
AAGCAGCG	0.11
AAGCAGCT	0.1
AAGCAGGA	0.12
AAGCAGGC	0.08
AAGCAGGG	0.1
AAGCAGGT	0.1
AAGCAGTA	0.1
AAGCAGTC	0.09
AAGCAGTG	0.11
AAGCATAA	0.1
AAGCATAC	0.1
AAGCATAG	0.09
AAGCATAT	0.12
AAGCATCA	0.1
AAGCATCC	0.14
AAGCATCG	0.09
AAGCATCT	0.09
AAGCATGA	0.1
AAGCATGC	0.1
AAGCATGG	0.08
AAGCATGT	0.09
AAGCATTA	0.09
AAGCATTC	0.1
AAGCATTG	0.1
AAGCCAAA	0.12
AAGCCAAC	0.11
AAGCCAAG	0.12
AAGCCAAT	0.11
AAGCCACA	0.12
AAGCCACC	0.12
AAGCCACG	0.12
AAGCCACT	0.1
AAGCCAGA	0.12
AAGCCAGC	0.1
AAGCCAGG	0.09
AAGCCAGT	0.09
AAGCCATA	0.09
AAGCCATC	0.11
AAGCCATG	0.09
AAGCCATT	0.1
AAGCCCAA	0.09
AAGCCCAC	0.09
AAGCCCAG	0.1
AAGCCCAT	0.09
AAGCCCCA	0.08
AAGCCCCC	0.11
AAGCCCCG	0.11
AAGCCCCT	0.1
AAGCCCGA	0.1
AAGCCCGC	0.1
AAGCCCGG	0.11
AAGCCCGT	0.11
AAGCCCTA	0.1
AAGCCCTC	0.09
AAGCCCTG	0.1
AAGCCCTT	0.1
AAGCCGAA	0.12
AAGCCGAC	0.1
AAGCCGAG	0.11
AAGCCGAT	0.1
AAGCCGCA	0.1
AAGCCGCC	0.09
AAGCCGCG	0.1
AAGCCGCT	0.11
AAGCCGGA	0.2
AAGCCGGC	0.11
AAGCCGGG	0.1
AAGCCGGT	0.12
AAGCCGTA	0.11
AAGCCGTC	0.12
AAGCCGTG	0.1
AAGCCTAA	0.11
AAGCCTAC	0.1
AAGCCTAG	0.11
AAGCCTAT	0.1
AAGCCTCA	0.1
AAGCCTCC	0.1
AAGCCTCG	0.09
AAGCCTCT	0.11
AAGCCTGA	0.1
AAGCCTGC	0.08
AAGCCTGG	0.1
AAGCCTGT	0.08
AAGCCTTA	0.1
AAGCCTTC	0.1
AAGCCTTG	0.1
AAGCGAAA	0.11
AAGCGAAC	0.09
AAGCGAAG	0.1
AAGCGAAT	0.12
AAGCGACA	0.11
AAGCGACC	0.11
AAGCGACG	0.11
AAGCGACT	0.11
AAGCGAGA	0.11
AAGCGAGC	0.11
AAGCGAGG	0.11
AAGCGAGT	0.11
AAGCGATA	0.1
AAGCGATC	0.11
AAGCGATG	0.1
AAGCGATT	0.1
AAGCGCAA	0.11
AAGCGCAC	0.09
AAGCGCAG	0.1
AAGCGCAT	0.09
AAGCGCCA	0.1
AAGCGCCC	0.09
AAGCGCCG	0.11
AAGCGCCT	0.1
AAGCGCGA	0.11
AAGCGCGC	0.1
AAGCGCGG	0.09
AAGCGCGT	0.1
AAGCGCTA	0.1
AAGCGCTC	0.09
AAGCGCTG	0.11
AAGCGCTT	0.1
AAGCGGAA	0.29
AAGCGGAC	0.12
AAGCGGAG	0.11
AAGCGGAT	0.18
AAGCGGCA	0.09
AAGCGGCC	0.1
AAGCGGCG	0.09
AAGCGGCT	0.11
AAGCGGGA	0.12
AAGCGGGC	0.09
AAGCGGGG	0.11
AAGCGGGT	0.09
AAGCGGTA	0.12
AAGCGGTC	0.09
AAGCGGTG	0.09
AAGCGTAA	0.12
AAGCGTAC	0.09
AAGCGTAG	0.1
AAGCGTAT	0.09
AAGCGTCA	0.09
AAGCGTCC	0.12
AAGCGTCG	0.09
AAGCGTCT	0.1
AAGCGTGA	0.1
AAGCGTGC	0.1
AAGCGTGG	0.09
AAGCGTGT	0.08
AAGCGTTA	0.09
AAGCGTTC	0.11
AAGCGTTG	0.1
AAGCTAAA	0.1
AAGCTAAC	0.09
AAGCTAAG	0.1
AAGCTAAT	0.11
AAGCTACA	0.1
AAGCTACC	0.1
AAGCTACG	0.11
AAGCTACT	0.11
AAGCTAGA	0.11
AAGCTAGC	0.08
AAGCTAGG	0.1
AAGCTAGT	0.1
AAGCTATA	0.11
AAGCTATC	0.1
AAGCTATG	0.09
AAGCTATT	0.1
AAGCTCAA	0.09
AAGCTCAC	0.1
AAGCTCAG	0.09
AAGCTCAT	0.12
AAGCTCCA	0.1
AAGCTCCC	0.1
AAGCTCCG	0.12
AAGCTCCT	0.08
AAGCTCGA	0.1
AAGCTCGC	0.1
AAGCTCGG	0.1
AAGCTCGT	0.09
AAGCTCTA	0.1
AAGCTCTC	0.1
AAGCTCTG	0.1
AAGCTGAA	0.11
AAGCTGAC	0.09
AAGCTGAG	0.09
AAGCTGAT	0.1
AAGCTGCA	0.1
AAGCTGCC	0.09
AAGCTGCG	0.11
AAGCTGCT	0.1
AAGCTGGA	0.11
AAGCTGGC	0.11
AAGCTGGG	0.1
AAGCTGGT	0.1
AAGCTGTA	0.11
AAGCTGTC	0.09
AAGCTGTG	0.09
AAGCTTAA	0.11
AAGCTTAC	0.1
AAGCTTAG	0.11
AAGCTTAT	0.1
AAGCTTCA	0.1
AAGCTTCC	0.16
AAGCTTCG	0.11
AAGCTTCT	0.1
AAGCTTGA	0.11
AAGCTTGC	0.09
AAGCTTGG	0.1
AAGCTTGT	0.1
AAGCTTTA	0.1
AAGCTTTC	0.1
AAGCTTTG	0.09
AAGGAAAA	0.17
AAGGAAAC	0.25
AAGGAAAG	0.13
AAGGAAAT	0.39
AAGGAACA	0.11
AAGGAACC	0.12
AAGGAACG	0.12
AAGGAACT	0.14
AAGGAAGA	0.15
AAGGAAGC	0.23
AAGGAAGG	0.13
AAGGAAGT	0.39
AAGGAATA	0.12
AAGGAATC	0.1
AAGGAATG	0.11
AAGGAATT	0.11
AAGGACAA	0.1
AAGGACAC	0.1
AAGGACAG	0.12
AAGGACAT	0.13
AAGGACCA	0.1
AAGGACCC	0.1
AAGGACCG	0.13
AAGGACCT	0.09
AAGGACGA	0.11
AAGGACGC	0.11
AAGGACGG	0.12
AAGGACGT	0.14
AAGGACTA	0.1
AAGGACTC	0.09
AAGGACTG	0.09
AAGGACTT	0.1
AAGGAGAA	0.12
AAGGAGAC	0.09
AAGGAGAG	0.09
AAGGAGAT	0.09
AAGGAGCA	0.11
AAGGAGCC	0.1
AAGGAGCG	0.11
AAGGAGCT	0.09
AAGGAGGA	0.13
AAGGAGGC	0.09
AAGGAGGG	0.12
AAGGAGGT	0.11
AAGGAGTA	0.13
AAGGAGTC	0.09
AAGGAGTG	0.09
AAGGATAA	0.12
AAGGATAC	0.12
AAGGATAG	0.12
AAGGATAT	0.17
AAGGATCA	0.11
AAGGATCC	0.11
AAGGATCG	0.1
AAGGATCT	0.11
AAGGATGA	0.11
AAGGATGC	0.15
AAGGATGG	0.12
AAGGATGT	0.22
AAGGATTA	0.11
AAGGATTC	0.1
AAGGATTG	0.1
AAGGCAAA	0.12
AAGGCAAC	0.12
AAGGCAAG	0.1
AAGGCAAT	0.11
AAGGCACA	0.11
AAGGCACC	0.1
AAGGCACG	0.1
AAGGCACT	0.09
AAGGCAGA	0.1
AAGGCAGC	0.1
AAGGCAGG	0.12
AAGGCAGT	0.11
AAGGCATA	0.1
AAGGCATC	0.1
AAGGCATG	0.11
AAGGCATT	0.11
AAGGCCAA	0.1
AAGGCCAC	0.09
AAGGCCAG	0.1
AAGGCCAT	0.09
AAGGCCCA	0.1
AAGGCCCC	0.09
AAGGCCCG	0.1
AAGGCCCT	0.11
AAGGCCGA	0.11
AAGGCCGC	0.1
AAGGCCGG	0.13
AAGGCCGT	0.1
AAGGCCTA	0.1
AAGGCCTC	0.09
AAGGCCTG	0.09
AAGGCCTT	0.09
AAGGCGAA	0.1
AAGGCGAC	0.1
AAGGCGAG	0.11
AAGGCGAT	0.09
AAGGCGCA	0.1
AAGGCGCC	0.09
AAGGCGCG	0.09
AAGGCGCT	0.11
AAGGCGGA	0.14
AAGGCGGC	0.1
AAGGCGGG	0.11
AAGGCGGT	0.1
AAGGCGTA	0.1
AAGGCGTC	0.09
AAGGCGTG	0.09
AAGGCTAA	0.11
AAGGCTAC	0.09
AAGGCTAG	0.09
AAGGCTAT	0.09
AAGGCTCA	0.08
AAGGCTCC	0.08
AAGGCTCG	0.1
AAGGCTCT	0.09
AAGGCTGA	0.1
AAGGCTGC	0.09
AAGGCTGG	0.1
AAGGCTGT	0.1
AAGGCTTA	0.09
AAGGCTTC	0.11
AAGGCTTG	0.1
AAGGGAAA	0.15
AAGGGAAC	0.11
AAGGGAAG	0.17
AAGGGAAT	0.1
AAGGGACA	0.1
AAGGGACC	0.09
AAGGGACG	0.1
AAGGGACT	0.1
AAGGGAGA	0.08
AAGGGAGC	0.1
AAGGGAGG	0.11
AAGGGAGT	0.1
AAGGGATA	0.13
AAGGGATC	0.1
AAGGGATG	0.13
AAGGGATT	0.11
AAGGGCAA	0.11
AAGGGCAC	0.1
AAGGGCAG	0.09
AAGGGCAT	0.1
AAGGGCCA	0.1
AAGGGCCC	0.08
AAGGGCCG	0.11
AAGGGCCT	0.1
AAGGGCGA	0.11
AAGGGCGC	0.1
AAGGGCGG	0.1
AAGGGCGT	0.09
AAGGGCTA	0.11
AAGGGCTC	0.1
AAGGGCTG	0.11
AAGGGGAA	0.15
AAGGGGAC	0.11
AAGGGGAG	0.1
AAGGGGAT	0.12
AAGGGGCA	0.1
AAGGGGCC	0.11
AAGGGGCG	0.09
AAGGGGCT	0.11
AAGGGGGA	0.12
AAGGGGGC	0.11
AAGGGGGG	0.1
AAGGGGGT	0.11
AAGGGGTA	0.12
AAGGGGTC	0.1
AAGGGGTG	0.1
AAGGGTAA	0.1
AAGGGTAC	0.1
AAGGGTAG	0.11
AAGGGTAT	0.11
AAGGGTCA	0.12
AAGGGTCC	0.1
AAGGGTCG	0.1
AAGGGTCT	0.1
AAGGGTGA	0.1
AAGGGTGC	0.09
AAGGGTGG	0.11
AAGGGTGT	0.1
AAGGGTTA	0.11
AAGGGTTC	0.1
AAGGGTTG	0.1
AAGGTAAA	0.12
AAGGTAAC	0.1
AAGGTAAG	0.11
AAGGTAAT	0.11
AAGGTACA	0.11
AAGGTACC	0.1
AAGGTACG	0.09
AAGGTACT	0.1
AAGGTAGA	0.12
AAGGTAGC	0.09
AAGGTAGG	0.12
AAGGTAGT	0.13
AAGGTATA	0.1
AAGGTATC	0.11
AAGGTATG	0.1
AAGGTATT	0.1
AAGGTCAA	0.1
AAGGTCAC	0.1
AAGGTCAG	0.1
AAGGTCAT	0.1
AAGGTCCA	0.1
AAGGTCCC	0.09
AAGGTCCG	0.1
AAGGTCCT	0.09
AAGGTCGA	0.09
AAGGTCGC	0.1
AAGGTCGG	0.1
AAGGTCGT	0.11
AAGGTCTA	0.09
AAGGTCTC	0.11
AAGGTCTG	0.12
AAGGTGAA	0.09
AAGGTGAC	0.1
AAGGTGAG	0.09
AAGGTGAT	0.11
AAGGTGCA	0.11
AAGGTGCC	0.1
AAGGTGCG	0.09
AAGGTGCT	0.09
AAGGTGGA	0.11
AAGGTGGC	0.12
AAGGTGGG	0.09
AAGGTGGT	0.11
AAGGTGTA	0.1
AAGGTGTC	0.1
AAGGTGTG	0.1
AAGGTTAA	0.1
AAGGTTAC	0.1
AAGGTTAG	0.11
AAGGTTAT	0.1
AAGGTTCA	0.09
AAGGTTCC	0.11
AAGGTTCG	0.1
AAGGTTCT	0.1
AAGGTTGA	0.1
AAGGTTGC	0.11
AAGGTTGG	0.11
AAGGTTGT	0.1
AAGGTTTA	0.1
AAGGTTTC	0.11
AAGGTTTG	0.1
AAGTAAAA	0.14
AAGTAAAC	0.11
AAGTAAAG	0.12
AAGTAAAT	0.13
AAGTAACA	0.11
AAGTAACC	0.12
AAGTAACG	0.12
AAGTAACT	0.12
AAGTAAGA	0.1
AAGTAAGC	0.11
AAGTAAGG	0.12
AAGTAAGT	0.1
AAGTAATA	0.11
AAGTAATC	0.11
AAGTAATG	0.11
AAGTAATT	0.12
AAGTACAA	0.1
AAGTACAC	0.11
AAGTACAG	0.11
AAGTACAT	0.11
AAGTACCA	0.11
AAGTACCC	0.1
AAGTACCG	0.1
AAGTACCT	0.1
AAGTACGA	0.1
AAGTACGC	0.1
AAGTACGG	0.11
AAGTACGT	0.1
AAGTACTA	0.11
AAGTACTC	0.1
AAGTACTG	0.09
AAGTACTT	0.08
AAGTAGAA	0.11
AAGTAGAC	0.1
AAGTAGAG	0.11
AAGTAGAT	0.11
AAGTAGCA	0.09
AAGTAGCC	0.09
AAGTAGCG	0.09
AAGTAGCT	0.1
AAGTAGGA	0.1
AAGTAGGC	0.12
AAGTAGGG	0.1
AAGTAGGT	0.12
AAGTAGTA	0.11
AAGTAGTC	0.09
AAGTAGTG	0.1
AAGTATAA	0.12
AAGTATAC	0.1
AAGTATAG	0.1
AAGTATAT	0.1
AAGTATCA	0.1
AAGTATCC	0.13
AAGTATCG	0.11
AAGTATCT	0.11
AAGTATGA	0.11
AAGTATGC	0.08
AAGTATGG	0.11
AAGTATGT	0.1
AAGTATTA	0.11
AAGTATTC	0.1
AAGTATTG	0.1
AAGTCAAA	0.09
AAGTCAAC	0.1
AAGTCAAG	0.1
AAGTCAAT	0.1
AAGTCACA	0.1
AAGTCACC	0.1
AAGTCACG	0.09
AAGTCACT	0.11
AAGTCAGA	0.1
AAGTCAGC	0.09
AAGTCAGG	0.11
AAGTCAGT	0.11
AAGTCATA	0.12
AAGTCATC	0.12
AAGTCATG	0.1
AAGTCATT	0.1
AAGTCCAA	0.13
AAGTCCAC	0.1
AAGTCCAG	0.1
AAGTCCAT	0.09
AAGTCCCA	0.1
AAGTCCCC	0.1
AAGTCCCG	0.1
AAGTCCCT	0.1
AAGTCCGA	0.1
AAGTCCGC	0.12
AAGTCCGG	0.12
AAGTCCGT	0.1
AAGTCCTA	0.1
AAGTCCTC	0.1
AAGTCCTG	0.1
AAGTCGAA	0.1
AAGTCGAC	0.09
AAGTCGAG	0.1
AAGTCGAT	0.1
AAGTCGCA	0.1
AAGTCGCC	0.1
AAGTCGCG	0.09
AAGTCGCT	0.1
AAGTCGGA	0.1
AAGTCGGC	0.1
AAGTCGGG	0.1
AAGTCGGT	0.11
AAGTCGTA	0.11
AAGTCGTC	0.1
AAGTCGTG	0.09
AAGTCTAA	0.11
AAGTCTAC	0.1
AAGTCTAG	0.1
AAGTCTAT	0.11
AAGTCTCA	0.09
AAGTCTCC	0.1
AAGTCTCG	0.1
AAGTCTCT	0.11
AAGTCTGA	0.09
AAGTCTGC	0.08
AAGTCTGG	0.09
AAGTCTGT	0.11
AAGTCTTA	0.08
AAGTCTTC	0.11
AAGTCTTG	0.1
AAGTGAAA	0.1
AAGTGAAC	0.11
AAGTGAAG	0.1
AAGTGAAT	0.12
AAGTGACA	0.11
AAGTGACC	0.1
AAGTGACG	0.1
AAGTGACT	0.1
AAGTGAGA	0.1
AAGTGAGC	0.11
AAGTGAGG	0.1
AAGTGAGT	0.1
AAGTGATA	0.1
AAGTGATC	0.09
AAGTGATG	0.12
AAGTGATT	0.11
AAGTGCAA	0.1
AAGTGCAC	0.09
AAGTGCAG	0.09
AAGTGCAT	0.1
AAGTGCCA	0.12
AAGTGCCC	0.1
AAGTGCCG	0.1
AAGTGCCT	0.09
AAGTGCGA	0.09
AAGTGCGC	0.1
AAGTGCGG	0.11
AAGTGCGT	0.11
AAGTGCTA	0.1
AAGTGCTC	0.08
AAGTGCTG	0.12
AAGTGGAA	0.1
AAGTGGAC	0.11
AAGTGGAG	0.13
AAGTGGAT	0.1
AAGTGGCA	0.1
AAGTGGCC	0.08
AAGTGGCG	0.1
AAGTGGCT	0.1
AAGTGGGA	0.11
AAGTGGGC	0.11
AAGTGGGG	0.1
AAGTGGGT	0.1
AAGTGGTA	0.11
AAGTGGTC	0.1
AAGTGGTG	0.1
AAGTGTAA	0.1
AAGTGTAC	0.09
AAGTGTAG	0.1
AAGTGTAT	0.1
AAGTGTCA	0.1
AAGTGTCC	0.11
AAGTGTCG	0.1
AAGTGTCT	0.1
AAGTGTGA	0.09
AAGTGTGC	0.11
AAGTGTGG	0.12
AAGTGTGT	0.11
AAGTGTTA	0.1
AAGTGTTC	0.09
AAGTGTTG	0.11
AAGTTAAA	0.12
AAGTTAAC	0.11
AAGTTAAG	0.1
AAGTTAAT	0.1
AAGTTACA	0.1
AAGTTACC	0.1
AAGTTACG	0.11
AAGTTACT	0.11
AAGTTAGA	0.12
AAGTTAGC	0.11
AAGTTAGG	0.11
AAGTTAGT	0.11
AAGTTATA	0.1
AAGTTATC	0.11
AAGTTATG	0.1
AAGTTATT	0.11
AAGTTCAA	0.12
AAGTTCAC	0.1
AAGTTCAG	0.11
AAGTTCAT	0.1
AAGTTCCA	0.1
AAGTTCCC	0.13
AAGTTCCG	0.23
AAGTTCCT	0.13
AAGTTCGA	0.11
AAGTTCGC	0.1
AAGTTCGG	0.12
AAGTTCGT	0.1
AAGTTCTA	0.13
AAGTTCTC	0.12
AAGTTCTG	0.1
AAGTTGAA	0.1
AAGTTGAC	0.1
AAGTTGAG	0.11
AAGTTGAT	0.11
AAGTTGCA	0.1
AAGTTGCC	0.09
AAGTTGCG	0.1
AAGTTGCT	0.1
AAGTTGGA	0.1
AAGTTGGC	0.11
AAGTTGGG	0.1
AAGTTGGT	0.11
AAGTTGTA	0.1
AAGTTGTC	0.11
AAGTTGTG	0.1
AAGTTTAA	0.11
AAGTTTAC	0.1
AAGTTTAG	0.11
AAGTTTAT	0.11
AAGTTTCA	0.11
AAGTTTCC	0.16
AAGTTTCG	0.12
AAGTTTCT	0.12
AAGTTTGA	0.1
AAGTTTGC	0.11
AAGTTTGG	0.11
AAGTTTGT	0.11
AAGTTTTA	0.12
AAGTTTTC	0.11
AAGTTTTG	0.1
AATAAAAA	0.13
AATAAAAC	0.12
AATAAAAG	0.12
AATAAAAT	0.13
AATAAACA	0.11
AATAAACC	0.12
AATAAACG	0.14
AATAAACT	0.11
AATAAAGA	0.1
AATAAAGC	0.11
AATAAAGG	0.11
AATAAAGT	0.12
AATAAATA	0.12
AATAAATC	0.12
AATAAATG	0.12
AATAAATT	0.11
AATAACAA	0.11
AATAACAC	0.1
AATAACAG	0.13
AATAACAT	0.1
AATAACCA	0.13
AATAACCC	0.11
AATAACCG	0.12
AATAACCT	0.1
AATAACGA	0.1
AATAACGC	0.1
AATAACGG	0.12
AATAACGT	0.1
AATAACTA	0.11
AATAACTC	0.11
AATAACTG	0.11
AATAAGAA	0.11
AATAAGAC	0.11
AATAAGAG	0.12
AATAAGAT	0.12
AATAAGCA	0.11
AATAAGCC	0.11
AATAAGCG	0.1
AATAAGCT	0.1
AATAAGGA	0.14
AATAAGGC	0.1
AATAAGGG	0.12
AATAAGGT	0.1
AATAAGTA	0.12
AATAAGTC	0.08
AATAAGTG	0.1
AATAATAA	0.11
AATAATAC	0.11
AATAATAG	0.1
AATAATAT	0.13
AATAATCA	0.1
AATAATCC	0.11
AATAATCG	0.11
AATAATCT	0.11
AATAATGA	0.1
AATAATGC	0.12
AATAATGG	0.12
AATAATGT	0.11
AATAATTA	0.11
AATAATTC	0.11
AATAATTG	0.1
AATACAAA	0.13
AATACAAC	0.12
AATACAAG	0.12
AATACAAT	0.11
AATACACA	0.1
AATACACC	0.12
AATACACG	0.1
AATACACT	0.1
AATACAGA	0.11
AATACAGC	0.11
AATACAGG	0.12
AATACAGT	0.1
AATACATA	0.12
AATACATC	0.11
AATACATG	0.1
AATACATT	0.11
AATACCAA	0.1
AATACCAC	0.1
AATACCAG	0.1
AATACCAT	0.11
AATACCCA	0.11
AATACCCC	0.11
AATACCCG	0.11
AATACCCT	0.1
AATACCGA	0.1
AATACCGC	0.1
AATACCGG	0.14
AATACCGT	0.12
AATACCTA	0.11
AATACCTC	0.1
AATACCTG	0.11
AATACGAA	0.12
AATACGAC	0.11
AATACGAG	0.11
AATACGAT	0.1
AATACGCA	0.1
AATACGCC	0.1
AATACGCG	0.11
AATACGCT	0.1
AATACGGA	0.14
AATACGGC	0.1
AATACGGG	0.1
AATACGGT	0.1
AATACGTA	0.11
AATACGTC	0.1
AATACGTG	0.09
AATACTAA	0.1
AATACTAC	0.1
AATACTAG	0.1
AATACTAT	0.1
AATACTCA	0.11
AATACTCC	0.09
AATACTCG	0.08
AATACTCT	0.11
AATACTGA	0.1
AATACTGC	0.1
AATACTGG	0.11
AATACTGT	0.12
AATACTTA	0.11
AATACTTC	0.11
AATACTTG	0.11
AATAGAAA	0.11
AATAGAAC	0.11
AATAGAAG	0.11
AATAGAAT	0.11
AATAGACA	0.1
AATAGACC	0.1
AATAGACG	0.1
AATAGACT	0.1
AATAGAGA	0.1
AATAGAGC	0.1
AATAGAGG	0.11
AATAGAGT	0.1
AATAGATA	0.12
AATAGATC	0.12
AATAGATG	0.1
AATAGATT	0.11
AATAGCAA	0.1
AATAGCAC	0.11
AATAGCAG	0.1
AATAGCAT	0.1
AATAGCCA	0.1
AATAGCCC	0.09
AATAGCCG	0.09
AATAGCCT	0.09
AATAGCGA	0.11
AATAGCGC	0.1
AATAGCGG	0.1
AATAGCGT	0.11
AATAGCTA	0.11
AATAGCTC	0.09
AATAGCTG	0.09
AATAGGAA	0.17
AATAGGAC	0.09
AATAGGAG	0.09
AATAGGAT	0.13
AATAGGCA	0.11
AATAGGCC	0.11
AATAGGCG	0.11
AATAGGCT	0.1
AATAGGGA	0.1
AATAGGGC	0.1
AATAGGGG	0.11
AATAGGGT	0.1
AATAGGTA	0.11
AATAGGTC	0.08
AATAGGTG	0.09
AATAGTAA	0.1
AATAGTAC	0.09
AATAGTAG	0.12
AATAGTAT	0.12
AATAGTCA	0.11
AATAGTCC	0.1
AATAGTCG	0.1
AATAGTCT	0.11
AATAGTGA	0.1
AATAGTGC	0.1
AATAGTGG	0.11
AATAGTGT	0.1
AATAGTTA	0.11
AATAGTTC	0.12
AATAGTTG	0.11
AATATAAA	0.13
AATATAAC	0.11
AATATAAG	0.12
AATATAAT	0.1
AATATACA	0.11
AATATACC	0.12
AATATACG	0.08
AATATACT	0.1
AATATAGA	0.11
AATATAGC	0.1
AATATAGG	0.11
AATATAGT	0.11
AATATATA	0.11
AATATATC	0.11
AATATATG	0.11
AATATATT	0.12
AATATCAA	0.11
AATATCAC	0.11
AATATCAG	0.12
AATATCAT	0.11
AATATCCA	0.13
AATATCCC	0.14
AATATCCG	0.36
AATATCCT	0.16
AATATCGA	0.11
AATATCGC	0.12
AATATCGG	0.11
AATATCGT	0.11
AATATCTA	0.11
AATATCTC	0.12
AATATCTG	0.11
AATATGAA	0.11
AATATGAC	0.12
AATATGAG	0.09
AATATGAT	0.1
AATATGCA	0.09
AATATGCC	0.08
AATATGCG	0.09
AATATGCT	0.09
AATATGGA	0.12
AATATGGC	0.09
AATATGGG	0.11
AATATGGT	0.12
AATATGTA	0.12
AATATGTC	0.11
AATATGTG	0.1
AATATTAA	0.12
AATATTAC	0.1
AATATTAG	0.1
AATATTAT	0.12
AATATTCA	0.09
AATATTCC	0.14
AATATTCG	0.11
AATATTCT	0.11
AATATTGA	0.11
AATATTGC	0.1
AATATTGG	0.11
AATATTGT	0.11
AATATTTA	0.12
AATATTTC	0.11
AATATTTG	0.11
AATCAAAA	0.13
AATCAAAC	0.13
AATCAAAG	0.11
AATCAAAT	0.12
AATCAACA	0.12
AATCAACC	0.1
AATCAACG	0.1
AATCAACT	0.11
AATCAAGA	0.12
AATCAAGC	0.09
AATCAAGG	0.12
AATCAAGT	0.1
AATCAATA	0.12
AATCAATC	0.11
AATCAATG	0.1
AATCAATT	0.13
AATCACAA	0.11
AATCACAC	0.11
AATCACAG	0.08
AATCACAT	0.11
AATCACCA	0.12
AATCACCC	0.12
AATCACCG	0.1
AATCACCT	0.11
AATCACGA	0.1
AATCACGC	0.1
AATCACGG	0.1
AATCACGT	0.1
AATCACTA	0.1
AATCACTC	0.1
AATCACTG	0.1
AATCAGAA	0.1
AATCAGAC	0.1
AATCAGAG	0.11
AATCAGAT	0.1
AATCAGCA	0.11
AATCAGCC	0.08
AATCAGCG	0.1
AATCAGCT	0.09
AATCAGGA	0.13
AATCAGGC	0.1
AATCAGGG	0.09
AATCAGGT	0.1
AATCAGTA	0.11
AATCAGTC	0.1
AATCAGTG	0.1
AATCATAA	0.12
AATCATAC	0.09
AATCATAG	0.11
AATCATAT	0.11
AATCATCA	0.1
AATCATCC	0.11
AATCATCG	0.09
AATCATCT	0.1
AATCATGA	0.11
AATCATGC	0.11
AATCATGG	0.1
AATCATGT	0.09
AATCATTA	0.1
AATCATTC	0.11
AATCATTG	0.1
AATCCAAA	0.13
AATCCAAC	0.1
AATCCAAG	0.1
AATCCAAT	0.11
AATCCACA	0.11
AATCCACC	0.1
AATCCACG	0.11
AATCCACT	0.1
AATCCAGA	0.13
AATCCAGC	0.1
AATCCAGG	0.12
AATCCAGT	0.1
AATCCATA	0.11
AATCCATC	0.12
AATCCATG	0.11
AATCCATT	0.1
AATCCCAA	0.1
AATCCCAC	0.1
AATCCCAG	0.12
AATCCCAT	0.11
AATCCCCA	0.1
AATCCCCC	0.1
AATCCCCG	0.14
AATCCCCT	0.09
AATCCCGA	0.11
AATCCCGC	0.11
AATCCCGG	0.15
AATCCCGT	0.12
AATCCCTA	0.09
AATCCCTC	0.11
AATCCCTG	0.1
AATCCGAA	0.11
AATCCGAC	0.11
AATCCGAG	0.1
AATCCGAT	0.1
AATCCGCA	0.12
AATCCGCC	0.12
AATCCGCG	0.1
AATCCGCT	0.12
AATCCGGA	0.22
AATCCGGC	0.16
AATCCGGG	0.14
AATCCGGT	0.24
AATCCGTA	0.11
AATCCGTC	0.11
AATCCGTG	0.09
AATCCTAA	0.11
AATCCTAC	0.1
AATCCTAG	0.11
AATCCTAT	0.1
AATCCTCA	0.1
AATCCTCC	0.1
AATCCTCG	0.09
AATCCTCT	0.11
AATCCTGA	0.12
AATCCTGC	0.11
AATCCTGG	0.13
AATCCTGT	0.13
AATCCTTA	0.12
AATCCTTC	0.1
AATCCTTG	0.1
AATCGAAA	0.12
AATCGAAC	0.1
AATCGAAG	0.1
AATCGAAT	0.11
AATCGACA	0.13
AATCGACC	0.09
AATCGACG	0.1
AATCGACT	0.1
AATCGAGA	0.11
AATCGAGC	0.1
AATCGAGG	0.1
AATCGAGT	0.09
AATCGATA	0.1
AATCGATC	0.1
AATCGATG	0.1
AATCGATT	0.1
AATCGCAA	0.11
AATCGCAC	0.1
AATCGCAG	0.1
AATCGCAT	0.1
AATCGCCA	0.1
AATCGCCC	0.09
AATCGCCG	0.11
AATCGCCT	0.11
AATCGCGA	0.11
AATCGCGC	0.1
AATCGCGG	0.11
AATCGCGT	0.1
AATCGCTA	0.09
AATCGCTC	0.1
AATCGCTG	0.08
AATCGGAA	0.18
AATCGGAC	0.11
AATCGGAG	0.1
AATCGGAT	0.14
AATCGGCA	0.11
AATCGGCC	0.1
AATCGGCG	0.1
AATCGGCT	0.11
AATCGGGA	0.12
AATCGGGC	0.1
AATCGGGG	0.09
AATCGGGT	0.11
AATCGGTA	0.09
AATCGGTC	0.11
AATCGGTG	0.09
AATCGTAA	0.12
AATCGTAC	0.09
AATCGTAG	0.1
AATCGTAT	0.1
AATCGTCA	0.1
AATCGTCC	0.1
AATCGTCG	0.1
AATCGTCT	0.1
AATCGTGA	0.1
AATCGTGC	0.1
AATCGTGG	0.1
AATCGTGT	0.11
AATCGTTA	0.11
AATCGTTC	0.1
AATCGTTG	0.09
AATCTAAA	0.12
AATCTAAC	0.11
AATCTAAG	0.11
AATCTAAT	0.13
AATCTACA	0.1
AATCTACC	0.12
AATCTACG	0.1
AATCTACT	0.12
AATCTAGA	0.11
AATCTAGC	0.09
AATCTAGG	0.11
AATCTAGT	0.11
AATCTATA	0.12
AATCTATC	0.1
AATCTATG	0.11
AATCTCAA	0.1
AATCTCAC	0.11
AATCTCAG	0.1
AATCTCAT	0.1
AATCTCCA	0.11
AATCTCCC	0.1
AATCTCCG	0.11
AATCTCCT	0.1
AATCTCGA	0.1
AATCTCGC	0.1
AATCTCGG	0.11
AATCTCGT	0.1
AATCTCTA	0.11
AATCTCTC	0.12
AATCTCTG	0.1
AATCTGAA	0.12
AATCTGAC	0.1
AATCTGAG	0.1
AATCTGAT	0.1
AATCTGCA	0.09
AATCTGCC	0.1
AATCTGCG	0.1
AATCTGCT	0.1
AATCTGGA	0.1
AATCTGGC	0.1
AATCTGGG	0.11
AATCTGGT	0.09
AATCTGTA	0.11
AATCTGTC	0.11
AATCTGTG	0.11
AATCTTAA	0.11
AATCTTAC	0.1
AATCTTAG	0.1
AATCTTAT	0.11
AATCTTCA	0.14
AATCTTCC	0.13
AATCTTCG	0.1
AATCTTCT	0.11
AATCTTGA	0.09
AATCTTGC	0.09
AATCTTGG	0.09
AATCTTGT	0.1
AATCTTTA	0.11
AATCTTTC	0.11
AATCTTTG	0.12
AATGAAAA	0.13
AATGAAAC	0.11
AATGAAAG	0.1
AATGAAAT	0.1
AATGAACA	0.12
AATGAACC	0.11
AATGAACG	0.1
AATGAACT	0.11
AATGAAGA	0.13
AATGAAGC	0.1
AATGAAGG	0.11
AATGAAGT	0.1
AATGAATA	0.1
AATGAATC	0.11
AATGAATG	0.11
AATGAATT	0.1
AATGACAA	0.11
AATGACAC	0.12
AATGACAG	0.1
AATGACAT	0.11
AATGACCA	0.11
AATGACCC	0.1
AATGACCG	0.1
AATGACCT	0.1
AATGACGA	0.11
AATGACGC	0.1
AATGACGG	0.1
AATGACGT	0.1
AATGACTA	0.1
AATGACTC	0.1
AATGACTG	0.1
AATGAGAA	0.11
AATGAGAC	0.11
AATGAGAG	0.11
AATGAGAT	0.11
AATGAGCA	0.11
AATGAGCC	0.09
AATGAGCG	0.11
AATGAGCT	0.11
AATGAGGA	0.12
AATGAGGC	0.1
AATGAGGG	0.11
AATGAGGT	0.11
AATGAGTA	0.12
AATGAGTC	0.1
AATGAGTG	0.12
AATGATAA	0.12
AATGATAC	0.1
AATGATAG	0.1
AATGATAT	0.11
AATGATCA	0.1
AATGATCC	0.11
AATGATCG	0.09
AATGATCT	0.1
AATGATGA	0.1
AATGATGC	0.1
AATGATGG	0.11
AATGATGT	0.11
AATGATTA	0.1
AATGATTC	0.1
AATGATTG	0.11
AATGCAAA	0.12
AATGCAAC	0.09
AATGCAAG	0.1
AATGCAAT	0.09
AATGCACA	0.1
AATGCACC	0.11
AATGCACG	0.11
AATGCACT	0.11
AATGCAGA	0.09
AATGCAGC	0.09
AATGCAGG	0.13
AATGCAGT	0.11
AATGCATA	0.11
AATGCATC	0.09
AATGCATG	0.11
AATGCATT	0.1
AATGCCAA	0.11
AATGCCAC	0.09
AATGCCAG	0.11
AATGCCAT	0.09
AATGCCCA	0.11
AATGCCCC	0.1
AATGCCCG	0.1
AATGCCCT	0.1
AATGCCGA	0.09
AATGCCGC	0.08
AATGCCGG	0.11
AATGCCGT	0.11
AATGCCTA	0.13
AATGCCTC	0.1
AATGCCTG	0.1
AATGCGAA	0.1
AATGCGAC	0.09
AATGCGAG	0.11
AATGCGAT	0.09
AATGCGCA	0.11
AATGCGCC	0.1
AATGCGCG	0.11
AATGCGCT	0.09
AATGCGGA	0.12
AATGCGGC	0.09
AATGCGGG	0.11
AATGCGGT	0.1
AATGCGTA	0.1
AATGCGTC	0.1
AATGCGTG	0.1
AATGCTAA	0.11
AATGCTAC	0.11
AATGCTAG	0.09
AATGCTAT	0.1
AATGCTCA	0.09
AATGCTCC	0.11
AATGCTCG	0.1
AATGCTCT	0.1
AATGCTGA	0.1
AATGCTGC	0.09
AATGCTGG	0.09
AATGCTGT	0.1
AATGCTTA	0.09
AATGCTTC	0.11
AATGCTTG	0.1
AATGGAAA	0.12
AATGGAAC	0.1
AATGGAAG	0.12
AATGGAAT	0.11
AATGGACA	0.1
AATGGACC	0.09
AATGGACG	0.11
AATGGACT	0.1
AATGGAGA	0.1
AATGGAGC	0.09
AATGGAGG	0.11
AATGGAGT	0.1
AATGGATA	0.12
AATGGATC	0.11
AATGGATG	0.1
AATGGCAA	0.1
AATGGCAC	0.11
AATGGCAG	0.09
AATGGCAT	0.11
AATGGCCA	0.11
AATGGCCC	0.08
AATGGCCG	0.12
AATGGCCT	0.09
AATGGCGA	0.11
AATGGCGC	0.11
AATGGCGG	0.11
AATGGCGT	0.09
AATGGCTA	0.09
AATGGCTC	0.1
AATGGCTG	0.09
AATGGGAA	0.12
AATGGGAC	0.09
AATGGGAG	0.12
AATGGGAT	0.12
AATGGGCA	0.1
AATGGGCC	0.09
AATGGGCG	0.1
AATGGGCT	0.08
AATGGGGA	0.11
AATGGGGC	0.1
AATGGGGG	0.12
AATGGGGT	0.09
AATGGGTA	0.12
AATGGGTC	0.09
AATGGGTG	0.1
AATGGTAA	0.11
AATGGTAC	0.11
AATGGTAG	0.1
AATGGTAT	0.1
AATGGTCA	0.12
AATGGTCC	0.1
AATGGTCG	0.11
AATGGTCT	0.11
AATGGTGA	0.1
AATGGTGC	0.12
AATGGTGG	0.1
AATGGTGT	0.11
AATGGTTA	0.12
AATGGTTC	0.1
AATGGTTG	0.11
AATGTAAA	0.12
AATGTAAC	0.1
AATGTAAG	0.1
AATGTAAT	0.11
AATGTACA	0.11
AATGTACC	0.12
AATGTACG	0.09
AATGTACT	0.1
AATGTAGA	0.11
AATGTAGC	0.11
AATGTAGG	0.09
AATGTAGT	0.11
AATGTATA	0.1
AATGTATC	0.11
AATGTATG	0.09
AATGTCAA	0.09
AATGTCAC	0.1
AATGTCAG	0.11
AATGTCAT	0.13
AATGTCCA	0.1
AATGTCCC	0.11
AATGTCCG	0.15
AATGTCCT	0.1
AATGTCGA	0.11
AATGTCGC	0.09
AATGTCGG	0.12
AATGTCGT	0.1
AATGTCTA	0.11
AATGTCTC	0.1
AATGTCTG	0.11
AATGTGAA	0.12
AATGTGAC	0.09
AATGTGAG	0.1
AATGTGAT	0.1
AATGTGCA	0.09
AATGTGCC	0.1
AATGTGCG	0.09
AATGTGCT	0.1
AATGTGGA	0.12
AATGTGGC	0.09
AATGTGGG	0.11
AATGTGGT	0.11
AATGTGTA	0.1
AATGTGTC	0.1
AATGTGTG	0.11
AATGTTAA	0.11
AATGTTAC	0.11
AATGTTAG	0.1
AATGTTAT	0.11
AATGTTCA	0.1
AATGTTCC	0.1
AATGTTCG	0.1
AATGTTCT	0.1
AATGTTGA	0.11
AATGTTGC	0.1
AATGTTGG	0.1
AATGTTGT	0.11
AATGTTTA	0.1
AATGTTTC	0.11
AATGTTTG	0.1
AATTAAAA	0.11
AATTAAAC	0.11
AATTAAAG	0.11
AATTAAAT	0.12
AATTAACA	0.11
AATTAACC	0.11
AATTAACG	0.11
AATTAACT	0.09
AATTAAGA	0.11
AATTAAGC	0.1
AATTAAGG	0.12
AATTAAGT	0.12
AATTAATA	0.12
AATTAATC	0.11
AATTAATG	0.12
AATTAATT	0.1
AATTACAA	0.11
AATTACAC	0.12
AATTACAG	0.11
AATTACAT	0.11
AATTACCA	0.12
AATTACCC	0.11
AATTACCG	0.12
AATTACCT	0.1
AATTACGA	0.11
AATTACGC	0.1
AATTACGG	0.1
AATTACGT	0.09
AATTACTA	0.13
AATTACTC	0.13
AATTACTG	0.09
AATTAGAA	0.1
AATTAGAC	0.12
AATTAGAG	0.11
AATTAGAT	0.12
AATTAGCA	0.09
AATTAGCC	0.12
AATTAGCG	0.1
AATTAGCT	0.09
AATTAGGA	0.12
AATTAGGC	0.11
AATTAGGG	0.11
AATTAGGT	0.11
AATTAGTA	0.1
AATTAGTC	0.12
AATTAGTG	0.09
AATTATAA	0.11
AATTATAC	0.12
AATTATAG	0.1
AATTATAT	0.11
AATTATCA	0.11
AATTATCC	0.11
AATTATCG	0.11
AATTATCT	0.1
AATTATGA	0.12
AATTATGC	0.1
AATTATGG	0.11
AATTATGT	0.1
AATTATTA	0.11
AATTATTC	0.11
AATTATTG	0.1
AATTCAAA	0.14
AATTCAAC	0.11
AATTCAAG	0.1
AATTCAAT	0.11
AATTCACA	0.11
AATTCACC	0.11
AATTCACG	0.11
AATTCACT	0.11
AATTCAGA	0.11
AATTCAGC	0.1
AATTCAGG	0.12
AATTCAGT	0.1
AATTCATA	0.13
AATTCATC	0.11
AATTCATG	0.1
AATTCCAA	0.12
AATTCCAC	0.13
AATTCCAG	0.11
AATTCCAT	0.11
AATTCCCA	0.11
AATTCCCC	0.11
AATTCCCG	0.13
AATTCCCT	0.14
AATTCCGA	0.11
AATTCCGC	0.15
AATTCCGG	0.25
AATTCCGT	0.14
AATTCCTA	0.12
AATTCCTC	0.11
AATTCCTG	0.11
AATTCGAA	0.11
AATTCGAC	0.1
AATTCGAG	0.11
AATTCGAT	0.11
AATTCGCA	0.11
AATTCGCC	0.11
AATTCGCG	0.1
AATTCGCT	0.1
AATTCGGA	0.11
AATTCGGC	0.11
AATTCGGG	0.1
AATTCGGT	0.11
AATTCGTA	0.11
AATTCGTC	0.1
AATTCGTG	0.1
AATTCTAA	0.12
AATTCTAC	0.11
AATTCTAG	0.11
AATTCTAT	0.1
AATTCTCA	0.1
AATTCTCC	0.11
AATTCTCG	0.1
AATTCTCT	0.11
AATTCTGA	0.11
AATTCTGC	0.1
AATTCTGG	0.1
AATTCTGT	0.11
AATTCTTA	0.1
AATTCTTC	0.13
AATTCTTG	0.11
AATTGAAA	0.12
AATTGAAC	0.1
AATTGAAG	0.11
AATTGAAT	0.11
AATTGACA	0.11
AATTGACC	0.11
AATTGACG	0.11
AATTGACT	0.12
AATTGAGA	0.11
AATTGAGC	0.1
AATTGAGG	0.1
AATTGAGT	0.11
AATTGATA	0.12
AATTGATC	0.12
AATTGATG	0.12
AATTGCAA	0.1
AATTGCAC	0.1
AATTGCAG	0.1
AATTGCAT	0.12
AATTGCCA	0.11
AATTGCCC	0.11
AATTGCCG	0.09
AATTGCCT	0.1
AATTGCGA	0.1
AATTGCGC	0.12
AATTGCGG	0.09
AATTGCGT	0.11
AATTGCTA	0.11
AATTGCTC	0.1
AATTGCTG	0.11
AATTGGAA	0.11
AATTGGAC	0.1
AATTGGAG	0.1
AATTGGAT	0.1
AATTGGCA	0.11
AATTGGCC	0.09
AATTGGCG	0.11
AATTGGCT	0.1
AATTGGGA	0.11
AATTGGGC	0.1
AATTGGGG	0.1
AATTGGGT	0.12
AATTGGTA	0.1
AATTGGTC	0.11
AATTGGTG	0.12
AATTGTAA	0.1
AATTGTAC	0.11
AATTGTAG	0.11
AATTGTAT	0.12
AATTGTCA	0.1
AATTGTCC	0.11
AATTGTCG	0.11
AATTGTCT	0.12
AATTGTGA	0.11
AATTGTGC	0.1
AATTGTGG	0.11
AATTGTGT	0.1
AATTGTTA	0.12
AATTGTTC	0.11
AATTGTTG	0.1
AATTTAAA	0.12
AATTTAAC	0.1
AATTTAAG	0.11
AATTTAAT	0.12
AATTTACA	0.1
AATTTACC	0.1
AATTTACG	0.12
AATTTACT	0.13
AATTTAGA	0.11
AATTTAGC	0.11
AATTTAGG	0.1
AATTTAGT	0.11
AATTTATA	0.11
AATTTATC	0.11
AATTTATG	0.12
AATTTCAA	0.13
AATTTCAC	0.1
AATTTCAG	0.1
AATTTCAT	0.1
AATTTCCA	0.11
AATTTCCC	0.15
AATTTCCG	0.44
AATTTCCT	0.3
AATTTCGA	0.1
AATTTCGC	0.1
AATTTCGG	0.1
AATTTCGT	0.11
AATTTCTA	0.1
AATTTCTC	0.11
AATTTCTG	0.11
AATTTGAA	0.12
AATTTGAC	0.11
AATTTGAG	0.12
AATTTGAT	0.1
AATTTGCA	0.11
AATTTGCC	0.11
AATTTGCG	0.1
AATTTGCT	0.11
AATTTGGA	0.11
AATTTGGC	0.11
AATTTGGG	0.1
AATTTGGT	0.1
AATTTGTA	0.11
AATTTGTC	0.11
AATTTGTG	0.1
AATTTTAA	0.12
AATTTTAC	0.11
AATTTTAG	0.1
AATTTTAT	0.14
AATTTTCA	0.12
AATTTTCC	0.13
AATTTTCG	0.11
AATTTTCT	0.11
AATTTTGA	0.12
AATTTTGC	0.11
AATTTTGG	0.1
AATTTTGT	0.11
AATTTTTA	0.14
AATTTTTC	0.13
AATTTTTG	0.12
ACAAAAAA	0.14
ACAAAAAC	0.11
ACAAAAAG	0.12
ACAAAAAT	0.12
ACAAAACA	0.11
ACAAAACC	0.12
ACAAAACG	0.13
ACAAAACT	0.12
ACAAAAGA	0.13
ACAAAAGC	0.1
ACAAAAGG	0.1
ACAAAAGT	0.11
ACAAAATA	0.13
ACAAAATC	0.12
ACAAAATG	0.15
ACAAACAA	0.11
ACAAACAC	0.11
ACAAACAG	0.12
ACAAACAT	0.1
ACAAACCA	0.12
ACAAACCC	0.11
ACAAACCG	0.11
ACAAACCT	0.11
ACAAACGA	0.12
ACAAACGC	0.1
ACAAACGG	0.11
ACAAACGT	0.09
ACAAACTA	0.12
ACAAACTC	0.11
ACAAACTG	0.1
ACAAAGAA	0.15
ACAAAGAC	0.11
ACAAAGAG	0.1
ACAAAGAT	0.12
ACAAAGCA	0.11
ACAAAGCC	0.1
ACAAAGCG	0.1
ACAAAGCT	0.11
ACAAAGGA	0.15
ACAAAGGC	0.11
ACAAAGGG	0.1
ACAAAGGT	0.1
ACAAAGTA	0.11
ACAAAGTC	0.08
ACAAAGTG	0.1
ACAAATAA	0.11
ACAAATAC	0.11
ACAAATAG	0.12
ACAAATAT	0.11
ACAAATCA	0.11
ACAAATCC	0.11
ACAAATCG	0.1
ACAAATCT	0.11
ACAAATGA	0.11
ACAAATGC	0.11
ACAAATGG	0.1
ACAAATGT	0.12
ACAAATTA	0.12
ACAAATTC	0.13
ACAAATTG	0.1
ACAACAAA	0.11
ACAACAAC	0.11
ACAACAAG	0.11
ACAACAAT	0.11
ACAACACA	0.1
ACAACACC	0.1
ACAACACG	0.11
ACAACACT	0.11
ACAACAGA	0.11
ACAACAGC	0.1
ACAACAGG	0.11
ACAACAGT	0.11
ACAACATA	0.1
ACAACATC	0.14
ACAACATG	0.09
ACAACCAA	0.11
ACAACCAC	0.11
ACAACCAG	0.11
ACAACCAT	0.11
ACAACCCA	0.11
ACAACCCC	0.11
ACAACCCG	0.1
ACAACCCT	0.1
ACAACCGA	0.1
ACAACCGC	0.11
ACAACCGG	0.12
ACAACCGT	0.09
ACAACCTA	0.09
ACAACCTC	0.11
ACAACCTG	0.11
ACAACGAA	0.12
ACAACGAC	0.1
ACAACGAG	0.1
ACAACGAT	0.11
ACAACGCA	0.1
ACAACGCC	0.1
ACAACGCG	0.1
ACAACGCT	0.09
ACAACGGA	0.13
ACAACGGC	0.09
ACAACGGG	0.11
ACAACGGT	0.09
ACAACGTA	0.1
ACAACGTC	0.1
ACAACGTG	0.09
ACAACTAA	0.1
ACAACTAC	0.1
ACAACTAG	0.09
ACAACTAT	0.11
ACAACTCA	0.11
ACAACTCC	0.1
ACAACTCG	0.1
ACAACTCT	0.11
ACAACTGA	0.1
ACAACTGC	0.09
ACAACTGG	0.1
ACAACTGT	0.1
ACAACTTA	0.11
ACAACTTC	0.11
ACAACTTG	0.1
ACAAGAAA	0.13
ACAAGAAC	0.12
ACAAGAAG	0.09
ACAAGAAT	0.11
ACAAGACA	0.09
ACAAGACC	0.11
ACAAGACG	0.11
ACAAGACT	0.12
ACAAGAGA	0.12
ACAAGAGC	0.11
ACAAGAGG	0.11
ACAAGAGT	0.1
ACAAGATA	0.1
ACAAGATC	0.1
ACAAGATG	0.1
ACAAGCAA	0.09
ACAAGCAC	0.1
ACAAGCAG	0.1
ACAAGCAT	0.1
ACAAGCCA	0.1
ACAAGCCC	0.1
ACAAGCCG	0.1
ACAAGCCT	0.09
ACAAGCGA	0.1
ACAAGCGC	0.09
ACAAGCGG	0.11
ACAAGCGT	0.09
ACAAGCTA	0.1
ACAAGCTC	0.1
ACAAGCTG	0.1
ACAAGGAA	0.16
ACAAGGAC	0.09
ACAAGGAG	0.11
ACAAGGAT	0.11
ACAAGGCA	0.1
ACAAGGCC	0.1
ACAAGGCG	0.1
ACAAGGCT	0.08
ACAAGGGA	0.12
ACAAGGGC	0.1
ACAAGGGG	0.11
ACAAGGGT	0.09
ACAAGGTA	0.11
ACAAGGTC	0.09
ACAAGGTG	0.1
ACAAGTAA	0.09
ACAAGTAC	0.1
ACAAGTAG	0.11
ACAAGTAT	0.11
ACAAGTCA	0.1
ACAAGTCC	0.1
ACAAGTCG	0.08
ACAAGTCT	0.12
ACAAGTGA	0.11
ACAAGTGC	0.09
ACAAGTGG	0.1
ACAAGTGT	0.09
ACAAGTTA	0.11
ACAAGTTC	0.11
ACAAGTTG	0.1
ACAATAAA	0.11
ACAATAAC	0.12
ACAATAAG	0.11
ACAATAAT	0.11
ACAATACA	0.1
ACAATACC	0.1
ACAATACG	0.11
ACAATACT	0.1
ACAATAGA	0.11
ACAATAGC	0.09
ACAATAGG	0.1
ACAATAGT	0.1
ACAATATA	0.1
ACAATATC	0.11
ACAATATG	0.11
ACAATCAA	0.11
ACAATCAC	0.1
ACAATCAG	0.1
ACAATCAT	0.1
ACAATCCA	0.12
ACAATCCC	0.1
ACAATCCG	0.11
ACAATCCT	0.1
ACAATCGA	0.1
ACAATCGC	0.11
ACAATCGG	0.12
ACAATCGT	0.09
ACAATCTA	0.09
ACAATCTC	0.11
ACAATCTG	0.1
ACAATGAA	0.11
ACAATGAC	0.09
ACAATGAG	0.11
ACAATGAT	0.11
ACAATGCA	0.11
ACAATGCC	0.1
ACAATGCG	0.09
ACAATGCT	0.1
ACAATGGA	0.13
ACAATGGC	0.1
ACAATGGG	0.11
ACAATGGT	0.09
ACAATGTA	0.12
ACAATGTC	0.11
ACAATGTG	0.1
ACAATTAA	0.11
ACAATTAC	0.09
ACAATTAG	0.1
ACAATTAT	0.1
ACAATTCA	0.12
ACAATTCC	0.13
ACAATTCG	0.11
ACAATTCT	0.11
ACAATTGA	0.11
ACAATTGC	0.09
ACAATTGG	0.1
ACAATTGT	0.1
ACAATTTA	0.11
ACAATTTC	0.11
ACAATTTG	0.11
ACACAAAA	0.13
ACACAAAC	0.11
ACACAAAG	0.1
ACACAAAT	0.11
ACACAACA	0.12
ACACAACC	0.1
ACACAACG	0.1
ACACAACT	0.09
ACACAAGA	0.1
ACACAAGC	0.1
ACACAAGG	0.1
ACACAAGT	0.1
ACACAATA	0.1
ACACAATC	0.1
ACACAATG	0.11
ACACACAA	0.1
ACACACAC	0.11
ACACACAG	0.09
ACACACAT	0.1
ACACACCA	0.11
ACACACCC	0.11
ACACACCG	0.1
ACACACCT	0.12
ACACACGA	0.11
ACACACGC	0.09
ACACACGG	0.09
ACACACGT	0.1
ACACACTA	0.12
ACACACTC	0.1
ACACACTG	0.1
ACACAGAA	0.11
ACACAGAC	0.11
ACACAGAG	0.09
ACACAGAT	0.1
ACACAGCA	0.1
ACACAGCC	0.1
ACACAGCG	0.12
ACACAGCT	0.09
ACACAGGA	0.11
ACACAGGC	0.08
ACACAGGG	0.09
ACACAGGT	0.09
ACACAGTA	0.09
ACACAGTC	0.1
ACACAGTG	0.1
ACACATAA	0.12
ACACATAC	0.1
ACACATAG	0.1
ACACATAT	0.1
ACACATCA	0.11
ACACATCC	0.18
ACACATCG	0.09
ACACATCT	0.11
ACACATGA	0.1
ACACATGC	0.09
ACACATGG	0.09
ACACATGT	0.08
ACACATTA	0.11
ACACATTC	0.11
ACACATTG	0.11
ACACCAAA	0.1
ACACCAAC	0.11
ACACCAAG	0.11
ACACCAAT	0.11
ACACCACA	0.1
ACACCACC	0.11
ACACCACG	0.1
ACACCACT	0.12
ACACCAGA	0.1
ACACCAGC	0.09
ACACCAGG	0.1
ACACCAGT	0.1
ACACCATA	0.1
ACACCATC	0.1
ACACCATG	0.09
ACACCCAA	0.12
ACACCCAC	0.11
ACACCCAG	0.1
ACACCCAT	0.11
ACACCCCA	0.09
ACACCCCC	0.11
ACACCCCG	0.1
ACACCCCT	0.09
ACACCCGA	0.11
ACACCCGC	0.1
ACACCCGG	0.12
ACACCCGT	0.1
ACACCCTA	0.09
ACACCCTC	0.12
ACACCCTG	0.09
ACACCGAA	0.11
ACACCGAC	0.12
ACACCGAG	0.1
ACACCGAT	0.1
ACACCGCA	0.1
ACACCGCC	0.11
ACACCGCG	0.09
ACACCGCT	0.09
ACACCGGA	0.35
ACACCGGC	0.11
ACACCGGG	0.11
ACACCGGT	0.11
ACACCGTA	0.09
ACACCGTC	0.09
ACACCGTG	0.1
ACACCTAA	0.1
ACACCTAC	0.1
ACACCTAG	0.09
ACACCTAT	0.1
ACACCTCA	0.1
ACACCTCC	0.1
ACACCTCG	0.1
ACACCTCT	0.1
ACACCTGA	0.1
ACACCTGC	0.1
ACACCTGG	0.09
ACACCTGT	0.09
ACACCTTA	0.1
ACACCTTC	0.11
ACACCTTG	0.09
ACACGAAA	0.12
ACACGAAC	0.1
ACACGAAG	0.11
ACACGAAT	0.1
ACACGACA	0.11
ACACGACC	0.1
ACACGACG	0.1
ACACGACT	0.09
ACACGAGA	0.1
ACACGAGC	0.09
ACACGAGG	0.09
ACACGAGT	0.1
ACACGATA	0.1
ACACGATC	0.1
ACACGATG	0.11
ACACGCAA	0.1
ACACGCAC	0.09
ACACGCAG	0.1
ACACGCAT	0.09
ACACGCCA	0.09
ACACGCCC	0.09
ACACGCCG	0.12
ACACGCCT	0.1
ACACGCGA	0.1
ACACGCGC	0.09
ACACGCGG	0.12
ACACGCGT	0.08
ACACGCTA	0.1
ACACGCTC	0.1
ACACGCTG	0.09
ACACGGAA	0.14
ACACGGAC	0.13
ACACGGAG	0.1
ACACGGAT	0.12
ACACGGCA	0.09
ACACGGCC	0.09
ACACGGCG	0.1
ACACGGCT	0.1
ACACGGGA	0.1
ACACGGGC	0.09
ACACGGGG	0.11
ACACGGGT	0.09
ACACGGTA	0.09
ACACGGTC	0.09
ACACGGTG	0.1
ACACGTAA	0.08
ACACGTAC	0.09
ACACGTAG	0.09
ACACGTAT	0.09
ACACGTCA	0.08
ACACGTCC	0.12
ACACGTCG	0.1
ACACGTCT	0.09
ACACGTGA	0.09
ACACGTGC	0.08
ACACGTGG	0.08
ACACGTGT	0.09
ACACGTTA	0.09
ACACGTTC	0.09
ACACGTTG	0.09
ACACTAAA	0.1
ACACTAAC	0.09
ACACTAAG	0.1
ACACTAAT	0.1
ACACTACA	0.11
ACACTACC	0.09
ACACTACG	0.12
ACACTACT	0.09
ACACTAGA	0.1
ACACTAGC	0.09
ACACTAGG	0.1
ACACTAGT	0.09
ACACTATA	0.09
ACACTATC	0.1
ACACTATG	0.1
ACACTCAA	0.11
ACACTCAC	0.11
ACACTCAG	0.11
ACACTCAT	0.1
ACACTCCA	0.1
ACACTCCC	0.1
ACACTCCG	0.09
ACACTCCT	0.1
ACACTCGA	0.09
ACACTCGC	0.1
ACACTCGG	0.1
ACACTCGT	0.09
ACACTCTA	0.1
ACACTCTC	0.1
ACACTCTG	0.1
ACACTGAA	0.11
ACACTGAC	0.09
ACACTGAG	0.1
ACACTGAT	0.1
ACACTGCA	0.1
ACACTGCC	0.11
ACACTGCG	0.09
ACACTGCT	0.09
ACACTGGA	0.1
ACACTGGC	0.1
ACACTGGG	0.11
ACACTGGT	0.1
ACACTGTA	0.11
ACACTGTC	0.1
ACACTGTG	0.09
ACACTTAA	0.11
ACACTTAC	0.1
ACACTTAG	0.11
ACACTTAT	0.1
ACACTTCA	0.1
ACACTTCC	0.32
ACACTTCG	0.09
ACACTTCT	0.09
ACACTTGA	0.1
ACACTTGC	0.09
ACACTTGG	0.11
ACACTTTA	0.1
ACACTTTC	0.11
ACACTTTG	0.11
ACAGAAAA	0.13
ACAGAAAC	0.11
ACAGAAAG	0.11
ACAGAAAT	0.12
ACAGAACA	0.1
ACAGAACC	0.1
ACAGAACG	0.1
ACAGAACT	0.12
ACAGAAGA	0.11
ACAGAAGC	0.11
ACAGAAGG	0.09
ACAGAAGT	0.11
ACAGAATA	0.11
ACAGAATC	0.1
ACAGAATG	0.1
ACAGACAA	0.14
ACAGACAC	0.11
ACAGACAG	0.11
ACAGACAT	0.11
ACAGACCA	0.09
ACAGACCC	0.09
ACAGACCG	0.11
ACAGACCT	0.1
ACAGACGA	0.1
ACAGACGC	0.1
ACAGACGG	0.11
ACAGACGT	0.09
ACAGACTA	0.09
ACAGACTC	0.08
ACAGACTG	0.09
ACAGAGAA	0.11
ACAGAGAC	0.11
ACAGAGAG	0.09
ACAGAGAT	0.1
ACAGAGCA	0.12
ACAGAGCC	0.09
ACAGAGCG	0.1
ACAGAGCT	0.1
ACAGAGGA	0.13
ACAGAGGC	0.1
ACAGAGGG	0.1
ACAGAGGT	0.1
ACAGAGTA	0.1
ACAGAGTC	0.09
ACAGAGTG	0.1
ACAGATAA	0.1
ACAGATAC	0.1
ACAGATAG	0.1
ACAGATAT	0.11
ACAGATCA	0.1
ACAGATCC	0.13
ACAGATCG	0.09
ACAGATCT	0.1
ACAGATGA	0.09
ACAGATGC	0.09
ACAGATGG	0.09
ACAGATGT	0.09
ACAGATTA	0.12
ACAGATTC	0.12
ACAGATTG	0.11
ACAGCAAA	0.11
ACAGCAAC	0.11
ACAGCAAG	0.1
ACAGCAAT	0.1
ACAGCACA	0.1
ACAGCACC	0.1
ACAGCACG	0.09
ACAGCACT	0.1
ACAGCAGA	0.09
ACAGCAGC	0.09
ACAGCAGG	0.11
ACAGCAGT	0.09
ACAGCATA	0.12
ACAGCATC	0.12
ACAGCATG	0.08
ACAGCCAA	0.12
ACAGCCAC	0.11
ACAGCCAG	0.1
ACAGCCAT	0.09
ACAGCCCA	0.1
ACAGCCCC	0.1
ACAGCCCG	0.1
ACAGCCCT	0.1
ACAGCCGA	0.1
ACAGCCGC	0.1
ACAGCCGG	0.1
ACAGCCGT	0.1
ACAGCCTA	0.1
ACAGCCTC	0.1
ACAGCCTG	0.1
ACAGCGAA	0.12
ACAGCGAC	0.08
ACAGCGAG	0.09
ACAGCGAT	0.09
ACAGCGCA	0.09
ACAGCGCC	0.1
ACAGCGCG	0.09
ACAGCGCT	0.1
ACAGCGGA	0.14
ACAGCGGC	0.09
ACAGCGGG	0.11
ACAGCGGT	0.08
ACAGCGTA	0.1
ACAGCGTC	0.1
ACAGCGTG	0.09
ACAGCTAA	0.1
ACAGCTAC	0.09
ACAGCTAG	0.08
ACAGCTAT	0.1
ACAGCTCA	0.09
ACAGCTCC	0.1
ACAGCTCG	0.11
ACAGCTCT	0.1
ACAGCTGA	0.09
ACAGCTGC	0.1
ACAGCTGG	0.09
ACAGCTGT	0.09
ACAGCTTA	0.09
ACAGCTTC	0.11
ACAGCTTG	0.1
ACAGGAAA	0.46
ACAGGAAC	0.18
ACAGGAAG	0.58
ACAGGAAT	0.13
ACAGGACA	0.15
ACAGGACC	0.1
ACAGGACG	0.19
ACAGGACT	0.11
ACAGGAGA	0.1
ACAGGAGC	0.09
ACAGGAGG	0.11
ACAGGAGT	0.09
ACAGGATA	0.29
ACAGGATC	0.11
ACAGGATG	0.47
ACAGGCAA	0.13
ACAGGCAC	0.11
ACAGGCAG	0.12
ACAGGCAT	0.1
ACAGGCCA	0.1
ACAGGCCC	0.1
ACAGGCCG	0.09
ACAGGCCT	0.09
ACAGGCGA	0.09
ACAGGCGC	0.09
ACAGGCGG	0.11
ACAGGCGT	0.09
ACAGGCTA	0.1
ACAGGCTC	0.09
ACAGGCTG	0.09
ACAGGGAA	0.15
ACAGGGAC	0.1
ACAGGGAG	0.12
ACAGGGAT	0.1
ACAGGGCA	0.09
ACAGGGCC	0.1
ACAGGGCG	0.09
ACAGGGCT	0.09
ACAGGGGA	0.12
ACAGGGGC	0.09
ACAGGGGG	0.1
ACAGGGGT	0.08
ACAGGGTA	0.1
ACAGGGTC	0.1
ACAGGGTG	0.1
ACAGGTAA	0.09
ACAGGTAC	0.11
ACAGGTAG	0.1
ACAGGTAT	0.11
ACAGGTCA	0.09
ACAGGTCC	0.09
ACAGGTCG	0.09
ACAGGTCT	0.1
ACAGGTGA	0.09
ACAGGTGC	0.1
ACAGGTGG	0.1
ACAGGTTA	0.11
ACAGGTTC	0.09
ACAGGTTG	0.1
ACAGTAAA	0.11
ACAGTAAC	0.1
ACAGTAAG	0.1
ACAGTAAT	0.1
ACAGTACA	0.09
ACAGTACC	0.1
ACAGTACG	0.1
ACAGTACT	0.09
ACAGTAGA	0.1
ACAGTAGC	0.09
ACAGTAGG	0.1
ACAGTAGT	0.11
ACAGTATA	0.09
ACAGTATC	0.11
ACAGTATG	0.11
ACAGTCAA	0.12
ACAGTCAC	0.09
ACAGTCAG	0.09
ACAGTCAT	0.09
ACAGTCCA	0.1
ACAGTCCC	0.1
ACAGTCCG	0.09
ACAGTCCT	0.1
ACAGTCGA	0.09
ACAGTCGC	0.09
ACAGTCGG	0.09
ACAGTCGT	0.09
ACAGTCTA	0.11
ACAGTCTC	0.11
ACAGTCTG	0.09
ACAGTGAA	0.11
ACAGTGAC	0.1
ACAGTGAG	0.1
ACAGTGAT	0.09
ACAGTGCA	0.11
ACAGTGCC	0.09
ACAGTGCG	0.09
ACAGTGCT	0.09
ACAGTGGA	0.11
ACAGTGGC	0.09
ACAGTGGG	0.1
ACAGTGGT	0.1
ACAGTGTA	0.1
ACAGTGTC	0.1
ACAGTGTG	0.09
ACAGTTAA	0.1
ACAGTTAC	0.1
ACAGTTAG	0.1
ACAGTTAT	0.1
ACAGTTCA	0.11
ACAGTTCC	0.11
ACAGTTCG	0.1
ACAGTTCT	0.1
ACAGTTGA	0.09
ACAGTTGC	0.09
ACAGTTGG	0.1
ACAGTTTA	0.09
ACAGTTTC	0.11
ACAGTTTG	0.1
ACATAAAA	0.12
ACATAAAC	0.1
ACATAAAG	0.1
ACATAAAT	0.1
ACATAACA	0.11
ACATAACC	0.11
ACATAACG	0.11
ACATAACT	0.1
ACATAAGA	0.1
ACATAAGC	0.09
ACATAAGG	0.11
ACATAAGT	0.1
ACATAATA	0.12
ACATAATC	0.1
ACATAATG	0.12
ACATACAA	0.1
ACATACAC	0.11
ACATACAG	0.1
ACATACAT	0.11
ACATACCA	0.1
ACATACCC	0.11
ACATACCG	0.11
ACATACCT	0.11
ACATACGA	0.11
ACATACGC	0.09
ACATACGG	0.09
ACATACGT	0.1
ACATACTA	0.1
ACATACTC	0.11
ACATACTG	0.09
ACATAGAA	0.13
ACATAGAC	0.11
ACATAGAG	0.1
ACATAGAT	0.11
ACATAGCA	0.12
ACATAGCC	0.1
ACATAGCG	0.1
ACATAGCT	0.09
ACATAGGA	0.11
ACATAGGC	0.1
ACATAGGG	0.1
ACATAGGT	0.1
ACATAGTA	0.11
ACATAGTC	0.1
ACATAGTG	0.1
ACATATAA	0.12
ACATATAC	0.09
ACATATAG	0.1
ACATATAT	0.09
ACATATCA	0.11
ACATATCC	0.14
ACATATCG	0.1
ACATATCT	0.1
ACATATGA	0.11
ACATATGC	0.09
ACATATGG	0.1
ACATATGT	0.09
ACATATTA	0.12
ACATATTC	0.1
ACATATTG	0.11
ACATCAAA	0.12
ACATCAAC	0.11
ACATCAAG	0.1
ACATCAAT	0.1
ACATCACA	0.1
ACATCACC	0.1
ACATCACG	0.11
ACATCACT	0.11
ACATCAGA	0.09
ACATCAGC	0.1
ACATCAGG	0.1
ACATCAGT	0.1
ACATCATA	0.1
ACATCATC	0.1
ACATCATG	0.1
ACATCCAA	0.1
ACATCCAC	0.13
ACATCCAG	0.13
ACATCCAT	0.1
ACATCCCA	0.12
ACATCCCC	0.13
ACATCCCG	0.21
ACATCCCT	0.14
ACATCCGA	0.26
ACATCCGC	0.64
ACATCCGG	0.85
ACATCCGT	0.48
ACATCCTA	0.17
ACATCCTC	0.24
ACATCCTG	0.52
ACATCGAA	0.1
ACATCGAC	0.12
ACATCGAG	0.1
ACATCGAT	0.09
ACATCGCA	0.09
ACATCGCC	0.1
ACATCGCG	0.1
ACATCGCT	0.09
ACATCGGA	0.11
ACATCGGC	0.1
ACATCGGG	0.1
ACATCGGT	0.1
ACATCGTA	0.1
ACATCGTC	0.1
ACATCGTG	0.1
ACATCTAA	0.11
ACATCTAC	0.11
ACATCTAG	0.1
ACATCTAT	0.11
ACATCTCA	0.11
ACATCTCC	0.12
ACATCTCG	0.1
ACATCTCT	0.1
ACATCTGA	0.09
ACATCTGC	0.1
ACATCTGG	0.1
ACATCTTA	0.09
ACATCTTC	0.13
ACATCTTG	0.1
ACATGAAA	0.1
ACATGAAC	0.09
ACATGAAG	0.1
ACATGAAT	0.1
ACATGACA	0.11
ACATGACC	0.08
ACATGACG	0.11
ACATGACT	0.09
ACATGAGA	0.1
ACATGAGC	0.1
ACATGAGG	0.09
ACATGAGT	0.09
ACATGATA	0.12
ACATGATC	0.11
ACATGATG	0.1
ACATGCAA	0.11
ACATGCAC	0.09
ACATGCAG	0.09
ACATGCAT	0.1
ACATGCCA	0.09
ACATGCCC	0.09
ACATGCCG	0.09
ACATGCCT	0.09
ACATGCGA	0.09
ACATGCGC	0.09
ACATGCGG	0.1
ACATGCGT	0.09
ACATGCTA	0.09
ACATGCTC	0.09
ACATGCTG	0.09
ACATGGAA	0.11
ACATGGAC	0.1
ACATGGAG	0.1
ACATGGAT	0.11
ACATGGCA	0.08
ACATGGCC	0.09
ACATGGCG	0.1
ACATGGCT	0.09
ACATGGGA	0.11
ACATGGGC	0.1
ACATGGGG	0.11
ACATGGGT	0.1
ACATGGTA	0.1
ACATGGTC	0.1
ACATGGTG	0.09
ACATGTAA	0.09
ACATGTAC	0.09
ACATGTAG	0.1
ACATGTAT	0.1
ACATGTCA	0.1
ACATGTCC	0.11
ACATGTCG	0.09
ACATGTCT	0.1
ACATGTGA	0.09
ACATGTGC	0.08
ACATGTGG	0.09
ACATGTTA	0.11
ACATGTTC	0.09
ACATGTTG	0.09
ACATTAAA	0.11
ACATTAAC	0.1
ACATTAAG	0.11
ACATTAAT	0.11
ACATTACA	0.12
ACATTACC	0.1
ACATTACG	0.1
ACATTACT	0.11
ACATTAGA	0.12
ACATTAGC	0.1
ACATTAGG	0.1
ACATTAGT	0.1
ACATTATA	0.1
ACATTATC	0.12
ACATTATG	0.12
ACATTCAA	0.11
ACATTCAC	0.12
ACATTCAG	0.1
ACATTCAT	0.1
ACATTCCA	0.09
ACATTCCC	0.11
ACATTCCG	0.11
ACATTCCT	0.1
ACATTCGA	0.09
ACATTCGC	0.1
ACATTCGG	0.1
ACATTCGT	0.1
ACATTCTA	0.1
ACATTCTC	0.11
ACATTCTG	0.09
ACATTGAA	0.11
ACATTGAC	0.11
ACATTGAG	0.1
ACATTGAT	0.1
ACATTGCA	0.09
ACATTGCC	0.1
ACATTGCG	0.1
ACATTGCT	0.09
ACATTGGA	0.09
ACATTGGC	0.09
ACATTGGG	0.11
ACATTGGT	0.1
ACATTGTA	0.1
ACATTGTC	0.11
ACATTGTG	0.1
ACATTTAA	0.12
ACATTTAC	0.11
ACATTTAG	0.1
ACATTTAT	0.11
ACATTTCA	0.09
ACATTTCC	0.19
ACATTTCG	0.1
ACATTTCT	0.11
ACATTTGA	0.13
ACATTTGC	0.1
ACATTTGG	0.1
ACATTTTA	0.11
ACATTTTC	0.12
ACATTTTG	0.1
ACCAAAAA	0.13
ACCAAAAC	0.11
ACCAAAAG	0.12
ACCAAAAT	0.12
ACCAAACA	0.13
ACCAAACC	0.1
ACCAAACG	0.1
ACCAAACT	0.12
ACCAAAGA	0.13
ACCAAAGC	0.1
ACCAAAGG	0.1
ACCAAAGT	0.1
ACCAAATA	0.12
ACCAAATC	0.1
ACCAAATG	0.12
ACCAACAA	0.13
ACCAACAC	0.11
ACCAACAG	0.11
ACCAACAT	0.1
ACCAACCA	0.12
ACCAACCC	0.09
ACCAACCG	0.1
ACCAACCT	0.1
ACCAACGA	0.11
ACCAACGC	0.11
ACCAACGG	0.11
ACCAACGT	0.09
ACCAACTA	0.1
ACCAACTC	0.1
ACCAACTG	0.1
ACCAAGAA	0.12
ACCAAGAC	0.1
ACCAAGAG	0.11
ACCAAGAT	0.11
ACCAAGCA	0.11
ACCAAGCC	0.1
ACCAAGCG	0.1
ACCAAGCT	0.09
ACCAAGGA	0.12
ACCAAGGC	0.1
ACCAAGGG	0.09
ACCAAGGT	0.1
ACCAAGTA	0.1
ACCAAGTC	0.11
ACCAAGTG	0.11
ACCAATAA	0.1
ACCAATAC	0.1
ACCAATAG	0.09
ACCAATAT	0.11
ACCAATCA	0.12
ACCAATCC	0.11
ACCAATCG	0.1
ACCAATCT	0.09
ACCAATGA	0.09
ACCAATGC	0.11
ACCAATGG	0.1
ACCAATTA	0.11
ACCAATTC	0.11
ACCAATTG	0.09
ACCACAAA	0.11
ACCACAAC	0.11
ACCACAAG	0.11
ACCACAAT	0.11
ACCACACA	0.12
ACCACACC	0.09
ACCACACG	0.11
ACCACACT	0.1
ACCACAGA	0.1
ACCACAGC	0.11
ACCACAGG	0.1
ACCACAGT	0.11
ACCACATA	0.11
ACCACATC	0.11
ACCACATG	0.09
ACCACCAA	0.1
ACCACCAC	0.11
ACCACCAG	0.1
ACCACCAT	0.1
ACCACCCA	0.1
ACCACCCC	0.1
ACCACCCG	0.11
ACCACCCT	0.09
ACCACCGA	0.09
ACCACCGC	0.09
ACCACCGG	0.12
ACCACCGT	0.1
ACCACCTA	0.1
ACCACCTC	0.1
ACCACCTG	0.1
ACCACGAA	0.09
ACCACGAC	0.1
ACCACGAG	0.09
ACCACGAT	0.1
ACCACGCA	0.09
ACCACGCC	0.09
ACCACGCG	0.1
ACCACGCT	0.09
ACCACGGA	0.12
ACCACGGC	0.1
ACCACGGG	0.09
ACCACGGT	0.09
ACCACGTA	0.1
ACCACGTC	0.1
ACCACGTG	0.09
ACCACTAA	0.12
ACCACTAC	0.1
ACCACTAG	0.1
ACCACTAT	0.11
ACCACTCA	0.1
ACCACTCC	0.12
ACCACTCG	0.11
ACCACTCT	0.09
ACCACTGA	0.1
ACCACTGC	0.09
ACCACTGG	0.1
ACCACTTA	0.1
ACCACTTC	0.11
ACCACTTG	0.11
ACCAGAAA	0.12
ACCAGAAC	0.1
ACCAGAAG	0.11
ACCAGAAT	0.1
ACCAGACA	0.09
ACCAGACC	0.1
ACCAGACG	0.1
ACCAGACT	0.09
ACCAGAGA	0.1
ACCAGAGC	0.11
ACCAGAGG	0.09
ACCAGAGT	0.09
ACCAGATA	0.1
ACCAGATC	0.1
ACCAGATG	0.09
ACCAGCAA	0.11
ACCAGCAC	0.1
ACCAGCAG	0.09
ACCAGCAT	0.1
ACCAGCCA	0.11
ACCAGCCC	0.11
ACCAGCCG	0.11
ACCAGCCT	0.1
ACCAGCGA	0.1
ACCAGCGC	0.1
ACCAGCGG	0.11
ACCAGCGT	0.09
ACCAGCTA	0.11
ACCAGCTC	0.09
ACCAGCTG	0.09
ACCAGGAA	0.19
ACCAGGAC	0.11
ACCAGGAG	0.1
ACCAGGAT	0.13
ACCAGGCA	0.09
ACCAGGCC	0.11
ACCAGGCG	0.12
ACCAGGCT	0.11
ACCAGGGA	0.1
ACCAGGGC	0.1
ACCAGGGG	0.1
ACCAGGGT	0.1
ACCAGGTA	0.09
ACCAGGTC	0.09
ACCAGGTG	0.08
ACCAGTAA	0.11
ACCAGTAC	0.1
ACCAGTAG	0.1
ACCAGTAT	0.1
ACCAGTCA	0.11
ACCAGTCC	0.08
ACCAGTCG	0.09
ACCAGTCT	0.08
ACCAGTGA	0.1
ACCAGTGC	0.09
ACCAGTGG	0.1
ACCAGTTA	0.1
ACCAGTTC	0.11
ACCAGTTG	0.08
ACCATAAA	0.11
ACCATAAC	0.11
ACCATAAG	0.09
ACCATAAT	0.1
ACCATACA	0.09
ACCATACC	0.1
ACCATACG	0.09
ACCATACT	0.1
ACCATAGA	0.09
ACCATAGC	0.08
ACCATAGG	0.09
ACCATAGT	0.11
ACCATATA	0.13
ACCATATC	0.1
ACCATATG	0.1
ACCATCAA	0.1
ACCATCAC	0.09
ACCATCAG	0.11
ACCATCAT	0.11
ACCATCCA	0.11
ACCATCCC	0.11
ACCATCCG	0.17
ACCATCCT	0.13
ACCATCGA	0.09
ACCATCGC	0.1
ACCATCGG	0.1
ACCATCGT	0.09
ACCATCTA	0.11
ACCATCTC	0.1
ACCATCTG	0.09
ACCATGAA	0.1
ACCATGAC	0.1
ACCATGAG	0.09
ACCATGAT	0.1
ACCATGCA	0.09
ACCATGCC	0.09
ACCATGCG	0.11
ACCATGCT	0.09
ACCATGGA	0.12
ACCATGGC	0.09
ACCATGGG	0.09
ACCATGGT	0.09
ACCATGTA	0.1
ACCATGTC	0.1
ACCATGTG	0.11
ACCATTAA	0.13
ACCATTAC	0.11
ACCATTAG	0.1
ACCATTAT	0.1
ACCATTCA	0.11
ACCATTCC	0.12
ACCATTCG	0.1
ACCATTCT	0.1
ACCATTGA	0.1
ACCATTGC	0.11
ACCATTGG	0.11
ACCATTTA	0.11
ACCATTTC	0.11
ACCATTTG	0.11
ACCCAAAA	0.11
ACCCAAAC	0.11
ACCCAAAG	0.1
ACCCAAAT	0.1
ACCCAACA	0.1
ACCCAACC	0.11
ACCCAACG	0.1
ACCCAACT	0.1
ACCCAAGA	0.11
ACCCAAGC	0.11
ACCCAAGG	0.1
ACCCAAGT	0.11
ACCCAATA	0.11
ACCCAATC	0.11
ACCCAATG	0.11
ACCCACAA	0.11
ACCCACAC	0.1
ACCCACAG	0.1
ACCCACAT	0.1
ACCCACCA	0.09
ACCCACCC	0.11
ACCCACCG	0.1
ACCCACCT	0.09
ACCCACGA	0.1
ACCCACGC	0.11
ACCCACGG	0.1
ACCCACGT	0.1
ACCCACTA	0.11
ACCCACTC	0.11
ACCCACTG	0.1
ACCCAGAA	0.1
ACCCAGAC	0.1
ACCCAGAG	0.12
ACCCAGAT	0.1
ACCCAGCA	0.11
ACCCAGCC	0.09
ACCCAGCG	0.1
ACCCAGCT	0.09
ACCCAGGA	0.12
ACCCAGGC	0.1
ACCCAGGG	0.1
ACCCAGGT	0.08
ACCCAGTA	0.1
ACCCAGTC	0.08
ACCCAGTG	0.11
ACCCATAA	0.11
ACCCATAC	0.09
ACCCATAG	0.1
ACCCATAT	0.11
ACCCATCA	0.11
ACCCATCC	0.12
ACCCATCG	0.1
ACCCATCT	0.09
ACCCATGA	0.1
ACCCATGC	0.13
ACCCATGG	0.09
ACCCATTA	0.1
ACCCATTC	0.1
ACCCATTG	0.09
ACCCCAAA	0.1
ACCCCAAC	0.1
ACCCCAAG	0.1
ACCCCAAT	0.11
ACCCCACA	0.1
ACCCCACC	0.1
ACCCCACG	0.1
ACCCCACT	0.11
ACCCCAGA	0.1
ACCCCAGC	0.09
ACCCCAGG	0.1
ACCCCAGT	0.11
ACCCCATA	0.09
ACCCCATC	0.1
ACCCCATG	0.1
ACCCCCAA	0.11
ACCCCCAC	0.09
ACCCCCAG	0.11
ACCCCCAT	0.11
ACCCCCCA	0.1
ACCCCCCC	0.1
ACCCCCCG	0.1
ACCCCCCT	0.1
ACCCCCGA	0.1
ACCCCCGC	0.1
ACCCCCGG	0.1
ACCCCCGT	0.11
ACCCCCTA	0.1
ACCCCCTC	0.11
ACCCCCTG	0.1
ACCCCGAA	0.12
ACCCCGAC	0.1
ACCCCGAG	0.1
ACCCCGAT	0.1
ACCCCGCA	0.1
ACCCCGCC	0.1
ACCCCGCG	0.09
ACCCCGCT	0.1
ACCCCGGA	0.13
ACCCCGGC	0.12
ACCCCGGG	0.11
ACCCCGGT	0.1
ACCCCGTA	0.09
ACCCCGTC	0.1
ACCCCGTG	0.11
ACCCCTAA	0.09
ACCCCTAC	0.11
ACCCCTAG	0.09
ACCCCTAT	0.1
ACCCCTCA	0.11
ACCCCTCC	0.11
ACCCCTCG	0.09
ACCCCTCT	0.09
ACCCCTGA	0.1
ACCCCTGC	0.09
ACCCCTGG	0.1
ACCCCTTA	0.1
ACCCCTTC	0.11
ACCCCTTG	0.1
ACCCGAAA	0.11
ACCCGAAC	0.11
ACCCGAAG	0.11
ACCCGAAT	0.1
ACCCGACA	0.1
ACCCGACC	0.09
ACCCGACG	0.1
ACCCGACT	0.1
ACCCGAGA	0.11
ACCCGAGC	0.12
ACCCGAGG	0.11
ACCCGAGT	0.1
ACCCGATA	0.09
ACCCGATC	0.1
ACCCGATG	0.1
ACCCGCAA	0.1
ACCCGCAC	0.1
ACCCGCAG	0.11
ACCCGCAT	0.11
ACCCGCCA	0.11
ACCCGCCC	0.11
ACCCGCCG	0.11
ACCCGCCT	0.09
ACCCGCGA	0.1
ACCCGCGC	0.11
ACCCGCGG	0.1
ACCCGCGT	0.1
ACCCGCTA	0.11
ACCCGCTC	0.09
ACCCGCTG	0.11
ACCCGGAA	0.28
ACCCGGAC	0.12
ACCCGGAG	0.13
ACCCGGAT	0.18
ACCCGGCA	0.11
ACCCGGCC	0.1
ACCCGGCG	0.1
ACCCGGCT	0.1
ACCCGGGA	0.14
ACCCGGGC	0.12
ACCCGGGG	0.12
ACCCGGGT	0.11
ACCCGGTA	0.11
ACCCGGTC	0.11
ACCCGGTG	0.09
ACCCGTAA	0.09
ACCCGTAC	0.09
ACCCGTAG	0.09
ACCCGTAT	0.1
ACCCGTCA	0.11
ACCCGTCC	0.11
ACCCGTCG	0.09
ACCCGTCT	0.09
ACCCGTGA	0.09
ACCCGTGC	0.09
ACCCGTGG	0.1
ACCCGTTA	0.1
ACCCGTTC	0.11
ACCCGTTG	0.1
ACCCTAAA	0.1
ACCCTAAC	0.11
ACCCTAAG	0.11
ACCCTAAT	0.1
ACCCTACA	0.1
ACCCTACC	0.11
ACCCTACG	0.1
ACCCTACT	0.09
ACCCTAGA	0.1
ACCCTAGC	0.09
ACCCTAGG	0.08
ACCCTAGT	0.09
ACCCTATA	0.09
ACCCTATC	0.1
ACCCTATG	0.09
ACCCTCAA	0.11
ACCCTCAC	0.11
ACCCTCAG	0.11
ACCCTCAT	0.1
ACCCTCCA	0.11
ACCCTCCC	0.1
ACCCTCCG	0.09
ACCCTCCT	0.1
ACCCTCGA	0.1
ACCCTCGC	0.11
ACCCTCGG	0.09
ACCCTCGT	0.11
ACCCTCTA	0.09
ACCCTCTC	0.12
ACCCTCTG	0.1
ACCCTGAA	0.1
ACCCTGAC	0.1
ACCCTGAG	0.1
ACCCTGAT	0.09
ACCCTGCA	0.1
ACCCTGCC	0.1
ACCCTGCG	0.09
ACCCTGCT	0.09
ACCCTGGA	0.11
ACCCTGGC	0.09
ACCCTGGG	0.11
ACCCTGTA	0.1
ACCCTGTC	0.1
ACCCTGTG	0.1
ACCCTTAA	0.12
ACCCTTAC	0.11
ACCCTTAG	0.1
ACCCTTAT	0.11
ACCCTTCA	0.11
ACCCTTCC	0.11
ACCCTTCG	0.09
ACCCTTCT	0.1
ACCCTTGA	0.1
ACCCTTGC	0.09
ACCCTTGG	0.1
ACCCTTTA	0.11
ACCCTTTC	0.12
ACCCTTTG	0.1
ACCGAAAA	0.11
ACCGAAAC	0.1
ACCGAAAG	0.12
ACCGAAAT	0.11
ACCGAACA	0.12
ACCGAACC	0.1
ACCGAACG	0.12
ACCGAACT	0.11
ACCGAAGA	0.12
ACCGAAGC	0.09
ACCGAAGG	0.1
ACCGAAGT	0.1
ACCGAATA	0.11
ACCGAATC	0.11
ACCGAATG	0.1
ACCGACAA	0.13
ACCGACAC	0.11
ACCGACAG	0.12
ACCGACAT	0.13
ACCGACCA	0.11
ACCGACCC	0.09
ACCGACCG	0.11
ACCGACCT	0.1
ACCGACGA	0.1
ACCGACGC	0.09
ACCGACGG	0.11
ACCGACGT	0.12
ACCGACTA	0.1
ACCGACTC	0.1
ACCGACTG	0.09
ACCGAGAA	0.1
ACCGAGAC	0.1
ACCGAGAG	0.11
ACCGAGAT	0.11
ACCGAGCA	0.1
ACCGAGCC	0.09
ACCGAGCG	0.1
ACCGAGCT	0.08
ACCGAGGA	0.11
ACCGAGGC	0.09
ACCGAGGG	0.09
ACCGAGGT	0.09
ACCGAGTA	0.09
ACCGAGTC	0.1
ACCGAGTG	0.09
ACCGATAA	0.12
ACCGATAC	0.1
ACCGATAG	0.1
ACCGATAT	0.1
ACCGATCA	0.11
ACCGATCC	0.12
ACCGATCG	0.1
ACCGATCT	0.09
ACCGATGA	0.11
ACCGATGC	0.11
ACCGATGG	0.1
ACCGATTA	0.1
ACCGATTC	0.1
ACCGATTG	0.1
ACCGCAAA	0.11
ACCGCAAC	0.13
ACCGCAAG	0.1
ACCGCAAT	0.09
ACCGCACA	0.1
ACCGCACC	0.1
ACCGCACG	0.09
ACCGCACT	0.11
ACCGCAGA	0.1
ACCGCAGC	0.11
ACCGCAGG	0.1
ACCGCAGT	0.11
ACCGCATA	0.11
ACCGCATC	0.1
ACCGCATG	0.1
ACCGCCAA	0.11
ACCGCCAC	0.09
ACCGCCAG	0.11
ACCGCCAT	0.11
ACCGCCCA	0.1
ACCGCCCC	0.09
ACCGCCCG	0.1
ACCGCCCT	0.11
ACCGCCGA	0.11
ACCGCCGC	0.11
ACCGCCGG	0.11
ACCGCCGT	0.1
ACCGCCTA	0.1
ACCGCCTC	0.09
ACCGCCTG	0.1
ACCGCGAA	0.11
ACCGCGAC	0.1
ACCGCGAG	0.09
ACCGCGAT	0.11
ACCGCGCA	0.09
ACCGCGCC	0.1
ACCGCGCG	0.1
ACCGCGCT	0.09
ACCGCGGA	0.12
ACCGCGGC	0.1
ACCGCGGG	0.11
ACCGCGGT	0.1
ACCGCGTA	0.1
ACCGCGTC	0.1
ACCGCGTG	0.09
ACCGCTAA	0.09
ACCGCTAC	0.1
ACCGCTAG	0.1
ACCGCTAT	0.1
ACCGCTCA	0.1
ACCGCTCC	0.11
ACCGCTCG	0.1
ACCGCTCT	0.11
ACCGCTGA	0.09
ACCGCTGC	0.1
ACCGCTGG	0.09
ACCGCTTA	0.09
ACCGCTTC	0.1
ACCGCTTG	0.1
ACCGGAAA	0.85
ACCGGAAC	0.49
ACCGGAAG	0.96
ACCGGAAT	0.22
ACCGGACA	0.27
ACCGGACC	0.13
ACCGGACG	0.41
ACCGGACT	0.13
ACCGGAGA	0.14
ACCGGAGC	0.12
ACCGGAGG	0.16
ACCGGAGT	0.1
ACCGGATA	0.58
ACCGGATC	0.23
ACCGGATG	0.69
ACCGGCAA	0.11
ACCGGCAC	0.11
ACCGGCAG	0.11
ACCGGCAT	0.11
ACCGGCCA	0.12
ACCGGCCC	0.09
ACCGGCCG	0.09
ACCGGCCT	0.1
ACCGGCGA	0.11
ACCGGCGC	0.09
ACCGGCGG	0.11
ACCGGCGT	0.09
ACCGGCTA	0.11
ACCGGCTC	0.09
ACCGGCTG	0.1
ACCGGGAA	0.16
ACCGGGAC	0.12
ACCGGGAG	0.12
ACCGGGAT	0.15
ACCGGGCA	0.11
ACCGGGCC	0.11
ACCGGGCG	0.11
ACCGGGCT	0.1
ACCGGGGA	0.11
ACCGGGGC	0.12
ACCGGGGG	0.11
ACCGGGTA	0.1
ACCGGGTC	0.11
ACCGGGTG	0.11
ACCGGTAA	0.13
ACCGGTAC	0.12
ACCGGTAG	0.14
ACCGGTAT	0.12
ACCGGTCA	0.11
ACCGGTCC	0.11
ACCGGTCG	0.12
ACCGGTCT	0.11
ACCGGTGA	0.1
ACCGGTGC	0.11
ACCGGTGG	0.12
ACCGGTTA	0.12
ACCGGTTC	0.11
ACCGGTTG	0.12
ACCGTAAA	0.1
ACCGTAAC	0.1
ACCGTAAG	0.11
ACCGTAAT	0.11
ACCGTACA	0.09
ACCGTACC	0.09
ACCGTACG	0.1
ACCGTACT	0.1
ACCGTAGA	0.1
ACCGTAGC	0.09
ACCGTAGG	0.09
ACCGTAGT	0.1
ACCGTATA	0.11
ACCGTATC	0.12
ACCGTATG	0.09
ACCGTCAA	0.11
ACCGTCAC	0.12
ACCGTCAG	0.11
ACCGTCAT	0.12
ACCGTCCA	0.1
ACCGTCCC	0.08
ACCGTCCG	0.12
ACCGTCCT	0.1
ACCGTCGA	0.1
ACCGTCGC	0.1
ACCGTCGG	0.09
ACCGTCGT	0.1
ACCGTCTA	0.09
ACCGTCTC	0.1
ACCGTCTG	0.1
ACCGTGAA	0.11
ACCGTGAC	0.09
ACCGTGAG	0.1
ACCGTGAT	0.1
ACCGTGCA	0.08
ACCGTGCC	0.09
ACCGTGCG	0.1
ACCGTGCT	0.08
ACCGTGGA	0.1
ACCGTGGC	0.1
ACCGTGGG	0.08
ACCGTGTA	0.09
ACCGTGTC	0.1
ACCGTGTG	0.09
ACCGTTAA	0.1
ACCGTTAC	0.11
ACCGTTAG	0.09
ACCGTTAT	0.1
ACCGTTCA	0.1
ACCGTTCC	0.12
ACCGTTCG	0.1
ACCGTTCT	0.1
ACCGTTGA	0.09
ACCGTTGC	0.1
ACCGTTGG	0.09
ACCGTTTA	0.11
ACCGTTTC	0.12
ACCGTTTG	0.1
ACCTAAAA	0.12
ACCTAAAC	0.1
ACCTAAAG	0.08
ACCTAAAT	0.11
ACCTAACA	0.1
ACCTAACC	0.1
ACCTAACG	0.09
ACCTAACT	0.12
ACCTAAGA	0.09
ACCTAAGC	0.1
ACCTAAGG	0.11
ACCTAAGT	0.1
ACCTAATA	0.12
ACCTAATC	0.1
ACCTAATG	0.08
ACCTACAA	0.12
ACCTACAC	0.1
ACCTACAG	0.11
ACCTACAT	0.1
ACCTACCA	0.1
ACCTACCC	0.09
ACCTACCG	0.11
ACCTACCT	0.1
ACCTACGA	0.1
ACCTACGC	0.1
ACCTACGG	0.1
ACCTACGT	0.1
ACCTACTA	0.11
ACCTACTC	0.09
ACCTACTG	0.12
ACCTAGAA	0.12
ACCTAGAC	0.1
ACCTAGAG	0.09
ACCTAGAT	0.11
ACCTAGCA	0.1
ACCTAGCC	0.11
ACCTAGCG	0.1
ACCTAGCT	0.09
ACCTAGGA	0.11
ACCTAGGC	0.09
ACCTAGGG	0.1
ACCTAGGT	0.07
ACCTAGTA	0.09
ACCTAGTC	0.1
ACCTAGTG	0.1
ACCTATAA	0.1
ACCTATAC	0.11
ACCTATAG	0.09
ACCTATAT	0.1
ACCTATCA	0.1
ACCTATCC	0.1
ACCTATCG	0.09
ACCTATCT	0.11
ACCTATGA	0.09
ACCTATGC	0.11
ACCTATGG	0.09
ACCTATTA	0.11
ACCTATTC	0.1
ACCTATTG	0.09
ACCTCAAA	0.1
ACCTCAAC	0.11
ACCTCAAG	0.1
ACCTCAAT	0.1
ACCTCACA	0.1
ACCTCACC	0.1
ACCTCACG	0.11
ACCTCACT	0.11
ACCTCAGA	0.11
ACCTCAGC	0.1
ACCTCAGG	0.09
ACCTCAGT	0.11
ACCTCATA	0.1
ACCTCATC	0.1
ACCTCATG	0.09
ACCTCCAA	0.1
ACCTCCAC	0.1
ACCTCCAG	0.11
ACCTCCAT	0.11
ACCTCCCA	0.1
ACCTCCCC	0.11
ACCTCCCG	0.11
ACCTCCCT	0.1
ACCTCCGA	0.1
ACCTCCGC	0.1
ACCTCCGG	0.2
ACCTCCGT	0.11
ACCTCCTA	0.1
ACCTCCTC	0.09
ACCTCCTG	0.12
ACCTCGAA	0.1
ACCTCGAC	0.09
ACCTCGAG	0.1
ACCTCGAT	0.09
ACCTCGCA	0.09
ACCTCGCC	0.1
ACCTCGCG	0.1
ACCTCGCT	0.1
ACCTCGGA	0.1
ACCTCGGC	0.09
ACCTCGGG	0.09
ACCTCGTA	0.09
ACCTCGTC	0.1
ACCTCGTG	0.09
ACCTCTAA	0.11
ACCTCTAC	0.09
ACCTCTAG	0.09
ACCTCTAT	0.12
ACCTCTCA	0.1
ACCTCTCC	0.11
ACCTCTCG	0.1
ACCTCTCT	0.09
ACCTCTGA	0.1
ACCTCTGC	0.1
ACCTCTGG	0.09
ACCTCTTA	0.11
ACCTCTTC	0.14
ACCTCTTG	0.08
ACCTGAAA	0.11
ACCTGAAC	0.1
ACCTGAAG	0.11
ACCTGAAT	0.12
ACCTGACA	0.1
ACCTGACC	0.11
ACCTGACG	0.09
ACCTGACT	0.1
ACCTGAGA	0.1
ACCTGAGC	0.09
ACCTGAGG	0.08
ACCTGAGT	0.1
ACCTGATA	0.1
ACCTGATC	0.11
ACCTGATG	0.09
ACCTGCAA	0.1
ACCTGCAC	0.09
ACCTGCAG	0.08
ACCTGCAT	0.1
ACCTGCCA	0.1
ACCTGCCC	0.1
ACCTGCCG	0.1
ACCTGCCT	0.11
ACCTGCGA	0.1
ACCTGCGC	0.1
ACCTGCGG	0.08
ACCTGCGT	0.09
ACCTGCTA	0.1
ACCTGCTC	0.1
ACCTGCTG	0.1
ACCTGGAA	0.12
ACCTGGAC	0.1
ACCTGGAG	0.09
ACCTGGAT	0.1
ACCTGGCA	0.1
ACCTGGCC	0.09
ACCTGGCG	0.1
ACCTGGCT	0.09
ACCTGGGA	0.11
ACCTGGGC	0.09
ACCTGGGG	0.09
ACCTGGTA	0.09
ACCTGGTC	0.09
ACCTGGTG	0.09
ACCTGTAA	0.1
ACCTGTAC	0.09
ACCTGTAG	0.09
ACCTGTAT	0.1
ACCTGTCA	0.1
ACCTGTCC	0.12
ACCTGTCG	0.09
ACCTGTCT	0.09
ACCTGTGA	0.11
ACCTGTGC	0.1
ACCTGTGG	0.1
ACCTGTTA	0.09
ACCTGTTC	0.1
ACCTGTTG	0.11
ACCTTAAA	0.11
ACCTTAAC	0.11
ACCTTAAG	0.1
ACCTTAAT	0.1
ACCTTACA	0.12
ACCTTACC	0.11
ACCTTACG	0.11
ACCTTACT	0.1
ACCTTAGA	0.09
ACCTTAGC	0.1
ACCTTAGG	0.1
ACCTTAGT	0.09
ACCTTATA	0.11
ACCTTATC	0.1
ACCTTATG	0.12
ACCTTCAA	0.1
ACCTTCAC	0.1
ACCTTCAG	0.09
ACCTTCAT	0.1
ACCTTCCA	0.09
ACCTTCCC	0.11
ACCTTCCG	0.19
ACCTTCCT	0.13
ACCTTCGA	0.1
ACCTTCGC	0.09
ACCTTCGG	0.1
ACCTTCGT	0.1
ACCTTCTA	0.09
ACCTTCTC	0.1
ACCTTCTG	0.1
ACCTTGAA	0.1
ACCTTGAC	0.09
ACCTTGAG	0.11
ACCTTGAT	0.11
ACCTTGCA	0.09
ACCTTGCC	0.09
ACCTTGCG	0.1
ACCTTGCT	0.09
ACCTTGGA	0.09
ACCTTGGC	0.09
ACCTTGGG	0.11
ACCTTGTA	0.09
ACCTTGTC	0.1
ACCTTGTG	0.09
ACCTTTAA	0.12
ACCTTTAC	0.11
ACCTTTAG	0.1
ACCTTTAT	0.12
ACCTTTCA	0.1
ACCTTTCC	0.15
ACCTTTCG	0.1
ACCTTTCT	0.12
ACCTTTGA	0.09
ACCTTTGC	0.1
ACCTTTGG	0.1
ACCTTTTA	0.09
ACCTTTTC	0.11
ACCTTTTG	0.1
ACGAAAAA	0.12
ACGAAAAC	0.13
ACGAAAAG	0.12
ACGAAAAT	0.1
ACGAAACA	0.1
ACGAAACC	0.1
ACGAAACG	0.11
ACGAAACT	0.12
ACGAAAGA	0.1
ACGAAAGC	0.1
ACGAAAGG	0.1
ACGAAAGT	0.1
ACGAAATA	0.09
ACGAAATC	0.1
ACGAAATG	0.11
ACGAACAA	0.1
ACGAACAC	0.1
ACGAACAG	0.1
ACGAACAT	0.1
ACGAACCA	0.1
ACGAACCC	0.1
ACGAACCG	0.11
ACGAACCT	0.1
ACGAACGA	0.11
ACGAACGC	0.1
ACGAACGG	0.11
ACGAACGT	0.09
ACGAACTA	0.09
ACGAACTC	0.09
ACGAACTG	0.1
ACGAAGAA	0.12
ACGAAGAC	0.09
ACGAAGAG	0.11
ACGAAGAT	0.11
ACGAAGCA	0.11
ACGAAGCC	0.09
ACGAAGCG	0.09
ACGAAGCT	0.1
ACGAAGGA	0.1
ACGAAGGC	0.1
ACGAAGGG	0.1
ACGAAGTA	0.1
ACGAAGTC	0.09
ACGAAGTG	0.09
ACGAATAA	0.1
ACGAATAC	0.11
ACGAATAG	0.09
ACGAATAT	0.12
ACGAATCA	0.12
ACGAATCC	0.1
ACGAATCG	0.1
ACGAATCT	0.11
ACGAATGA	0.1
ACGAATGC	0.09
ACGAATGG	0.1
ACGAATTA	0.1
ACGAATTC	0.1
ACGAATTG	0.1
ACGACAAA	0.11
ACGACAAC	0.11
ACGACAAG	0.1
ACGACAAT	0.11
ACGACACA	0.11
ACGACACC	0.1
ACGACACG	0.1
ACGACACT	0.1
ACGACAGA	0.1
ACGACAGC	0.1
ACGACAGG	0.11
ACGACAGT	0.1
ACGACATA	0.1
ACGACATC	0.11
ACGACATG	0.1
ACGACCAA	0.11
ACGACCAC	0.1
ACGACCAG	0.11
ACGACCAT	0.09
ACGACCCA	0.11
ACGACCCC	0.1
ACGACCCG	0.1
ACGACCCT	0.1
ACGACCGA	0.1
ACGACCGC	0.09
ACGACCGG	0.11
ACGACCGT	0.08
ACGACCTA	0.1
ACGACCTC	0.1
ACGACCTG	0.09
ACGACGAA	0.12
ACGACGAC	0.1
ACGACGAG	0.1
ACGACGAT	0.1
ACGACGCA	0.1
ACGACGCC	0.1
ACGACGCG	0.09
ACGACGCT	0.1
ACGACGGA	0.14
ACGACGGC	0.09
ACGACGGG	0.1
ACGACGTA	0.12
ACGACGTC	0.1
ACGACGTG	0.1
ACGACTAA	0.1
ACGACTAC	0.11
ACGACTAG	0.1
ACGACTAT	0.1
ACGACTCA	0.1
ACGACTCC	0.09
ACGACTCG	0.1
ACGACTCT	0.09
ACGACTGA	0.1
ACGACTGC	0.1
ACGACTGG	0.09
ACGACTTA	0.08
ACGACTTC	0.12
ACGACTTG	0.1
ACGAGAAA	0.11
ACGAGAAC	0.11
ACGAGAAG	0.1
ACGAGAAT	0.13
ACGAGACA	0.11
ACGAGACC	0.1
ACGAGACG	0.09
ACGAGACT	0.1
ACGAGAGA	0.12
ACGAGAGC	0.11
ACGAGAGG	0.11
ACGAGAGT	0.09
ACGAGATA	0.1
ACGAGATC	0.1
ACGAGATG	0.09
ACGAGCAA	0.11
ACGAGCAC	0.1
ACGAGCAG	0.1
ACGAGCAT	0.09
ACGAGCCA	0.11
ACGAGCCC	0.09
ACGAGCCG	0.11
ACGAGCCT	0.08
ACGAGCGA	0.1
ACGAGCGC	0.08
ACGAGCGG	0.09
ACGAGCGT	0.09
ACGAGCTA	0.09
ACGAGCTC	0.1
ACGAGCTG	0.11
ACGAGGAA	0.13
ACGAGGAC	0.1
ACGAGGAG	0.09
ACGAGGAT	0.1
ACGAGGCA	0.1
ACGAGGCC	0.1
ACGAGGCG	0.09
ACGAGGCT	0.09
ACGAGGGA	0.11
ACGAGGGC	0.09
ACGAGGGG	0.09
ACGAGGTA	0.09
ACGAGGTC	0.1
ACGAGGTG	0.08
ACGAGTAA	0.1
ACGAGTAC	0.1
ACGAGTAG	0.11
ACGAGTAT	0.1
ACGAGTCA	0.1
ACGAGTCC	0.09
ACGAGTCG	0.1
ACGAGTCT	0.09
ACGAGTGA	0.1
ACGAGTGC	0.09
ACGAGTGG	0.09
ACGAGTTA	0.1
ACGAGTTC	0.09
ACGAGTTG	0.09
ACGATAAA	0.1
ACGATAAC	0.11
ACGATAAG	0.11
ACGATAAT	0.11
ACGATACA	0.09
ACGATACC	0.11
ACGATACG	0.1
ACGATACT	0.09
ACGATAGA	0.11
ACGATAGC	0.11
ACGATAGG	0.09
ACGATAGT	0.09
ACGATATA	0.1
ACGATATC	0.1
ACGATATG	0.1
ACGATCAA	0.11
ACGATCAC	0.1
ACGATCAG	0.08
ACGATCAT	0.09
ACGATCCA	0.09
ACGATCCC	0.11
ACGATCCG	0.11
ACGATCCT	0.1
ACGATCGA	0.09
ACGATCGC	0.08
ACGATCGG	0.11
ACGATCGT	0.12
ACGATCTA	0.11
ACGATCTC	0.1
ACGATCTG	0.09
ACGATGAA	0.11
ACGATGAC	0.09
ACGATGAG	0.1
ACGATGAT	0.09
ACGATGCA	0.11
ACGATGCC	0.08
ACGATGCG	0.09
ACGATGCT	0.1
ACGATGGA	0.1
ACGATGGC	0.11
ACGATGGG	0.1
ACGATGTA	0.09
ACGATGTC	0.1
ACGATGTG	0.11
ACGATTAA	0.1
ACGATTAC	0.09
ACGATTAG	0.11
ACGATTAT	0.1
ACGATTCA	0.11
ACGATTCC	0.12
ACGATTCG	0.1
ACGATTCT	0.09
ACGATTGA	0.09
ACGATTGC	0.1
ACGATTGG	0.1
ACGATTTA	0.11
ACGATTTC	0.11
ACGATTTG	0.1
ACGCAAAA	0.1
ACGCAAAC	0.09
ACGCAAAG	0.1
ACGCAAAT	0.1
ACGCAACA	0.1
ACGCAACC	0.1
ACGCAACG	0.1
ACGCAACT	0.1
ACGCAAGA	0.12
ACGCAAGC	0.1
ACGCAAGG	0.1
ACGCAAGT	0.08
ACGCAATA	0.1
ACGCAATC	0.1
ACGCAATG	0.1
ACGCACAA	0.1
ACGCACAC	0.11
ACGCACAG	0.1
ACGCACAT	0.1
ACGCACCA	0.1
ACGCACCC	0.1
ACGCACCG	0.11
ACGCACCT	0.09
ACGCACGA	0.11
ACGCACGC	0.11
ACGCACGG	0.1
ACGCACGT	0.09
ACGCACTA	0.11
ACGCACTC	0.09
ACGCACTG	0.09
ACGCAGAA	0.1
ACGCAGAC	0.1
ACGCAGAG	0.1
ACGCAGAT	0.1
ACGCAGCA	0.1
ACGCAGCC	0.09
ACGCAGCG	0.1
ACGCAGCT	0.09
ACGCAGGA	0.12
ACGCAGGC	0.1
ACGCAGGG	0.1
ACGCAGTA	0.1
ACGCAGTC	0.08
ACGCAGTG	0.08
ACGCATAA	0.09
ACGCATAC	0.09
ACGCATAG	0.11
ACGCATAT	0.11
ACGCATCA	0.11
ACGCATCC	0.13
ACGCATCG	0.09
ACGCATCT	0.09
ACGCATGA	0.09
ACGCATGC	0.1
ACGCATGG	0.09
ACGCATTA	0.09
ACGCATTC	0.1
ACGCATTG	0.09
ACGCCAAA	0.11
ACGCCAAC	0.11
ACGCCAAG	0.09
ACGCCAAT	0.11
ACGCCACA	0.11
ACGCCACC	0.1
ACGCCACG	0.08
ACGCCACT	0.09
ACGCCAGA	0.09
ACGCCAGC	0.09
ACGCCAGG	0.1
ACGCCAGT	0.1
ACGCCATA	0.09
ACGCCATC	0.1
ACGCCATG	0.09
ACGCCCAA	0.11
ACGCCCAC	0.1
ACGCCCAG	0.1
ACGCCCAT	0.08
ACGCCCCA	0.12
ACGCCCCC	0.11
ACGCCCCG	0.11
ACGCCCCT	0.09
ACGCCCGA	0.09
ACGCCCGC	0.09
ACGCCCGG	0.11
ACGCCCGT	0.1
ACGCCCTA	0.09
ACGCCCTC	0.09
ACGCCCTG	0.09
ACGCCGAA	0.11
ACGCCGAC	0.12
ACGCCGAG	0.09
ACGCCGAT	0.1
ACGCCGCA	0.1
ACGCCGCC	0.1
ACGCCGCG	0.1
ACGCCGCT	0.1
ACGCCGGA	0.16
ACGCCGGC	0.12
ACGCCGGG	0.11
ACGCCGTA	0.1
ACGCCGTC	0.1
ACGCCGTG	0.1
ACGCCTAA	0.1
ACGCCTAC	0.1
ACGCCTAG	0.1
ACGCCTAT	0.1
ACGCCTCA	0.09
ACGCCTCC	0.09
ACGCCTCG	0.08
ACGCCTCT	0.11
ACGCCTGA	0.1
ACGCCTGC	0.09
ACGCCTGG	0.1
ACGCCTTA	0.1
ACGCCTTC	0.09
ACGCCTTG	0.09
ACGCGAAA	0.11
ACGCGAAC	0.09
ACGCGAAG	0.11
ACGCGAAT	0.1
ACGCGACA	0.08
ACGCGACC	0.08
ACGCGACG	0.1
ACGCGACT	0.1
ACGCGAGA	0.1
ACGCGAGC	0.1
ACGCGAGG	0.1
ACGCGAGT	0.1
ACGCGATA	0.1
ACGCGATC	0.1
ACGCGATG	0.1
ACGCGCAA	0.1
ACGCGCAC	0.1
ACGCGCAG	0.09
ACGCGCAT	0.09
ACGCGCCA	0.1
ACGCGCCC	0.1
ACGCGCCG	0.1
ACGCGCCT	0.11
ACGCGCGA	0.1
ACGCGCGC	0.1
ACGCGCGG	0.1
ACGCGCGT	0.11
ACGCGCTA	0.1
ACGCGCTC	0.1
ACGCGCTG	0.09
ACGCGGAA	0.15
ACGCGGAC	0.12
ACGCGGAG	0.1
ACGCGGAT	0.13
ACGCGGCA	0.1
ACGCGGCC	0.09
ACGCGGCG	0.11
ACGCGGCT	0.1
ACGCGGGA	0.13
ACGCGGGC	0.1
ACGCGGGG	0.1
ACGCGGTA	0.09
ACGCGGTC	0.1
ACGCGGTG	0.09
ACGCGTAA	0.09
ACGCGTAC	0.09
ACGCGTAG	0.08
ACGCGTAT	0.1
ACGCGTCA	0.11
ACGCGTCC	0.11
ACGCGTCG	0.09
ACGCGTCT	0.1
ACGCGTGA	0.1
ACGCGTGC	0.09
ACGCGTGG	0.09
ACGCGTTA	0.1
ACGCGTTC	0.09
ACGCGTTG	0.11
ACGCTAAA	0.09
ACGCTAAC	0.09
ACGCTAAG	0.09
ACGCTAAT	0.1
ACGCTACA	0.11
ACGCTACC	0.1
ACGCTACG	0.09
ACGCTACT	0.1
ACGCTAGA	0.1
ACGCTAGC	0.09
ACGCTAGG	0.08
ACGCTAGT	0.1
ACGCTATA	0.11
ACGCTATC	0.09
ACGCTATG	0.09
ACGCTCAA	0.1
ACGCTCAC	0.11
ACGCTCAG	0.09
ACGCTCAT	0.1
ACGCTCCA	0.1
ACGCTCCC	0.1
ACGCTCCG	0.1
ACGCTCCT	0.1
ACGCTCGA	0.1
ACGCTCGC	0.1
ACGCTCGG	0.11
ACGCTCTA	0.09
ACGCTCTC	0.1
ACGCTCTG	0.1
ACGCTGAA	0.11
ACGCTGAC	0.1
ACGCTGAG	0.09
ACGCTGAT	0.09
ACGCTGCA	0.09
ACGCTGCC	0.1
ACGCTGCG	0.1
ACGCTGCT	0.08
ACGCTGGA	0.1
ACGCTGGC	0.09
ACGCTGGG	0.09
ACGCTGTA	0.1
ACGCTGTC	0.1
ACGCTGTG	0.1
ACGCTTAA	0.1
ACGCTTAC	0.09
ACGCTTAG	0.1
ACGCTTAT	0.1
ACGCTTCA	0.1
ACGCTTCC	0.14
ACGCTTCG	0.09
ACGCTTCT	0.09
ACGCTTGA	0.11
ACGCTTGC	0.09
ACGCTTGG	0.09
ACGCTTTA	0.12
ACGCTTTC	0.09
ACGCTTTG	0.1
ACGGAAAA	0.17
ACGGAAAC	0.39
ACGGAAAG	0.16
ACGGAAAT	0.52
ACGGAACA	0.14
ACGGAACC	0.13
ACGGAACG	0.1
ACGGAACT	0.18
ACGGAAGA	0.23
ACGGAAGC	0.38
ACGGAAGG	0.2
ACGGAAGT	0.58
ACGGAATA	0.13
ACGGAATC	0.12
ACGGAATG	0.1
ACGGACAA	0.11
ACGGACAC	0.11
ACGGACAG	0.1
ACGGACAT	0.14
ACGGACCA	0.11
ACGGACCC	0.09
ACGGACCG	0.1
ACGGACCT	0.1
ACGGACGA	0.11
ACGGACGC	0.13
ACGGACGG	0.11
ACGGACGT	0.17
ACGGACTA	0.1
ACGGACTC	0.09
ACGGACTG	0.11
ACGGAGAA	0.13
ACGGAGAC	0.11
ACGGAGAG	0.11
ACGGAGAT	0.1
ACGGAGCA	0.11
ACGGAGCC	0.09
ACGGAGCG	0.11
ACGGAGCT	0.09
ACGGAGGA	0.1
ACGGAGGC	0.1
ACGGAGGG	0.1
ACGGAGTA	0.1
ACGGAGTC	0.11
ACGGAGTG	0.1
ACGGATAA	0.16
ACGGATAC	0.21
ACGGATAG	0.12
ACGGATAT	0.38
ACGGATCA	0.1
ACGGATCC	0.11
ACGGATCG	0.1
ACGGATCT	0.13
ACGGATGA	0.14
ACGGATGC	0.28
ACGGATGG	0.16
ACGGATTA	0.11
ACGGATTC	0.11
ACGGATTG	0.11
ACGGCAAA	0.1
ACGGCAAC	0.09
ACGGCAAG	0.1
ACGGCAAT	0.09
ACGGCACA	0.09
ACGGCACC	0.1
ACGGCACG	0.09
ACGGCACT	0.09
ACGGCAGA	0.1
ACGGCAGC	0.09
ACGGCAGG	0.1
ACGGCAGT	0.1
ACGGCATA	0.1
ACGGCATC	0.11
ACGGCATG	0.09
ACGGCCAA	0.1
ACGGCCAC	0.1
ACGGCCAG	0.1
ACGGCCAT	0.09
ACGGCCCA	0.09
ACGGCCCC	0.09
ACGGCCCG	0.11
ACGGCCCT	0.09
ACGGCCGA	0.1
ACGGCCGC	0.09
ACGGCCGG	0.13
ACGGCCGT	0.08
ACGGCCTA	0.1
ACGGCCTC	0.1
ACGGCCTG	0.1
ACGGCGAA	0.11
ACGGCGAC	0.1
ACGGCGAG	0.1
ACGGCGAT	0.1
ACGGCGCA	0.09
ACGGCGCC	0.09
ACGGCGCG	0.09
ACGGCGCT	0.08
ACGGCGGA	0.14
ACGGCGGC	0.1
ACGGCGGG	0.1
ACGGCGTA	0.1
ACGGCGTC	0.1
ACGGCGTG	0.09
ACGGCTAA	0.1
ACGGCTAC	0.1
ACGGCTAG	0.1
ACGGCTAT	0.09
ACGGCTCA	0.1
ACGGCTCC	0.09
ACGGCTCG	0.11
ACGGCTCT	0.1
ACGGCTGA	0.09
ACGGCTGC	0.09
ACGGCTGG	0.1
ACGGCTTA	0.11
ACGGCTTC	0.11
ACGGCTTG	0.11
ACGGGAAA	0.23
ACGGGAAC	0.1
ACGGGAAG	0.21
ACGGGAAT	0.11
ACGGGACA	0.1
ACGGGACC	0.09
ACGGGACG	0.11
ACGGGACT	0.09
ACGGGAGA	0.1
ACGGGAGC	0.09
ACGGGAGG	0.11
ACGGGAGT	0.11
ACGGGATA	0.13
ACGGGATC	0.09
ACGGGATG	0.16
ACGGGCAA	0.1
ACGGGCAC	0.09
ACGGGCAG	0.1
ACGGGCAT	0.1
ACGGGCCA	0.09
ACGGGCCC	0.09
ACGGGCCG	0.09
ACGGGCCT	0.1
ACGGGCGA	0.09
ACGGGCGC	0.09
ACGGGCGG	0.1
ACGGGCTA	0.09
ACGGGCTC	0.08
ACGGGCTG	0.1
ACGGGGAA	0.13
ACGGGGAC	0.1
ACGGGGAG	0.09
ACGGGGAT	0.1
ACGGGGCA	0.09
ACGGGGCC	0.09
ACGGGGCG	0.12
ACGGGGCT	0.11
ACGGGGGA	0.13
ACGGGGGC	0.12
ACGGGGGG	0.1
ACGGGGTA	0.12
ACGGGGTC	0.1
ACGGGGTG	0.09
ACGGGTAA	0.11
ACGGGTAC	0.1
ACGGGTAG	0.1
ACGGGTAT	0.11
ACGGGTCA	0.08
ACGGGTCC	0.1
ACGGGTCG	0.1
ACGGGTCT	0.09
ACGGGTGA	0.1
ACGGGTGC	0.09
ACGGGTGG	0.1
ACGGGTTA	0.09
ACGGGTTC	0.09
ACGGGTTG	0.08
ACGGTAAA	0.11
ACGGTAAC	0.1
ACGGTAAG	0.1
ACGGTAAT	0.1
ACGGTACA	0.1
ACGGTACC	0.1
ACGGTACG	0.1
ACGGTACT	0.09
ACGGTAGA	0.1
ACGGTAGC	0.1
ACGGTAGG	0.11
ACGGTAGT	0.11
ACGGTATA	0.1
ACGGTATC	0.1
ACGGTATG	0.11
ACGGTCAA	0.11
ACGGTCAC	0.09
ACGGTCAG	0.1
ACGGTCAT	0.09
ACGGTCCA	0.1
ACGGTCCC	0.09
ACGGTCCG	0.09
ACGGTCCT	0.09
ACGGTCGA	0.1
ACGGTCGC	0.09
ACGGTCGG	0.09
ACGGTCTA	0.1
ACGGTCTC	0.1
ACGGTCTG	0.11
ACGGTGAA	0.11
ACGGTGAC	0.1
ACGGTGAG	0.1
ACGGTGAT	0.1
ACGGTGCA	0.1
ACGGTGCC	0.09
ACGGTGCG	0.1
ACGGTGCT	0.09
ACGGTGGA	0.09
ACGGTGGC	0.1
ACGGTGGG	0.1
ACGGTGTA	0.1
ACGGTGTC	0.09
ACGGTGTG	0.1
ACGGTTAA	0.1
ACGGTTAC	0.1
ACGGTTAG	0.09
ACGGTTAT	0.11
ACGGTTCA	0.1
ACGGTTCC	0.1
ACGGTTCG	0.11
ACGGTTCT	0.1
ACGGTTGA	0.11
ACGGTTGC	0.1
ACGGTTGG	0.09
ACGGTTTA	0.1
ACGGTTTC	0.11
ACGGTTTG	0.09
ACGTAAAA	0.12
ACGTAAAC	0.09
ACGTAAAG	0.11
ACGTAAAT	0.11
ACGTAACA	0.1
ACGTAACC	0.11
ACGTAACG	0.1
ACGTAACT	0.1
ACGTAAGA	0.09
ACGTAAGC	0.1
ACGTAAGG	0.11
ACGTAAGT	0.09
ACGTAATA	0.1
ACGTAATC	0.1
ACGTAATG	0.09
ACGTACAA	0.1
ACGTACAC	0.1
ACGTACAG	0.1
ACGTACAT	0.11
ACGTACCA	0.1
ACGTACCC	0.1
ACGTACCG	0.1
ACGTACCT	0.09
ACGTACGA	0.09
ACGTACGC	0.1
ACGTACGG	0.1
ACGTACGT	0.08
ACGTACTA	0.09
ACGTACTC	0.1
ACGTACTG	0.09
ACGTAGAA	0.1
ACGTAGAC	0.09
ACGTAGAG	0.1
ACGTAGAT	0.1
ACGTAGCA	0.09
ACGTAGCC	0.1
ACGTAGCG	0.1
ACGTAGCT	0.09
ACGTAGGA	0.1
ACGTAGGC	0.09
ACGTAGGG	0.1
ACGTAGTA	0.1
ACGTAGTC	0.09
ACGTAGTG	0.08
ACGTATAA	0.1
ACGTATAC	0.11
ACGTATAG	0.12
ACGTATAT	0.1
ACGTATCA	0.11
ACGTATCC	0.11
ACGTATCG	0.09
ACGTATCT	0.1
ACGTATGA	0.11
ACGTATGC	0.1
ACGTATGG	0.09
ACGTATTA	0.11
ACGTATTC	0.09
ACGTATTG	0.09
ACGTCAAA	0.1
ACGTCAAC	0.11
ACGTCAAG	0.09
ACGTCAAT	0.1
ACGTCACA	0.08
ACGTCACC	0.1
ACGTCACG	0.1
ACGTCACT	0.1
ACGTCAGA	0.1
ACGTCAGC	0.09
ACGTCAGG	0.09
ACGTCAGT	0.08
ACGTCATA	0.11
ACGTCATC	0.09
ACGTCATG	0.09
ACGTCCAA	0.1
ACGTCCAC	0.1
ACGTCCAG	0.1
ACGTCCAT	0.1
ACGTCCCA	0.09
ACGTCCCC	0.1
ACGTCCCG	0.12
ACGTCCCT	0.1
ACGTCCGA	0.13
ACGTCCGC	0.21
ACGTCCGG	0.39
ACGTCCTA	0.11
ACGTCCTC	0.12
ACGTCCTG	0.17
ACGTCGAA	0.1
ACGTCGAC	0.1
ACGTCGAG	0.09
ACGTCGAT	0.1
ACGTCGCA	0.1
ACGTCGCC	0.09
ACGTCGCG	0.1
ACGTCGCT	0.1
ACGTCGGA	0.12
ACGTCGGC	0.09
ACGTCGGG	0.1
ACGTCGTA	0.11
ACGTCGTC	0.09
ACGTCGTG	0.11
ACGTCTAA	0.1
ACGTCTAC	0.11
ACGTCTAG	0.1
ACGTCTAT	0.1
ACGTCTCA	0.11
ACGTCTCC	0.1
ACGTCTCG	0.08
ACGTCTCT	0.1
ACGTCTGA	0.09
ACGTCTGC	0.1
ACGTCTGG	0.1
ACGTCTTA	0.09
ACGTCTTC	0.1
ACGTCTTG	0.1
ACGTGAAA	0.11
ACGTGAAC	0.1
ACGTGAAG	0.1
ACGTGAAT	0.1
ACGTGACA	0.09
ACGTGACC	0.09
ACGTGACG	0.11
ACGTGACT	0.09
ACGTGAGA	0.09
ACGTGAGC	0.09
ACGTGAGG	0.1
ACGTGAGT	0.08
ACGTGATA	0.09
ACGTGATC	0.1
ACGTGATG	0.1
ACGTGCAA	0.09
ACGTGCAC	0.09
ACGTGCAG	0.09
ACGTGCAT	0.09
ACGTGCCA	0.1
ACGTGCCC	0.09
ACGTGCCG	0.09
ACGTGCCT	0.1
ACGTGCGA	0.09
ACGTGCGC	0.09
ACGTGCGG	0.1
ACGTGCTA	0.1
ACGTGCTC	0.08
ACGTGCTG	0.1
ACGTGGAA	0.12
ACGTGGAC	0.1
ACGTGGAG	0.1
ACGTGGAT	0.1
ACGTGGCA	0.09
ACGTGGCC	0.09
ACGTGGCG	0.08
ACGTGGCT	0.09
ACGTGGGA	0.11
ACGTGGGC	0.1
ACGTGGGG	0.1
ACGTGGTA	0.1
ACGTGGTC	0.08
ACGTGGTG	0.11
ACGTGTAA	0.1
ACGTGTAC	0.09
ACGTGTAG	0.09
ACGTGTAT	0.1
ACGTGTCA	0.09
ACGTGTCC	0.1
ACGTGTCG	0.09
ACGTGTCT	0.09
ACGTGTGA	0.1
ACGTGTGC	0.08
ACGTGTGG	0.08
ACGTGTTA	0.1
ACGTGTTC	0.08
ACGTGTTG	0.11
ACGTTAAA	0.1
ACGTTAAC	0.09
ACGTTAAG	0.11
ACGTTAAT	0.11
ACGTTACA	0.09
ACGTTACC	0.09
ACGTTACG	0.09
ACGTTACT	0.09
ACGTTAGA	0.1
ACGTTAGC	0.1
ACGTTAGG	0.1
ACGTTAGT	0.09
ACGTTATA	0.1
ACGTTATC	0.1
ACGTTATG	0.1
ACGTTCAA	0.09
ACGTTCAC	0.1
ACGTTCAG	0.08
ACGTTCAT	0.09
ACGTTCCA	0.11
ACGTTCCC	0.1
ACGTTCCG	0.1
ACGTTCCT	0.1
ACGTTCGA	0.09
ACGTTCGC	0.09
ACGTTCGG	0.1
ACGTTCTA	0.1
ACGTTCTC	0.1
ACGTTCTG	0.09
ACGTTGAA	0.1
ACGTTGAC	0.09
ACGTTGAG	0.1
ACGTTGAT	0.11
ACGTTGCA	0.09
ACGTTGCC	0.09
ACGTTGCG	0.1
ACGTTGCT	0.1
ACGTTGGA	0.09
ACGTTGGC	0.09
ACGTTGGG	0.08
ACGTTGTA	0.1
ACGTTGTC	0.1
ACGTTGTG	0.1
ACGTTTAA	0.1
ACGTTTAC	0.09
ACGTTTAG	0.1
ACGTTTAT	0.1
ACGTTTCA	0.1
ACGTTTCC	0.21
ACGTTTCG	0.1
ACGTTTCT	0.1
ACGTTTGA	0.12
ACGTTTGC	0.1
ACGTTTGG	0.1
ACGTTTTA	0.12
ACGTTTTC	0.13
ACGTTTTG	0.1
ACTAAAAA	0.12
ACTAAAAC	0.11
ACTAAAAG	0.1
ACTAAAAT	0.11
ACTAAACA	0.11
ACTAAACC	0.11
ACTAAACG	0.11
ACTAAACT	0.1
ACTAAAGA	0.11
ACTAAAGC	0.1
ACTAAAGG	0.11
ACTAAAGT	0.09
ACTAAATA	0.12
ACTAAATC	0.11
ACTAAATG	0.11
ACTAACAA	0.1
ACTAACAC	0.1
ACTAACAG	0.11
ACTAACAT	0.13
ACTAACCA	0.11
ACTAACCC	0.12
ACTAACCG	0.1
ACTAACCT	0.11
ACTAACGA	0.1
ACTAACGC	0.08
ACTAACGG	0.11
ACTAACTA	0.1
ACTAACTC	0.1
ACTAACTG	0.11
ACTAAGAA	0.1
ACTAAGAC	0.09
ACTAAGAG	0.11
ACTAAGAT	0.11
ACTAAGCA	0.09
ACTAAGCC	0.11
ACTAAGCG	0.1
ACTAAGCT	0.1
ACTAAGGA	0.13
ACTAAGGC	0.1
ACTAAGGG	0.1
ACTAAGTA	0.1
ACTAAGTC	0.1
ACTAAGTG	0.1
ACTAATAA	0.11
ACTAATAC	0.12
ACTAATAG	0.12
ACTAATAT	0.12
ACTAATCA	0.11
ACTAATCC	0.11
ACTAATCG	0.11
ACTAATCT	0.1
ACTAATGA	0.12
ACTAATGC	0.13
ACTAATGG	0.11
ACTAATTA	0.11
ACTAATTC	0.1
ACTAATTG	0.1
ACTACAAA	0.12
ACTACAAC	0.11
ACTACAAG	0.1
ACTACAAT	0.11
ACTACACA	0.12
ACTACACC	0.11
ACTACACG	0.08
ACTACACT	0.09
ACTACAGA	0.11
ACTACAGC	0.09
ACTACAGG	0.1
ACTACAGT	0.08
ACTACATA	0.12
ACTACATC	0.11
ACTACATG	0.09
ACTACCAA	0.11
ACTACCAC	0.12
ACTACCAG	0.09
ACTACCAT	0.1
ACTACCCA	0.11
ACTACCCC	0.11
ACTACCCG	0.1
ACTACCCT	0.1
ACTACCGA	0.1
ACTACCGC	0.11
ACTACCGG	0.17
ACTACCTA	0.11
ACTACCTC	0.1
ACTACCTG	0.11
ACTACGAA	0.1
ACTACGAC	0.1
ACTACGAG	0.11
ACTACGAT	0.11
ACTACGCA	0.1
ACTACGCC	0.09
ACTACGCG	0.09
ACTACGCT	0.09
ACTACGGA	0.12
ACTACGGC	0.1
ACTACGGG	0.12
ACTACGTA	0.09
ACTACGTC	0.1
ACTACGTG	0.07
ACTACTAA	0.12
ACTACTAC	0.1
ACTACTAG	0.11
ACTACTAT	0.11
ACTACTCA	0.12
ACTACTCC	0.11
ACTACTCG	0.1
ACTACTCT	0.11
ACTACTGA	0.1
ACTACTGC	0.1
ACTACTGG	0.1
ACTACTTA	0.1
ACTACTTC	0.1
ACTACTTG	0.1
ACTAGAAA	0.13
ACTAGAAC	0.11
ACTAGAAG	0.1
ACTAGAAT	0.11
ACTAGACA	0.11
ACTAGACC	0.11
ACTAGACG	0.11
ACTAGACT	0.1
ACTAGAGA	0.1
ACTAGAGC	0.1
ACTAGAGG	0.1
ACTAGAGT	0.1
ACTAGATA	0.1
ACTAGATC	0.09
ACTAGATG	0.1
ACTAGCAA	0.11
ACTAGCAC	0.1
ACTAGCAG	0.1
ACTAGCAT	0.09
ACTAGCCA	0.11
ACTAGCCC	0.08
ACTAGCCG	0.1
ACTAGCCT	0.1
ACTAGCGA	0.09
ACTAGCGC	0.1
ACTAGCGG	0.11
ACTAGCTA	0.09
ACTAGCTC	0.09
ACTAGCTG	0.09
ACTAGGAA	0.12
ACTAGGAC	0.12
ACTAGGAG	0.1
ACTAGGAT	0.1
ACTAGGCA	0.09
ACTAGGCC	0.09
ACTAGGCG	0.11
ACTAGGCT	0.1
ACTAGGGA	0.09
ACTAGGGC	0.09
ACTAGGGG	0.11
ACTAGGTA	0.1
ACTAGGTC	0.1
ACTAGGTG	0.1
ACTAGTAA	0.11
ACTAGTAC	0.1
ACTAGTAG	0.09
ACTAGTAT	0.1
ACTAGTCA	0.08
ACTAGTCC	0.09
ACTAGTCG	0.1
ACTAGTCT	0.08
ACTAGTGA	0.09
ACTAGTGC	0.09
ACTAGTGG	0.1
ACTAGTTA	0.1
ACTAGTTC	0.11
ACTAGTTG	0.09
ACTATAAA	0.12
ACTATAAC	0.11
ACTATAAG	0.11
ACTATAAT	0.1
ACTATACA	0.1
ACTATACC	0.11
ACTATACG	0.11
ACTATACT	0.1
ACTATAGA	0.12
ACTATAGC	0.09
ACTATAGG	0.09
ACTATAGT	0.09
ACTATATA	0.1
ACTATATC	0.11
ACTATATG	0.1
ACTATCAA	0.1
ACTATCAC	0.1
ACTATCAG	0.1
ACTATCAT	0.1
ACTATCCA	0.09
ACTATCCC	0.08
ACTATCCG	0.12
ACTATCCT	0.13
ACTATCGA	0.09
ACTATCGC	0.1
ACTATCGG	0.09
ACTATCTA	0.1
ACTATCTC	0.11
ACTATCTG	0.1
ACTATGAA	0.1
ACTATGAC	0.11
ACTATGAG	0.09
ACTATGAT	0.11
ACTATGCA	0.1
ACTATGCC	0.1
ACTATGCG	0.11
ACTATGCT	0.11
ACTATGGA	0.1
ACTATGGC	0.1
ACTATGGG	0.1
ACTATGTA	0.09
ACTATGTC	0.11
ACTATGTG	0.1
ACTATTAA	0.12
ACTATTAC	0.1
ACTATTAG	0.1
ACTATTAT	0.1
ACTATTCA	0.1
ACTATTCC	0.11
ACTATTCG	0.1
ACTATTCT	0.11
ACTATTGA	0.11
ACTATTGC	0.11
ACTATTGG	0.1
ACTATTTA	0.11
ACTATTTC	0.1
ACTATTTG	0.11
ACTCAAAA	0.12
ACTCAAAC	0.11
ACTCAAAG	0.1
ACTCAAAT	0.09
ACTCAACA	0.1
ACTCAACC	0.12
ACTCAACG	0.1
ACTCAACT	0.11
ACTCAAGA	0.1
ACTCAAGC	0.11
ACTCAAGG	0.11
ACTCAAGT	0.1
ACTCAATA	0.11
ACTCAATC	0.1
ACTCAATG	0.1
ACTCACAA	0.1
ACTCACAC	0.1
ACTCACAG	0.1
ACTCACAT	0.1
ACTCACCA	0.1
ACTCACCC	0.11
ACTCACCG	0.11
ACTCACCT	0.1
ACTCACGA	0.09
ACTCACGC	0.09
ACTCACGG	0.11
ACTCACTA	0.11
ACTCACTC	0.1
ACTCACTG	0.09
ACTCAGAA	0.11
ACTCAGAC	0.11
ACTCAGAG	0.12
ACTCAGAT	0.1
ACTCAGCA	0.11
ACTCAGCC	0.09
ACTCAGCG	0.1
ACTCAGCT	0.09
ACTCAGGA	0.14
ACTCAGGC	0.11
ACTCAGGG	0.1
ACTCAGTA	0.11
ACTCAGTC	0.1
ACTCAGTG	0.11
ACTCATAA	0.1
ACTCATAC	0.1
ACTCATAG	0.1
ACTCATAT	0.1
ACTCATCA	0.09
ACTCATCC	0.11
ACTCATCG	0.11
ACTCATCT	0.1
ACTCATGA	0.1
ACTCATGC	0.1
ACTCATGG	0.09
ACTCATTA	0.11
ACTCATTC	0.11
ACTCATTG	0.1
ACTCCAAA	0.1
ACTCCAAC	0.1
ACTCCAAG	0.09
ACTCCAAT	0.1
ACTCCACA	0.1
ACTCCACC	0.1
ACTCCACG	0.1
ACTCCACT	0.1
ACTCCAGA	0.1
ACTCCAGC	0.11
ACTCCAGG	0.11
ACTCCAGT	0.09
ACTCCATA	0.11
ACTCCATC	0.11
ACTCCATG	0.09
ACTCCCAA	0.11
ACTCCCAC	0.11
ACTCCCAG	0.1
ACTCCCAT	0.11
ACTCCCCA	0.12
ACTCCCCC	0.1
ACTCCCCG	0.1
ACTCCCCT	0.11
ACTCCCGA	0.09
ACTCCCGC	0.11
ACTCCCGG	0.11
ACTCCCTA	0.1
ACTCCCTC	0.09
ACTCCCTG	0.12
ACTCCGAA	0.11
ACTCCGAC	0.11
ACTCCGAG	0.11
ACTCCGAT	0.11
ACTCCGCA	0.1
ACTCCGCC	0.1
ACTCCGCG	0.1
ACTCCGCT	0.1
ACTCCGGA	0.16
ACTCCGGC	0.11
ACTCCGGG	0.11
ACTCCGTA	0.11
ACTCCGTC	0.1
ACTCCGTG	0.1
ACTCCTAA	0.11
ACTCCTAC	0.1
ACTCCTAG	0.1
ACTCCTAT	0.1
ACTCCTCA	0.09
ACTCCTCC	0.1
ACTCCTCG	0.1
ACTCCTCT	0.1
ACTCCTGA	0.11
ACTCCTGC	0.11
ACTCCTGG	0.1
ACTCCTTA	0.1
ACTCCTTC	0.1
ACTCCTTG	0.11
ACTCGAAA	0.11
ACTCGAAC	0.09
ACTCGAAG	0.1
ACTCGAAT	0.09
ACTCGACA	0.1
ACTCGACC	0.09
ACTCGACG	0.1
ACTCGACT	0.1
ACTCGAGA	0.09
ACTCGAGC	0.09
ACTCGAGG	0.1
ACTCGAGT	0.1
ACTCGATA	0.11
ACTCGATC	0.1
ACTCGATG	0.1
ACTCGCAA	0.1
ACTCGCAC	0.09
ACTCGCAG	0.09
ACTCGCAT	0.09
ACTCGCCA	0.1
ACTCGCCC	0.09
ACTCGCCG	0.11
ACTCGCCT	0.1
ACTCGCGA	0.09
ACTCGCGC	0.09
ACTCGCGG	0.1
ACTCGCTA	0.1
ACTCGCTC	0.11
ACTCGCTG	0.09
ACTCGGAA	0.13
ACTCGGAC	0.1
ACTCGGAG	0.1
ACTCGGAT	0.1
ACTCGGCA	0.09
ACTCGGCC	0.09
ACTCGGCG	0.09
ACTCGGCT	0.1
ACTCGGGA	0.09
ACTCGGGC	0.09
ACTCGGGG	0.1
ACTCGGTA	0.11
ACTCGGTC	0.09
ACTCGGTG	0.09
ACTCGTAA	0.12
ACTCGTAC	0.1
ACTCGTAG	0.09
ACTCGTAT	0.1
ACTCGTCA	0.1
ACTCGTCC	0.09
ACTCGTCG	0.1
ACTCGTCT	0.09
ACTCGTGA	0.09
ACTCGTGC	0.09
ACTCGTGG	0.09
ACTCGTTA	0.1
ACTCGTTC	0.09
ACTCGTTG	0.09
ACTCTAAA	0.1
ACTCTAAC	0.11
ACTCTAAG	0.12
ACTCTAAT	0.1
ACTCTACA	0.09
ACTCTACC	0.11
ACTCTACG	0.09
ACTCTACT	0.12
ACTCTAGA	0.1
ACTCTAGC	0.1
ACTCTAGG	0.1
ACTCTATA	0.11
ACTCTATC	0.12
ACTCTATG	0.1
ACTCTCAA	0.09
ACTCTCAC	0.11
ACTCTCAG	0.1
ACTCTCAT	0.1
ACTCTCCA	0.1
ACTCTCCC	0.11
ACTCTCCG	0.11
ACTCTCCT	0.09
ACTCTCGA	0.1
ACTCTCGC	0.09
ACTCTCGG	0.1
ACTCTCTA	0.11
ACTCTCTC	0.11
ACTCTCTG	0.09
ACTCTGAA	0.12
ACTCTGAC	0.09
ACTCTGAG	0.1
ACTCTGAT	0.11
ACTCTGCA	0.1
ACTCTGCC	0.1
ACTCTGCG	0.09
ACTCTGCT	0.1
ACTCTGGA	0.11
ACTCTGGC	0.1
ACTCTGGG	0.09
ACTCTGTA	0.1
ACTCTGTC	0.1
ACTCTGTG	0.09
ACTCTTAA	0.11
ACTCTTAC	0.11
ACTCTTAG	0.11
ACTCTTAT	0.11
ACTCTTCA	0.11
ACTCTTCC	0.14
ACTCTTCG	0.1
ACTCTTCT	0.11
ACTCTTGA	0.1
ACTCTTGC	0.09
ACTCTTGG	0.11
ACTCTTTA	0.1
ACTCTTTC	0.12
ACTCTTTG	0.1
ACTGAAAA	0.11
ACTGAAAC	0.11
ACTGAAAG	0.12
ACTGAAAT	0.11
ACTGAACA	0.12
ACTGAACC	0.09
ACTGAACG	0.08
ACTGAACT	0.11
ACTGAAGA	0.1
ACTGAAGC	0.11
ACTGAAGG	0.1
ACTGAAGT	0.11
ACTGAATA	0.09
ACTGAATC	0.09
ACTGAATG	0.1
ACTGACAA	0.11
ACTGACAC	0.11
ACTGACAG	0.09
ACTGACAT	0.11
ACTGACCA	0.09
ACTGACCC	0.12
ACTGACCG	0.1
ACTGACCT	0.09
ACTGACGA	0.11
ACTGACGC	0.1
ACTGACGG	0.11
ACTGACTA	0.1
ACTGACTC	0.1
ACTGACTG	0.09
ACTGAGAA	0.11
ACTGAGAC	0.1
ACTGAGAG	0.11
ACTGAGAT	0.11
ACTGAGCA	0.09
ACTGAGCC	0.1
ACTGAGCG	0.09
ACTGAGCT	0.09
ACTGAGGA	0.12
ACTGAGGC	0.1
ACTGAGGG	0.09
ACTGAGTA	0.1
ACTGAGTC	0.11
ACTGAGTG	0.1
ACTGATAA	0.12
ACTGATAC	0.1
ACTGATAG	0.1
ACTGATAT	0.12
ACTGATCA	0.1
ACTGATCC	0.09
ACTGATCG	0.08
ACTGATCT	0.09
ACTGATGA	0.11
ACTGATGC	0.11
ACTGATGG	0.1
ACTGATTA	0.1
ACTGATTC	0.1
ACTGATTG	0.1
ACTGCAAA	0.11
ACTGCAAC	0.09
ACTGCAAG	0.1
ACTGCAAT	0.09
ACTGCACA	0.09
ACTGCACC	0.1
ACTGCACG	0.1
ACTGCACT	0.09
ACTGCAGA	0.1
ACTGCAGC	0.09
ACTGCAGG	0.09
ACTGCAGT	0.09
ACTGCATA	0.1
ACTGCATC	0.1
ACTGCATG	0.09
ACTGCCAA	0.11
ACTGCCAC	0.11
ACTGCCAG	0.09
ACTGCCAT	0.08
ACTGCCCA	0.08
ACTGCCCC	0.09
ACTGCCCG	0.09
ACTGCCCT	0.1
ACTGCCGA	0.11
ACTGCCGC	0.11
ACTGCCGG	0.13
ACTGCCTA	0.1
ACTGCCTC	0.11
ACTGCCTG	0.09
ACTGCGAA	0.1
ACTGCGAC	0.09
ACTGCGAG	0.1
ACTGCGAT	0.1
ACTGCGCA	0.1
ACTGCGCC	0.08
ACTGCGCG	0.08
ACTGCGCT	0.1
ACTGCGGA	0.11
ACTGCGGC	0.09
ACTGCGGG	0.1
ACTGCGTA	0.08
ACTGCGTC	0.08
ACTGCGTG	0.09
ACTGCTAA	0.1
ACTGCTAC	0.1
ACTGCTAG	0.09
ACTGCTAT	0.11
ACTGCTCA	0.09
ACTGCTCC	0.09
ACTGCTCG	0.1
ACTGCTCT	0.11
ACTGCTGA	0.1
ACTGCTGC	0.1
ACTGCTGG	0.09
ACTGCTTA	0.1
ACTGCTTC	0.12
ACTGCTTG	0.1
ACTGGAAA	0.11
ACTGGAAC	0.09
ACTGGAAG	0.12
ACTGGAAT	0.1
ACTGGACA	0.1
ACTGGACC	0.09
ACTGGACG	0.1
ACTGGACT	0.1
ACTGGAGA	0.09
ACTGGAGC	0.09
ACTGGAGG	0.1
ACTGGATA	0.11
ACTGGATC	0.1
ACTGGATG	0.1
ACTGGCAA	0.12
ACTGGCAC	0.1
ACTGGCAG	0.11
ACTGGCAT	0.09
ACTGGCCA	0.09
ACTGGCCC	0.1
ACTGGCCG	0.1
ACTGGCCT	0.1
ACTGGCGA	0.08
ACTGGCGC	0.11
ACTGGCGG	0.1
ACTGGCTA	0.1
ACTGGCTC	0.1
ACTGGCTG	0.1
ACTGGGAA	0.1
ACTGGGAC	0.11
ACTGGGAG	0.11
ACTGGGAT	0.11
ACTGGGCA	0.09
ACTGGGCC	0.09
ACTGGGCG	0.09
ACTGGGCT	0.11
ACTGGGGA	0.1
ACTGGGGC	0.1
ACTGGGGG	0.11
ACTGGGTA	0.1
ACTGGGTC	0.09
ACTGGGTG	0.1
ACTGGTAA	0.11
ACTGGTAC	0.09
ACTGGTAG	0.08
ACTGGTAT	0.09
ACTGGTCA	0.11
ACTGGTCC	0.09
ACTGGTCG	0.09
ACTGGTCT	0.11
ACTGGTGA	0.09
ACTGGTGC	0.1
ACTGGTGG	0.1
ACTGGTTA	0.1
ACTGGTTC	0.1
ACTGGTTG	0.1
ACTGTAAA	0.11
ACTGTAAC	0.1
ACTGTAAG	0.11
ACTGTAAT	0.1
ACTGTACA	0.09
ACTGTACC	0.1
ACTGTACG	0.1
ACTGTACT	0.1
ACTGTAGA	0.11
ACTGTAGC	0.09
ACTGTAGG	0.1
ACTGTATA	0.12
ACTGTATC	0.09
ACTGTATG	0.11
ACTGTCAA	0.09
ACTGTCAC	0.1
ACTGTCAG	0.09
ACTGTCAT	0.09
ACTGTCCA	0.09
ACTGTCCC	0.11
ACTGTCCG	0.11
ACTGTCCT	0.11
ACTGTCGA	0.11
ACTGTCGC	0.11
ACTGTCGG	0.09
ACTGTCTA	0.1
ACTGTCTC	0.09
ACTGTCTG	0.1
ACTGTGAA	0.11
ACTGTGAC	0.11
ACTGTGAG	0.09
ACTGTGAT	0.09
ACTGTGCA	0.08
ACTGTGCC	0.11
ACTGTGCG	0.1
ACTGTGCT	0.08
ACTGTGGA	0.1
ACTGTGGC	0.08
ACTGTGGG	0.1
ACTGTGTA	0.1
ACTGTGTC	0.1
ACTGTGTG	0.09
ACTGTTAA	0.08
ACTGTTAC	0.09
ACTGTTAG	0.09
ACTGTTAT	0.11
ACTGTTCA	0.11
ACTGTTCC	0.11
ACTGTTCG	0.1
ACTGTTCT	0.1
ACTGTTGA	0.11
ACTGTTGC	0.11
ACTGTTGG	0.09
ACTGTTTA	0.11
ACTGTTTC	0.1
ACTGTTTG	0.1
ACTTAAAA	0.13
ACTTAAAC	0.12
ACTTAAAG	0.11
ACTTAAAT	0.11
ACTTAACA	0.1
ACTTAACC	0.11
ACTTAACG	0.09
ACTTAACT	0.1
ACTTAAGA	0.1
ACTTAAGC	0.1
ACTTAAGG	0.1
ACTTAAGT	0.1
ACTTAATA	0.11
ACTTAATC	0.12
ACTTAATG	0.1
ACTTACAA	0.11
ACTTACAC	0.1
ACTTACAG	0.1
ACTTACAT	0.09
ACTTACCA	0.09
ACTTACCC	0.13
ACTTACCG	0.13
ACTTACCT	0.11
ACTTACGA	0.11
ACTTACGC	0.11
ACTTACGG	0.11
ACTTACTA	0.09
ACTTACTC	0.09
ACTTACTG	0.09
ACTTAGAA	0.11
ACTTAGAC	0.1
ACTTAGAG	0.11
ACTTAGAT	0.11
ACTTAGCA	0.11
ACTTAGCC	0.1
ACTTAGCG	0.1
ACTTAGCT	0.09
ACTTAGGA	0.1
ACTTAGGC	0.1
ACTTAGGG	0.1
ACTTAGTA	0.1
ACTTAGTC	0.1
ACTTAGTG	0.1
ACTTATAA	0.1
ACTTATAC	0.12
ACTTATAG	0.1
ACTTATAT	0.11
ACTTATCA	0.09
ACTTATCC	0.13
ACTTATCG	0.1
ACTTATCT	0.12
ACTTATGA	0.11
ACTTATGC	0.1
ACTTATGG	0.1
ACTTATTA	0.1
ACTTATTC	0.11
ACTTATTG	0.09
ACTTCAAA	0.1
ACTTCAAC	0.1
ACTTCAAG	0.1
ACTTCAAT	0.12
ACTTCACA	0.1
ACTTCACC	0.11
ACTTCACG	0.09
ACTTCACT	0.12
ACTTCAGA	0.11
ACTTCAGC	0.09
ACTTCAGG	0.1
ACTTCATA	0.1
ACTTCATC	0.1
ACTTCATG	0.09
ACTTCCAA	0.11
ACTTCCAC	0.14
ACTTCCAG	0.16
ACTTCCAT	0.13
ACTTCCCA	0.15
ACTTCCCC	0.18
ACTTCCCG	0.32
ACTTCCCT	0.2
ACTTCCGA	0.38
ACTTCCGC	0.65
ACTTCCGG	1.0
ACTTCCTA	0.26
ACTTCCTC	0.4
ACTTCCTG	0.65
ACTTCGAA	0.1
ACTTCGAC	0.1
ACTTCGAG	0.09
ACTTCGAT	0.1
ACTTCGCA	0.1
ACTTCGCC	0.1
ACTTCGCG	0.11
ACTTCGCT	0.11
ACTTCGGA	0.13
ACTTCGGC	0.1
ACTTCGGG	0.1
ACTTCGTA	0.1
ACTTCGTC	0.1
ACTTCGTG	0.08
ACTTCTAA	0.1
ACTTCTAC	0.1
ACTTCTAG	0.09
ACTTCTAT	0.11
ACTTCTCA	0.1
ACTTCTCC	0.1
ACTTCTCG	0.1
ACTTCTCT	0.11
ACTTCTGA	0.1
ACTTCTGC	0.1
ACTTCTGG	0.1
ACTTCTTA	0.11
ACTTCTTC	0.12
ACTTCTTG	0.09
ACTTGAAA	0.1
ACTTGAAC	0.1
ACTTGAAG	0.1
ACTTGAAT	0.1
ACTTGACA	0.1
ACTTGACC	0.09
ACTTGACG	0.09
ACTTGACT	0.1
ACTTGAGA	0.11
ACTTGAGC	0.1
ACTTGAGG	0.11
ACTTGATA	0.1
ACTTGATC	0.11
ACTTGATG	0.1
ACTTGCAA	0.1
ACTTGCAC	0.09
ACTTGCAG	0.08
ACTTGCAT	0.09
ACTTGCCA	0.09
ACTTGCCC	0.1
ACTTGCCG	0.1
ACTTGCCT	0.09
ACTTGCGA	0.1
ACTTGCGC	0.1
ACTTGCGG	0.1
ACTTGCTA	0.1
ACTTGCTC	0.1
ACTTGCTG	0.1
ACTTGGAA	0.11
ACTTGGAC	0.1
ACTTGGAG	0.11
ACTTGGAT	0.1
ACTTGGCA	0.1
ACTTGGCC	0.1
ACTTGGCG	0.1
ACTTGGCT	0.1
ACTTGGGA	0.11
ACTTGGGC	0.1
ACTTGGGG	0.1
ACTTGGTA	0.11
ACTTGGTC	0.11
ACTTGGTG	0.1
ACTTGTAA	0.09
ACTTGTAC	0.11
ACTTGTAG	0.1
ACTTGTAT	0.1
ACTTGTCA	0.1
ACTTGTCC	0.1
ACTTGTCG	0.1
ACTTGTCT	0.11
ACTTGTGA	0.09
ACTTGTGC	0.1
ACTTGTGG	0.1
ACTTGTTA	0.1
ACTTGTTC	0.11
ACTTGTTG	0.09
ACTTTAAA	0.1
ACTTTAAC	0.11
ACTTTAAG	0.11
ACTTTAAT	0.12
ACTTTACA	0.1
ACTTTACC	0.1
ACTTTACG	0.11
ACTTTACT	0.1
ACTTTAGA	0.13
ACTTTAGC	0.11
ACTTTAGG	0.1
ACTTTATA	0.12
ACTTTATC	0.11
ACTTTATG	0.1
ACTTTCAA	0.13
ACTTTCAC	0.1
ACTTTCAG	0.1
ACTTTCAT	0.11
ACTTTCCA	0.11
ACTTTCCC	0.12
ACTTTCCG	0.15
ACTTTCCT	0.12
ACTTTCGA	0.11
ACTTTCGC	0.1
ACTTTCGG	0.1
ACTTTCTA	0.1
ACTTTCTC	0.11
ACTTTCTG	0.11
ACTTTGAA	0.11
ACTTTGAC	0.09
ACTTTGAG	0.09
ACTTTGAT	0.1
ACTTTGCA	0.1
ACTTTGCC	0.11
ACTTTGCG	0.09
ACTTTGCT	0.11
ACTTTGGA	0.1
ACTTTGGC	0.1
ACTTTGGG	0.09
ACTTTGTA	0.12
ACTTTGTC	0.1
ACTTTGTG	0.1
ACTTTTAA	0.11
ACTTTTAC	0.12
ACTTTTAG	0.1
ACTTTTAT	0.12
ACTTTTCA	0.11
ACTTTTCC	0.14
ACTTTTCG	0.11
ACTTTTCT	0.1
ACTTTTGA	0.12
ACTTTTGC	0.11
ACTTTTGG	0.11
ACTTTTTA	0.11
ACTTTTTC	0.11
ACTTTTTG	0.11
AGAAAAAA	0.13
AGAAAAAC	0.12
AGAAAAAG	0.11
AGAAAAAT	0.14
AGAAAACA	0.12
AGAAAACC	0.11
AGAAAACG	0.13
AGAAAACT	0.1
AGAAAAGA	0.11
AGAAAAGC	0.12
AGAAAAGG	0.13
AGAAAATA	0.13
AGAAAATC	0.12
AGAAAATG	0.12
AGAAACAA	0.11
AGAAACAC	0.1
AGAAACAG	0.11
AGAAACAT	0.13
AGAAACCA	0.11
AGAAACCC	0.11
AGAAACCG	0.1
AGAAACCT	0.11
AGAAACGA	0.1
AGAAACGC	0.1
AGAAACGG	0.11
AGAAACTA	0.11
AGAAACTC	0.11
AGAAACTG	0.1
AGAAAGAA	0.12
AGAAAGAC	0.13
AGAAAGAG	0.11
AGAAAGAT	0.11
AGAAAGCA	0.1
AGAAAGCC	0.11
AGAAAGCG	0.1
AGAAAGCT	0.11
AGAAAGGA	0.13
AGAAAGGC	0.1
AGAAAGGG	0.12
AGAAAGTA	0.12
AGAAAGTC	0.1
AGAAAGTG	0.11
AGAAATAA	0.15
AGAAATAC	0.12
AGAAATAG	0.11
AGAAATAT	0.11
AGAAATCA	0.13
AGAAATCC	0.12
AGAAATCG	0.1
AGAAATCT	0.12
AGAAATGA	0.12
AGAAATGC	0.11
AGAAATGG	0.12
AGAAATTA	0.12
AGAAATTC	0.1
AGAAATTG	0.11
AGAACAAA	0.13
AGAACAAC	0.11
AGAACAAG	0.12
AGAACAAT	0.12
AGAACACA	0.12
AGAACACC	0.1
AGAACACG	0.1
AGAACACT	0.13
AGAACAGA	0.11
AGAACAGC	0.1
AGAACAGG	0.11
AGAACATA	0.1
AGAACATC	0.13
AGAACATG	0.11
AGAACCAA	0.12
AGAACCAC	0.09
AGAACCAG	0.11
AGAACCAT	0.1
AGAACCCA	0.1
AGAACCCC	0.1
AGAACCCG	0.11
AGAACCCT	0.1
AGAACCGA	0.1
AGAACCGC	0.11
AGAACCGG	0.13
AGAACCTA	0.1
AGAACCTC	0.1
AGAACCTG	0.11
AGAACGAA	0.12
AGAACGAC	0.13
AGAACGAG	0.11
AGAACGAT	0.1
AGAACGCA	0.1
AGAACGCC	0.09
AGAACGCG	0.09
AGAACGCT	0.09
AGAACGGA	0.17
AGAACGGC	0.11
AGAACGGG	0.09
AGAACGTA	0.1
AGAACGTC	0.11
AGAACGTG	0.1
AGAACTAA	0.1
AGAACTAC	0.1
AGAACTAG	0.11
AGAACTAT	0.11
AGAACTCA	0.1
AGAACTCC	0.1
AGAACTCG	0.1
AGAACTCT	0.1
AGAACTGA	0.12
AGAACTGC	0.1
AGAACTGG	0.1
AGAACTTA	0.12
AGAACTTC	0.11
AGAACTTG	0.12
AGAAGAAA	0.12
AGAAGAAC	0.11
AGAAGAAG	0.13
AGAAGAAT	0.12
AGAAGACA	0.12
AGAAGACC	0.1
AGAAGACG	0.12
AGAAGACT	0.09
AGAAGAGA	0.12
AGAAGAGC	0.1
AGAAGAGG	0.13
AGAAGATA	0.11
AGAAGATC	0.09
AGAAGATG	0.12
AGAAGCAA	0.1
AGAAGCAC	0.12
AGAAGCAG	0.1
AGAAGCAT	0.09
AGAAGCCA	0.11
AGAAGCCC	0.1
AGAAGCCG	0.1
AGAAGCCT	0.12
AGAAGCGA	0.1
AGAAGCGC	0.1
AGAAGCGG	0.1
AGAAGCTA	0.11
AGAAGCTC	0.1
AGAAGCTG	0.1
AGAAGGAA	0.15
AGAAGGAC	0.09
AGAAGGAG	0.1
AGAAGGAT	0.14
AGAAGGCA	0.1
AGAAGGCC	0.11
AGAAGGCG	0.1
AGAAGGCT	0.1
AGAAGGGA	0.09
AGAAGGGC	0.09
AGAAGGGG	0.1
AGAAGGTA	0.09
AGAAGGTC	0.09
AGAAGGTG	0.1
AGAAGTAA	0.11
AGAAGTAC	0.09
AGAAGTAG	0.1
AGAAGTAT	0.11
AGAAGTCA	0.1
AGAAGTCC	0.1
AGAAGTCG	0.1
AGAAGTCT	0.1
AGAAGTGA	0.1
AGAAGTGC	0.09
AGAAGTGG	0.1
AGAAGTTA	0.1
AGAAGTTC	0.11
AGAAGTTG	0.1
AGAATAAA	0.13
AGAATAAC	0.12
AGAATAAG	0.13
AGAATAAT	0.11
AGAATACA	0.1
AGAATACC	0.11
AGAATACG	0.11
AGAATACT	0.11
AGAATAGA	0.1
AGAATAGC	0.1
AGAATAGG	0.11
AGAATATA	0.1
AGAATATC	0.11
AGAATATG	0.11
AGAATCAA	0.11
AGAATCAC	0.11
AGAATCAG	0.1
AGAATCAT	0.1
AGAATCCA	0.1
AGAATCCC	0.11
AGAATCCG	0.11
AGAATCCT	0.11
AGAATCGA	0.1
AGAATCGC	0.1
AGAATCGG	0.11
AGAATCTA	0.12
AGAATCTC	0.1
AGAATCTG	0.1
AGAATGAA	0.11
AGAATGAC	0.11
AGAATGAG	0.1
AGAATGAT	0.11
AGAATGCA	0.11
AGAATGCC	0.11
AGAATGCG	0.09
AGAATGCT	0.09
AGAATGGA	0.11
AGAATGGC	0.09
AGAATGGG	0.1
AGAATGTA	0.12
AGAATGTC	0.1
AGAATGTG	0.1
AGAATTAA	0.11
AGAATTAC	0.1
AGAATTAG	0.1
AGAATTAT	0.11
AGAATTCA	0.1
AGAATTCC	0.1
AGAATTCG	0.11
AGAATTCT	0.1
AGAATTGA	0.11
AGAATTGC	0.1
AGAATTGG	0.11
AGAATTTA	0.1
AGAATTTC	0.11
AGAATTTG	0.12
AGACAAAA	0.11
AGACAAAC	0.11
AGACAAAG	0.1
AGACAAAT	0.12
AGACAACA	0.1
AGACAACC	0.1
AGACAACG	0.1
AGACAACT	0.11
AGACAAGA	0.11
AGACAAGC	0.09
AGACAAGG	0.1
AGACAATA	0.1
AGACAATC	0.11
AGACAATG	0.1
AGACACAA	0.1
AGACACAC	0.11
AGACACAG	0.09
AGACACAT	0.1
AGACACCA	0.1
AGACACCC	0.11
AGACACCG	0.1
AGACACCT	0.09
AGACACGA	0.1
AGACACGC	0.09
AGACACGG	0.1
AGACACTA	0.1
AGACACTC	0.09
AGACACTG	0.1
AGACAGAA	0.1
AGACAGAC	0.1
AGACAGAG	0.1
AGACAGAT	0.1
AGACAGCA	0.11
AGACAGCC	0.1
AGACAGCG	0.1
AGACAGCT	0.09
AGACAGGA	0.21
AGACAGGC	0.1
AGACAGGG	0.1
AGACAGTA	0.11
AGACAGTC	0.1
AGACAGTG	0.09
AGACATAA	0.1
AGACATAC	0.09
AGACATAG	0.09
AGACATAT	0.11
AGACATCA	0.09
AGACATCC	0.15
AGACATCG	0.1
AGACATCT	0.11
AGACATGA	0.09
AGACATGC	0.09
AGACATGG	0.11
AGACATTA	0.11
AGACATTC	0.09
AGACATTG	0.1
AGACCAAA	0.13
AGACCAAC	0.11
AGACCAAG	0.12
AGACCAAT	0.1
AGACCACA	0.11
AGACCACC	0.09
AGACCACG	0.08
AGACCACT	0.11
AGACCAGA	0.1
AGACCAGC	0.1
AGACCAGG	0.09
AGACCATA	0.1
AGACCATC	0.11
AGACCATG	0.08
AGACCCAA	0.1
AGACCCAC	0.09
AGACCCAG	0.1
AGACCCAT	0.11
AGACCCCA	0.1
AGACCCCC	0.1
AGACCCCG	0.1
AGACCCCT	0.1
AGACCCGA	0.1
AGACCCGC	0.11
AGACCCGG	0.11
AGACCCTA	0.09
AGACCCTC	0.1
AGACCCTG	0.09
AGACCGAA	0.1
AGACCGAC	0.1
AGACCGAG	0.09
AGACCGAT	0.09
AGACCGCA	0.09
AGACCGCC	0.1
AGACCGCG	0.1
AGACCGCT	0.09
AGACCGGA	0.22
AGACCGGC	0.09
AGACCGGG	0.11
AGACCGTA	0.11
AGACCGTC	0.09
AGACCGTG	0.09
AGACCTAA	0.1
AGACCTAC	0.1
AGACCTAG	0.1
AGACCTAT	0.11
AGACCTCA	0.08
AGACCTCC	0.1
AGACCTCG	0.1
AGACCTCT	0.09
AGACCTGA	0.1
AGACCTGC	0.09
AGACCTGG	0.1
AGACCTTA	0.1
AGACCTTC	0.12
AGACCTTG	0.11
AGACGAAA	0.1
AGACGAAC	0.11
AGACGAAG	0.09
AGACGAAT	0.1
AGACGACA	0.12
AGACGACC	0.1
AGACGACG	0.1
AGACGACT	0.1
AGACGAGA	0.1
AGACGAGC	0.09
AGACGAGG	0.09
AGACGATA	0.1
AGACGATC	0.09
AGACGATG	0.1
AGACGCAA	0.1
AGACGCAC	0.1
AGACGCAG	0.1
AGACGCAT	0.11
AGACGCCA	0.1
AGACGCCC	0.09
AGACGCCG	0.11
AGACGCCT	0.1
AGACGCGA	0.08
AGACGCGC	0.1
AGACGCGG	0.1
AGACGCTA	0.09
AGACGCTC	0.08
AGACGCTG	0.1
AGACGGAA	0.17
AGACGGAC	0.11
AGACGGAG	0.1
AGACGGAT	0.18
AGACGGCA	0.09
AGACGGCC	0.1
AGACGGCG	0.1
AGACGGCT	0.1
AGACGGGA	0.12
AGACGGGC	0.1
AGACGGGG	0.1
AGACGGTA	0.12
AGACGGTC	0.08
AGACGGTG	0.09
AGACGTAA	0.11
AGACGTAC	0.1
AGACGTAG	0.1
AGACGTAT	0.1
AGACGTCA	0.1
AGACGTCC	0.11
AGACGTCG	0.09
AGACGTCT	0.11
AGACGTGA	0.1
AGACGTGC	0.11
AGACGTGG	0.11
AGACGTTA	0.1
AGACGTTC	0.08
AGACGTTG	0.1
AGACTAAA	0.1
AGACTAAC	0.1
AGACTAAG	0.1
AGACTAAT	0.11
AGACTACA	0.09
AGACTACC	0.11
AGACTACG	0.09
AGACTACT	0.1
AGACTAGA	0.09
AGACTAGC	0.09
AGACTAGG	0.1
AGACTATA	0.1
AGACTATC	0.1
AGACTATG	0.1
AGACTCAA	0.08
AGACTCAC	0.09
AGACTCAG	0.11
AGACTCAT	0.09
AGACTCCA	0.1
AGACTCCC	0.1
AGACTCCG	0.12
AGACTCCT	0.1
AGACTCGA	0.1
AGACTCGC	0.09
AGACTCGG	0.09
AGACTCTA	0.1
AGACTCTC	0.09
AGACTCTG	0.1
AGACTGAA	0.1
AGACTGAC	0.09
AGACTGAG	0.11
AGACTGAT	0.1
AGACTGCA	0.09
AGACTGCC	0.1
AGACTGCG	0.1
AGACTGCT	0.1
AGACTGGA	0.11
AGACTGGC	0.09
AGACTGGG	0.1
AGACTGTA	0.1
AGACTGTC	0.11
AGACTGTG	0.1
AGACTTAA	0.1
AGACTTAC	0.09
AGACTTAG	0.1
AGACTTAT	0.1
AGACTTCA	0.1
AGACTTCC	0.23
AGACTTCG	0.09
AGACTTGA	0.1
AGACTTGC	0.1
AGACTTGG	0.09
AGACTTTA	0.1
AGACTTTC	0.09
AGACTTTG	0.08
AGAGAAAA	0.13
AGAGAAAC	0.11
AGAGAAAG	0.13
AGAGAAAT	0.12
AGAGAACA	0.1
AGAGAACC	0.1
AGAGAACG	0.11
AGAGAACT	0.11
AGAGAAGA	0.12
AGAGAAGC	0.11
AGAGAAGG	0.11
AGAGAATA	0.1
AGAGAATC	0.1
AGAGAATG	0.1
AGAGACAA	0.12
AGAGACAC	0.09
AGAGACAG	0.1
AGAGACAT	0.12
AGAGACCA	0.08
AGAGACCC	0.11
AGAGACCG	0.09
AGAGACCT	0.11
AGAGACGA	0.1
AGAGACGC	0.1
AGAGACGG	0.1
AGAGACTA	0.11
AGAGACTC	0.1
AGAGACTG	0.09
AGAGAGAA	0.11
AGAGAGAC	0.1
AGAGAGAG	0.1
AGAGAGAT	0.11
AGAGAGCA	0.1
AGAGAGCC	0.09
AGAGAGCG	0.1
AGAGAGCT	0.1
AGAGAGGA	0.12
AGAGAGGC	0.09
AGAGAGGG	0.12
AGAGAGTA	0.09
AGAGAGTC	0.1
AGAGAGTG	0.1
AGAGATAA	0.11
AGAGATAC	0.11
AGAGATAG	0.11
AGAGATAT	0.12
AGAGATCA	0.12
AGAGATCC	0.09
AGAGATCG	0.09
AGAGATCT	0.1
AGAGATGA	0.12
AGAGATGC	0.1
AGAGATGG	0.09
AGAGATTA	0.12
AGAGATTC	0.1
AGAGATTG	0.09
AGAGCAAA	0.11
AGAGCAAC	0.1
AGAGCAAG	0.11
AGAGCAAT	0.11
AGAGCACA	0.1
AGAGCACC	0.09
AGAGCACG	0.1
AGAGCACT	0.1
AGAGCAGA	0.11
AGAGCAGC	0.08
AGAGCAGG	0.11
AGAGCATA	0.1
AGAGCATC	0.1
AGAGCATG	0.1
AGAGCCAA	0.09
AGAGCCAC	0.09
AGAGCCAG	0.09
AGAGCCAT	0.1
AGAGCCCA	0.08
AGAGCCCC	0.1
AGAGCCCG	0.09
AGAGCCCT	0.09
AGAGCCGA	0.1
AGAGCCGC	0.11
AGAGCCGG	0.11
AGAGCCTA	0.1
AGAGCCTC	0.09
AGAGCCTG	0.09
AGAGCGAA	0.1
AGAGCGAC	0.09
AGAGCGAG	0.1
AGAGCGAT	0.11
AGAGCGCA	0.09
AGAGCGCC	0.08
AGAGCGCG	0.1
AGAGCGCT	0.09
AGAGCGGA	0.14
AGAGCGGC	0.11
AGAGCGGG	0.1
AGAGCGTA	0.1
AGAGCGTC	0.09
AGAGCGTG	0.09
AGAGCTAA	0.1
AGAGCTAC	0.1
AGAGCTAG	0.1
AGAGCTAT	0.09
AGAGCTCA	0.1
AGAGCTCC	0.1
AGAGCTCG	0.1
AGAGCTCT	0.09
AGAGCTGA	0.1
AGAGCTGC	0.08
AGAGCTGG	0.09
AGAGCTTA	0.1
AGAGCTTC	0.11
AGAGCTTG	0.1
AGAGGAAA	0.26
AGAGGAAC	0.12
AGAGGAAG	0.31
AGAGGAAT	0.11
AGAGGACA	0.1
AGAGGACC	0.11
AGAGGACG	0.13
AGAGGACT	0.1
AGAGGAGA	0.11
AGAGGAGC	0.11
AGAGGAGG	0.1
AGAGGATA	0.16
AGAGGATC	0.1
AGAGGATG	0.2
AGAGGCAA	0.1
AGAGGCAC	0.14
AGAGGCAG	0.11
AGAGGCAT	0.1
AGAGGCCA	0.1
AGAGGCCC	0.1
AGAGGCCG	0.09
AGAGGCCT	0.08
AGAGGCGA	0.1
AGAGGCGC	0.1
AGAGGCGG	0.11
AGAGGCTA	0.1
AGAGGCTC	0.09
AGAGGCTG	0.1
AGAGGGAA	0.11
AGAGGGAC	0.1
AGAGGGAG	0.1
AGAGGGAT	0.11
AGAGGGCA	0.1
AGAGGGCC	0.08
AGAGGGCG	0.11
AGAGGGCT	0.1
AGAGGGGA	0.12
AGAGGGGC	0.1
AGAGGGGG	0.11
AGAGGGTA	0.11
AGAGGGTC	0.11
AGAGGGTG	0.09
AGAGGTAA	0.11
AGAGGTAC	0.09
AGAGGTAG	0.1
AGAGGTAT	0.11
AGAGGTCA	0.1
AGAGGTCC	0.09
AGAGGTCG	0.1
AGAGGTGA	0.11
AGAGGTGC	0.09
AGAGGTGG	0.1
AGAGGTTA	0.1
AGAGGTTC	0.12
AGAGGTTG	0.1
AGAGTAAA	0.11
AGAGTAAC	0.1
AGAGTAAG	0.12
AGAGTAAT	0.12
AGAGTACA	0.11
AGAGTACC	0.1
AGAGTACG	0.1
AGAGTACT	0.09
AGAGTAGA	0.12
AGAGTAGC	0.09
AGAGTAGG	0.11
AGAGTATA	0.09
AGAGTATC	0.11
AGAGTATG	0.1
AGAGTCAA	0.1
AGAGTCAC	0.09
AGAGTCAG	0.09
AGAGTCAT	0.09
AGAGTCCA	0.09
AGAGTCCC	0.1
AGAGTCCG	0.09
AGAGTCCT	0.09
AGAGTCGA	0.08
AGAGTCGC	0.1
AGAGTCGG	0.1
AGAGTCTA	0.1
AGAGTCTC	0.1
AGAGTCTG	0.1
AGAGTGAA	0.1
AGAGTGAC	0.1
AGAGTGAG	0.11
AGAGTGAT	0.1
AGAGTGCA	0.09
AGAGTGCC	0.1
AGAGTGCG	0.1
AGAGTGCT	0.1
AGAGTGGA	0.11
AGAGTGGC	0.09
AGAGTGGG	0.1
AGAGTGTA	0.09
AGAGTGTC	0.11
AGAGTGTG	0.1
AGAGTTAA	0.1
AGAGTTAC	0.09
AGAGTTAG	0.11
AGAGTTAT	0.1
AGAGTTCA	0.1
AGAGTTCC	0.14
AGAGTTCG	0.09
AGAGTTGA	0.11
AGAGTTGC	0.12
AGAGTTGG	0.1
AGAGTTTA	0.12
AGAGTTTC	0.11
AGAGTTTG	0.11
AGATAAAA	0.12
AGATAAAC	0.12
AGATAAAG	0.11
AGATAAAT	0.11
AGATAACA	0.11
AGATAACC	0.11
AGATAACG	0.11
AGATAACT	0.1
AGATAAGA	0.12
AGATAAGC	0.1
AGATAAGG	0.1
AGATAATA	0.11
AGATAATC	0.11
AGATAATG	0.1
AGATACAA	0.12
AGATACAC	0.1
AGATACAG	0.1
AGATACAT	0.11
AGATACCA	0.1
AGATACCC	0.11
AGATACCG	0.1
AGATACCT	0.09
AGATACGA	0.1
AGATACGC	0.09
AGATACGG	0.11
AGATACTA	0.1
AGATACTC	0.09
AGATACTG	0.09
AGATAGAA	0.11
AGATAGAC	0.1
AGATAGAG	0.12
AGATAGAT	0.09
AGATAGCA	0.11
AGATAGCC	0.1
AGATAGCG	0.1
AGATAGCT	0.1
AGATAGGA	0.11
AGATAGGC	0.1
AGATAGGG	0.1
AGATAGTA	0.12
AGATAGTC	0.1
AGATAGTG	0.11
AGATATAA	0.12
AGATATAC	0.1
AGATATAG	0.12
AGATATAT	0.13
AGATATCA	0.11
AGATATCC	0.13
AGATATCG	0.09
AGATATCT	0.08
AGATATGA	0.11
AGATATGC	0.11
AGATATGG	0.1
AGATATTA	0.1
AGATATTC	0.11
AGATATTG	0.12
AGATCAAA	0.11
AGATCAAC	0.11
AGATCAAG	0.11
AGATCAAT	0.1
AGATCACA	0.09
AGATCACC	0.1
AGATCACG	0.11
AGATCACT	0.09
AGATCAGA	0.1
AGATCAGC	0.1
AGATCAGG	0.1
AGATCATA	0.1
AGATCATC	0.1
AGATCATG	0.1
AGATCCAA	0.11
AGATCCAC	0.11
AGATCCAG	0.11
AGATCCAT	0.09
AGATCCCA	0.11
AGATCCCC	0.09
AGATCCCG	0.1
AGATCCCT	0.1
AGATCCGA	0.12
AGATCCGC	0.13
AGATCCGG	0.26
AGATCCTA	0.09
AGATCCTC	0.09
AGATCCTG	0.13
AGATCGAA	0.1
AGATCGAC	0.1
AGATCGAG	0.1
AGATCGAT	0.09
AGATCGCA	0.1
AGATCGCC	0.1
AGATCGCG	0.09
AGATCGCT	0.1
AGATCGGA	0.11
AGATCGGC	0.1
AGATCGGG	0.11
AGATCGTA	0.09
AGATCGTC	0.09
AGATCGTG	0.09
AGATCTAA	0.08
AGATCTAC	0.11
AGATCTAG	0.1
AGATCTAT	0.09
AGATCTCA	0.1
AGATCTCC	0.09
AGATCTCG	0.1
AGATCTGA	0.1
AGATCTGC	0.09
AGATCTGG	0.09
AGATCTTA	0.1
AGATCTTC	0.1
AGATCTTG	0.1
AGATGAAA	0.11
AGATGAAC	0.11
AGATGAAG	0.1
AGATGAAT	0.1
AGATGACA	0.1
AGATGACC	0.09
AGATGACG	0.1
AGATGACT	0.09
AGATGAGA	0.1
AGATGAGC	0.11
AGATGAGG	0.1
AGATGATA	0.1
AGATGATC	0.09
AGATGATG	0.09
AGATGCAA	0.11
AGATGCAC	0.1
AGATGCAG	0.1
AGATGCAT	0.09
AGATGCCA	0.1
AGATGCCC	0.09
AGATGCCG	0.09
AGATGCCT	0.1
AGATGCGA	0.1
AGATGCGC	0.1
AGATGCGG	0.1
AGATGCTA	0.1
AGATGCTC	0.09
AGATGCTG	0.09
AGATGGAA	0.13
AGATGGAC	0.1
AGATGGAG	0.11
AGATGGAT	0.11
AGATGGCA	0.09
AGATGGCC	0.11
AGATGGCG	0.11
AGATGGCT	0.1
AGATGGGA	0.1
AGATGGGC	0.09
AGATGGGG	0.1
AGATGGTA	0.11
AGATGGTC	0.1
AGATGGTG	0.09
AGATGTAA	0.1
AGATGTAC	0.1
AGATGTAG	0.11
AGATGTAT	0.11
AGATGTCA	0.09
AGATGTCC	0.11
AGATGTCG	0.11
AGATGTGA	0.1
AGATGTGC	0.11
AGATGTGG	0.11
AGATGTTA	0.09
AGATGTTC	0.11
AGATGTTG	0.1
AGATTAAA	0.12
AGATTAAC	0.09
AGATTAAG	0.1
AGATTAAT	0.11
AGATTACA	0.11
AGATTACC	0.1
AGATTACG	0.12
AGATTACT	0.11
AGATTAGA	0.11
AGATTAGC	0.11
AGATTAGG	0.11
AGATTATA	0.1
AGATTATC	0.1
AGATTATG	0.11
AGATTCAA	0.09
AGATTCAC	0.09
AGATTCAG	0.11
AGATTCAT	0.11
AGATTCCA	0.12
AGATTCCC	0.11
AGATTCCG	0.14
AGATTCCT	0.1
AGATTCGA	0.1
AGATTCGC	0.1
AGATTCGG	0.14
AGATTCTA	0.12
AGATTCTC	0.1
AGATTCTG	0.1
AGATTGAA	0.11
AGATTGAC	0.1
AGATTGAG	0.11
AGATTGAT	0.11
AGATTGCA	0.1
AGATTGCC	0.09
AGATTGCG	0.11
AGATTGCT	0.09
AGATTGGA	0.1
AGATTGGC	0.09
AGATTGGG	0.11
AGATTGTA	0.1
AGATTGTC	0.11
AGATTGTG	0.11
AGATTTAA	0.1
AGATTTAC	0.11
AGATTTAG	0.12
AGATTTAT	0.12
AGATTTCA	0.11
AGATTTCC	0.14
AGATTTCG	0.1
AGATTTGA	0.11
AGATTTGC	0.12
AGATTTGG	0.1
AGATTTTA	0.1
AGATTTTC	0.12
AGATTTTG	0.1
AGCAAAAA	0.14
AGCAAAAC	0.1
AGCAAAAG	0.1
AGCAAAAT	0.12
AGCAAACA	0.1
AGCAAACC	0.11
AGCAAACG	0.1
AGCAAACT	0.11
AGCAAAGA	0.12
AGCAAAGC	0.1
AGCAAAGG	0.11
AGCAAATA	0.12
AGCAAATC	0.1
AGCAAATG	0.1
AGCAACAA	0.11
AGCAACAC	0.1
AGCAACAG	0.1
AGCAACAT	0.1
AGCAACCA	0.1
AGCAACCC	0.1
AGCAACCG	0.1
AGCAACCT	0.1
AGCAACGA	0.1
AGCAACGC	0.11
AGCAACGG	0.11
AGCAACTA	0.11
AGCAACTC	0.1
AGCAACTG	0.1
AGCAAGAA	0.12
AGCAAGAC	0.11
AGCAAGAG	0.09
AGCAAGAT	0.09
AGCAAGCA	0.1
AGCAAGCC	0.09
AGCAAGCG	0.1
AGCAAGCT	0.09
AGCAAGGA	0.11
AGCAAGGC	0.09
AGCAAGGG	0.1
AGCAAGTA	0.11
AGCAAGTC	0.09
AGCAAGTG	0.09
AGCAATAA	0.1
AGCAATAC	0.09
AGCAATAG	0.09
AGCAATAT	0.11
AGCAATCA	0.11
AGCAATCC	0.1
AGCAATCG	0.1
AGCAATGA	0.09
AGCAATGC	0.1
AGCAATGG	0.09
AGCAATTA	0.11
AGCAATTC	0.11
AGCAATTG	0.1
AGCACAAA	0.11
AGCACAAC	0.1
AGCACAAG	0.1
AGCACAAT	0.11
AGCACACA	0.1
AGCACACC	0.1
AGCACACG	0.09
AGCACACT	0.1
AGCACAGA	0.11
AGCACAGC	0.11
AGCACAGG	0.11
AGCACATA	0.11
AGCACATC	0.1
AGCACATG	0.1
AGCACCAA	0.1
AGCACCAC	0.11
AGCACCAG	0.12
AGCACCAT	0.11
AGCACCCA	0.1
AGCACCCC	0.09
AGCACCCG	0.1
AGCACCCT	0.09
AGCACCGA	0.1
AGCACCGC	0.1
AGCACCGG	0.12
AGCACCTA	0.11
AGCACCTC	0.11
AGCACCTG	0.1
AGCACGAA	0.11
AGCACGAC	0.09
AGCACGAG	0.11
AGCACGAT	0.1
AGCACGCA	0.1
AGCACGCC	0.11
AGCACGCG	0.1
AGCACGCT	0.09
AGCACGGA	0.11
AGCACGGC	0.1
AGCACGGG	0.1
AGCACGTA	0.09
AGCACGTC	0.12
AGCACGTG	0.1
AGCACTAA	0.1
AGCACTAC	0.1
AGCACTAG	0.1
AGCACTAT	0.1
AGCACTCA	0.1
AGCACTCC	0.09
AGCACTCG	0.09
AGCACTGA	0.1
AGCACTGC	0.09
AGCACTGG	0.09
AGCACTTA	0.1
AGCACTTC	0.1
AGCACTTG	0.1
AGCAGAAA	0.11
AGCAGAAC	0.1
AGCAGAAG	0.1
AGCAGAAT	0.1
AGCAGACA	0.11
AGCAGACC	0.11
AGCAGACG	0.1
AGCAGACT	0.1
AGCAGAGA	0.1
AGCAGAGC	0.11
AGCAGAGG	0.13
AGCAGATA	0.1
AGCAGATC	0.11
AGCAGATG	0.1
AGCAGCAA	0.1
AGCAGCAC	0.09
AGCAGCAG	0.09
AGCAGCAT	0.09
AGCAGCCA	0.09
AGCAGCCC	0.1
AGCAGCCG	0.1
AGCAGCCT	0.1
AGCAGCGA	0.09
AGCAGCGC	0.11
AGCAGCGG	0.1
AGCAGCTA	0.09
AGCAGCTC	0.09
AGCAGCTG	0.1
AGCAGGAA	0.17
AGCAGGAC	0.12
AGCAGGAG	0.1
AGCAGGAT	0.13
AGCAGGCA	0.1
AGCAGGCC	0.09
AGCAGGCG	0.09
AGCAGGCT	0.08
AGCAGGGA	0.11
AGCAGGGC	0.08
AGCAGGGG	0.1
AGCAGGTA	0.1
AGCAGGTC	0.1
AGCAGGTG	0.1
AGCAGTAA	0.1
AGCAGTAC	0.11
AGCAGTAG	0.1
AGCAGTAT	0.1
AGCAGTCA	0.07
AGCAGTCC	0.09
AGCAGTCG	0.1
AGCAGTGA	0.1
AGCAGTGC	0.09
AGCAGTGG	0.11
AGCAGTTA	0.12
AGCAGTTC	0.12
AGCAGTTG	0.11
AGCATAAA	0.11
AGCATAAC	0.1
AGCATAAG	0.09
AGCATAAT	0.11
AGCATACA	0.11
AGCATACC	0.1
AGCATACG	0.09
AGCATACT	0.09
AGCATAGA	0.09
AGCATAGC	0.09
AGCATAGG	0.1
AGCATATA	0.12
AGCATATC	0.09
AGCATATG	0.09
AGCATCAA	0.09
AGCATCAC	0.1
AGCATCAG	0.11
AGCATCAT	0.1
AGCATCCA	0.1
AGCATCCC	0.12
AGCATCCG	0.34
AGCATCCT	0.18
AGCATCGA	0.09
AGCATCGC	0.1
AGCATCGG	0.1
AGCATCTA	0.09
AGCATCTC	0.09
AGCATCTG	0.1
AGCATGAA	0.11
AGCATGAC	0.09
AGCATGAG	0.1
AGCATGAT	0.1
AGCATGCA	0.09
AGCATGCC	0.1
AGCATGCG	0.1
AGCATGCT	0.09
AGCATGGA	0.09
AGCATGGC	0.08
AGCATGGG	0.1
AGCATGTA	0.09
AGCATGTC	0.1
AGCATGTG	0.1
AGCATTAA	0.12
AGCATTAC	0.1
AGCATTAG	0.11
AGCATTAT	0.09
AGCATTCA	0.09
AGCATTCC	0.1
AGCATTCG	0.1
AGCATTGA	0.1
AGCATTGC	0.09
AGCATTGG	0.11
AGCATTTA	0.11
AGCATTTC	0.1
AGCATTTG	0.1
AGCCAAAA	0.11
AGCCAAAC	0.11
AGCCAAAG	0.1
AGCCAAAT	0.11
AGCCAACA	0.12
AGCCAACC	0.1
AGCCAACG	0.11
AGCCAACT	0.09
AGCCAAGA	0.12
AGCCAAGC	0.1
AGCCAAGG	0.11
AGCCAATA	0.11
AGCCAATC	0.1
AGCCAATG	0.1
AGCCACAA	0.12
AGCCACAC	0.11
AGCCACAG	0.09
AGCCACAT	0.09
AGCCACCA	0.11
AGCCACCC	0.1
AGCCACCG	0.1
AGCCACCT	0.11
AGCCACGA	0.11
AGCCACGC	0.1
AGCCACGG	0.1
AGCCACTA	0.1
AGCCACTC	0.09
AGCCACTG	0.11
AGCCAGAA	0.1
AGCCAGAC	0.09
AGCCAGAG	0.11
AGCCAGAT	0.1
AGCCAGCA	0.09
AGCCAGCC	0.1
AGCCAGCG	0.09
AGCCAGCT	0.09
AGCCAGGA	0.11
AGCCAGGC	0.1
AGCCAGGG	0.09
AGCCAGTA	0.1
AGCCAGTC	0.09
AGCCAGTG	0.09
AGCCATAA	0.09
AGCCATAC	0.09
AGCCATAG	0.1
AGCCATAT	0.1
AGCCATCA	0.1
AGCCATCC	0.1
AGCCATCG	0.09
AGCCATGA	0.09
AGCCATGC	0.1
AGCCATGG	0.09
AGCCATTA	0.1
AGCCATTC	0.09
AGCCATTG	0.1
AGCCCAAA	0.09
AGCCCAAC	0.1
AGCCCAAG	0.1
AGCCCAAT	0.1
AGCCCACA	0.1
AGCCCACC	0.1
AGCCCACG	0.09
AGCCCACT	0.1
AGCCCAGA	0.1
AGCCCAGC	0.09
AGCCCAGG	0.09
AGCCCATA	0.1
AGCCCATC	0.11
AGCCCATG	0.08
AGCCCCAA	0.08
AGCCCCAC	0.09
AGCCCCAG	0.09
AGCCCCAT	0.1
AGCCCCCA	0.09
AGCCCCCC	0.1
AGCCCCCG	0.1
AGCCCCCT	0.09
AGCCCCGA	0.09
AGCCCCGC	0.1
AGCCCCGG	0.13
AGCCCCTA	0.09
AGCCCCTC	0.1
AGCCCCTG	0.1
AGCCCGAA	0.1
AGCCCGAC	0.09
AGCCCGAG	0.09
AGCCCGAT	0.1
AGCCCGCA	0.09
AGCCCGCC	0.1
AGCCCGCG	0.1
AGCCCGCT	0.09
AGCCCGGA	0.16
AGCCCGGC	0.09
AGCCCGGG	0.11
AGCCCGTA	0.09
AGCCCGTC	0.09
AGCCCGTG	0.09
AGCCCTAA	0.11
AGCCCTAC	0.1
AGCCCTAG	0.1
AGCCCTAT	0.1
AGCCCTCA	0.09
AGCCCTCC	0.1
AGCCCTCG	0.09
AGCCCTGA	0.1
AGCCCTGC	0.09
AGCCCTGG	0.09
AGCCCTTA	0.11
AGCCCTTC	0.1
AGCCCTTG	0.1
AGCCGAAA	0.1
AGCCGAAC	0.1
AGCCGAAG	0.11
AGCCGAAT	0.11
AGCCGACA	0.1
AGCCGACC	0.1
AGCCGACG	0.08
AGCCGACT	0.09
AGCCGAGA	0.1
AGCCGAGC	0.1
AGCCGAGG	0.1
AGCCGATA	0.1
AGCCGATC	0.09
AGCCGATG	0.09
AGCCGCAA	0.09
AGCCGCAC	0.09
AGCCGCAG	0.1
AGCCGCAT	0.11
AGCCGCCA	0.1
AGCCGCCC	0.1
AGCCGCCG	0.1
AGCCGCCT	0.1
AGCCGCGA	0.1
AGCCGCGC	0.09
AGCCGCGG	0.1
AGCCGCTA	0.1
AGCCGCTC	0.1
AGCCGCTG	0.11
AGCCGGAA	0.4
AGCCGGAC	0.11
AGCCGGAG	0.12
AGCCGGAT	0.25
AGCCGGCA	0.1
AGCCGGCC	0.11
AGCCGGCG	0.1
AGCCGGCT	0.1
AGCCGGGA	0.11
AGCCGGGC	0.1
AGCCGGGG	0.11
AGCCGGTA	0.13
AGCCGGTC	0.1
AGCCGGTG	0.1
AGCCGTAA	0.1
AGCCGTAC	0.08
AGCCGTAG	0.11
AGCCGTAT	0.11
AGCCGTCA	0.11
AGCCGTCC	0.1
AGCCGTCG	0.09
AGCCGTGA	0.1
AGCCGTGC	0.09
AGCCGTGG	0.1
AGCCGTTA	0.11
AGCCGTTC	0.09
AGCCGTTG	0.1
AGCCTAAA	0.09
AGCCTAAC	0.12
AGCCTAAG	0.1
AGCCTAAT	0.11
AGCCTACA	0.1
AGCCTACC	0.1
AGCCTACG	0.09
AGCCTACT	0.1
AGCCTAGA	0.1
AGCCTAGC	0.11
AGCCTAGG	0.11
AGCCTATA	0.11
AGCCTATC	0.1
AGCCTATG	0.1
AGCCTCAA	0.1
AGCCTCAC	0.1
AGCCTCAG	0.1
AGCCTCAT	0.1
AGCCTCCA	0.09
AGCCTCCC	0.1
AGCCTCCG	0.1
AGCCTCCT	0.1
AGCCTCGA	0.09
AGCCTCGC	0.1
AGCCTCGG	0.09
AGCCTCTA	0.1
AGCCTCTC	0.1
AGCCTCTG	0.1
AGCCTGAA	0.1
AGCCTGAC	0.08
AGCCTGAG	0.09
AGCCTGAT	0.09
AGCCTGCA	0.1
AGCCTGCC	0.09
AGCCTGCG	0.08
AGCCTGGA	0.09
AGCCTGGC	0.09
AGCCTGGG	0.1
AGCCTGTA	0.1
AGCCTGTC	0.09
AGCCTGTG	0.09
AGCCTTAA	0.12
AGCCTTAC	0.08
AGCCTTAG	0.09
AGCCTTAT	0.11
AGCCTTCA	0.1
AGCCTTCC	0.13
AGCCTTCG	0.09
AGCCTTGA	0.1
AGCCTTGC	0.1
AGCCTTGG	0.1
AGCCTTTA	0.1
AGCCTTTC	0.1
AGCCTTTG	0.09
AGCGAAAA	0.12
AGCGAAAC	0.11
AGCGAAAG	0.09
AGCGAAAT	0.1
AGCGAACA	0.09
AGCGAACC	0.1
AGCGAACG	0.09
AGCGAACT	0.1
AGCGAAGA	0.09
AGCGAAGC	0.09
AGCGAAGG	0.09
AGCGAATA	0.1
AGCGAATC	0.11
AGCGAATG	0.09
AGCGACAA	0.11
AGCGACAC	0.11
AGCGACAG	0.11
AGCGACAT	0.1
AGCGACCA	0.1
AGCGACCC	0.09
AGCGACCG	0.09
AGCGACCT	0.09
AGCGACGA	0.09
AGCGACGC	0.09
AGCGACGG	0.1
AGCGACTA	0.11
AGCGACTC	0.09
AGCGACTG	0.08
AGCGAGAA	0.1
AGCGAGAC	0.09
AGCGAGAG	0.1
AGCGAGAT	0.11
AGCGAGCA	0.1
AGCGAGCC	0.1
AGCGAGCG	0.09
AGCGAGCT	0.11
AGCGAGGA	0.11
AGCGAGGC	0.1
AGCGAGGG	0.09
AGCGAGTA	0.14
AGCGAGTC	0.09
AGCGAGTG	0.12
AGCGATAA	0.1
AGCGATAC	0.09
AGCGATAG	0.1
AGCGATAT	0.12
AGCGATCA	0.08
AGCGATCC	0.09
AGCGATCG	0.09
AGCGATGA	0.11
AGCGATGC	0.09
AGCGATGG	0.1
AGCGATTA	0.09
AGCGATTC	0.09
AGCGATTG	0.09
AGCGCAAA	0.1
AGCGCAAC	0.11
AGCGCAAG	0.09
AGCGCAAT	0.1
AGCGCACA	0.09
AGCGCACC	0.1
AGCGCACG	0.1
AGCGCACT	0.09
AGCGCAGA	0.1
AGCGCAGC	0.09
AGCGCAGG	0.09
AGCGCATA	0.1
AGCGCATC	0.11
AGCGCATG	0.09
AGCGCCAA	0.1
AGCGCCAC	0.09
AGCGCCAG	0.11
AGCGCCAT	0.08
AGCGCCCA	0.09
AGCGCCCC	0.09
AGCGCCCG	0.09
AGCGCCCT	0.09
AGCGCCGA	0.09
AGCGCCGC	0.09
AGCGCCGG	0.1
AGCGCCTA	0.1
AGCGCCTC	0.11
AGCGCCTG	0.1
AGCGCGAA	0.11
AGCGCGAC	0.09
AGCGCGAG	0.09
AGCGCGAT	0.1
AGCGCGCA	0.09
AGCGCGCC	0.1
AGCGCGCG	0.1
AGCGCGCT	0.09
AGCGCGGA	0.11
AGCGCGGC	0.08
AGCGCGGG	0.09
AGCGCGTA	0.09
AGCGCGTC	0.1
AGCGCGTG	0.1
AGCGCTAA	0.1
AGCGCTAC	0.1
AGCGCTAG	0.1
AGCGCTAT	0.09
AGCGCTCA	0.08
AGCGCTCC	0.1
AGCGCTCG	0.09
AGCGCTGA	0.09
AGCGCTGC	0.1
AGCGCTGG	0.1
AGCGCTTA	0.1
AGCGCTTC	0.1
AGCGCTTG	0.09
AGCGGAAA	0.45
AGCGGAAC	0.23
AGCGGAAG	0.57
AGCGGAAT	0.14
AGCGGACA	0.13
AGCGGACC	0.1
AGCGGACG	0.17
AGCGGACT	0.1
AGCGGAGA	0.1
AGCGGAGC	0.11
AGCGGAGG	0.1
AGCGGATA	0.27
AGCGGATC	0.14
AGCGGATG	0.38
AGCGGCAA	0.1
AGCGGCAC	0.09
AGCGGCAG	0.1
AGCGGCAT	0.1
AGCGGCCA	0.09
AGCGGCCC	0.08
AGCGGCCG	0.1
AGCGGCCT	0.09
AGCGGCGA	0.11
AGCGGCGC	0.09
AGCGGCGG	0.1
AGCGGCTA	0.11
AGCGGCTC	0.11
AGCGGCTG	0.09
AGCGGGAA	0.15
AGCGGGAC	0.1
AGCGGGAG	0.11
AGCGGGAT	0.12
AGCGGGCA	0.09
AGCGGGCC	0.09
AGCGGGCG	0.1
AGCGGGGA	0.11
AGCGGGGC	0.1
AGCGGGGG	0.1
AGCGGGTA	0.1
AGCGGGTC	0.09
AGCGGGTG	0.11
AGCGGTAA	0.1
AGCGGTAC	0.09
AGCGGTAG	0.1
AGCGGTAT	0.1
AGCGGTCA	0.1
AGCGGTCC	0.09
AGCGGTCG	0.09
AGCGGTGA	0.1
AGCGGTGC	0.11
AGCGGTGG	0.09
AGCGGTTA	0.09
AGCGGTTC	0.1
AGCGGTTG	0.09
AGCGTAAA	0.12
AGCGTAAC	0.11
AGCGTAAG	0.11
AGCGTAAT	0.11
AGCGTACA	0.09
AGCGTACC	0.08
AGCGTACG	0.09
AGCGTACT	0.09
AGCGTAGA	0.1
AGCGTAGC	0.09
AGCGTAGG	0.1
AGCGTATA	0.09
AGCGTATC	0.1
AGCGTATG	0.09
AGCGTCAA	0.09
AGCGTCAC	0.09
AGCGTCAG	0.09
AGCGTCAT	0.1
AGCGTCCA	0.09
AGCGTCCC	0.1
AGCGTCCG	0.13
AGCGTCCT	0.11
AGCGTCGA	0.09
AGCGTCGC	0.09
AGCGTCGG	0.09
AGCGTCTA	0.09
AGCGTCTC	0.09
AGCGTCTG	0.1
AGCGTGAA	0.09
AGCGTGAC	0.1
AGCGTGAG	0.09
AGCGTGAT	0.1
AGCGTGCA	0.1
AGCGTGCC	0.1
AGCGTGCG	0.12
AGCGTGGA	0.11
AGCGTGGC	0.09
AGCGTGGG	0.1
AGCGTGTA	0.09
AGCGTGTC	0.09
AGCGTGTG	0.1
AGCGTTAA	0.1
AGCGTTAC	0.1
AGCGTTAG	0.09
AGCGTTAT	0.1
AGCGTTCA	0.1
AGCGTTCC	0.1
AGCGTTCG	0.09
AGCGTTGA	0.1
AGCGTTGC	0.11
AGCGTTGG	0.1
AGCGTTTA	0.1
AGCGTTTC	0.11
AGCGTTTG	0.1
AGCTAAAA	0.11
AGCTAAAC	0.1
AGCTAAAG	0.11
AGCTAAAT	0.1
AGCTAACA	0.1
AGCTAACC	0.09
AGCTAACG	0.08
AGCTAACT	0.1
AGCTAAGA	0.1
AGCTAAGC	0.09
AGCTAAGG	0.1
AGCTAATA	0.09
AGCTAATC	0.1
AGCTAATG	0.1
AGCTACAA	0.11
AGCTACAC	0.1
AGCTACAG	0.1
AGCTACAT	0.1
AGCTACCA	0.1
AGCTACCC	0.09
AGCTACCG	0.1
AGCTACCT	0.11
AGCTACGA	0.1
AGCTACGC	0.09
AGCTACGG	0.11
AGCTACTA	0.12
AGCTACTC	0.1
AGCTACTG	0.1
AGCTAGAA	0.1
AGCTAGAC	0.1
AGCTAGAG	0.1
AGCTAGAT	0.1
AGCTAGCA	0.09
AGCTAGCC	0.08
AGCTAGCG	0.11
AGCTAGCT	0.09
AGCTAGGA	0.11
AGCTAGGC	0.09
AGCTAGGG	0.1
AGCTAGTA	0.08
AGCTAGTC	0.09
AGCTAGTG	0.09
AGCTATAA	0.09
AGCTATAC	0.09
AGCTATAG	0.1
AGCTATAT	0.1
AGCTATCA	0.1
AGCTATCC	0.11
AGCTATCG	0.11
AGCTATGA	0.09
AGCTATGC	0.09
AGCTATGG	0.09
AGCTATTA	0.11
AGCTATTC	0.1
AGCTATTG	0.11
AGCTCAAA	0.1
AGCTCAAC	0.09
AGCTCAAG	0.1
AGCTCAAT	0.09
AGCTCACA	0.1
AGCTCACC	0.1
AGCTCACG	0.09
AGCTCACT	0.09
AGCTCAGA	0.09
AGCTCAGC	0.09
AGCTCAGG	0.09
AGCTCATA	0.11
AGCTCATC	0.1
AGCTCATG	0.09
AGCTCCAA	0.11
AGCTCCAC	0.09
AGCTCCAG	0.08
AGCTCCAT	0.1
AGCTCCCA	0.09
AGCTCCCC	0.09
AGCTCCCG	0.1
AGCTCCCT	0.09
AGCTCCGA	0.08
AGCTCCGC	0.1
AGCTCCGG	0.12
AGCTCCTA	0.09
AGCTCCTC	0.08
AGCTCCTG	0.08
AGCTCGAA	0.11
AGCTCGAC	0.09
AGCTCGAG	0.1
AGCTCGAT	0.09
AGCTCGCA	0.11
AGCTCGCC	0.1
AGCTCGCG	0.1
AGCTCGGA	0.1
AGCTCGGC	0.09
AGCTCGGG	0.1
AGCTCGTA	0.09
AGCTCGTC	0.1
AGCTCGTG	0.1
AGCTCTAA	0.1
AGCTCTAC	0.09
AGCTCTAG	0.08
AGCTCTAT	0.09
AGCTCTCA	0.09
AGCTCTCC	0.09
AGCTCTCG	0.1
AGCTCTGA	0.09
AGCTCTGC	0.09
AGCTCTGG	0.1
AGCTCTTA	0.09
AGCTCTTC	0.11
AGCTCTTG	0.11
AGCTGAAA	0.11
AGCTGAAC	0.1
AGCTGAAG	0.09
AGCTGAAT	0.11
AGCTGACA	0.09
AGCTGACC	0.09
AGCTGACG	0.09
AGCTGACT	0.1
AGCTGAGA	0.11
AGCTGAGC	0.09
AGCTGAGG	0.1
AGCTGATA	0.11
AGCTGATC	0.1
AGCTGATG	0.1
AGCTGCAA	0.1
AGCTGCAC	0.1
AGCTGCAG	0.09
AGCTGCAT	0.09
AGCTGCCA	0.09
AGCTGCCC	0.11
AGCTGCCG	0.1
AGCTGCCT	0.09
AGCTGCGA	0.09
AGCTGCGC	0.1
AGCTGCGG	0.1
AGCTGCTA	0.09
AGCTGCTC	0.09
AGCTGCTG	0.1
AGCTGGAA	0.11
AGCTGGAC	0.09
AGCTGGAG	0.1
AGCTGGAT	0.1
AGCTGGCA	0.09
AGCTGGCC	0.11
AGCTGGCG	0.1
AGCTGGGA	0.09
AGCTGGGC	0.1
AGCTGGGG	0.11
AGCTGGTA	0.1
AGCTGGTC	0.09
AGCTGGTG	0.1
AGCTGTAA	0.11
AGCTGTAC	0.1
AGCTGTAG	0.1
AGCTGTAT	0.1
AGCTGTCA	0.08
AGCTGTCC	0.1
AGCTGTCG	0.1
AGCTGTGA	0.1
AGCTGTGC	0.1
AGCTGTGG	0.09
AGCTGTTA	0.1
AGCTGTTC	0.09
AGCTGTTG	0.1
AGCTTAAA	0.1
AGCTTAAC	0.1
AGCTTAAG	0.09
AGCTTAAT	0.1
AGCTTACA	0.1
AGCTTACC	0.1
AGCTTACG	0.09
AGCTTACT	0.1
AGCTTAGA	0.09
AGCTTAGC	0.09
AGCTTAGG	0.11
AGCTTATA	0.11
AGCTTATC	0.11
AGCTTATG	0.08
AGCTTCAA	0.11
AGCTTCAC	0.1
AGCTTCAG	0.1
AGCTTCAT	0.12
AGCTTCCA	0.11
AGCTTCCC	0.12
AGCTTCCG	0.4
AGCTTCCT	0.25
AGCTTCGA	0.1
AGCTTCGC	0.09
AGCTTCGG	0.1
AGCTTCTA	0.1
AGCTTCTC	0.1
AGCTTCTG	0.11
AGCTTGAA	0.12
AGCTTGAC	0.09
AGCTTGAG	0.1
AGCTTGAT	0.09
AGCTTGCA	0.09
AGCTTGCC	0.08
AGCTTGCG	0.09
AGCTTGGA	0.11
AGCTTGGC	0.09
AGCTTGGG	0.11
AGCTTGTA	0.1
AGCTTGTC	0.09
AGCTTGTG	0.1
AGCTTTAA	0.11
AGCTTTAC	0.09
AGCTTTAG	0.1
AGCTTTAT	0.09
AGCTTTCA	0.1
AGCTTTCC	0.11
AGCTTTCG	0.09
AGCTTTGA	0.1
AGCTTTGC	0.1
AGCTTTGG	0.09
AGCTTTTA	0.1
AGCTTTTC	0.11
AGCTTTTG	0.11
AGGAAAAA	0.15
AGGAAAAC	0.16
AGGAAAAG	0.17
AGGAAAAT	0.14
AGGAAACA	0.25
AGGAAACC	0.22
AGGAAACG	0.3
AGGAAACT	0.22
AGGAAAGA	0.14
AGGAAAGC	0.14
AGGAAAGG	0.16
AGGAAATA	0.39
AGGAAATC	0.32
AGGAAATG	0.34
AGGAACAA	0.12
AGGAACAC	0.12
AGGAACAG	0.1
AGGAACAT	0.1
AGGAACCA	0.1
AGGAACCC	0.11
AGGAACCG	0.12
AGGAACCT	0.11
AGGAACGA	0.12
AGGAACGC	0.1
AGGAACGG	0.12
AGGAACTA	0.15
AGGAACTC	0.13
AGGAACTG	0.15
AGGAAGAA	0.15
AGGAAGAC	0.16
AGGAAGAG	0.21
AGGAAGAT	0.17
AGGAAGCA	0.24
AGGAAGCC	0.19
AGGAAGCG	0.28
AGGAAGGA	0.16
AGGAAGGC	0.11
AGGAAGGG	0.16
AGGAAGTA	0.46
AGGAAGTC	0.3
AGGAAGTG	0.51
AGGAATAA	0.11
AGGAATAC	0.1
AGGAATAG	0.11
AGGAATAT	0.13
AGGAATCA	0.13
AGGAATCC	0.11
AGGAATCG	0.1
AGGAATGA	0.12
AGGAATGC	0.1
AGGAATGG	0.1
AGGAATTA	0.12
AGGAATTC	0.1
AGGAATTG	0.14
AGGACAAA	0.11
AGGACAAC	0.1
AGGACAAG	0.09
AGGACAAT	0.11
AGGACACA	0.12
AGGACACC	0.11
AGGACACG	0.11
AGGACACT	0.1
AGGACAGA	0.11
AGGACAGC	0.1
AGGACAGG	0.11
AGGACATA	0.13
AGGACATC	0.12
AGGACATG	0.11
AGGACCAA	0.09
AGGACCAC	0.09
AGGACCAG	0.09
AGGACCAT	0.09
AGGACCCA	0.12
AGGACCCC	0.1
AGGACCCG	0.09
AGGACCCT	0.09
AGGACCGA	0.11
AGGACCGC	0.1
AGGACCGG	0.12
AGGACCTA	0.1
AGGACCTC	0.09
AGGACCTG	0.09
AGGACGAA	0.11
AGGACGAC	0.09
AGGACGAG	0.11
AGGACGAT	0.1
AGGACGCA	0.1
AGGACGCC	0.11
AGGACGCG	0.12
AGGACGGA	0.15
AGGACGGC	0.09
AGGACGGG	0.11
AGGACGTA	0.14
AGGACGTC	0.13
AGGACGTG	0.14
AGGACTAA	0.1
AGGACTAC	0.1
AGGACTAG	0.1
AGGACTAT	0.1
AGGACTCA	0.09
AGGACTCC	0.09
AGGACTCG	0.09
AGGACTGA	0.1
AGGACTGC	0.08
AGGACTGG	0.11
AGGACTTA	0.09
AGGACTTC	0.11
AGGACTTG	0.09
AGGAGAAA	0.12
AGGAGAAC	0.1
AGGAGAAG	0.1
AGGAGAAT	0.11
AGGAGACA	0.09
AGGAGACC	0.1
AGGAGACG	0.09
AGGAGACT	0.09
AGGAGAGA	0.1
AGGAGAGC	0.09
AGGAGAGG	0.1
AGGAGATA	0.1
AGGAGATC	0.1
AGGAGATG	0.13
AGGAGCAA	0.09
AGGAGCAC	0.1
AGGAGCAG	0.09
AGGAGCAT	0.09
AGGAGCCA	0.09
AGGAGCCC	0.09
AGGAGCCG	0.1
AGGAGCCT	0.09
AGGAGCGA	0.11
AGGAGCGC	0.1
AGGAGCGG	0.1
AGGAGCTA	0.08
AGGAGCTC	0.09
AGGAGCTG	0.1
AGGAGGAA	0.15
AGGAGGAC	0.11
AGGAGGAG	0.11
AGGAGGAT	0.15
AGGAGGCA	0.09
AGGAGGCC	0.08
AGGAGGCG	0.1
AGGAGGGA	0.1
AGGAGGGC	0.1
AGGAGGGG	0.11
AGGAGGTA	0.12
AGGAGGTC	0.1
AGGAGGTG	0.11
AGGAGTAA	0.11
AGGAGTAC	0.11
AGGAGTAG	0.11
AGGAGTAT	0.09
AGGAGTCA	0.1
AGGAGTCC	0.09
AGGAGTCG	0.09
AGGAGTGA	0.12
AGGAGTGC	0.09
AGGAGTGG	0.09
AGGAGTTA	0.11
AGGAGTTC	0.1
AGGAGTTG	0.09
AGGATAAA	0.14
AGGATAAC	0.12
AGGATAAG	0.12
AGGATAAT	0.1
AGGATACA	0.17
AGGATACC	0.16
AGGATACG	0.17
AGGATACT	0.14
AGGATAGA	0.12
AGGATAGC	0.11
AGGATAGG	0.12
AGGATATA	0.19
AGGATATC	0.17
AGGATATG	0.25
AGGATCAA	0.12
AGGATCAC	0.11
AGGATCAG	0.1
AGGATCAT	0.1
AGGATCCA	0.11
AGGATCCC	0.09
AGGATCCG	0.12
AGGATCCT	0.11
AGGATCGA	0.1
AGGATCGC	0.1
AGGATCGG	0.11
AGGATCTA	0.11
AGGATCTC	0.09
AGGATCTG	0.1
AGGATGAA	0.13
AGGATGAC	0.12
AGGATGAG	0.12
AGGATGAT	0.13
AGGATGCA	0.15
AGGATGCC	0.15
AGGATGCG	0.17
AGGATGGA	0.13
AGGATGGC	0.12
AGGATGGG	0.13
AGGATGTA	0.24
AGGATGTC	0.24
AGGATGTG	0.3
AGGATTAA	0.13
AGGATTAC	0.1
AGGATTAG	0.13
AGGATTAT	0.1
AGGATTCA	0.1
AGGATTCC	0.11
AGGATTCG	0.09
AGGATTGA	0.13
AGGATTGC	0.09
AGGATTGG	0.09
AGGATTTA	0.12
AGGATTTC	0.11
AGGATTTG	0.11
AGGCAAAA	0.1
AGGCAAAC	0.09
AGGCAAAG	0.12
AGGCAAAT	0.12
AGGCAACA	0.1
AGGCAACC	0.11
AGGCAACG	0.11
AGGCAACT	0.12
AGGCAAGA	0.11
AGGCAAGC	0.09
AGGCAAGG	0.1
AGGCAATA	0.11
AGGCAATC	0.1
AGGCAATG	0.11
AGGCACAA	0.11
AGGCACAC	0.09
AGGCACAG	0.1
AGGCACAT	0.11
AGGCACCA	0.09
AGGCACCC	0.1
AGGCACCG	0.11
AGGCACCT	0.09
AGGCACGA	0.1
AGGCACGC	0.1
AGGCACGG	0.09
AGGCACTA	0.1
AGGCACTC	0.1
AGGCACTG	0.1
AGGCAGAA	0.09
AGGCAGAC	0.09
AGGCAGAG	0.11
AGGCAGAT	0.09
AGGCAGCA	0.11
AGGCAGCC	0.1
AGGCAGCG	0.09
AGGCAGGA	0.17
AGGCAGGC	0.09
AGGCAGGG	0.1
AGGCAGTA	0.1
AGGCAGTC	0.09
AGGCAGTG	0.11
AGGCATAA	0.1
AGGCATAC	0.1
AGGCATAG	0.1
AGGCATAT	0.1
AGGCATCA	0.1
AGGCATCC	0.12
AGGCATCG	0.1
AGGCATGA	0.09
AGGCATGC	0.09
AGGCATGG	0.11
AGGCATTA	0.1
AGGCATTC	0.12
AGGCATTG	0.1
AGGCCAAA	0.12
AGGCCAAC	0.09
AGGCCAAG	0.1
AGGCCAAT	0.09
AGGCCACA	0.09
AGGCCACC	0.1
AGGCCACG	0.09
AGGCCACT	0.08
AGGCCAGA	0.1
AGGCCAGC	0.1
AGGCCAGG	0.1
AGGCCATA	0.1
AGGCCATC	0.11
AGGCCATG	0.1
AGGCCCAA	0.11
AGGCCCAC	0.1
AGGCCCAG	0.11
AGGCCCAT	0.1
AGGCCCCA	0.09
AGGCCCCC	0.1
AGGCCCCG	0.09
AGGCCCCT	0.09
AGGCCCGA	0.09
AGGCCCGC	0.1
AGGCCCGG	0.1
AGGCCCTA	0.11
AGGCCCTC	0.1
AGGCCCTG	0.09
AGGCCGAA	0.1
AGGCCGAC	0.09
AGGCCGAG	0.1
AGGCCGAT	0.1
AGGCCGCA	0.09
AGGCCGCC	0.1
AGGCCGCG	0.1
AGGCCGGA	0.17
AGGCCGGC	0.11
AGGCCGGG	0.1
AGGCCGTA	0.1
AGGCCGTC	0.1
AGGCCGTG	0.1
AGGCCTAA	0.1
AGGCCTAC	0.09
AGGCCTAG	0.09
AGGCCTAT	0.1
AGGCCTCA	0.09
AGGCCTCC	0.1
AGGCCTCG	0.09
AGGCCTGA	0.09
AGGCCTGC	0.07
AGGCCTGG	0.08
AGGCCTTA	0.08
AGGCCTTC	0.1
AGGCCTTG	0.09
AGGCGAAA	0.1
AGGCGAAC	0.11
AGGCGAAG	0.09
AGGCGAAT	0.1
AGGCGACA	0.09
AGGCGACC	0.11
AGGCGACG	0.1
AGGCGACT	0.1
AGGCGAGA	0.11
AGGCGAGC	0.11
AGGCGAGG	0.11
AGGCGATA	0.1
AGGCGATC	0.09
AGGCGATG	0.09
AGGCGCAA	0.11
AGGCGCAC	0.09
AGGCGCAG	0.09
AGGCGCAT	0.11
AGGCGCCA	0.09
AGGCGCCC	0.09
AGGCGCCG	0.09
AGGCGCCT	0.09
AGGCGCGA	0.1
AGGCGCGC	0.09
AGGCGCGG	0.09
AGGCGCTA	0.12
AGGCGCTC	0.1
AGGCGCTG	0.1
AGGCGGAA	0.32
AGGCGGAC	0.12
AGGCGGAG	0.11
AGGCGGAT	0.18
AGGCGGCA	0.09
AGGCGGCC	0.09
AGGCGGCG	0.11
AGGCGGGA	0.11
AGGCGGGC	0.11
AGGCGGGG	0.11
AGGCGGTA	0.1
AGGCGGTC	0.1
AGGCGGTG	0.09
AGGCGTAA	0.11
AGGCGTAC	0.1
AGGCGTAG	0.09
AGGCGTAT	0.1
AGGCGTCA	0.09
AGGCGTCC	0.1
AGGCGTCG	0.09
AGGCGTGA	0.09
AGGCGTGC	0.09
AGGCGTGG	0.09
AGGCGTTA	0.1
AGGCGTTC	0.09
AGGCGTTG	0.09
AGGCTAAA	0.09
AGGCTAAC	0.1
AGGCTAAG	0.09
AGGCTAAT	0.11
AGGCTACA	0.1
AGGCTACC	0.1
AGGCTACG	0.1
AGGCTACT	0.11
AGGCTAGA	0.09
AGGCTAGC	0.08
AGGCTAGG	0.1
AGGCTATA	0.11
AGGCTATC	0.1
AGGCTATG	0.09
AGGCTCAA	0.1
AGGCTCAC	0.09
AGGCTCAG	0.08
AGGCTCAT	0.1
AGGCTCCA	0.09
AGGCTCCC	0.08
AGGCTCCG	0.1
AGGCTCGA	0.09
AGGCTCGC	0.1
AGGCTCGG	0.12
AGGCTCTA	0.09
AGGCTCTC	0.09
AGGCTCTG	0.09
AGGCTGAA	0.1
AGGCTGAC	0.1
AGGCTGAG	0.09
AGGCTGAT	0.1
AGGCTGCA	0.08
AGGCTGCC	0.09
AGGCTGCG	0.11
AGGCTGGA	0.09
AGGCTGGC	0.09
AGGCTGGG	0.1
AGGCTGTA	0.1
AGGCTGTC	0.1
AGGCTGTG	0.1
AGGCTTAA	0.09
AGGCTTAC	0.11
AGGCTTAG	0.1
AGGCTTAT	0.1
AGGCTTCA	0.1
AGGCTTCC	0.12
AGGCTTCG	0.11
AGGCTTGA	0.1
AGGCTTGC	0.09
AGGCTTGG	0.1
AGGCTTTA	0.13
AGGCTTTC	0.11
AGGCTTTG	0.09
AGGGAAAA	0.12
AGGGAAAC	0.14
AGGGAAAG	0.1
AGGGAAAT	0.16
AGGGAACA	0.1
AGGGAACC	0.1
AGGGAACG	0.1
AGGGAACT	0.11
AGGGAAGA	0.12
AGGGAAGC	0.13
AGGGAAGG	0.12
AGGGAATA	0.12
AGGGAATC	0.1
AGGGAATG	0.1
AGGGACAA	0.1
AGGGACAC	0.1
AGGGACAG	0.09
AGGGACAT	0.11
AGGGACCA	0.1
AGGGACCC	0.09
AGGGACCG	0.1
AGGGACCT	0.11
AGGGACGA	0.11
AGGGACGC	0.09
AGGGACGG	0.1
AGGGACTA	0.11
AGGGACTC	0.09
AGGGACTG	0.09
AGGGAGAA	0.1
AGGGAGAC	0.09
AGGGAGAG	0.11
AGGGAGAT	0.09
AGGGAGCA	0.11
AGGGAGCC	0.09
AGGGAGCG	0.1
AGGGAGGA	0.1
AGGGAGGC	0.11
AGGGAGGG	0.1
AGGGAGTA	0.11
AGGGAGTC	0.1
AGGGAGTG	0.09
AGGGATAA	0.1
AGGGATAC	0.1
AGGGATAG	0.09
AGGGATAT	0.13
AGGGATCA	0.1
AGGGATCC	0.09
AGGGATCG	0.1
AGGGATGA	0.09
AGGGATGC	0.12
AGGGATGG	0.12
AGGGATTA	0.11
AGGGATTC	0.1
AGGGATTG	0.1
AGGGCAAA	0.1
AGGGCAAC	0.1
AGGGCAAG	0.11
AGGGCAAT	0.11
AGGGCACA	0.1
AGGGCACC	0.11
AGGGCACG	0.09
AGGGCACT	0.09
AGGGCAGA	0.08
AGGGCAGC	0.1
AGGGCAGG	0.09
AGGGCATA	0.1
AGGGCATC	0.09
AGGGCATG	0.09
AGGGCCAA	0.09
AGGGCCAC	0.09
AGGGCCAG	0.09
AGGGCCAT	0.09
AGGGCCCA	0.09
AGGGCCCC	0.08
AGGGCCCG	0.08
AGGGCCCT	0.09
AGGGCCGA	0.12
AGGGCCGC	0.09
AGGGCCGG	0.12
AGGGCCTA	0.09
AGGGCCTC	0.1
AGGGCCTG	0.09
AGGGCGAA	0.09
AGGGCGAC	0.09
AGGGCGAG	0.1
AGGGCGAT	0.1
AGGGCGCA	0.09
AGGGCGCC	0.09
AGGGCGCG	0.1
AGGGCGGA	0.15
AGGGCGGC	0.09
AGGGCGGG	0.1
AGGGCGTA	0.08
AGGGCGTC	0.1
AGGGCGTG	0.09
AGGGCTAA	0.1
AGGGCTAC	0.11
AGGGCTAG	0.11
AGGGCTAT	0.09
AGGGCTCA	0.1
AGGGCTCC	0.1
AGGGCTCG	0.09
AGGGCTGA	0.11
AGGGCTGC	0.11
AGGGCTGG	0.1
AGGGCTTA	0.09
AGGGCTTC	0.09
AGGGCTTG	0.11
AGGGGAAA	0.14
AGGGGAAC	0.12
AGGGGAAG	0.17
AGGGGAAT	0.12
AGGGGACA	0.11
AGGGGACC	0.08
AGGGGACG	0.1
AGGGGACT	0.1
AGGGGAGA	0.09
AGGGGAGC	0.09
AGGGGAGG	0.11
AGGGGATA	0.12
AGGGGATC	0.11
AGGGGATG	0.13
AGGGGCAA	0.1
AGGGGCAC	0.1
AGGGGCAG	0.1
AGGGGCAT	0.1
AGGGGCCA	0.1
AGGGGCCC	0.09
AGGGGCCG	0.09
AGGGGCGA	0.09
AGGGGCGC	0.09
AGGGGCGG	0.1
AGGGGCTA	0.1
AGGGGCTC	0.1
AGGGGCTG	0.1
AGGGGGAA	0.13
AGGGGGAC	0.09
AGGGGGAG	0.11
AGGGGGAT	0.12
AGGGGGCA	0.11
AGGGGGCC	0.1
AGGGGGCG	0.12
AGGGGGGA	0.14
AGGGGGGC	0.1
AGGGGGGG	0.11
AGGGGGTA	0.11
AGGGGGTC	0.11
AGGGGGTG	0.1
AGGGGTAA	0.11
AGGGGTAC	0.11
AGGGGTAG	0.11
AGGGGTAT	0.11
AGGGGTCA	0.11
AGGGGTCC	0.08
AGGGGTCG	0.09
AGGGGTGA	0.09
AGGGGTGC	0.1
AGGGGTGG	0.11
AGGGGTTA	0.09
AGGGGTTC	0.09
AGGGGTTG	0.1
AGGGTAAA	0.1
AGGGTAAC	0.1
AGGGTAAG	0.11
AGGGTAAT	0.1
AGGGTACA	0.1
AGGGTACC	0.1
AGGGTACG	0.1
AGGGTACT	0.09
AGGGTAGA	0.11
AGGGTAGC	0.09
AGGGTAGG	0.1
AGGGTATA	0.1
AGGGTATC	0.1
AGGGTATG	0.11
AGGGTCAA	0.11
AGGGTCAC	0.09
AGGGTCAG	0.1
AGGGTCAT	0.1
AGGGTCCA	0.1
AGGGTCCC	0.1
AGGGTCCG	0.1
AGGGTCGA	0.11
AGGGTCGC	0.1
AGGGTCGG	0.1
AGGGTCTA	0.1
AGGGTCTC	0.11
AGGGTCTG	0.08
AGGGTGAA	0.11
AGGGTGAC	0.11
AGGGTGAG	0.1
AGGGTGAT	0.11
AGGGTGCA	0.09
AGGGTGCC	0.09
AGGGTGCG	0.1
AGGGTGGA	0.11
AGGGTGGC	0.09
AGGGTGGG	0.11
AGGGTGTA	0.1
AGGGTGTC	0.1
AGGGTGTG	0.11
AGGGTTAA	0.09
AGGGTTAC	0.09
AGGGTTAG	0.1
AGGGTTAT	0.1
AGGGTTCA	0.11
AGGGTTCC	0.1
AGGGTTCG	0.1
AGGGTTGA	0.1
AGGGTTGC	0.1
AGGGTTGG	0.11
AGGGTTTA	0.1
AGGGTTTC	0.11
AGGGTTTG	0.1
AGGTAAAA	0.11
AGGTAAAC	0.1
AGGTAAAG	0.1
AGGTAAAT	0.1
AGGTAACA	0.11
AGGTAACC	0.09
AGGTAACG	0.11
AGGTAACT	0.1
AGGTAAGA	0.1
AGGTAAGC	0.1
AGGTAAGG	0.12
AGGTAATA	0.13
AGGTAATC	0.1
AGGTAATG	0.1
AGGTACAA	0.12
AGGTACAC	0.1
AGGTACAG	0.11
AGGTACAT	0.1
AGGTACCA	0.1
AGGTACCC	0.09
AGGTACCG	0.1
AGGTACCT	0.08
AGGTACGA	0.09
AGGTACGC	0.09
AGGTACGG	0.1
AGGTACTA	0.1
AGGTACTC	0.09
AGGTACTG	0.11
AGGTAGAA	0.11
AGGTAGAC	0.1
AGGTAGAG	0.11
AGGTAGAT	0.1
AGGTAGCA	0.09
AGGTAGCC	0.1
AGGTAGCG	0.09
AGGTAGGA	0.12
AGGTAGGC	0.1
AGGTAGGG	0.1
AGGTAGTA	0.12
AGGTAGTC	0.11
AGGTAGTG	0.09
AGGTATAA	0.11
AGGTATAC	0.1
AGGTATAG	0.11
AGGTATAT	0.11
AGGTATCA	0.11
AGGTATCC	0.13
AGGTATCG	0.1
AGGTATGA	0.1
AGGTATGC	0.1
AGGTATGG	0.11
AGGTATTA	0.11
AGGTATTC	0.1
AGGTATTG	0.09
AGGTCAAA	0.1
AGGTCAAC	0.09
AGGTCAAG	0.1
AGGTCAAT	0.11
AGGTCACA	0.09
AGGTCACC	0.09
AGGTCACG	0.09
AGGTCACT	0.1
AGGTCAGA	0.09
AGGTCAGC	0.1
AGGTCAGG	0.1
AGGTCATA	0.11
AGGTCATC	0.1
AGGTCATG	0.09
AGGTCCAA	0.1
AGGTCCAC	0.09
AGGTCCAG	0.1
AGGTCCAT	0.1
AGGTCCCA	0.1
AGGTCCCC	0.08
AGGTCCCG	0.11
AGGTCCGA	0.09
AGGTCCGC	0.1
AGGTCCGG	0.11
AGGTCCTA	0.09
AGGTCCTC	0.1
AGGTCCTG	0.1
AGGTCGAA	0.09
AGGTCGAC	0.1
AGGTCGAG	0.09
AGGTCGAT	0.09
AGGTCGCA	0.09
AGGTCGCC	0.1
AGGTCGCG	0.1
AGGTCGGA	0.11
AGGTCGGC	0.1
AGGTCGGG	0.1
AGGTCGTA	0.1
AGGTCGTC	0.1
AGGTCGTG	0.09
AGGTCTAA	0.09
AGGTCTAC	0.09
AGGTCTAG	0.1
AGGTCTAT	0.09
AGGTCTCA	0.1
AGGTCTCC	0.1
AGGTCTCG	0.1
AGGTCTGA	0.1
AGGTCTGC	0.1
AGGTCTGG	0.09
AGGTCTTA	0.1
AGGTCTTC	0.09
AGGTCTTG	0.11
AGGTGAAA	0.11
AGGTGAAC	0.09
AGGTGAAG	0.1
AGGTGAAT	0.11
AGGTGACA	0.09
AGGTGACC	0.09
AGGTGACG	0.09
AGGTGACT	0.11
AGGTGAGA	0.11
AGGTGAGC	0.1
AGGTGAGG	0.09
AGGTGATA	0.1
AGGTGATC	0.1
AGGTGATG	0.09
AGGTGCAA	0.1
AGGTGCAC	0.1
AGGTGCAG	0.11
AGGTGCAT	0.1
AGGTGCCA	0.1
AGGTGCCC	0.09
AGGTGCCG	0.1
AGGTGCGA	0.09
AGGTGCGC	0.09
AGGTGCGG	0.1
AGGTGCTA	0.11
AGGTGCTC	0.09
AGGTGCTG	0.1
AGGTGGAA	0.12
AGGTGGAC	0.1
AGGTGGAG	0.09
AGGTGGAT	0.1
AGGTGGCA	0.1
AGGTGGCC	0.09
AGGTGGCG	0.09
AGGTGGGA	0.11
AGGTGGGC	0.09
AGGTGGGG	0.11
AGGTGGTA	0.12
AGGTGGTC	0.09
AGGTGGTG	0.1
AGGTGTAA	0.1
AGGTGTAC	0.09
AGGTGTAG	0.09
AGGTGTAT	0.1
AGGTGTCA	0.11
AGGTGTCC	0.1
AGGTGTCG	0.09
AGGTGTGA	0.1
AGGTGTGC	0.09
AGGTGTGG	0.09
AGGTGTTA	0.1
AGGTGTTC	0.1
AGGTGTTG	0.1
AGGTTAAA	0.1
AGGTTAAC	0.12
AGGTTAAG	0.1
AGGTTAAT	0.11
AGGTTACA	0.09
AGGTTACC	0.1
AGGTTACG	0.09
AGGTTACT	0.12
AGGTTAGA	0.09
AGGTTAGC	0.1
AGGTTAGG	0.1
AGGTTATA	0.1
AGGTTATC	0.1
AGGTTATG	0.1
AGGTTCAA	0.11
AGGTTCAC	0.09
AGGTTCAG	0.09
AGGTTCAT	0.11
AGGTTCCA	0.11
AGGTTCCC	0.1
AGGTTCCG	0.13
AGGTTCGA	0.09
AGGTTCGC	0.1
AGGTTCGG	0.1
AGGTTCTA	0.1
AGGTTCTC	0.1
AGGTTCTG	0.1
AGGTTGAA	0.1
AGGTTGAC	0.1
AGGTTGAG	0.09
AGGTTGAT	0.09
AGGTTGCA	0.1
AGGTTGCC	0.1
AGGTTGCG	0.09
AGGTTGGA	0.11
AGGTTGGC	0.09
AGGTTGGG	0.1
AGGTTGTA	0.11
AGGTTGTC	0.09
AGGTTGTG	0.1
AGGTTTAA	0.12
AGGTTTAC	0.1
AGGTTTAG	0.1
AGGTTTAT	0.1
AGGTTTCA	0.1
AGGTTTCC	0.13
AGGTTTCG	0.1
AGGTTTGA	0.1
AGGTTTGC	0.09
AGGTTTGG	0.11
AGGTTTTA	0.1
AGGTTTTC	0.11
AGGTTTTG	0.11
AGTAAAAA	0.11
AGTAAAAC	0.1
AGTAAAAG	0.12
AGTAAAAT	0.12
AGTAAACA	0.1
AGTAAACC	0.11
AGTAAACG	0.11
AGTAAACT	0.1
AGTAAAGA	0.13
AGTAAAGC	0.11
AGTAAAGG	0.11
AGTAAATA	0.1
AGTAAATC	0.11
AGTAAATG	0.11
AGTAACAA	0.12
AGTAACAC	0.11
AGTAACAG	0.1
AGTAACAT	0.1
AGTAACCA	0.11
AGTAACCC	0.11
AGTAACCG	0.1
AGTAACGA	0.1
AGTAACGC	0.09
AGTAACGG	0.11
AGTAACTA	0.1
AGTAACTC	0.1
AGTAACTG	0.11
AGTAAGAA	0.12
AGTAAGAC	0.1
AGTAAGAG	0.11
AGTAAGAT	0.11
AGTAAGCA	0.12
AGTAAGCC	0.1
AGTAAGCG	0.11
AGTAAGGA	0.14
AGTAAGGC	0.12
AGTAAGGG	0.13
AGTAAGTA	0.09
AGTAAGTC	0.09
AGTAAGTG	0.11
AGTAATAA	0.1
AGTAATAC	0.1
AGTAATAG	0.1
AGTAATAT	0.11
AGTAATCA	0.1
AGTAATCC	0.1
AGTAATCG	0.1
AGTAATGA	0.11
AGTAATGC	0.1
AGTAATGG	0.1
AGTAATTA	0.12
AGTAATTC	0.12
AGTAATTG	0.1
AGTACAAA	0.1
AGTACAAC	0.1
AGTACAAG	0.09
AGTACAAT	0.11
AGTACACA	0.11
AGTACACC	0.1
AGTACACG	0.08
AGTACACT	0.1
AGTACAGA	0.11
AGTACAGC	0.1
AGTACAGG	0.1
AGTACATA	0.1
AGTACATC	0.11
AGTACATG	0.11
AGTACCAA	0.12
AGTACCAC	0.1
AGTACCAG	0.09
AGTACCAT	0.1
AGTACCCA	0.11
AGTACCCC	0.11
AGTACCCG	0.1
AGTACCGA	0.12
AGTACCGC	0.09
AGTACCGG	0.12
AGTACCTA	0.11
AGTACCTC	0.08
AGTACCTG	0.1
AGTACGAA	0.1
AGTACGAC	0.1
AGTACGAG	0.11
AGTACGAT	0.09
AGTACGCA	0.1
AGTACGCC	0.1
AGTACGCG	0.08
AGTACGGA	0.12
AGTACGGC	0.1
AGTACGGG	0.09
AGTACGTA	0.09
AGTACGTC	0.1
AGTACGTG	0.1
AGTACTAA	0.11
AGTACTAC	0.11
AGTACTAG	0.1
AGTACTAT	0.1
AGTACTCA	0.09
AGTACTCC	0.12
AGTACTCG	0.09
AGTACTGA	0.1
AGTACTGC	0.1
AGTACTGG	0.09
AGTACTTA	0.1
AGTACTTC	0.11
AGTACTTG	0.09
AGTAGAAA	0.12
AGTAGAAC	0.11
AGTAGAAG	0.09
AGTAGAAT	0.12
AGTAGACA	0.1
AGTAGACC	0.09
AGTAGACG	0.11
AGTAGACT	0.11
AGTAGAGA	0.1
AGTAGAGC	0.09
AGTAGAGG	0.11
AGTAGATA	0.11
AGTAGATC	0.1
AGTAGATG	0.11
AGTAGCAA	0.1
AGTAGCAC	0.1
AGTAGCAG	0.09
AGTAGCAT	0.1
AGTAGCCA	0.09
AGTAGCCC	0.09
AGTAGCCG	0.1
AGTAGCGA	0.09
AGTAGCGC	0.1
AGTAGCGG	0.11
AGTAGCTA	0.12
AGTAGCTC	0.1
AGTAGCTG	0.09
AGTAGGAA	0.12
AGTAGGAC	0.1
AGTAGGAG	0.1
AGTAGGAT	0.11
AGTAGGCA	0.11
AGTAGGCC	0.1
AGTAGGCG	0.11
AGTAGGGA	0.1
AGTAGGGC	0.09
AGTAGGGG	0.12
AGTAGGTA	0.11
AGTAGGTC	0.1
AGTAGGTG	0.13
AGTAGTAA	0.12
AGTAGTAC	0.11
AGTAGTAG	0.1
AGTAGTAT	0.1
AGTAGTCA	0.09
AGTAGTCC	0.11
AGTAGTCG	0.1
AGTAGTGA	0.1
AGTAGTGC	0.1
AGTAGTGG	0.1
AGTAGTTA	0.09
AGTAGTTC	0.11
AGTAGTTG	0.1
AGTATAAA	0.12
AGTATAAC	0.09
AGTATAAG	0.12
AGTATAAT	0.11
AGTATACA	0.11
AGTATACC	0.1
AGTATACG	0.11
AGTATACT	0.1
AGTATAGA	0.1
AGTATAGC	0.11
AGTATAGG	0.11
AGTATATA	0.11
AGTATATC	0.11
AGTATATG	0.09
AGTATCAA	0.1
AGTATCAC	0.1
AGTATCAG	0.11
AGTATCAT	0.1
AGTATCCA	0.12
AGTATCCC	0.12
AGTATCCG	0.29
AGTATCGA	0.1
AGTATCGC	0.09
AGTATCGG	0.11
AGTATCTA	0.1
AGTATCTC	0.09
AGTATCTG	0.09
AGTATGAA	0.12
AGTATGAC	0.1
AGTATGAG	0.11
AGTATGAT	0.09
AGTATGCA	0.1
AGTATGCC	0.1
AGTATGCG	0.09
AGTATGGA	0.11
AGTATGGC	0.1
AGTATGGG	0.1
AGTATGTA	0.1
AGTATGTC	0.1
AGTATGTG	0.1
AGTATTAA	0.12
AGTATTAC	0.11
AGTATTAG	0.11
AGTATTAT	0.1
AGTATTCA	0.09
AGTATTCC	0.11
AGTATTCG	0.1
AGTATTGA	0.1
AGTATTGC	0.09
AGTATTGG	0.09
AGTATTTA	0.11
AGTATTTC	0.12
AGTATTTG	0.1
AGTCAAAA	0.1
AGTCAAAC	0.09
AGTCAAAG	0.09
AGTCAAAT	0.11
AGTCAACA	0.12
AGTCAACC	0.11
AGTCAACG	0.1
AGTCAACT	0.09
AGTCAAGA	0.11
AGTCAAGC	0.09
AGTCAAGG	0.1
AGTCAATA	0.09
AGTCAATC	0.09
AGTCAATG	0.09
AGTCACAA	0.1
AGTCACAC	0.09
AGTCACAG	0.11
AGTCACAT	0.09
AGTCACCA	0.09
AGTCACCC	0.12
AGTCACCG	0.1
AGTCACGA	0.08
AGTCACGC	0.09
AGTCACGG	0.1
AGTCACTA	0.09
AGTCACTC	0.1
AGTCACTG	0.09
AGTCAGAA	0.11
AGTCAGAC	0.09
AGTCAGAG	0.1
AGTCAGAT	0.1
AGTCAGCA	0.1
AGTCAGCC	0.09
AGTCAGCG	0.09
AGTCAGGA	0.12
AGTCAGGC	0.1
AGTCAGGG	0.1
AGTCAGTA	0.11
AGTCAGTC	0.1
AGTCAGTG	0.1
AGTCATAA	0.11
AGTCATAC	0.1
AGTCATAG	0.1
AGTCATAT	0.12
AGTCATCA	0.1
AGTCATCC	0.11
AGTCATCG	0.1
AGTCATGA	0.1
AGTCATGC	0.09
AGTCATGG	0.09
AGTCATTA	0.11
AGTCATTC	0.11
AGTCATTG	0.09
AGTCCAAA	0.1
AGTCCAAC	0.1
AGTCCAAG	0.1
AGTCCAAT	0.1
AGTCCACA	0.1
AGTCCACC	0.11
AGTCCACG	0.1
AGTCCACT	0.11
AGTCCAGA	0.09
AGTCCAGC	0.1
AGTCCAGG	0.1
AGTCCATA	0.09
AGTCCATC	0.1
AGTCCATG	0.09
AGTCCCAA	0.1
AGTCCCAC	0.1
AGTCCCAG	0.1
AGTCCCAT	0.09
AGTCCCCA	0.09
AGTCCCCC	0.09
AGTCCCCG	0.09
AGTCCCGA	0.09
AGTCCCGC	0.11
AGTCCCGG	0.12
AGTCCCTA	0.09
AGTCCCTC	0.09
AGTCCCTG	0.1
AGTCCGAA	0.1
AGTCCGAC	0.09
AGTCCGAG	0.08
AGTCCGAT	0.1
AGTCCGCA	0.1
AGTCCGCC	0.1
AGTCCGCG	0.09
AGTCCGGA	0.19
AGTCCGGC	0.08
AGTCCGGG	0.11
AGTCCGTA	0.1
AGTCCGTC	0.1
AGTCCGTG	0.1
AGTCCTAA	0.09
AGTCCTAC	0.11
AGTCCTAG	0.1
AGTCCTAT	0.1
AGTCCTCA	0.1
AGTCCTCC	0.09
AGTCCTCG	0.09
AGTCCTGA	0.1
AGTCCTGC	0.09
AGTCCTGG	0.09
AGTCCTTA	0.1
AGTCCTTC	0.09
AGTCCTTG	0.09
AGTCGAAA	0.11
AGTCGAAC	0.1
AGTCGAAG	0.11
AGTCGAAT	0.1
AGTCGACA	0.09
AGTCGACC	0.08
AGTCGACG	0.1
AGTCGACT	0.1
AGTCGAGA	0.1
AGTCGAGC	0.08
AGTCGAGG	0.09
AGTCGATA	0.09
AGTCGATC	0.1
AGTCGATG	0.11
AGTCGCAA	0.1
AGTCGCAC	0.1
AGTCGCAG	0.09
AGTCGCAT	0.1
AGTCGCCA	0.1
AGTCGCCC	0.09
AGTCGCCG	0.1
AGTCGCGA	0.09
AGTCGCGC	0.08
AGTCGCGG	0.09
AGTCGCTA	0.1
AGTCGCTC	0.1
AGTCGCTG	0.08
AGTCGGAA	0.15
AGTCGGAC	0.1
AGTCGGAG	0.09
AGTCGGAT	0.14
AGTCGGCA	0.09
AGTCGGCC	0.09
AGTCGGCG	0.1
AGTCGGGA	0.1
AGTCGGGC	0.09
AGTCGGGG	0.1
AGTCGGTA	0.09
AGTCGGTC	0.09
AGTCGGTG	0.11
AGTCGTAA	0.11
AGTCGTAC	0.07
AGTCGTAG	0.1
AGTCGTAT	0.1
AGTCGTCA	0.11
AGTCGTCC	0.11
AGTCGTCG	0.09
AGTCGTGA	0.1
AGTCGTGC	0.09
AGTCGTGG	0.1
AGTCGTTA	0.09
AGTCGTTC	0.1
AGTCGTTG	0.1
AGTCTAAA	0.11
AGTCTAAC	0.09
AGTCTAAG	0.1
AGTCTAAT	0.1
AGTCTACA	0.09
AGTCTACC	0.09
AGTCTACG	0.1
AGTCTAGA	0.1
AGTCTAGC	0.1
AGTCTAGG	0.09
AGTCTATA	0.11
AGTCTATC	0.1
AGTCTATG	0.1
AGTCTCAA	0.1
AGTCTCAC	0.1
AGTCTCAG	0.1
AGTCTCAT	0.12
AGTCTCCA	0.1
AGTCTCCC	0.1
AGTCTCCG	0.1
AGTCTCGA	0.09
AGTCTCGC	0.1
AGTCTCGG	0.1
AGTCTCTA	0.1
AGTCTCTC	0.1
AGTCTCTG	0.09
AGTCTGAA	0.09
AGTCTGAC	0.08
AGTCTGAG	0.09
AGTCTGAT	0.1
AGTCTGCA	0.08
AGTCTGCC	0.09
AGTCTGCG	0.09
AGTCTGGA	0.1
AGTCTGGC	0.08
AGTCTGGG	0.09
AGTCTGTA	0.09
AGTCTGTC	0.1
AGTCTGTG	0.1
AGTCTTAA	0.11
AGTCTTAC	0.09
AGTCTTAG	0.09
AGTCTTAT	0.09
AGTCTTCA	0.1
AGTCTTCC	0.14
AGTCTTCG	0.09
AGTCTTGA	0.1
AGTCTTGC	0.1
AGTCTTGG	0.1
AGTCTTTA	0.1
AGTCTTTC	0.11
AGTCTTTG	0.09
AGTGAAAA	0.13
AGTGAAAC	0.11
AGTGAAAG	0.12
AGTGAAAT	0.1
AGTGAACA	0.1
AGTGAACC	0.1
AGTGAACG	0.1
AGTGAACT	0.1
AGTGAAGA	0.11
AGTGAAGC	0.11
AGTGAAGG	0.11
AGTGAATA	0.11
AGTGAATC	0.1
AGTGAATG	0.11
AGTGACAA	0.1
AGTGACAC	0.1
AGTGACAG	0.12
AGTGACAT	0.1
AGTGACCA	0.1
AGTGACCC	0.09
AGTGACCG	0.1
AGTGACGA	0.1
AGTGACGC	0.1
AGTGACGG	0.11
AGTGACTA	0.1
AGTGACTC	0.09
AGTGACTG	0.08
AGTGAGAA	0.11
AGTGAGAC	0.1
AGTGAGAG	0.11
AGTGAGAT	0.1
AGTGAGCA	0.1
AGTGAGCC	0.11
AGTGAGCG	0.11
AGTGAGGA	0.12
AGTGAGGC	0.09
AGTGAGGG	0.09
AGTGAGTA	0.13
AGTGAGTC	0.09
AGTGAGTG	0.1
AGTGATAA	0.1
AGTGATAC	0.1
AGTGATAG	0.11
AGTGATAT	0.08
AGTGATCA	0.1
AGTGATCC	0.1
AGTGATCG	0.1
AGTGATGA	0.11
AGTGATGC	0.1
AGTGATGG	0.11
AGTGATTA	0.1
AGTGATTC	0.11
AGTGATTG	0.1
AGTGCAAA	0.1
AGTGCAAC	0.11
AGTGCAAG	0.1
AGTGCAAT	0.1
AGTGCACA	0.09
AGTGCACC	0.1
AGTGCACG	0.08
AGTGCACT	0.1
AGTGCAGA	0.09
AGTGCAGC	0.09
AGTGCAGG	0.1
AGTGCATA	0.09
AGTGCATC	0.1
AGTGCATG	0.09
AGTGCCAA	0.1
AGTGCCAC	0.09
AGTGCCAG	0.1
AGTGCCAT	0.09
AGTGCCCA	0.09
AGTGCCCC	0.1
AGTGCCCG	0.1
AGTGCCGA	0.1
AGTGCCGC	0.09
AGTGCCGG	0.11
AGTGCCTA	0.11
AGTGCCTC	0.09
AGTGCCTG	0.1
AGTGCGAA	0.11
AGTGCGAC	0.1
AGTGCGAG	0.1
AGTGCGAT	0.11
AGTGCGCA	0.11
AGTGCGCC	0.08
AGTGCGCG	0.08
AGTGCGGA	0.12
AGTGCGGC	0.11
AGTGCGGG	0.09
AGTGCGTA	0.11
AGTGCGTC	0.1
AGTGCGTG	0.1
AGTGCTAA	0.11
AGTGCTAC	0.09
AGTGCTAG	0.1
AGTGCTAT	0.1
AGTGCTCA	0.08
AGTGCTCC	0.09
AGTGCTCG	0.08
AGTGCTGA	0.1
AGTGCTGC	0.08
AGTGCTGG	0.1
AGTGCTTA	0.1
AGTGCTTC	0.1
AGTGCTTG	0.1
AGTGGAAA	0.11
AGTGGAAC	0.11
AGTGGAAG	0.13
AGTGGAAT	0.11
AGTGGACA	0.11
AGTGGACC	0.09
AGTGGACG	0.1
AGTGGAGA	0.11
AGTGGAGC	0.1
AGTGGAGG	0.1
AGTGGATA	0.12
AGTGGATC	0.1
AGTGGATG	0.12
AGTGGCAA	0.1
AGTGGCAC	0.09
AGTGGCAG	0.11
AGTGGCAT	0.11
AGTGGCCA	0.09
AGTGGCCC	0.09
AGTGGCCG	0.08
AGTGGCGA	0.09
AGTGGCGC	0.1
AGTGGCGG	0.11
AGTGGCTA	0.09
AGTGGCTC	0.09
AGTGGCTG	0.1
AGTGGGAA	0.12
AGTGGGAC	0.1
AGTGGGAG	0.09
AGTGGGAT	0.12
AGTGGGCA	0.1
AGTGGGCC	0.09
AGTGGGCG	0.1
AGTGGGGA	0.1
AGTGGGGC	0.08
AGTGGGGG	0.11
AGTGGGTA	0.11
AGTGGGTC	0.11
AGTGGGTG	0.1
AGTGGTAA	0.1
AGTGGTAC	0.1
AGTGGTAG	0.1
AGTGGTAT	0.1
AGTGGTCA	0.09
AGTGGTCC	0.09
AGTGGTCG	0.1
AGTGGTGA	0.1
AGTGGTGC	0.11
AGTGGTGG	0.12
AGTGGTTA	0.12
AGTGGTTC	0.1
AGTGGTTG	0.1
AGTGTAAA	0.1
AGTGTAAC	0.09
AGTGTAAG	0.1
AGTGTAAT	0.12
AGTGTACA	0.09
AGTGTACC	0.09
AGTGTACG	0.09
AGTGTAGA	0.09
AGTGTAGC	0.1
AGTGTAGG	0.1
AGTGTATA	0.09
AGTGTATC	0.11
AGTGTATG	0.11
AGTGTCAA	0.11
AGTGTCAC	0.1
AGTGTCAG	0.1
AGTGTCAT	0.1
AGTGTCCA	0.1
AGTGTCCC	0.11
AGTGTCCG	0.12
AGTGTCGA	0.11
AGTGTCGC	0.1
AGTGTCGG	0.11
AGTGTCTA	0.09
AGTGTCTC	0.11
AGTGTCTG	0.1
AGTGTGAA	0.12
AGTGTGAC	0.09
AGTGTGAG	0.11
AGTGTGAT	0.1
AGTGTGCA	0.1
AGTGTGCC	0.1
AGTGTGCG	0.1
AGTGTGGA	0.12
AGTGTGGC	0.1
AGTGTGGG	0.09
AGTGTGTA	0.1
AGTGTGTC	0.1
AGTGTGTG	0.12
AGTGTTAA	0.1
AGTGTTAC	0.1
AGTGTTAG	0.09
AGTGTTAT	0.11
AGTGTTCA	0.1
AGTGTTCC	0.11
AGTGTTCG	0.09
AGTGTTGA	0.1
AGTGTTGC	0.1
AGTGTTGG	0.1
AGTGTTTA	0.11
AGTGTTTC	0.12
AGTGTTTG	0.1
AGTTAAAA	0.12
AGTTAAAC	0.1
AGTTAAAG	0.13
AGTTAAAT	0.11
AGTTAACA	0.1
AGTTAACC	0.11
AGTTAACG	0.12
AGTTAACT	0.09
AGTTAAGA	0.11
AGTTAAGC	0.1
AGTTAAGG	0.1
AGTTAATA	0.11
AGTTAATC	0.09
AGTTAATG	0.12
AGTTACAA	0.1
AGTTACAC	0.08
AGTTACAG	0.11
AGTTACAT	0.11
AGTTACCA	0.1
AGTTACCC	0.1
AGTTACCG	0.11
AGTTACGA	0.11
AGTTACGC	0.1
AGTTACGG	0.1
AGTTACTA	0.1
AGTTACTC	0.1
AGTTACTG	0.11
AGTTAGAA	0.11
AGTTAGAC	0.1
AGTTAGAG	0.11
AGTTAGAT	0.09
AGTTAGCA	0.12
AGTTAGCC	0.09
AGTTAGCG	0.09
AGTTAGGA	0.12
AGTTAGGC	0.11
AGTTAGGG	0.11
AGTTAGTA	0.1
AGTTAGTC	0.1
AGTTAGTG	0.11
AGTTATAA	0.11
AGTTATAC	0.09
AGTTATAG	0.11
AGTTATAT	0.11
AGTTATCA	0.1
AGTTATCC	0.11
AGTTATCG	0.1
AGTTATGA	0.11
AGTTATGC	0.11
AGTTATGG	0.1
AGTTATTA	0.12
AGTTATTC	0.11
AGTTATTG	0.1
AGTTCAAA	0.1
AGTTCAAC	0.11
AGTTCAAG	0.11
AGTTCAAT	0.1
AGTTCACA	0.1
AGTTCACC	0.11
AGTTCACG	0.1
AGTTCAGA	0.1
AGTTCAGC	0.09
AGTTCAGG	0.11
AGTTCATA	0.1
AGTTCATC	0.12
AGTTCATG	0.1
AGTTCCAA	0.12
AGTTCCAC	0.11
AGTTCCAG	0.1
AGTTCCAT	0.11
AGTTCCCA	0.12
AGTTCCCC	0.13
AGTTCCCG	0.12
AGTTCCGA	0.13
AGTTCCGC	0.2
AGTTCCGG	0.4
AGTTCCTA	0.11
AGTTCCTC	0.13
AGTTCCTG	0.22
AGTTCGAA	0.1
AGTTCGAC	0.1
AGTTCGAG	0.1
AGTTCGAT	0.1
AGTTCGCA	0.1
AGTTCGCC	0.09
AGTTCGCG	0.11
AGTTCGGA	0.12
AGTTCGGC	0.11
AGTTCGGG	0.12
AGTTCGTA	0.09
AGTTCGTC	0.09
AGTTCGTG	0.1
AGTTCTAA	0.12
AGTTCTAC	0.1
AGTTCTAG	0.11
AGTTCTAT	0.1
AGTTCTCA	0.11
AGTTCTCC	0.1
AGTTCTCG	0.11
AGTTCTGA	0.1
AGTTCTGC	0.09
AGTTCTGG	0.11
AGTTCTTA	0.1
AGTTCTTC	0.11
AGTTCTTG	0.11
AGTTGAAA	0.1
AGTTGAAC	0.09
AGTTGAAG	0.11
AGTTGAAT	0.11
AGTTGACA	0.12
AGTTGACC	0.1
AGTTGACG	0.11
AGTTGAGA	0.11
AGTTGAGC	0.1
AGTTGAGG	0.11
AGTTGATA	0.12
AGTTGATC	0.11
AGTTGATG	0.11
AGTTGCAA	0.08
AGTTGCAC	0.1
AGTTGCAG	0.1
AGTTGCAT	0.12
AGTTGCCA	0.09
AGTTGCCC	0.1
AGTTGCCG	0.09
AGTTGCGA	0.1
AGTTGCGC	0.1
AGTTGCGG	0.11
AGTTGCTA	0.1
AGTTGCTC	0.09
AGTTGCTG	0.1
AGTTGGAA	0.09
AGTTGGAC	0.09
AGTTGGAG	0.1
AGTTGGAT	0.1
AGTTGGCA	0.09
AGTTGGCC	0.11
AGTTGGCG	0.11
AGTTGGGA	0.1
AGTTGGGC	0.1
AGTTGGGG	0.11
AGTTGGTA	0.1
AGTTGGTC	0.09
AGTTGGTG	0.11
AGTTGTAA	0.1
AGTTGTAC	0.11
AGTTGTAG	0.1
AGTTGTAT	0.11
AGTTGTCA	0.1
AGTTGTCC	0.1
AGTTGTCG	0.11
AGTTGTGA	0.11
AGTTGTGC	0.1
AGTTGTGG	0.11
AGTTGTTA	0.11
AGTTGTTC	0.11
AGTTGTTG	0.1
AGTTTAAA	0.12
AGTTTAAC	0.1
AGTTTAAG	0.11
AGTTTAAT	0.11
AGTTTACA	0.11
AGTTTACC	0.09
AGTTTACG	0.09
AGTTTAGA	0.11
AGTTTAGC	0.12
AGTTTAGG	0.1
AGTTTATA	0.11
AGTTTATC	0.11
AGTTTATG	0.11
AGTTTCAA	0.12
AGTTTCAC	0.1
AGTTTCAG	0.11
AGTTTCAT	0.11
AGTTTCCA	0.11
AGTTTCCC	0.12
AGTTTCCG	0.45
AGTTTCGA	0.09
AGTTTCGC	0.1
AGTTTCGG	0.1
AGTTTCTA	0.11
AGTTTCTC	0.11
AGTTTCTG	0.1
AGTTTGAA	0.12
AGTTTGAC	0.11
AGTTTGAG	0.1
AGTTTGAT	0.12
AGTTTGCA	0.11
AGTTTGCC	0.11
AGTTTGCG	0.11
AGTTTGGA	0.11
AGTTTGGC	0.09
AGTTTGGG	0.11
AGTTTGTA	0.11
AGTTTGTC	0.1
AGTTTGTG	0.11
AGTTTTAA	0.12
AGTTTTAC	0.12
AGTTTTAG	0.1
AGTTTTAT	0.12
AGTTTTCA	0.13
AGTTTTCC	0.14
AGTTTTCG	0.11
AGTTTTGA	0.11
AGTTTTGC	0.11
AGTTTTGG	0.1
AGTTTTTA	0.11
AGTTTTTC	0.12
AGTTTTTG	0.13
ATAAAAAA	0.13
ATAAAAAC	0.11
ATAAAAAG	0.16
ATAAAAAT	0.14
ATAAAACA	0.12
ATAAAACC	0.1
ATAAAACG	0.11
ATAAAAGA	0.11
ATAAAAGC	0.11
ATAAAAGG	0.11
ATAAAATA	0.13
ATAAAATC	0.13
ATAAAATG	0.11
ATAAACAA	0.12
ATAAACAC	0.1
ATAAACAG	0.11
ATAAACAT	0.12
ATAAACCA	0.11
ATAAACCC	0.1
ATAAACCG	0.11
ATAAACGA	0.11
ATAAACGC	0.1
ATAAACGG	0.11
ATAAACTA	0.12
ATAAACTC	0.11
ATAAACTG	0.11
ATAAAGAA	0.12
ATAAAGAC	0.11
ATAAAGAG	0.1
ATAAAGAT	0.11
ATAAAGCA	0.11
ATAAAGCC	0.09
ATAAAGCG	0.13
ATAAAGGA	0.14
ATAAAGGC	0.11
ATAAAGGG	0.1
ATAAAGTA	0.12
ATAAAGTC	0.11
ATAAAGTG	0.11
ATAAATAA	0.13
ATAAATAC	0.13
ATAAATAG	0.09
ATAAATAT	0.12
ATAAATCA	0.11
ATAAATCC	0.13
ATAAATCG	0.11
ATAAATGA	0.11
ATAAATGC	0.1
ATAAATGG	0.1
ATAAATTA	0.11
ATAAATTC	0.11
ATAAATTG	0.11
ATAACAAA	0.12
ATAACAAC	0.11
ATAACAAG	0.12
ATAACAAT	0.11
ATAACACA	0.1
ATAACACC	0.11
ATAACACG	0.09
ATAACAGA	0.13
ATAACAGC	0.1
ATAACAGG	0.11
ATAACATA	0.12
ATAACATC	0.11
ATAACATG	0.1
ATAACCAA	0.13
ATAACCAC	0.11
ATAACCAG	0.1
ATAACCAT	0.11
ATAACCCA	0.1
ATAACCCC	0.1
ATAACCCG	0.11
ATAACCGA	0.11
ATAACCGC	0.1
ATAACCGG	0.13
ATAACCTA	0.1
ATAACCTC	0.1
ATAACCTG	0.11
ATAACGAA	0.1
ATAACGAC	0.1
ATAACGAG	0.09
ATAACGAT	0.11
ATAACGCA	0.11
ATAACGCC	0.1
ATAACGCG	0.1
ATAACGGA	0.13
ATAACGGC	0.13
ATAACGGG	0.1
ATAACGTA	0.1
ATAACGTC	0.11
ATAACGTG	0.09
ATAACTAA	0.12
ATAACTAC	0.12
ATAACTAG	0.1
ATAACTAT	0.1
ATAACTCA	0.1
ATAACTCC	0.11
ATAACTCG	0.1
ATAACTGA	0.11
ATAACTGC	0.1
ATAACTGG	0.09
ATAACTTA	0.09
ATAACTTC	0.12
ATAACTTG	0.09
ATAAGAAA	0.13
ATAAGAAC	0.11
ATAAGAAG	0.11
ATAAGAAT	0.11
ATAAGACA	0.11
ATAAGACC	0.12
ATAAGACG	0.1
ATAAGAGA	0.11
ATAAGAGC	0.1
ATAAGAGG	0.11
ATAAGATA	0.12
ATAAGATC	0.1
ATAAGATG	0.11
ATAAGCAA	0.09
ATAAGCAC	0.1
ATAAGCAG	0.11
ATAAGCAT	0.1
ATAAGCCA	0.11
ATAAGCCC	0.09
ATAAGCCG	0.11
ATAAGCGA	0.11
ATAAGCGC	0.08
ATAAGCGG	0.11
ATAAGCTA	0.09
ATAAGCTC	0.11
ATAAGCTG	0.09
ATAAGGAA	0.13
ATAAGGAC	0.11
ATAAGGAG	0.09
ATAAGGAT	0.13
ATAAGGCA	0.11
ATAAGGCC	0.1
ATAAGGCG	0.09
ATAAGGGA	0.12
ATAAGGGC	0.13
ATAAGGGG	0.11
ATAAGGTA	0.1
ATAAGGTC	0.1
ATAAGGTG	0.12
ATAAGTAA	0.13
ATAAGTAC	0.11
ATAAGTAG	0.11
ATAAGTAT	0.1
ATAAGTCA	0.1
ATAAGTCC	0.11
ATAAGTCG	0.08
ATAAGTGA	0.1
ATAAGTGC	0.11
ATAAGTGG	0.09
ATAAGTTA	0.11
ATAAGTTC	0.12
ATAAGTTG	0.1
ATAATAAA	0.12
ATAATAAC	0.13
ATAATAAG	0.12
ATAATAAT	0.13
ATAATACA	0.12
ATAATACC	0.12
ATAATACG	0.11
ATAATAGA	0.1
ATAATAGC	0.1
ATAATAGG	0.12
ATAATATA	0.11
ATAATATC	0.13
ATAATATG	0.1
ATAATCAA	0.11
ATAATCAC	0.1
ATAATCAG	0.09
ATAATCAT	0.11
ATAATCCA	0.1
ATAATCCC	0.12
ATAATCCG	0.11
ATAATCGA	0.11
ATAATCGC	0.1
ATAATCGG	0.12
ATAATCTA	0.11
ATAATCTC	0.1
ATAATCTG	0.11
ATAATGAA	0.12
ATAATGAC	0.09
ATAATGAG	0.11
ATAATGAT	0.1
ATAATGCA	0.1
ATAATGCC	0.11
ATAATGCG	0.11
ATAATGGA	0.11
ATAATGGC	0.1
ATAATGGG	0.11
ATAATGTA	0.11
ATAATGTC	0.12
ATAATGTG	0.09
ATAATTAA	0.11
ATAATTAC	0.12
ATAATTAG	0.11
ATAATTAT	0.08
ATAATTCA	0.11
ATAATTCC	0.11
ATAATTCG	0.1
ATAATTGA	0.1
ATAATTGC	0.09
ATAATTGG	0.11
ATAATTTA	0.1
ATAATTTC	0.11
ATAATTTG	0.12
ATACAAAA	0.12
ATACAAAC	0.13
ATACAAAG	0.12
ATACAAAT	0.13
ATACAACA	0.11
ATACAACC	0.11
ATACAACG	0.12
ATACAAGA	0.12
ATACAAGC	0.1
ATACAAGG	0.11
ATACAATA	0.11
ATACAATC	0.1
ATACAATG	0.12
ATACACAA	0.1
ATACACAC	0.09
ATACACAG	0.1
ATACACAT	0.09
ATACACCA	0.11
ATACACCC	0.12
ATACACCG	0.11
ATACACGA	0.11
ATACACGC	0.1
ATACACGG	0.1
ATACACTA	0.1
ATACACTC	0.11
ATACACTG	0.1
ATACAGAA	0.12
ATACAGAC	0.11
ATACAGAG	0.1
ATACAGAT	0.11
ATACAGCA	0.12
ATACAGCC	0.1
ATACAGCG	0.09
ATACAGGA	0.22
ATACAGGC	0.1
ATACAGGG	0.1
ATACAGTA	0.1
ATACAGTC	0.1
ATACAGTG	0.12
ATACATAA	0.13
ATACATAC	0.1
ATACATAG	0.1
ATACATAT	0.11
ATACATCA	0.11
ATACATCC	0.15
ATACATCG	0.1
ATACATGA	0.1
ATACATGC	0.09
ATACATGG	0.1
ATACATTA	0.12
ATACATTC	0.1
ATACATTG	0.11
ATACCAAA	0.1
ATACCAAC	0.1
ATACCAAG	0.11
ATACCAAT	0.1
ATACCACA	0.11
ATACCACC	0.09
ATACCACG	0.1
ATACCAGA	0.09
ATACCAGC	0.1
ATACCAGG	0.1
ATACCATA	0.11
ATACCATC	0.12
ATACCATG	0.11
ATACCCAA	0.1
ATACCCAC	0.12
ATACCCAG	0.1
ATACCCAT	0.11
ATACCCCA	0.11
ATACCCCC	0.11
ATACCCCG	0.1
ATACCCGA	0.11
ATACCCGC	0.1
ATACCCGG	0.11
ATACCCTA	0.1
ATACCCTC	0.11
ATACCCTG	0.09
ATACCGAA	0.11
ATACCGAC	0.12
ATACCGAG	0.1
ATACCGAT	0.1
ATACCGCA	0.11
ATACCGCC	0.11
ATACCGCG	0.09
ATACCGGA	0.18
ATACCGGC	0.12
ATACCGGG	0.11
ATACCGTA	0.11
ATACCGTC	0.11
ATACCGTG	0.1
ATACCTAA	0.11
ATACCTAC	0.12
ATACCTAG	0.1
ATACCTAT	0.09
ATACCTCA	0.1
ATACCTCC	0.11
ATACCTCG	0.1
ATACCTGA	0.11
ATACCTGC	0.1
ATACCTGG	0.09
ATACCTTA	0.11
ATACCTTC	0.1
ATACCTTG	0.11
ATACGAAA	0.12
ATACGAAC	0.1
ATACGAAG	0.11
ATACGAAT	0.1
ATACGACA	0.11
ATACGACC	0.1
ATACGACG	0.11
ATACGAGA	0.11
ATACGAGC	0.1
ATACGAGG	0.09
ATACGATA	0.1
ATACGATC	0.1
ATACGATG	0.11
ATACGCAA	0.1
ATACGCAC	0.1
ATACGCAG	0.08
ATACGCAT	0.11
ATACGCCA	0.11
ATACGCCC	0.09
ATACGCCG	0.1
ATACGCGA	0.11
ATACGCGC	0.11
ATACGCGG	0.11
ATACGCTA	0.1
ATACGCTC	0.1
ATACGCTG	0.1
ATACGGAA	0.17
ATACGGAC	0.11
ATACGGAG	0.11
ATACGGAT	0.14
ATACGGCA	0.1
ATACGGCC	0.1
ATACGGCG	0.1
ATACGGGA	0.12
ATACGGGC	0.1
ATACGGGG	0.1
ATACGGTA	0.1
ATACGGTC	0.11
ATACGGTG	0.11
ATACGTAA	0.11
ATACGTAC	0.1
ATACGTAG	0.1
ATACGTAT	0.09
ATACGTCA	0.1
ATACGTCC	0.1
ATACGTCG	0.11
ATACGTGA	0.1
ATACGTGC	0.09
ATACGTGG	0.11
ATACGTTA	0.1
ATACGTTC	0.1
ATACGTTG	0.08
ATACTAAA	0.12
ATACTAAC	0.1
ATACTAAG	0.1
ATACTAAT	0.1
ATACTACA	0.11
ATACTACC	0.1
ATACTACG	0.08
ATACTAGA	0.1
ATACTAGC	0.09
ATACTAGG	0.11
ATACTATA	0.11
ATACTATC	0.1
ATACTATG	0.11
ATACTCAA	0.09
ATACTCAC	0.1
ATACTCAG	0.1
ATACTCAT	0.11
ATACTCCA	0.09
ATACTCCC	0.11
ATACTCCG	0.1
ATACTCGA	0.09
ATACTCGC	0.1
ATACTCGG	0.09
ATACTCTA	0.11
ATACTCTC	0.12
ATACTCTG	0.1
ATACTGAA	0.11
ATACTGAC	0.11
ATACTGAG	0.12
ATACTGAT	0.11
ATACTGCA	0.1
ATACTGCC	0.09
ATACTGCG	0.1
ATACTGGA	0.12
ATACTGGC	0.11
ATACTGGG	0.1
ATACTGTA	0.1
ATACTGTC	0.13
ATACTGTG	0.1
ATACTTAA	0.11
ATACTTAC	0.1
ATACTTAG	0.11
ATACTTCA	0.11
ATACTTCC	0.31
ATACTTCG	0.1
ATACTTGA	0.09
ATACTTGC	0.09
ATACTTGG	0.1
ATACTTTA	0.12
ATACTTTC	0.1
ATACTTTG	0.1
ATAGAAAA	0.11
ATAGAAAC	0.12
ATAGAAAG	0.11
ATAGAAAT	0.11
ATAGAACA	0.1
ATAGAACC	0.1
ATAGAACG	0.1
ATAGAAGA	0.1
ATAGAAGC	0.12
ATAGAAGG	0.1
ATAGAATA	0.12
ATAGAATC	0.11
ATAGAATG	0.1
ATAGACAA	0.1
ATAGACAC	0.09
ATAGACAG	0.11
ATAGACAT	0.11
ATAGACCA	0.1
ATAGACCC	0.1
ATAGACCG	0.09
ATAGACGA	0.1
ATAGACGC	0.09
ATAGACGG	0.12
ATAGACTA	0.1
ATAGACTC	0.1
ATAGACTG	0.1
ATAGAGAA	0.11
ATAGAGAC	0.1
ATAGAGAG	0.1
ATAGAGAT	0.11
ATAGAGCA	0.1
ATAGAGCC	0.09
ATAGAGCG	0.1
ATAGAGGA	0.14
ATAGAGGC	0.1
ATAGAGGG	0.11
ATAGAGTA	0.11
ATAGAGTC	0.1
ATAGAGTG	0.1
ATAGATAA	0.13
ATAGATAC	0.1
ATAGATAG	0.12
ATAGATAT	0.09
ATAGATCA	0.11
ATAGATCC	0.11
ATAGATCG	0.09
ATAGATGA	0.1
ATAGATGC	0.09
ATAGATGG	0.1
ATAGATTA	0.12
ATAGATTC	0.1
ATAGATTG	0.11
ATAGCAAA	0.11
ATAGCAAC	0.1
ATAGCAAG	0.11
ATAGCAAT	0.1
ATAGCACA	0.11
ATAGCACC	0.1
ATAGCACG	0.1
ATAGCAGA	0.12
ATAGCAGC	0.1
ATAGCAGG	0.12
ATAGCATA	0.1
ATAGCATC	0.1
ATAGCATG	0.09
ATAGCCAA	0.11
ATAGCCAC	0.11
ATAGCCAG	0.09
ATAGCCAT	0.09
ATAGCCCA	0.11
ATAGCCCC	0.09
ATAGCCCG	0.1
ATAGCCGA	0.1
ATAGCCGC	0.1
ATAGCCGG	0.1
ATAGCCTA	0.11
ATAGCCTC	0.11
ATAGCCTG	0.1
ATAGCGAA	0.11
ATAGCGAC	0.09
ATAGCGAG	0.11
ATAGCGAT	0.09
ATAGCGCA	0.11
ATAGCGCC	0.1
ATAGCGCG	0.1
ATAGCGGA	0.15
ATAGCGGC	0.1
ATAGCGGG	0.1
ATAGCGTA	0.11
ATAGCGTC	0.09
ATAGCGTG	0.09
ATAGCTAA	0.09
ATAGCTAC	0.1
ATAGCTAG	0.08
ATAGCTAT	0.09
ATAGCTCA	0.1
ATAGCTCC	0.1
ATAGCTCG	0.1
ATAGCTGA	0.09
ATAGCTGC	0.09
ATAGCTGG	0.1
ATAGCTTA	0.1
ATAGCTTC	0.12
ATAGCTTG	0.1
ATAGGAAA	0.19
ATAGGAAC	0.12
ATAGGAAG	0.15
ATAGGAAT	0.12
ATAGGACA	0.1
ATAGGACC	0.09
ATAGGACG	0.11
ATAGGAGA	0.1
ATAGGAGC	0.1
ATAGGAGG	0.1
ATAGGATA	0.13
ATAGGATC	0.11
ATAGGATG	0.14
ATAGGCAA	0.09
ATAGGCAC	0.11
ATAGGCAG	0.11
ATAGGCAT	0.09
ATAGGCCA	0.09
ATAGGCCC	0.09
ATAGGCCG	0.09
ATAGGCGA	0.1
ATAGGCGC	0.1
ATAGGCGG	0.11
ATAGGCTA	0.11
ATAGGCTC	0.12
ATAGGCTG	0.1
ATAGGGAA	0.13
ATAGGGAC	0.09
ATAGGGAG	0.1
ATAGGGAT	0.11
ATAGGGCA	0.1
ATAGGGCC	0.09
ATAGGGCG	0.09
ATAGGGGA	0.1
ATAGGGGC	0.1
ATAGGGGG	0.1
ATAGGGTA	0.11
ATAGGGTC	0.08
ATAGGGTG	0.09
ATAGGTAA	0.1
ATAGGTAC	0.1
ATAGGTAG	0.1
ATAGGTCA	0.1
ATAGGTCC	0.09
ATAGGTCG	0.08
ATAGGTGA	0.09
ATAGGTGC	0.1
ATAGGTGG	0.09
ATAGGTTA	0.12
ATAGGTTC	0.11
ATAGGTTG	0.1
ATAGTAAA	0.09
ATAGTAAC	0.11
ATAGTAAG	0.11
ATAGTAAT	0.11
ATAGTACA	0.1
ATAGTACC	0.09
ATAGTACG	0.09
ATAGTAGA	0.11
ATAGTAGC	0.11
ATAGTAGG	0.11
ATAGTATA	0.1
ATAGTATC	0.12
ATAGTATG	0.11
ATAGTCAA	0.09
ATAGTCAC	0.1
ATAGTCAG	0.09
ATAGTCAT	0.1
ATAGTCCA	0.11
ATAGTCCC	0.1
ATAGTCCG	0.09
ATAGTCGA	0.09
ATAGTCGC	0.1
ATAGTCGG	0.09
ATAGTCTA	0.1
ATAGTCTC	0.1
ATAGTCTG	0.1
ATAGTGAA	0.1
ATAGTGAC	0.1
ATAGTGAG	0.1
ATAGTGAT	0.1
ATAGTGCA	0.09
ATAGTGCC	0.09
ATAGTGCG	0.11
ATAGTGGA	0.09
ATAGTGGC	0.09
ATAGTGGG	0.11
ATAGTGTA	0.1
ATAGTGTC	0.1
ATAGTGTG	0.11
ATAGTTAA	0.1
ATAGTTAC	0.11
ATAGTTAG	0.1
ATAGTTCA	0.1
ATAGTTCC	0.13
ATAGTTCG	0.1
ATAGTTGA	0.11
ATAGTTGC	0.1
ATAGTTGG	0.1
ATAGTTTA	0.11
ATAGTTTC	0.11
ATAGTTTG	0.1
ATATAAAA	0.12
ATATAAAC	0.1
ATATAAAG	0.12
ATATAAAT	0.12
ATATAACA	0.11
ATATAACC	0.11
ATATAACG	0.1
ATATAAGA	0.13
ATATAAGC	0.11
ATATAAGG	0.13
ATATAATA	0.12
ATATAATC	0.11
ATATAATG	0.1
ATATACAA	0.11
ATATACAC	0.1
ATATACAG	0.11
ATATACAT	0.1
ATATACCA	0.11
ATATACCC	0.13
ATATACCG	0.11
ATATACGA	0.1
ATATACGC	0.1
ATATACGG	0.12
ATATACTA	0.11
ATATACTC	0.09
ATATACTG	0.12
ATATAGAA	0.1
ATATAGAC	0.11
ATATAGAG	0.1
ATATAGAT	0.1
ATATAGCA	0.11
ATATAGCC	0.1
ATATAGCG	0.11
ATATAGGA	0.11
ATATAGGC	0.11
ATATAGGG	0.1
ATATAGTA	0.1
ATATAGTC	0.11
ATATAGTG	0.1
ATATATAA	0.12
ATATATAC	0.11
ATATATAG	0.1
ATATATAT	0.11
ATATATCA	0.1
ATATATCC	0.13
ATATATCG	0.1
ATATATGA	0.11
ATATATGC	0.11
ATATATGG	0.11
ATATATTA	0.12
ATATATTC	0.11
ATATATTG	0.11
ATATCAAA	0.12
ATATCAAC	0.12
ATATCAAG	0.14
ATATCAAT	0.1
ATATCACA	0.1
ATATCACC	0.1
ATATCACG	0.1
ATATCAGA	0.14
ATATCAGC	0.1
ATATCAGG	0.12
ATATCATA	0.11
ATATCATC	0.1
ATATCATG	0.1
ATATCCAA	0.12
ATATCCAC	0.12
ATATCCAG	0.11
ATATCCAT	0.12
ATATCCCA	0.13
ATATCCCC	0.13
ATATCCCG	0.15
ATATCCGA	0.16
ATATCCGC	0.47
ATATCCGG	0.73
ATATCCTA	0.14
ATATCCTC	0.17
ATATCCTG	0.39
ATATCGAA	0.11
ATATCGAC	0.11
ATATCGAG	0.1
ATATCGAT	0.11
ATATCGCA	0.09
ATATCGCC	0.12
ATATCGCG	0.11
ATATCGGA	0.12
ATATCGGC	0.11
ATATCGGG	0.09
ATATCGTA	0.1
ATATCGTC	0.1
ATATCGTG	0.11
ATATCTAA	0.12
ATATCTAC	0.11
ATATCTAG	0.11
ATATCTCA	0.11
ATATCTCC	0.11
ATATCTCG	0.12
ATATCTGA	0.1
ATATCTGC	0.09
ATATCTGG	0.12
ATATCTTA	0.12
ATATCTTC	0.12
ATATCTTG	0.1
ATATGAAA	0.11
ATATGAAC	0.1
ATATGAAG	0.1
ATATGAAT	0.12
ATATGACA	0.13
ATATGACC	0.11
ATATGACG	0.12
ATATGAGA	0.1
ATATGAGC	0.1
ATATGAGG	0.11
ATATGATA	0.13
ATATGATC	0.1
ATATGATG	0.11
ATATGCAA	0.13
ATATGCAC	0.1
ATATGCAG	0.1
ATATGCAT	0.11
ATATGCCA	0.09
ATATGCCC	0.1
ATATGCCG	0.11
ATATGCGA	0.09
ATATGCGC	0.1
ATATGCGG	0.11
ATATGCTA	0.09
ATATGCTC	0.09
ATATGCTG	0.1
ATATGGAA	0.11
ATATGGAC	0.1
ATATGGAG	0.13
ATATGGAT	0.12
ATATGGCA	0.09
ATATGGCC	0.1
ATATGGCG	0.1
ATATGGGA	0.1
ATATGGGC	0.1
ATATGGGG	0.1
ATATGGTA	0.1
ATATGGTC	0.1
ATATGGTG	0.1
ATATGTAA	0.09
ATATGTAC	0.11
ATATGTAG	0.1
ATATGTCA	0.1
ATATGTCC	0.11
ATATGTCG	0.1
ATATGTGA	0.11
ATATGTGC	0.1
ATATGTGG	0.1
ATATGTTA	0.12
ATATGTTC	0.1
ATATGTTG	0.09
ATATTAAA	0.14
ATATTAAC	0.1
ATATTAAG	0.11
ATATTAAT	0.13
ATATTACA	0.11
ATATTACC	0.1
ATATTACG	0.13
ATATTAGA	0.12
ATATTAGC	0.11
ATATTAGG	0.11
ATATTATA	0.1
ATATTATC	0.11
ATATTATG	0.12
ATATTCAA	0.12
ATATTCAC	0.11
ATATTCAG	0.09
ATATTCAT	0.1
ATATTCCA	0.11
ATATTCCC	0.11
ATATTCCG	0.13
ATATTCGA	0.1
ATATTCGC	0.11
ATATTCGG	0.09
ATATTCTA	0.1
ATATTCTC	0.11
ATATTCTG	0.1
ATATTGAA	0.11
ATATTGAC	0.11
ATATTGAG	0.12
ATATTGAT	0.12
ATATTGCA	0.11
ATATTGCC	0.11
ATATTGCG	0.11
ATATTGGA	0.12
ATATTGGC	0.11
ATATTGGG	0.1
ATATTGTA	0.11
ATATTGTC	0.12
ATATTGTG	0.1
ATATTTAA	0.12
ATATTTAC	0.1
ATATTTAG	0.11
ATATTTCA	0.11
ATATTTCC	0.33
ATATTTCG	0.11
ATATTTGA	0.09
ATATTTGC	0.1
ATATTTGG	0.12
ATATTTTA	0.13
ATATTTTC	0.12
ATATTTTG	0.13
ATCAAAAA	0.11
ATCAAAAC	0.11
ATCAAAAG	0.11
ATCAAAAT	0.11
ATCAAACA	0.12
ATCAAACC	0.1
ATCAAACG	0.1
ATCAAAGA	0.1
ATCAAAGC	0.11
ATCAAAGG	0.1
ATCAAATA	0.11
ATCAAATC	0.12
ATCAAATG	0.11
ATCAACAA	0.11
ATCAACAC	0.09
ATCAACAG	0.11
ATCAACAT	0.11
ATCAACCA	0.1
ATCAACCC	0.1
ATCAACCG	0.1
ATCAACGA	0.1
ATCAACGC	0.11
ATCAACGG	0.1
ATCAACTA	0.12
ATCAACTC	0.1
ATCAACTG	0.11
ATCAAGAA	0.12
ATCAAGAC	0.11
ATCAAGAG	0.1
ATCAAGAT	0.1
ATCAAGCA	0.1
ATCAAGCC	0.1
ATCAAGCG	0.11
ATCAAGGA	0.11
ATCAAGGC	0.12
ATCAAGGG	0.11
ATCAAGTA	0.1
ATCAAGTC	0.09
ATCAAGTG	0.1
ATCAATAA	0.12
ATCAATAC	0.1
ATCAATAG	0.11
ATCAATCA	0.11
ATCAATCC	0.12
ATCAATCG	0.09
ATCAATGA	0.1
ATCAATGC	0.09
ATCAATGG	0.1
ATCAATTA	0.12
ATCAATTC	0.11
ATCAATTG	0.12
ATCACAAA	0.11
ATCACAAC	0.1
ATCACAAG	0.11
ATCACAAT	0.11
ATCACACA	0.11
ATCACACC	0.1
ATCACACG	0.1
ATCACAGA	0.09
ATCACAGC	0.09
ATCACAGG	0.11
ATCACATA	0.11
ATCACATC	0.12
ATCACATG	0.09
ATCACCAA	0.11
ATCACCAC	0.1
ATCACCAG	0.09
ATCACCAT	0.09
ATCACCCA	0.11
ATCACCCC	0.1
ATCACCCG	0.11
ATCACCGA	0.11
ATCACCGC	0.1
ATCACCGG	0.11
ATCACCTA	0.09
ATCACCTC	0.11
ATCACCTG	0.1
ATCACGAA	0.11
ATCACGAC	0.09
ATCACGAG	0.09
ATCACGAT	0.09
ATCACGCA	0.1
ATCACGCC	0.1
ATCACGCG	0.1
ATCACGGA	0.11
ATCACGGC	0.09
ATCACGGG	0.09
ATCACGTA	0.1
ATCACGTC	0.09
ATCACGTG	0.09
ATCACTAA	0.1
ATCACTAC	0.1
ATCACTAG	0.1
ATCACTCA	0.1
ATCACTCC	0.11
ATCACTCG	0.1
ATCACTGA	0.09
ATCACTGC	0.1
ATCACTGG	0.11
ATCACTTA	0.11
ATCACTTC	0.11
ATCACTTG	0.09
ATCAGAAA	0.11
ATCAGAAC	0.1
ATCAGAAG	0.12
ATCAGAAT	0.1
ATCAGACA	0.09
ATCAGACC	0.1
ATCAGACG	0.09
ATCAGAGA	0.11
ATCAGAGC	0.1
ATCAGAGG	0.1
ATCAGATA	0.1
ATCAGATC	0.11
ATCAGATG	0.09
ATCAGCAA	0.11
ATCAGCAC	0.1
ATCAGCAG	0.1
ATCAGCAT	0.11
ATCAGCCA	0.09
ATCAGCCC	0.1
ATCAGCCG	0.1
ATCAGCGA	0.1
ATCAGCGC	0.1
ATCAGCGG	0.1
ATCAGCTA	0.1
ATCAGCTC	0.1
ATCAGCTG	0.1
ATCAGGAA	0.15
ATCAGGAC	0.11
ATCAGGAG	0.11
ATCAGGAT	0.17
ATCAGGCA	0.11
ATCAGGCC	0.1
ATCAGGCG	0.1
ATCAGGGA	0.1
ATCAGGGC	0.08
ATCAGGGG	0.1
ATCAGGTA	0.11
ATCAGGTC	0.1
ATCAGGTG	0.1
ATCAGTAA	0.11
ATCAGTAC	0.11
ATCAGTAG	0.09
ATCAGTCA	0.09
ATCAGTCC	0.09
ATCAGTCG	0.1
ATCAGTGA	0.1
ATCAGTGC	0.1
ATCAGTGG	0.1
ATCAGTTA	0.11
ATCAGTTC	0.1
ATCAGTTG	0.1
ATCATAAA	0.11
ATCATAAC	0.11
ATCATAAG	0.11
ATCATAAT	0.1
ATCATACA	0.11
ATCATACC	0.1
ATCATACG	0.09
ATCATAGA	0.11
ATCATAGC	0.11
ATCATAGG	0.1
ATCATATA	0.11
ATCATATC	0.12
ATCATATG	0.1
ATCATCAA	0.11
ATCATCAC	0.1
ATCATCAG	0.11
ATCATCAT	0.1
ATCATCCA	0.1
ATCATCCC	0.1
ATCATCCG	0.14
ATCATCGA	0.09
ATCATCGC	0.1
ATCATCGG	0.11
ATCATCTA	0.09
ATCATCTC	0.11
ATCATCTG	0.09
ATCATGAA	0.1
ATCATGAC	0.1
ATCATGAG	0.1
ATCATGAT	0.11
ATCATGCA	0.09
ATCATGCC	0.11
ATCATGCG	0.1
ATCATGGA	0.1
ATCATGGC	0.11
ATCATGGG	0.1
ATCATGTA	0.1
ATCATGTC	0.1
ATCATGTG	0.1
ATCATTAA	0.1
ATCATTAC	0.1
ATCATTAG	0.1
ATCATTCA	0.11
ATCATTCC	0.11
ATCATTCG	0.1
ATCATTGA	0.1
ATCATTGC	0.1
ATCATTGG	0.09
ATCATTTA	0.1
ATCATTTC	0.13
ATCATTTG	0.11
ATCCAAAA	0.12
ATCCAAAC	0.1
ATCCAAAG	0.1
ATCCAAAT	0.1
ATCCAACA	0.1
ATCCAACC	0.11
ATCCAACG	0.11
ATCCAAGA	0.11
ATCCAAGC	0.1
ATCCAAGG	0.1
ATCCAATA	0.11
ATCCAATC	0.1
ATCCAATG	0.09
ATCCACAA	0.11
ATCCACAC	0.12
ATCCACAG	0.11
ATCCACAT	0.12
ATCCACCA	0.11
ATCCACCC	0.1
ATCCACCG	0.1
ATCCACGA	0.1
ATCCACGC	0.1
ATCCACGG	0.11
ATCCACTA	0.1
ATCCACTC	0.12
ATCCACTG	0.1
ATCCAGAA	0.12
ATCCAGAC	0.11
ATCCAGAG	0.11
ATCCAGAT	0.1
ATCCAGCA	0.11
ATCCAGCC	0.1
ATCCAGCG	0.1
ATCCAGGA	0.13
ATCCAGGC	0.1
ATCCAGGG	0.09
ATCCAGTA	0.11
ATCCAGTC	0.1
ATCCAGTG	0.11
ATCCATAA	0.1
ATCCATAC	0.11
ATCCATAG	0.09
ATCCATCA	0.11
ATCCATCC	0.13
ATCCATCG	0.11
ATCCATGA	0.1
ATCCATGC	0.09
ATCCATGG	0.1
ATCCATTA	0.12
ATCCATTC	0.11
ATCCATTG	0.11
ATCCCAAA	0.12
ATCCCAAC	0.12
ATCCCAAG	0.1
ATCCCAAT	0.1
ATCCCACA	0.09
ATCCCACC	0.11
ATCCCACG	0.11
ATCCCAGA	0.1
ATCCCAGC	0.11
ATCCCAGG	0.13
ATCCCATA	0.11
ATCCCATC	0.12
ATCCCATG	0.11
ATCCCCAA	0.1
ATCCCCAC	0.1
ATCCCCAG	0.1
ATCCCCAT	0.12
ATCCCCCA	0.12
ATCCCCCC	0.09
ATCCCCCG	0.12
ATCCCCGA	0.12
ATCCCCGC	0.11
ATCCCCGG	0.12
ATCCCCTA	0.11
ATCCCCTC	0.11
ATCCCCTG	0.1
ATCCCGAA	0.1
ATCCCGAC	0.12
ATCCCGAG	0.1
ATCCCGAT	0.11
ATCCCGCA	0.11
ATCCCGCC	0.1
ATCCCGCG	0.1
ATCCCGGA	0.16
ATCCCGGC	0.12
ATCCCGGG	0.13
ATCCCGTA	0.12
ATCCCGTC	0.14
ATCCCGTG	0.11
ATCCCTAA	0.09
ATCCCTAC	0.1
ATCCCTAG	0.09
ATCCCTCA	0.1
ATCCCTCC	0.11
ATCCCTCG	0.12
ATCCCTGA	0.09
ATCCCTGC	0.11
ATCCCTGG	0.1
ATCCCTTA	0.13
ATCCCTTC	0.12
ATCCCTTG	0.11
ATCCGAAA	0.12
ATCCGAAC	0.11
ATCCGAAG	0.11
ATCCGAAT	0.11
ATCCGACA	0.13
ATCCGACC	0.11
ATCCGACG	0.12
ATCCGAGA	0.12
ATCCGAGC	0.12
ATCCGAGG	0.1
ATCCGATA	0.12
ATCCGATC	0.12
ATCCGATG	0.13
ATCCGCAA	0.13
ATCCGCAC	0.15
ATCCGCAG	0.11
ATCCGCAT	0.16
ATCCGCCA	0.15
ATCCGCCC	0.17
ATCCGCCG	0.16
ATCCGCGA	0.11
ATCCGCGC	0.13
ATCCGCGG	0.11
ATCCGCTA	0.16
ATCCGCTC	0.19
ATCCGCTG	0.15
ATCCGGAA	0.55
ATCCGGAC	0.21
ATCCGGAG	0.23
ATCCGGAT	0.44
ATCCGGCA	0.27
ATCCGGCC	0.28
ATCCGGCG	0.2
ATCCGGGA	0.24
ATCCGGGC	0.21
ATCCGGGG	0.16
ATCCGGTA	0.42
ATCCGGTC	0.45
ATCCGGTG	0.44
ATCCGTAA	0.14
ATCCGTAC	0.11
ATCCGTAG	0.14
ATCCGTCA	0.15
ATCCGTCC	0.15
ATCCGTCG	0.14
ATCCGTGA	0.12
ATCCGTGC	0.11
ATCCGTGG	0.12
ATCCGTTA	0.19
ATCCGTTC	0.2
ATCCGTTG	0.18
ATCCTAAA	0.12
ATCCTAAC	0.11
ATCCTAAG	0.11
ATCCTAAT	0.12
ATCCTACA	0.11
ATCCTACC	0.1
ATCCTACG	0.1
ATCCTAGA	0.11
ATCCTAGC	0.11
ATCCTAGG	0.09
ATCCTATA	0.11
ATCCTATC	0.12
ATCCTATG	0.11
ATCCTCAA	0.12
ATCCTCAC	0.11
ATCCTCAG	0.13
ATCCTCAT	0.11
ATCCTCCA	0.12
ATCCTCCC	0.12
ATCCTCCG	0.11
ATCCTCGA	0.1
ATCCTCGC	0.12
ATCCTCGG	0.11
ATCCTCTA	0.16
ATCCTCTC	0.12
ATCCTCTG	0.11
ATCCTGAA	0.14
ATCCTGAC	0.12
ATCCTGAG	0.12
ATCCTGCA	0.16
ATCCTGCC	0.12
ATCCTGCG	0.15
ATCCTGGA	0.15
ATCCTGGC	0.14
ATCCTGGG	0.14
ATCCTGTA	0.19
ATCCTGTC	0.25
ATCCTGTG	0.18
ATCCTTAA	0.12
ATCCTTAC	0.14
ATCCTTAG	0.12
ATCCTTCA	0.11
ATCCTTCC	0.15
ATCCTTCG	0.11
ATCCTTGA	0.12
ATCCTTGC	0.12
ATCCTTGG	0.1
ATCCTTTA	0.13
ATCCTTTC	0.12
ATCCTTTG	0.11
ATCGAAAA	0.1
ATCGAAAC	0.09
ATCGAAAG	0.11
ATCGAAAT	0.1
ATCGAACA	0.11
ATCGAACC	0.1
ATCGAACG	0.09
ATCGAAGA	0.12
ATCGAAGC	0.1
ATCGAAGG	0.11
ATCGAATA	0.1
ATCGAATC	0.1
ATCGAATG	0.1
ATCGACAA	0.11
ATCGACAC	0.1
ATCGACAG	0.11
ATCGACAT	0.1
ATCGACCA	0.1
ATCGACCC	0.1
ATCGACCG	0.1
ATCGACGA	0.11
ATCGACGC	0.09
ATCGACGG	0.1
ATCGACTA	0.1
ATCGACTC	0.11
ATCGACTG	0.09
ATCGAGAA	0.1
ATCGAGAC	0.1
ATCGAGAG	0.1
ATCGAGAT	0.12
ATCGAGCA	0.11
ATCGAGCC	0.09
ATCGAGCG	0.11
ATCGAGGA	0.11
ATCGAGGC	0.09
ATCGAGGG	0.11
ATCGAGTA	0.1
ATCGAGTC	0.08
ATCGAGTG	0.11
ATCGATAA	0.09
ATCGATAC	0.09
ATCGATAG	0.09
ATCGATCA	0.09
ATCGATCC	0.1
ATCGATCG	0.09
ATCGATGA	0.09
ATCGATGC	0.11
ATCGATGG	0.1
ATCGATTA	0.11
ATCGATTC	0.1
ATCGATTG	0.1
ATCGCAAA	0.1
ATCGCAAC	0.11
ATCGCAAG	0.1
ATCGCAAT	0.11
ATCGCACA	0.1
ATCGCACC	0.1
ATCGCACG	0.08
ATCGCAGA	0.09
ATCGCAGC	0.1
ATCGCAGG	0.09
ATCGCATA	0.1
ATCGCATC	0.11
ATCGCATG	0.09
ATCGCCAA	0.1
ATCGCCAC	0.1
ATCGCCAG	0.1
ATCGCCAT	0.12
ATCGCCCA	0.09
ATCGCCCC	0.11
ATCGCCCG	0.09
ATCGCCGA	0.1
ATCGCCGC	0.11
ATCGCCGG	0.13
ATCGCCTA	0.08
ATCGCCTC	0.11
ATCGCCTG	0.1
ATCGCGAA	0.1
ATCGCGAC	0.1
ATCGCGAG	0.11
ATCGCGAT	0.09
ATCGCGCA	0.1
ATCGCGCC	0.1
ATCGCGCG	0.1
ATCGCGGA	0.11
ATCGCGGC	0.1
ATCGCGGG	0.1
ATCGCGTA	0.1
ATCGCGTC	0.1
ATCGCGTG	0.1
ATCGCTAA	0.09
ATCGCTAC	0.09
ATCGCTAG	0.09
ATCGCTCA	0.09
ATCGCTCC	0.1
ATCGCTCG	0.1
ATCGCTGA	0.09
ATCGCTGC	0.11
ATCGCTGG	0.1
ATCGCTTA	0.09
ATCGCTTC	0.12
ATCGCTTG	0.09
ATCGGAAA	0.21
ATCGGAAC	0.11
ATCGGAAG	0.24
ATCGGAAT	0.11
ATCGGACA	0.1
ATCGGACC	0.09
ATCGGACG	0.11
ATCGGAGA	0.11
ATCGGAGC	0.08
ATCGGAGG	0.1
ATCGGATA	0.15
ATCGGATC	0.11
ATCGGATG	0.24
ATCGGCAA	0.11
ATCGGCAC	0.09
ATCGGCAG	0.1
ATCGGCAT	0.11
ATCGGCCA	0.09
ATCGGCCC	0.1
ATCGGCCG	0.1
ATCGGCGA	0.1
ATCGGCGC	0.09
ATCGGCGG	0.12
ATCGGCTA	0.1
ATCGGCTC	0.09
ATCGGCTG	0.1
ATCGGGAA	0.13
ATCGGGAC	0.09
ATCGGGAG	0.1
ATCGGGCA	0.1
ATCGGGCC	0.09
ATCGGGCG	0.1
ATCGGGGA	0.1
ATCGGGGC	0.09
ATCGGGGG	0.1
ATCGGGTA	0.1
ATCGGGTC	0.1
ATCGGGTG	0.09
ATCGGTAA	0.11
ATCGGTAC	0.1
ATCGGTAG	0.1
ATCGGTCA	0.11
ATCGGTCC	0.1
ATCGGTCG	0.09
ATCGGTGA	0.09
ATCGGTGC	0.09
ATCGGTGG	0.1
ATCGGTTA	0.12
ATCGGTTC	0.11
ATCGGTTG	0.1
ATCGTAAA	0.11
ATCGTAAC	0.1
ATCGTAAG	0.11
ATCGTAAT	0.11
ATCGTACA	0.1
ATCGTACC	0.1
ATCGTACG	0.09
ATCGTAGA	0.1
ATCGTAGC	0.1
ATCGTAGG	0.1
ATCGTATA	0.1
ATCGTATC	0.11
ATCGTATG	0.1
ATCGTCAA	0.11
ATCGTCAC	0.1
ATCGTCAG	0.1
ATCGTCAT	0.1
ATCGTCCA	0.1
ATCGTCCC	0.1
ATCGTCCG	0.1
ATCGTCGA	0.09
ATCGTCGC	0.09
ATCGTCGG	0.1
ATCGTCTA	0.1
ATCGTCTC	0.1
ATCGTCTG	0.09
ATCGTGAA	0.11
ATCGTGAC	0.09
ATCGTGAG	0.1
ATCGTGCA	0.09
ATCGTGCC	0.1
ATCGTGCG	0.1
ATCGTGGA	0.09
ATCGTGGC	0.1
ATCGTGGG	0.1
ATCGTGTA	0.09
ATCGTGTC	0.11
ATCGTGTG	0.1
ATCGTTAA	0.12
ATCGTTAC	0.1
ATCGTTAG	0.1
ATCGTTCA	0.1
ATCGTTCC	0.09
ATCGTTCG	0.1
ATCGTTGA	0.09
ATCGTTGC	0.1
ATCGTTGG	0.1
ATCGTTTA	0.11
ATCGTTTC	0.13
ATCGTTTG	0.11
ATCTAAAA	0.11
ATCTAAAC	0.11
ATCTAAAG	0.1
ATCTAAAT	0.11
ATCTAACA	0.11
ATCTAACC	0.1
ATCTAACG	0.11
ATCTAAGA	0.11
ATCTAAGC	0.12
ATCTAAGG	0.09
ATCTAATA	0.12
ATCTAATC	0.12
ATCTAATG	0.12
ATCTACAA	0.11
ATCTACAC	0.1
ATCTACAG	0.11
ATCTACAT	0.1
ATCTACCA	0.11
ATCTACCC	0.11
ATCTACCG	0.11
ATCTACGA	0.09
ATCTACGC	0.12
ATCTACGG	0.09
ATCTACTA	0.11
ATCTACTC	0.12
ATCTACTG	0.1
ATCTAGAA	0.11
ATCTAGAC	0.1
ATCTAGAG	0.1
ATCTAGAT	0.09
ATCTAGCA	0.1
ATCTAGCC	0.1
ATCTAGCG	0.09
ATCTAGGA	0.1
ATCTAGGC	0.09
ATCTAGGG	0.1
ATCTAGTA	0.1
ATCTAGTC	0.11
ATCTAGTG	0.1
ATCTATAA	0.12
ATCTATAC	0.11
ATCTATAG	0.11
ATCTATCA	0.11
ATCTATCC	0.12
ATCTATCG	0.09
ATCTATGA	0.09
ATCTATGC	0.11
ATCTATGG	0.09
ATCTATTA	0.11
ATCTATTC	0.11
ATCTATTG	0.12
ATCTCAAA	0.11
ATCTCAAC	0.11
ATCTCAAG	0.1
ATCTCAAT	0.09
ATCTCACA	0.1
ATCTCACC	0.11
ATCTCACG	0.1
ATCTCAGA	0.09
ATCTCAGC	0.1
ATCTCAGG	0.1
ATCTCATA	0.1
ATCTCATC	0.12
ATCTCATG	0.1
ATCTCCAA	0.11
ATCTCCAC	0.09
ATCTCCAG	0.1
ATCTCCAT	0.11
ATCTCCCA	0.11
ATCTCCCC	0.09
ATCTCCCG	0.11
ATCTCCGA	0.12
ATCTCCGC	0.1
ATCTCCGG	0.15
ATCTCCTA	0.12
ATCTCCTC	0.11
ATCTCCTG	0.11
ATCTCGAA	0.1
ATCTCGAC	0.1
ATCTCGAG	0.1
ATCTCGCA	0.1
ATCTCGCC	0.1
ATCTCGCG	0.1
ATCTCGGA	0.12
ATCTCGGC	0.1
ATCTCGGG	0.12
ATCTCGTA	0.1
ATCTCGTC	0.1
ATCTCGTG	0.09
ATCTCTAA	0.11
ATCTCTAC	0.1
ATCTCTAG	0.09
ATCTCTCA	0.12
ATCTCTCC	0.09
ATCTCTCG	0.11
ATCTCTGA	0.1
ATCTCTGC	0.11
ATCTCTGG	0.1
ATCTCTTA	0.12
ATCTCTTC	0.12
ATCTCTTG	0.09
ATCTGAAA	0.1
ATCTGAAC	0.1
ATCTGAAG	0.1
ATCTGAAT	0.1
ATCTGACA	0.1
ATCTGACC	0.1
ATCTGACG	0.1
ATCTGAGA	0.09
ATCTGAGC	0.09
ATCTGAGG	0.08
ATCTGATA	0.11
ATCTGATC	0.11
ATCTGATG	0.09
ATCTGCAA	0.1
ATCTGCAC	0.1
ATCTGCAG	0.09
ATCTGCAT	0.1
ATCTGCCA	0.08
ATCTGCCC	0.1
ATCTGCCG	0.1
ATCTGCGA	0.09
ATCTGCGC	0.1
ATCTGCGG	0.09
ATCTGCTA	0.1
ATCTGCTC	0.1
ATCTGCTG	0.09
ATCTGGAA	0.11
ATCTGGAC	0.1
ATCTGGAG	0.1
ATCTGGCA	0.11
ATCTGGCC	0.09
ATCTGGCG	0.11
ATCTGGGA	0.11
ATCTGGGC	0.1
ATCTGGGG	0.1
ATCTGGTA	0.11
ATCTGGTC	0.09
ATCTGGTG	0.09
ATCTGTAA	0.09
ATCTGTAC	0.1
ATCTGTAG	0.1
ATCTGTCA	0.11
ATCTGTCC	0.11
ATCTGTCG	0.12
ATCTGTGA	0.11
ATCTGTGC	0.1
ATCTGTGG	0.1
ATCTGTTA	0.13
ATCTGTTC	0.11
ATCTGTTG	0.11
ATCTTAAA	0.11
ATCTTAAC	0.11
ATCTTAAG	0.11
ATCTTAAT	0.12
ATCTTACA	0.09
ATCTTACC	0.1
ATCTTACG	0.1
ATCTTAGA	0.12
ATCTTAGC	0.1
ATCTTAGG	0.1
ATCTTATA	0.09
ATCTTATC	0.12
ATCTTATG	0.09
ATCTTCAA	0.11
ATCTTCAC	0.11
ATCTTCAG	0.11
ATCTTCAT	0.11
ATCTTCCA	0.11
ATCTTCCC	0.11
ATCTTCCG	0.2
ATCTTCGA	0.1
ATCTTCGC	0.1
ATCTTCGG	0.11
ATCTTCTA	0.1
ATCTTCTC	0.12
ATCTTCTG	0.11
ATCTTGAA	0.1
ATCTTGAC	0.09
ATCTTGAG	0.1
ATCTTGCA	0.11
ATCTTGCC	0.1
ATCTTGCG	0.1
ATCTTGGA	0.1
ATCTTGGC	0.11
ATCTTGGG	0.11
ATCTTGTA	0.1
ATCTTGTC	0.12
ATCTTGTG	0.09
ATCTTTAA	0.12
ATCTTTAC	0.11
ATCTTTAG	0.09
ATCTTTCA	0.12
ATCTTTCC	0.14
ATCTTTCG	0.09
ATCTTTGA	0.11
ATCTTTGC	0.12
ATCTTTGG	0.11
ATCTTTTA	0.1
ATCTTTTC	0.11
ATCTTTTG	0.11
ATGAAAAA	0.14
ATGAAAAC	0.11
ATGAAAAG	0.11
ATGAAAAT	0.12
ATGAAACA	0.11
ATGAAACC	0.12
ATGAAACG	0.1
ATGAAAGA	0.12
ATGAAAGC	0.11
ATGAAAGG	0.1
ATGAAATA	0.11
ATGAAATC	0.11
ATGAAATG	0.11
ATGAACAA	0.11
ATGAACAC	0.1
ATGAACAG	0.12
ATGAACAT	0.11
ATGAACCA	0.12
ATGAACCC	0.09
ATGAACCG	0.1
ATGAACGA	0.11
ATGAACGC	0.09
ATGAACGG	0.1
ATGAACTA	0.11
ATGAACTC	0.1
ATGAACTG	0.1
ATGAAGAA	0.12
ATGAAGAC	0.11
ATGAAGAG	0.11
ATGAAGCA	0.1
ATGAAGCC	0.11
ATGAAGCG	0.09
ATGAAGGA	0.12
ATGAAGGC	0.11
ATGAAGGG	0.11
ATGAAGTA	0.1
ATGAAGTC	0.09
ATGAAGTG	0.09
ATGAATAA	0.12
ATGAATAC	0.1
ATGAATAG	0.11
ATGAATCA	0.1
ATGAATCC	0.11
ATGAATCG	0.1
ATGAATGA	0.11
ATGAATGC	0.1
ATGAATGG	0.09
ATGAATTA	0.11
ATGAATTC	0.1
ATGAATTG	0.11
ATGACAAA	0.11
ATGACAAC	0.11
ATGACAAG	0.11
ATGACAAT	0.12
ATGACACA	0.11
ATGACACC	0.11
ATGACACG	0.11
ATGACAGA	0.11
ATGACAGC	0.08
ATGACAGG	0.1
ATGACATA	0.1
ATGACATC	0.11
ATGACATG	0.09
ATGACCAA	0.1
ATGACCAC	0.1
ATGACCAG	0.09
ATGACCAT	0.1
ATGACCCA	0.1
ATGACCCC	0.1
ATGACCCG	0.1
ATGACCGA	0.12
ATGACCGC	0.09
ATGACCGG	0.11
ATGACCTA	0.1
ATGACCTC	0.11
ATGACCTG	0.09
ATGACGAA	0.11
ATGACGAC	0.11
ATGACGAG	0.11
ATGACGCA	0.09
ATGACGCC	0.09
ATGACGCG	0.1
ATGACGGA	0.13
ATGACGGC	0.09
ATGACGGG	0.11
ATGACGTA	0.1
ATGACGTC	0.11
ATGACGTG	0.08
ATGACTAA	0.1
ATGACTAC	0.1
ATGACTAG	0.11
ATGACTCA	0.1
ATGACTCC	0.1
ATGACTCG	0.09
ATGACTGA	0.09
ATGACTGC	0.1
ATGACTGG	0.08
ATGACTTA	0.11
ATGACTTC	0.12
ATGACTTG	0.1
ATGAGAAA	0.1
ATGAGAAC	0.1
ATGAGAAG	0.1
ATGAGAAT	0.1
ATGAGACA	0.11
ATGAGACC	0.12
ATGAGACG	0.1
ATGAGAGA	0.11
ATGAGAGC	0.09
ATGAGAGG	0.11
ATGAGATA	0.11
ATGAGATC	0.1
ATGAGATG	0.12
ATGAGCAA	0.11
ATGAGCAC	0.09
ATGAGCAG	0.09
ATGAGCAT	0.12
ATGAGCCA	0.1
ATGAGCCC	0.09
ATGAGCCG	0.1
ATGAGCGA	0.09
ATGAGCGC	0.08
ATGAGCGG	0.1
ATGAGCTA	0.1
ATGAGCTC	0.1
ATGAGCTG	0.1
ATGAGGAA	0.16
ATGAGGAC	0.1
ATGAGGAG	0.1
ATGAGGCA	0.11
ATGAGGCC	0.09
ATGAGGCG	0.09
ATGAGGGA	0.1
ATGAGGGC	0.09
ATGAGGGG	0.1
ATGAGGTA	0.1
ATGAGGTC	0.1
ATGAGGTG	0.09
ATGAGTAA	0.12
ATGAGTAC	0.1
ATGAGTAG	0.1
ATGAGTCA	0.1
ATGAGTCC	0.11
ATGAGTCG	0.1
ATGAGTGA	0.1
ATGAGTGC	0.1
ATGAGTGG	0.09
ATGAGTTA	0.1
ATGAGTTC	0.11
ATGAGTTG	0.1
ATGATAAA	0.12
ATGATAAC	0.1
ATGATAAG	0.1
ATGATAAT	0.12
ATGATACA	0.1
ATGATACC	0.11
ATGATACG	0.11
ATGATAGA	0.11
ATGATAGC	0.11
ATGATAGG	0.12
ATGATATA	0.11
ATGATATC	0.1
ATGATATG	0.1
ATGATCAA	0.1
ATGATCAC	0.11
ATGATCAG	0.09
ATGATCAT	0.08
ATGATCCA	0.1
ATGATCCC	0.1
ATGATCCG	0.11
ATGATCGA	0.11
ATGATCGC	0.1
ATGATCGG	0.1
ATGATCTA	0.1
ATGATCTC	0.1
ATGATCTG	0.11
ATGATGAA	0.11
ATGATGAC	0.1
ATGATGAG	0.09
ATGATGCA	0.1
ATGATGCC	0.11
ATGATGCG	0.1
ATGATGGA	0.1
ATGATGGC	0.09
ATGATGGG	0.1
ATGATGTA	0.11
ATGATGTC	0.1
ATGATGTG	0.1
ATGATTAA	0.12
ATGATTAC	0.1
ATGATTAG	0.1
ATGATTCA	0.1
ATGATTCC	0.1
ATGATTCG	0.1
ATGATTGA	0.1
ATGATTGC	0.11
ATGATTGG	0.1
ATGATTTA	0.11
ATGATTTC	0.11
ATGATTTG	0.09
ATGCAAAA	0.11
ATGCAAAC	0.12
ATGCAAAG	0.1
ATGCAAAT	0.11
ATGCAACA	0.1
ATGCAACC	0.1
ATGCAACG	0.1
ATGCAAGA	0.09
ATGCAAGC	0.09
ATGCAAGG	0.09
ATGCAATA	0.11
ATGCAATC	0.11
ATGCAATG	0.1
ATGCACAA	0.1
ATGCACAC	0.1
ATGCACAG	0.08
ATGCACAT	0.1
ATGCACCA	0.11
ATGCACCC	0.1
ATGCACCG	0.1
ATGCACGA	0.1
ATGCACGC	0.12
ATGCACGG	0.1
ATGCACTA	0.09
ATGCACTC	0.1
ATGCACTG	0.11
ATGCAGAA	0.1
ATGCAGAC	0.1
ATGCAGAG	0.1
ATGCAGCA	0.1
ATGCAGCC	0.1
ATGCAGCG	0.11
ATGCAGGA	0.11
ATGCAGGC	0.1
ATGCAGGG	0.11
ATGCAGTA	0.11
ATGCAGTC	0.1
ATGCAGTG	0.1
ATGCATAA	0.1
ATGCATAC	0.09
ATGCATAG	0.1
ATGCATCA	0.11
ATGCATCC	0.14
ATGCATCG	0.1
ATGCATGA	0.11
ATGCATGC	0.1
ATGCATGG	0.11
ATGCATTA	0.1
ATGCATTC	0.09
ATGCATTG	0.09
ATGCCAAA	0.1
ATGCCAAC	0.1
ATGCCAAG	0.11
ATGCCAAT	0.11
ATGCCACA	0.09
ATGCCACC	0.1
ATGCCACG	0.09
ATGCCAGA	0.11
ATGCCAGC	0.09
ATGCCAGG	0.11
ATGCCATA	0.09
ATGCCATC	0.12
ATGCCATG	0.1
ATGCCCAA	0.11
ATGCCCAC	0.12
ATGCCCAG	0.1
ATGCCCAT	0.09
ATGCCCCA	0.11
ATGCCCCC	0.09
ATGCCCCG	0.1
ATGCCCGA	0.1
ATGCCCGC	0.09
ATGCCCGG	0.11
ATGCCCTA	0.09
ATGCCCTC	0.1
ATGCCCTG	0.09
ATGCCGAA	0.1
ATGCCGAC	0.09
ATGCCGAG	0.09
ATGCCGCA	0.09
ATGCCGCC	0.1
ATGCCGCG	0.1
ATGCCGGA	0.19
ATGCCGGC	0.1
ATGCCGGG	0.11
ATGCCGTA	0.1
ATGCCGTC	0.1
ATGCCGTG	0.1
ATGCCTAA	0.1
ATGCCTAC	0.1
ATGCCTAG	0.11
ATGCCTCA	0.12
ATGCCTCC	0.1
ATGCCTCG	0.1
ATGCCTGA	0.1
ATGCCTGC	0.09
ATGCCTGG	0.09
ATGCCTTA	0.11
ATGCCTTC	0.11
ATGCCTTG	0.09
ATGCGAAA	0.09
ATGCGAAC	0.09
ATGCGAAG	0.1
ATGCGAAT	0.09
ATGCGACA	0.09
ATGCGACC	0.09
ATGCGACG	0.09
ATGCGAGA	0.1
ATGCGAGC	0.1
ATGCGAGG	0.11
ATGCGATA	0.1
ATGCGATC	0.09
ATGCGATG	0.09
ATGCGCAA	0.11
ATGCGCAC	0.1
ATGCGCAG	0.1
ATGCGCAT	0.1
ATGCGCCA	0.1
ATGCGCCC	0.1
ATGCGCCG	0.09
ATGCGCGA	0.09
ATGCGCGC	0.1
ATGCGCGG	0.09
ATGCGCTA	0.1
ATGCGCTC	0.1
ATGCGCTG	0.09
ATGCGGAA	0.17
ATGCGGAC	0.1
ATGCGGAG	0.09
ATGCGGCA	0.1
ATGCGGCC	0.09
ATGCGGCG	0.11
ATGCGGGA	0.12
ATGCGGGC	0.09
ATGCGGGG	0.1
ATGCGGTA	0.09
ATGCGGTC	0.11
ATGCGGTG	0.1
ATGCGTAA	0.1
ATGCGTAC	0.1
ATGCGTAG	0.1
ATGCGTCA	0.1
ATGCGTCC	0.09
ATGCGTCG	0.09
ATGCGTGA	0.1
ATGCGTGC	0.1
ATGCGTGG	0.1
ATGCGTTA	0.09
ATGCGTTC	0.1
ATGCGTTG	0.11
ATGCTAAA	0.1
ATGCTAAC	0.12
ATGCTAAG	0.11
ATGCTAAT	0.1
ATGCTACA	0.1
ATGCTACC	0.11
ATGCTACG	0.1
ATGCTAGA	0.09
ATGCTAGC	0.1
ATGCTAGG	0.1
ATGCTATA	0.1
ATGCTATC	0.09
ATGCTATG	0.11
ATGCTCAA	0.08
ATGCTCAC	0.09
ATGCTCAG	0.1
ATGCTCCA	0.11
ATGCTCCC	0.1
ATGCTCCG	0.1
ATGCTCGA	0.1
ATGCTCGC	0.09
ATGCTCGG	0.1
ATGCTCTA	0.1
ATGCTCTC	0.1
ATGCTCTG	0.1
ATGCTGAA	0.12
ATGCTGAC	0.09
ATGCTGAG	0.09
ATGCTGCA	0.09
ATGCTGCC	0.1
ATGCTGCG	0.09
ATGCTGGA	0.11
ATGCTGGC	0.11
ATGCTGGG	0.1
ATGCTGTA	0.1
ATGCTGTC	0.1
ATGCTGTG	0.11
ATGCTTAA	0.1
ATGCTTAC	0.1
ATGCTTAG	0.1
ATGCTTCA	0.1
ATGCTTCC	0.19
ATGCTTCG	0.1
ATGCTTGA	0.1
ATGCTTGC	0.09
ATGCTTGG	0.1
ATGCTTTA	0.1
ATGCTTTC	0.11
ATGCTTTG	0.1
ATGGAAAA	0.12
ATGGAAAC	0.11
ATGGAAAG	0.14
ATGGAAAT	0.11
ATGGAACA	0.09
ATGGAACC	0.11
ATGGAACG	0.11
ATGGAAGA	0.12
ATGGAAGC	0.13
ATGGAAGG	0.11
ATGGAATA	0.1
ATGGAATC	0.12
ATGGAATG	0.1
ATGGACAA	0.1
ATGGACAC	0.11
ATGGACAG	0.1
ATGGACAT	0.1
ATGGACCA	0.11
ATGGACCC	0.1
ATGGACCG	0.11
ATGGACGA	0.11
ATGGACGC	0.09
ATGGACGG	0.12
ATGGACTA	0.1
ATGGACTC	0.09
ATGGACTG	0.1
ATGGAGAA	0.1
ATGGAGAC	0.1
ATGGAGAG	0.1
ATGGAGCA	0.09
ATGGAGCC	0.09
ATGGAGCG	0.11
ATGGAGGA	0.11
ATGGAGGC	0.08
ATGGAGGG	0.1
ATGGAGTA	0.1
ATGGAGTC	0.1
ATGGAGTG	0.1
ATGGATAA	0.11
ATGGATAC	0.11
ATGGATAG	0.09
ATGGATCA	0.11
ATGGATCC	0.11
ATGGATCG	0.09
ATGGATGA	0.09
ATGGATGC	0.11
ATGGATGG	0.12
ATGGATTA	0.1
ATGGATTC	0.1
ATGGATTG	0.11
ATGGCAAA	0.1
ATGGCAAC	0.1
ATGGCAAG	0.09
ATGGCAAT	0.1
ATGGCACA	0.1
ATGGCACC	0.1
ATGGCACG	0.08
ATGGCAGA	0.08
ATGGCAGC	0.1
ATGGCAGG	0.1
ATGGCATA	0.11
ATGGCATC	0.11
ATGGCATG	0.1
ATGGCCAA	0.11
ATGGCCAC	0.08
ATGGCCAG	0.1
ATGGCCAT	0.11
ATGGCCCA	0.1
ATGGCCCC	0.09
ATGGCCCG	0.08
ATGGCCGA	0.09
ATGGCCGC	0.1
ATGGCCGG	0.12
ATGGCCTA	0.1
ATGGCCTC	0.11
ATGGCCTG	0.1
ATGGCGAA	0.1
ATGGCGAC	0.11
ATGGCGAG	0.1
ATGGCGCA	0.11
ATGGCGCC	0.09
ATGGCGCG	0.09
ATGGCGGA	0.11
ATGGCGGC	0.1
ATGGCGGG	0.11
ATGGCGTA	0.08
ATGGCGTC	0.09
ATGGCGTG	0.1
ATGGCTAA	0.09
ATGGCTAC	0.1
ATGGCTAG	0.1
ATGGCTCA	0.09
ATGGCTCC	0.1
ATGGCTCG	0.1
ATGGCTGA	0.11
ATGGCTGC	0.09
ATGGCTGG	0.09
ATGGCTTA	0.11
ATGGCTTC	0.1
ATGGCTTG	0.1
ATGGGAAA	0.12
ATGGGAAC	0.1
ATGGGAAG	0.13
ATGGGAAT	0.11
ATGGGACA	0.09
ATGGGACC	0.1
ATGGGACG	0.09
ATGGGAGA	0.11
ATGGGAGC	0.1
ATGGGAGG	0.09
ATGGGATA	0.11
ATGGGATC	0.11
ATGGGATG	0.12
ATGGGCAA	0.1
ATGGGCAC	0.1
ATGGGCAG	0.09
ATGGGCCA	0.1
ATGGGCCC	0.08
ATGGGCCG	0.09
ATGGGCGA	0.1
ATGGGCGC	0.09
ATGGGCGG	0.1
ATGGGCTA	0.09
ATGGGCTC	0.09
ATGGGCTG	0.09
ATGGGGAA	0.13
ATGGGGAC	0.09
ATGGGGAG	0.1
ATGGGGCA	0.12
ATGGGGCC	0.08
ATGGGGCG	0.1
ATGGGGGA	0.13
ATGGGGGC	0.1
ATGGGGGG	0.1
ATGGGGTA	0.1
ATGGGGTC	0.1
ATGGGGTG	0.09
ATGGGTAA	0.11
ATGGGTAC	0.1
ATGGGTAG	0.11
ATGGGTCA	0.09
ATGGGTCC	0.1
ATGGGTCG	0.1
ATGGGTGA	0.11
ATGGGTGC	0.09
ATGGGTGG	0.09
ATGGGTTA	0.1
ATGGGTTC	0.1
ATGGGTTG	0.11
ATGGTAAA	0.11
ATGGTAAC	0.08
ATGGTAAG	0.1
ATGGTAAT	0.11
ATGGTACA	0.09
ATGGTACC	0.1
ATGGTACG	0.11
ATGGTAGA	0.11
ATGGTAGC	0.1
ATGGTAGG	0.1
ATGGTATA	0.12
ATGGTATC	0.11
ATGGTATG	0.09
ATGGTCAA	0.1
ATGGTCAC	0.12
ATGGTCAG	0.1
ATGGTCCA	0.1
ATGGTCCC	0.09
ATGGTCCG	0.11
ATGGTCGA	0.1
ATGGTCGC	0.1
ATGGTCGG	0.11
ATGGTCTA	0.09
ATGGTCTC	0.1
ATGGTCTG	0.1
ATGGTGAA	0.1
ATGGTGAC	0.09
ATGGTGAG	0.1
ATGGTGCA	0.1
ATGGTGCC	0.1
ATGGTGCG	0.09
ATGGTGGA	0.1
ATGGTGGC	0.1
ATGGTGGG	0.1
ATGGTGTA	0.1
ATGGTGTC	0.11
ATGGTGTG	0.1
ATGGTTAA	0.09
ATGGTTAC	0.11
ATGGTTAG	0.1
ATGGTTCA	0.1
ATGGTTCC	0.11
ATGGTTCG	0.1
ATGGTTGA	0.12
ATGGTTGC	0.11
ATGGTTGG	0.11
ATGGTTTA	0.11
ATGGTTTC	0.12
ATGGTTTG	0.12
ATGTAAAA	0.11
ATGTAAAC	0.1
ATGTAAAG	0.11
ATGTAAAT	0.11
ATGTAACA	0.1
ATGTAACC	0.08
ATGTAACG	0.11
ATGTAAGA	0.12
ATGTAAGC	0.1
ATGTAAGG	0.12
ATGTAATA	0.11
ATGTAATC	0.1
ATGTAATG	0.12
ATGTACAA	0.11
ATGTACAC	0.1
ATGTACAG	0.1
ATGTACAT	0.1
ATGTACCA	0.11
ATGTACCC	0.1
ATGTACCG	0.1
ATGTACGA	0.09
ATGTACGC	0.09
ATGTACGG	0.09
ATGTACTA	0.1
ATGTACTC	0.1
ATGTACTG	0.1
ATGTAGAA	0.12
ATGTAGAC	0.11
ATGTAGAG	0.09
ATGTAGCA	0.1
ATGTAGCC	0.1
ATGTAGCG	0.1
ATGTAGGA	0.1
ATGTAGGC	0.09
ATGTAGGG	0.1
ATGTAGTA	0.11
ATGTAGTC	0.1
ATGTAGTG	0.12
ATGTATAA	0.11
ATGTATAC	0.11
ATGTATAG	0.09
ATGTATCA	0.1
ATGTATCC	0.12
ATGTATCG	0.1
ATGTATGA	0.11
ATGTATGC	0.09
ATGTATGG	0.1
ATGTATTA	0.11
ATGTATTC	0.1
ATGTATTG	0.11
ATGTCAAA	0.11
ATGTCAAC	0.12
ATGTCAAG	0.11
ATGTCAAT	0.1
ATGTCACA	0.11
ATGTCACC	0.11
ATGTCACG	0.1
ATGTCAGA	0.1
ATGTCAGC	0.1
ATGTCAGG	0.12
ATGTCATA	0.11
ATGTCATC	0.09
ATGTCATG	0.1
ATGTCCAA	0.09
ATGTCCAC	0.09
ATGTCCAG	0.09
ATGTCCCA	0.1
ATGTCCCC	0.1
ATGTCCCG	0.11
ATGTCCGA	0.11
ATGTCCGC	0.15
ATGTCCGG	0.27
ATGTCCTA	0.11
ATGTCCTC	0.11
ATGTCCTG	0.15
ATGTCGAA	0.11
ATGTCGAC	0.1
ATGTCGAG	0.1
ATGTCGCA	0.09
ATGTCGCC	0.1
ATGTCGCG	0.1
ATGTCGGA	0.12
ATGTCGGC	0.1
ATGTCGGG	0.11
ATGTCGTA	0.1
ATGTCGTC	0.11
ATGTCGTG	0.09
ATGTCTAA	0.1
ATGTCTAC	0.1
ATGTCTAG	0.11
ATGTCTCA	0.09
ATGTCTCC	0.09
ATGTCTCG	0.1
ATGTCTGA	0.1
ATGTCTGC	0.11
ATGTCTGG	0.12
ATGTCTTA	0.1
ATGTCTTC	0.11
ATGTCTTG	0.11
ATGTGAAA	0.11
ATGTGAAC	0.09
ATGTGAAG	0.1
ATGTGAAT	0.11
ATGTGACA	0.09
ATGTGACC	0.09
ATGTGACG	0.1
ATGTGAGA	0.11
ATGTGAGC	0.1
ATGTGAGG	0.1
ATGTGATA	0.11
ATGTGATC	0.09
ATGTGATG	0.09
ATGTGCAA	0.11
ATGTGCAC	0.1
ATGTGCAG	0.1
ATGTGCCA	0.08
ATGTGCCC	0.1
ATGTGCCG	0.09
ATGTGCGA	0.1
ATGTGCGC	0.09
ATGTGCGG	0.11
ATGTGCTA	0.11
ATGTGCTC	0.1
ATGTGCTG	0.11
ATGTGGAA	0.13
ATGTGGAC	0.1
ATGTGGAG	0.11
ATGTGGCA	0.1
ATGTGGCC	0.09
ATGTGGCG	0.08
ATGTGGGA	0.11
ATGTGGGC	0.11
ATGTGGGG	0.1
ATGTGGTA	0.1
ATGTGGTC	0.1
ATGTGGTG	0.1
ATGTGTAA	0.11
ATGTGTAC	0.11
ATGTGTAG	0.1
ATGTGTCA	0.1
ATGTGTCC	0.12
ATGTGTCG	0.09
ATGTGTGA	0.1
ATGTGTGC	0.11
ATGTGTGG	0.1
ATGTGTTA	0.1
ATGTGTTC	0.11
ATGTGTTG	0.09
ATGTTAAA	0.11
ATGTTAAC	0.1
ATGTTAAG	0.13
ATGTTAAT	0.11
ATGTTACA	0.1
ATGTTACC	0.11
ATGTTACG	0.11
ATGTTAGA	0.1
ATGTTAGC	0.11
ATGTTAGG	0.11
ATGTTATA	0.1
ATGTTATC	0.12
ATGTTATG	0.11
ATGTTCAA	0.09
ATGTTCAC	0.1
ATGTTCAG	0.09
ATGTTCCA	0.1
ATGTTCCC	0.1
ATGTTCCG	0.12
ATGTTCGA	0.09
ATGTTCGC	0.1
ATGTTCGG	0.1
ATGTTCTA	0.1
ATGTTCTC	0.1
ATGTTCTG	0.11
ATGTTGAA	0.1
ATGTTGAC	0.1
ATGTTGAG	0.1
ATGTTGCA	0.12
ATGTTGCC	0.09
ATGTTGCG	0.1
ATGTTGGA	0.11
ATGTTGGC	0.1
ATGTTGGG	0.1
ATGTTGTA	0.11
ATGTTGTC	0.1
ATGTTGTG	0.11
ATGTTTAA	0.11
ATGTTTAC	0.11
ATGTTTAG	0.1
ATGTTTCA	0.1
ATGTTTCC	0.21
ATGTTTCG	0.09
ATGTTTGA	0.12
ATGTTTGC	0.09
ATGTTTGG	0.11
ATGTTTTA	0.11
ATGTTTTC	0.1
ATGTTTTG	0.1
ATTAAAAA	0.14
ATTAAAAC	0.13
ATTAAAAG	0.11
ATTAAAAT	0.13
ATTAAACA	0.12
ATTAAACC	0.11
ATTAAACG	0.11
ATTAAAGA	0.12
ATTAAAGC	0.1
ATTAAAGG	0.12
ATTAAATA	0.12
ATTAAATC	0.12
ATTAAATG	0.13
ATTAACAA	0.11
ATTAACAC	0.11
ATTAACAG	0.1
ATTAACCA	0.1
ATTAACCC	0.09
ATTAACCG	0.12
ATTAACGA	0.11
ATTAACGC	0.09
ATTAACGG	0.12
ATTAACTA	0.11
ATTAACTC	0.1
ATTAACTG	0.11
ATTAAGAA	0.12
ATTAAGAC	0.11
ATTAAGAG	0.12
ATTAAGCA	0.1
ATTAAGCC	0.1
ATTAAGCG	0.09
ATTAAGGA	0.13
ATTAAGGC	0.12
ATTAAGGG	0.12
ATTAAGTA	0.11
ATTAAGTC	0.11
ATTAAGTG	0.11
ATTAATAA	0.12
ATTAATAC	0.12
ATTAATAG	0.11
ATTAATCA	0.11
ATTAATCC	0.12
ATTAATCG	0.12
ATTAATGA	0.13
ATTAATGC	0.1
ATTAATGG	0.12
ATTAATTA	0.11
ATTAATTC	0.12
ATTAATTG	0.11
ATTACAAA	0.13
ATTACAAC	0.11
ATTACAAG	0.11
ATTACAAT	0.11
ATTACACA	0.11
ATTACACC	0.1
ATTACACG	0.1
ATTACAGA	0.1
ATTACAGC	0.1
ATTACAGG	0.13
ATTACATA	0.11
ATTACATC	0.11
ATTACATG	0.11
ATTACCAA	0.1
ATTACCAC	0.11
ATTACCAG	0.11
ATTACCCA	0.1
ATTACCCC	0.1
ATTACCCG	0.11
ATTACCGA	0.1
ATTACCGC	0.1
ATTACCGG	0.14
ATTACCTA	0.11
ATTACCTC	0.11
ATTACCTG	0.1
ATTACGAA	0.11
ATTACGAC	0.11
ATTACGAG	0.1
ATTACGCA	0.11
ATTACGCC	0.11
ATTACGCG	0.1
ATTACGGA	0.14
ATTACGGC	0.09
ATTACGGG	0.1
ATTACGTA	0.1
ATTACGTC	0.1
ATTACGTG	0.09
ATTACTAA	0.11
ATTACTAC	0.1
ATTACTAG	0.1
ATTACTCA	0.11
ATTACTCC	0.11
ATTACTCG	0.1
ATTACTGA	0.1
ATTACTGC	0.09
ATTACTGG	0.1
ATTACTTA	0.13
ATTACTTC	0.1
ATTACTTG	0.11
ATTAGAAA	0.11
ATTAGAAC	0.12
ATTAGAAG	0.11
ATTAGAAT	0.11
ATTAGACA	0.11
ATTAGACC	0.1
ATTAGACG	0.12
ATTAGAGA	0.1
ATTAGAGC	0.1
ATTAGAGG	0.1
ATTAGATA	0.12
ATTAGATC	0.1
ATTAGATG	0.13
ATTAGCAA	0.11
ATTAGCAC	0.11
ATTAGCAG	0.11
ATTAGCCA	0.09
ATTAGCCC	0.1
ATTAGCCG	0.08
ATTAGCGA	0.09
ATTAGCGC	0.1
ATTAGCGG	0.1
ATTAGCTA	0.1
ATTAGCTC	0.11
ATTAGCTG	0.09
ATTAGGAA	0.13
ATTAGGAC	0.11
ATTAGGAG	0.12
ATTAGGCA	0.1
ATTAGGCC	0.1
ATTAGGCG	0.13
ATTAGGGA	0.11
ATTAGGGC	0.09
ATTAGGGG	0.09
ATTAGGTA	0.1
ATTAGGTC	0.12
ATTAGGTG	0.1
ATTAGTAA	0.14
ATTAGTAC	0.11
ATTAGTAG	0.11
ATTAGTCA	0.1
ATTAGTCC	0.1
ATTAGTCG	0.1
ATTAGTGA	0.11
ATTAGTGC	0.11
ATTAGTGG	0.11
ATTAGTTA	0.14
ATTAGTTC	0.12
ATTAGTTG	0.11
ATTATAAA	0.12
ATTATAAC	0.09
ATTATAAG	0.11
ATTATAAT	0.1
ATTATACA	0.11
ATTATACC	0.11
ATTATACG	0.11
ATTATAGA	0.1
ATTATAGC	0.1
ATTATAGG	0.11
ATTATATA	0.11
ATTATATC	0.12
ATTATATG	0.13
ATTATCAA	0.11
ATTATCAC	0.1
ATTATCAG	0.11
ATTATCCA	0.11
ATTATCCC	0.11
ATTATCCG	0.13
ATTATCGA	0.1
ATTATCGC	0.12
ATTATCGG	0.1
ATTATCTA	0.11
ATTATCTC	0.11
ATTATCTG	0.1
ATTATGAA	0.11
ATTATGAC	0.11
ATTATGAG	0.1
ATTATGCA	0.09
ATTATGCC	0.12
ATTATGCG	0.11
ATTATGGA	0.11
ATTATGGC	0.1
ATTATGGG	0.09
ATTATGTA	0.11
ATTATGTC	0.12
ATTATGTG	0.11
ATTATTAA	0.12
ATTATTAC	0.11
ATTATTAG	0.11
ATTATTCA	0.12
ATTATTCC	0.11
ATTATTCG	0.11
ATTATTGA	0.11
ATTATTGC	0.1
ATTATTGG	0.1
ATTATTTA	0.13
ATTATTTC	0.12
ATTATTTG	0.12
ATTCAAAA	0.15
ATTCAAAC	0.11
ATTCAAAG	0.12
ATTCAAAT	0.11
ATTCAACA	0.11
ATTCAACC	0.1
ATTCAACG	0.1
ATTCAAGA	0.11
ATTCAAGC	0.11
ATTCAAGG	0.1
ATTCAATA	0.11
ATTCAATC	0.09
ATTCAATG	0.12
ATTCACAA	0.11
ATTCACAC	0.1
ATTCACAG	0.1
ATTCACCA	0.11
ATTCACCC	0.11
ATTCACCG	0.1
ATTCACGA	0.11
ATTCACGC	0.1
ATTCACGG	0.1
ATTCACTA	0.1
ATTCACTC	0.09
ATTCACTG	0.11
ATTCAGAA	0.11
ATTCAGAC	0.11
ATTCAGAG	0.11
ATTCAGCA	0.1
ATTCAGCC	0.09
ATTCAGCG	0.09
ATTCAGGA	0.11
ATTCAGGC	0.11
ATTCAGGG	0.11
ATTCAGTA	0.1
ATTCAGTC	0.09
ATTCAGTG	0.11
ATTCATAA	0.11
ATTCATAC	0.11
ATTCATAG	0.1
ATTCATCA	0.12
ATTCATCC	0.1
ATTCATCG	0.11
ATTCATGA	0.1
ATTCATGC	0.12
ATTCATGG	0.1
ATTCATTA	0.11
ATTCATTC	0.12
ATTCATTG	0.1
ATTCCAAA	0.11
ATTCCAAC	0.1
ATTCCAAG	0.1
ATTCCAAT	0.11
ATTCCACA	0.1
ATTCCACC	0.1
ATTCCACG	0.09
ATTCCAGA	0.12
ATTCCAGC	0.11
ATTCCAGG	0.11
ATTCCATA	0.11
ATTCCATC	0.12
ATTCCATG	0.1
ATTCCCAA	0.12
ATTCCCAC	0.11
ATTCCCAG	0.1
ATTCCCCA	0.1
ATTCCCCC	0.14
ATTCCCCG	0.11
ATTCCCGA	0.1
ATTCCCGC	0.11
ATTCCCGG	0.14
ATTCCCTA	0.12
ATTCCCTC	0.1
ATTCCCTG	0.12
ATTCCGAA	0.11
ATTCCGAC	0.12
ATTCCGAG	0.11
ATTCCGCA	0.11
ATTCCGCC	0.15
ATTCCGCG	0.11
ATTCCGGA	0.21
ATTCCGGC	0.19
ATTCCGGG	0.13
ATTCCGTA	0.12
ATTCCGTC	0.12
ATTCCGTG	0.11
ATTCCTAA	0.11
ATTCCTAC	0.1
ATTCCTAG	0.12
ATTCCTCA	0.11
ATTCCTCC	0.13
ATTCCTCG	0.1
ATTCCTGA	0.12
ATTCCTGC	0.11
ATTCCTGG	0.1
ATTCCTTA	0.1
ATTCCTTC	0.12
ATTCCTTG	0.1
ATTCGAAA	0.11
ATTCGAAC	0.1
ATTCGAAG	0.1
ATTCGAAT	0.1
ATTCGACA	0.1
ATTCGACC	0.1
ATTCGACG	0.11
ATTCGAGA	0.1
ATTCGAGC	0.09
ATTCGAGG	0.1
ATTCGATA	0.11
ATTCGATC	0.1
ATTCGATG	0.1
ATTCGCAA	0.11
ATTCGCAC	0.1
ATTCGCAG	0.09
ATTCGCCA	0.11
ATTCGCCC	0.09
ATTCGCCG	0.11
ATTCGCGA	0.1
ATTCGCGC	0.1
ATTCGCGG	0.1
ATTCGCTA	0.09
ATTCGCTC	0.09
ATTCGCTG	0.1
ATTCGGAA	0.12
ATTCGGAC	0.1
ATTCGGAG	0.09
ATTCGGCA	0.1
ATTCGGCC	0.11
ATTCGGCG	0.1
ATTCGGGA	0.1
ATTCGGGC	0.1
ATTCGGGG	0.1
ATTCGGTA	0.11
ATTCGGTC	0.1
ATTCGGTG	0.1
ATTCGTAA	0.12
ATTCGTAC	0.11
ATTCGTAG	0.11
ATTCGTCA	0.1
ATTCGTCC	0.11
ATTCGTCG	0.12
ATTCGTGA	0.11
ATTCGTGC	0.1
ATTCGTGG	0.09
ATTCGTTA	0.1
ATTCGTTC	0.13
ATTCGTTG	0.1
ATTCTAAA	0.12
ATTCTAAC	0.11
ATTCTAAG	0.11
ATTCTACA	0.12
ATTCTACC	0.12
ATTCTACG	0.11
ATTCTAGA	0.11
ATTCTAGC	0.1
ATTCTAGG	0.11
ATTCTATA	0.11
ATTCTATC	0.1
ATTCTATG	0.11
ATTCTCAA	0.11
ATTCTCAC	0.11
ATTCTCAG	0.1
ATTCTCCA	0.11
ATTCTCCC	0.1
ATTCTCCG	0.12
ATTCTCGA	0.1
ATTCTCGC	0.09
ATTCTCGG	0.11
ATTCTCTA	0.11
ATTCTCTC	0.1
ATTCTCTG	0.08
ATTCTGAA	0.13
ATTCTGAC	0.09
ATTCTGAG	0.11
ATTCTGCA	0.09
ATTCTGCC	0.1
ATTCTGCG	0.1
ATTCTGGA	0.12
ATTCTGGC	0.1
ATTCTGGG	0.1
ATTCTGTA	0.12
ATTCTGTC	0.1
ATTCTGTG	0.11
ATTCTTAA	0.11
ATTCTTAC	0.11
ATTCTTAG	0.1
ATTCTTCA	0.12
ATTCTTCC	0.15
ATTCTTCG	0.09
ATTCTTGA	0.1
ATTCTTGC	0.11
ATTCTTGG	0.11
ATTCTTTA	0.11
ATTCTTTC	0.13
ATTCTTTG	0.1
ATTGAAAA	0.14
ATTGAAAC	0.12
ATTGAAAG	0.11
ATTGAAAT	0.11
ATTGAACA	0.11
ATTGAACC	0.1
ATTGAACG	0.1
ATTGAAGA	0.1
ATTGAAGC	0.09
ATTGAAGG	0.12
ATTGAATA	0.12
ATTGAATC	0.1
ATTGAATG	0.11
ATTGACAA	0.1
ATTGACAC	0.09
ATTGACAG	0.1
ATTGACCA	0.09
ATTGACCC	0.1
ATTGACCG	0.1
ATTGACGA	0.1
ATTGACGC	0.11
ATTGACGG	0.11
ATTGACTA	0.09
ATTGACTC	0.11
ATTGACTG	0.1
ATTGAGAA	0.12
ATTGAGAC	0.11
ATTGAGAG	0.1
ATTGAGCA	0.09
ATTGAGCC	0.1
ATTGAGCG	0.11
ATTGAGGA	0.12
ATTGAGGC	0.11
ATTGAGGG	0.1
ATTGAGTA	0.1
ATTGAGTC	0.1
ATTGAGTG	0.09
ATTGATAA	0.1
ATTGATAC	0.11
ATTGATAG	0.1
ATTGATCA	0.1
ATTGATCC	0.12
ATTGATCG	0.1
ATTGATGA	0.11
ATTGATGC	0.1
ATTGATGG	0.11
ATTGATTA	0.11
ATTGATTC	0.13
ATTGATTG	0.11
ATTGCAAA	0.1
ATTGCAAC	0.11
ATTGCAAG	0.1
ATTGCAAT	0.1
ATTGCACA	0.11
ATTGCACC	0.1
ATTGCACG	0.11
ATTGCAGA	0.1
ATTGCAGC	0.1
ATTGCAGG	0.1
ATTGCATA	0.11
ATTGCATC	0.11
ATTGCATG	0.11
ATTGCCAA	0.1
ATTGCCAC	0.11
ATTGCCAG	0.1
ATTGCCCA	0.09
ATTGCCCC	0.11
ATTGCCCG	0.1
ATTGCCGA	0.1
ATTGCCGC	0.1
ATTGCCGG	0.11
ATTGCCTA	0.1
ATTGCCTC	0.1
ATTGCCTG	0.11
ATTGCGAA	0.09
ATTGCGAC	0.12
ATTGCGAG	0.09
ATTGCGCA	0.09
ATTGCGCC	0.1
ATTGCGCG	0.12
ATTGCGGA	0.13
ATTGCGGC	0.09
ATTGCGGG	0.1
ATTGCGTA	0.11
ATTGCGTC	0.1
ATTGCGTG	0.1
ATTGCTAA	0.11
ATTGCTAC	0.09
ATTGCTAG	0.09
ATTGCTCA	0.1
ATTGCTCC	0.09
ATTGCTCG	0.11
ATTGCTGA	0.1
ATTGCTGC	0.09
ATTGCTGG	0.09
ATTGCTTA	0.11
ATTGCTTC	0.11
ATTGCTTG	0.09
ATTGGAAA	0.1
ATTGGAAC	0.1
ATTGGAAG	0.11
ATTGGACA	0.09
ATTGGACC	0.1
ATTGGACG	0.1
ATTGGAGA	0.13
ATTGGAGC	0.1
ATTGGAGG	0.1
ATTGGATA	0.11
ATTGGATC	0.09
ATTGGATG	0.1
ATTGGCAA	0.1
ATTGGCAC	0.11
ATTGGCAG	0.09
ATTGGCCA	0.09
ATTGGCCC	0.08
ATTGGCCG	0.1
ATTGGCGA	0.1
ATTGGCGC	0.1
ATTGGCGG	0.11
ATTGGCTA	0.1
ATTGGCTC	0.1
ATTGGCTG	0.1
ATTGGGAA	0.11
ATTGGGAC	0.1
ATTGGGAG	0.11
ATTGGGCA	0.09
ATTGGGCC	0.09
ATTGGGCG	0.1
ATTGGGGA	0.11
ATTGGGGC	0.1
ATTGGGGG	0.12
ATTGGGTA	0.11
ATTGGGTC	0.11
ATTGGGTG	0.12
ATTGGTAA	0.11
ATTGGTAC	0.1
ATTGGTAG	0.1
ATTGGTCA	0.1
ATTGGTCC	0.09
ATTGGTCG	0.1
ATTGGTGA	0.1
ATTGGTGC	0.11
ATTGGTGG	0.11
ATTGGTTA	0.1
ATTGGTTC	0.1
ATTGGTTG	0.12
ATTGTAAA	0.12
ATTGTAAC	0.09
ATTGTAAG	0.1
ATTGTACA	0.1
ATTGTACC	0.1
ATTGTACG	0.09
ATTGTAGA	0.11
ATTGTAGC	0.11
ATTGTAGG	0.12
ATTGTATA	0.12
ATTGTATC	0.12
ATTGTATG	0.1
ATTGTCAA	0.1
ATTGTCAC	0.1
ATTGTCAG	0.1
ATTGTCCA	0.1
ATTGTCCC	0.1
ATTGTCCG	0.13
ATTGTCGA	0.09
ATTGTCGC	0.1
ATTGTCGG	0.13
ATTGTCTA	0.09
ATTGTCTC	0.1
ATTGTCTG	0.11
ATTGTGAA	0.11
ATTGTGAC	0.11
ATTGTGAG	0.11
ATTGTGCA	0.1
ATTGTGCC	0.1
ATTGTGCG	0.1
ATTGTGGA	0.11
ATTGTGGC	0.1
ATTGTGGG	0.09
ATTGTGTA	0.1
ATTGTGTC	0.11
ATTGTGTG	0.1
ATTGTTAA	0.11
ATTGTTAC	0.13
ATTGTTAG	0.11
ATTGTTCA	0.1
ATTGTTCC	0.12
ATTGTTCG	0.1
ATTGTTGA	0.11
ATTGTTGC	0.1
ATTGTTGG	0.11
ATTGTTTA	0.12
ATTGTTTC	0.12
ATTGTTTG	0.11
ATTTAAAA	0.12
ATTTAAAC	0.11
ATTTAAAG	0.13
ATTTAAAT	0.12
ATTTAACA	0.11
ATTTAACC	0.1
ATTTAACG	0.11
ATTTAAGA	0.11
ATTTAAGC	0.11
ATTTAAGG	0.11
ATTTAATA	0.13
ATTTAATC	0.13
ATTTAATG	0.1
ATTTACAA	0.1
ATTTACAC	0.09
ATTTACAG	0.1
ATTTACCA	0.12
ATTTACCC	0.12
ATTTACCG	0.13
ATTTACGA	0.12
ATTTACGC	0.11
ATTTACGG	0.11
ATTTACTA	0.11
ATTTACTC	0.11
ATTTACTG	0.1
ATTTAGAA	0.12
ATTTAGAC	0.11
ATTTAGAG	0.11
ATTTAGCA	0.1
ATTTAGCC	0.11
ATTTAGCG	0.09
ATTTAGGA	0.11
ATTTAGGC	0.1
ATTTAGGG	0.1
ATTTAGTA	0.12
ATTTAGTC	0.11
ATTTAGTG	0.11
ATTTATAA	0.12
ATTTATAC	0.11
ATTTATAG	0.11
ATTTATCA	0.11
ATTTATCC	0.12
ATTTATCG	0.11
ATTTATGA	0.12
ATTTATGC	0.11
ATTTATGG	0.11
ATTTATTA	0.11
ATTTATTC	0.13
ATTTATTG	0.1
ATTTCAAA	0.13
ATTTCAAC	0.12
ATTTCAAG	0.1
ATTTCACA	0.11
ATTTCACC	0.11
ATTTCACG	0.1
ATTTCAGA	0.1
ATTTCAGC	0.11
ATTTCAGG	0.11
ATTTCATA	0.11
ATTTCATC	0.11
ATTTCATG	0.11
ATTTCCAA	0.11
ATTTCCAC	0.12
ATTTCCAG	0.12
ATTTCCCA	0.12
ATTTCCCC	0.15
ATTTCCCG	0.27
ATTTCCGA	0.3
ATTTCCGC	0.54
ATTTCCGG	0.97
ATTTCCTA	0.21
ATTTCCTC	0.29
ATTTCCTG	0.55
ATTTCGAA	0.11
ATTTCGAC	0.1
ATTTCGAG	0.11
ATTTCGCA	0.1
ATTTCGCC	0.11
ATTTCGCG	0.12
ATTTCGGA	0.12
ATTTCGGC	0.09
ATTTCGGG	0.11
ATTTCGTA	0.1
ATTTCGTC	0.11
ATTTCGTG	0.1
ATTTCTAA	0.1
ATTTCTAC	0.11
ATTTCTAG	0.11
ATTTCTCA	0.1
ATTTCTCC	0.1
ATTTCTCG	0.12
ATTTCTGA	0.12
ATTTCTGC	0.12
ATTTCTGG	0.11
ATTTCTTA	0.12
ATTTCTTC	0.14
ATTTCTTG	0.12
ATTTGAAA	0.13
ATTTGAAC	0.12
ATTTGAAG	0.11
ATTTGACA	0.12
ATTTGACC	0.11
ATTTGACG	0.11
ATTTGAGA	0.11
ATTTGAGC	0.12
ATTTGAGG	0.11
ATTTGATA	0.11
ATTTGATC	0.1
ATTTGATG	0.12
ATTTGCAA	0.1
ATTTGCAC	0.1
ATTTGCAG	0.13
ATTTGCCA	0.09
ATTTGCCC	0.1
ATTTGCCG	0.12
ATTTGCGA	0.11
ATTTGCGC	0.09
ATTTGCGG	0.11
ATTTGCTA	0.11
ATTTGCTC	0.12
ATTTGCTG	0.11
ATTTGGAA	0.14
ATTTGGAC	0.1
ATTTGGAG	0.11
ATTTGGCA	0.1
ATTTGGCC	0.1
ATTTGGCG	0.12
ATTTGGGA	0.12
ATTTGGGC	0.09
ATTTGGGG	0.1
ATTTGGTA	0.12
ATTTGGTC	0.1
ATTTGGTG	0.11
ATTTGTAA	0.12
ATTTGTAC	0.1
ATTTGTAG	0.12
ATTTGTCA	0.1
ATTTGTCC	0.1
ATTTGTCG	0.12
ATTTGTGA	0.1
ATTTGTGC	0.11
ATTTGTGG	0.1
ATTTGTTA	0.12
ATTTGTTC	0.13
ATTTGTTG	0.11
ATTTTAAA	0.12
ATTTTAAC	0.11
ATTTTAAG	0.11
ATTTTACA	0.11
ATTTTACC	0.13
ATTTTACG	0.13
ATTTTAGA	0.11
ATTTTAGC	0.1
ATTTTAGG	0.12
ATTTTATA	0.12
ATTTTATC	0.14
ATTTTATG	0.12
ATTTTCAA	0.13
ATTTTCAC	0.1
ATTTTCAG	0.12
ATTTTCCA	0.11
ATTTTCCC	0.12
ATTTTCCG	0.2
ATTTTCGA	0.11
ATTTTCGC	0.11
ATTTTCGG	0.12
ATTTTCTA	0.12
ATTTTCTC	0.1
ATTTTCTG	0.12
ATTTTGAA	0.13
ATTTTGAC	0.1
ATTTTGAG	0.12
ATTTTGCA	0.11
ATTTTGCC	0.11
ATTTTGCG	0.1
ATTTTGGA	0.11
ATTTTGGC	0.1
ATTTTGGG	0.1
ATTTTGTA	0.12
ATTTTGTC	0.11
ATTTTGTG	0.13
ATTTTTAA	0.13
ATTTTTAC	0.11
ATTTTTAG	0.11
ATTTTTCA	0.11
ATTTTTCC	0.14
ATTTTTCG	0.12
ATTTTTGA	0.11
ATTTTTGC	0.12
ATTTTTGG	0.12
ATTTTTTA	0.14
ATTTTTTC	0.13
ATTTTTTG	0.12
CAAAAAAA	0.13
CAAAAAAC	0.14
CAAAAAAG	0.12
CAAAAACA	0.11
CAAAAACC	0.12
CAAAAACG	0.1
CAAAAAGA	0.12
CAAAAAGC	0.12
CAAAAAGG	0.11
CAAAAATA	0.13
CAAAAATC	0.1
CAAAAATG	0.12
CAAAACAA	0.11
CAAAACAC	0.11
CAAAACAG	0.11
CAAAACCA	0.11
CAAAACCC	0.1
CAAAACCG	0.1
CAAAACGA	0.11
CAAAACGC	0.1
CAAAACGG	0.1
CAAAACTA	0.13
CAAAACTC	0.11
CAAAACTG	0.1
CAAAAGAA	0.14
CAAAAGAC	0.1
CAAAAGAG	0.13
CAAAAGCA	0.11
CAAAAGCC	0.11
CAAAAGCG	0.1
CAAAAGGA	0.13
CAAAAGGC	0.1
CAAAAGGG	0.11
CAAAAGTA	0.13
CAAAAGTC	0.11
CAAAAGTG	0.11
CAAAATAA	0.14
CAAAATAC	0.12
CAAAATAG	0.12
CAAAATCA	0.12
CAAAATCC	0.12
CAAAATCG	0.11
CAAAATGA	0.11
CAAAATGC	0.11
CAAAATGG	0.12
CAAAATTA	0.11
CAAAATTC	0.11
CAAAATTG	0.11
CAAACAAA	0.12
CAAACAAC	0.11
CAAACAAG	0.12
CAAACACA	0.11
CAAACACC	0.12
CAAACACG	0.09
CAAACAGA	0.11
CAAACAGC	0.09
CAAACAGG	0.11
CAAACATA	0.09
CAAACATC	0.11
CAAACATG	0.1
CAAACCAA	0.11
CAAACCAC	0.12
CAAACCAG	0.11
CAAACCCA	0.13
CAAACCCC	0.1
CAAACCCG	0.11
CAAACCGA	0.1
CAAACCGC	0.1
CAAACCGG	0.12
CAAACCTA	0.11
CAAACCTC	0.1
CAAACCTG	0.11
CAAACGAA	0.11
CAAACGAC	0.1
CAAACGAG	0.1
CAAACGCA	0.1
CAAACGCC	0.1
CAAACGCG	0.1
CAAACGGA	0.13
CAAACGGC	0.11
CAAACGGG	0.1
CAAACGTA	0.09
CAAACGTC	0.11
CAAACGTG	0.1
CAAACTAA	0.14
CAAACTAC	0.12
CAAACTAG	0.09
CAAACTCA	0.11
CAAACTCC	0.12
CAAACTCG	0.1
CAAACTGA	0.11
CAAACTGC	0.1
CAAACTGG	0.1
CAAACTTA	0.1
CAAACTTC	0.13
CAAACTTG	0.1
CAAAGAAA	0.11
CAAAGAAC	0.13
CAAAGAAG	0.1
CAAAGACA	0.1
CAAAGACC	0.1
CAAAGACG	0.11
CAAAGAGA	0.1
CAAAGAGC	0.1
CAAAGAGG	0.1
CAAAGATA	0.11
CAAAGATC	0.11
CAAAGATG	0.11
CAAAGCAA	0.1
CAAAGCAC	0.11
CAAAGCAG	0.11
CAAAGCCA	0.1
CAAAGCCC	0.1
CAAAGCCG	0.1
CAAAGCGA	0.11
CAAAGCGC	0.1
CAAAGCGG	0.1
CAAAGCTA	0.1
CAAAGCTC	0.09
CAAAGCTG	0.1
CAAAGGAA	0.15
CAAAGGAC	0.1
CAAAGGAG	0.11
CAAAGGCA	0.09
CAAAGGCC	0.1
CAAAGGCG	0.11
CAAAGGGA	0.1
CAAAGGGC	0.1
CAAAGGGG	0.13
CAAAGGTA	0.1
CAAAGGTC	0.09
CAAAGGTG	0.1
CAAAGTAA	0.11
CAAAGTAC	0.09
CAAAGTAG	0.1
CAAAGTCA	0.11
CAAAGTCC	0.09
CAAAGTCG	0.1
CAAAGTGA	0.11
CAAAGTGC	0.09
CAAAGTGG	0.09
CAAAGTTA	0.11
CAAAGTTC	0.1
CAAAGTTG	0.1
CAAATAAA	0.11
CAAATAAC	0.11
CAAATAAG	0.11
CAAATACA	0.12
CAAATACC	0.11
CAAATACG	0.1
CAAATAGA	0.1
CAAATAGC	0.11
CAAATAGG	0.11
CAAATATA	0.11
CAAATATC	0.09
CAAATATG	0.1
CAAATCAA	0.11
CAAATCAC	0.11
CAAATCAG	0.1
CAAATCCA	0.11
CAAATCCC	0.1
CAAATCCG	0.14
CAAATCGA	0.1
CAAATCGC	0.11
CAAATCGG	0.1
CAAATCTA	0.12
CAAATCTC	0.11
CAAATCTG	0.1
CAAATGAA	0.1
CAAATGAC	0.1
CAAATGAG	0.11
CAAATGCA	0.11
CAAATGCC	0.11
CAAATGCG	0.1
CAAATGGA	0.11
CAAATGGC	0.1
CAAATGGG	0.1
CAAATGTA	0.11
CAAATGTC	0.11
CAAATGTG	0.12
CAAATTAA	0.1
CAAATTAC	0.13
CAAATTAG	0.11
CAAATTCA	0.11
CAAATTCC	0.13
CAAATTCG	0.11
CAAATTGA	0.09
CAAATTGC	0.1
CAAATTGG	0.11
CAAATTTA	0.11
CAAATTTC	0.12
CAAATTTG	0.1
CAACAAAA	0.14
CAACAAAC	0.12
CAACAAAG	0.1
CAACAACA	0.11
CAACAACC	0.13
CAACAACG	0.1
CAACAAGA	0.14
CAACAAGC	0.1
CAACAAGG	0.11
CAACAATA	0.11
CAACAATC	0.11
CAACAATG	0.1
CAACACAA	0.12
CAACACAC	0.1
CAACACAG	0.1
CAACACCA	0.1
CAACACCC	0.1
CAACACCG	0.1
CAACACGA	0.1
CAACACGC	0.09
CAACACGG	0.09
CAACACTA	0.1
CAACACTC	0.1
CAACACTG	0.1
CAACAGAA	0.12
CAACAGAC	0.1
CAACAGAG	0.12
CAACAGCA	0.1
CAACAGCC	0.1
CAACAGCG	0.09
CAACAGGA	0.18
CAACAGGC	0.09
CAACAGGG	0.1
CAACAGTA	0.1
CAACAGTC	0.09
CAACAGTG	0.12
CAACATAA	0.11
CAACATAC	0.12
CAACATAG	0.1
CAACATCA	0.12
CAACATCC	0.18
CAACATCG	0.1
CAACATGA	0.1
CAACATGC	0.09
CAACATGG	0.09
CAACATTA	0.11
CAACATTC	0.1
CAACATTG	0.09
CAACCAAA	0.13
CAACCAAC	0.11
CAACCAAG	0.09
CAACCACA	0.11
CAACCACC	0.11
CAACCACG	0.1
CAACCAGA	0.1
CAACCAGC	0.1
CAACCAGG	0.11
CAACCATA	0.12
CAACCATC	0.1
CAACCATG	0.11
CAACCCAA	0.11
CAACCCAC	0.09
CAACCCAG	0.1
CAACCCCA	0.09
CAACCCCC	0.12
CAACCCCG	0.1
CAACCCGA	0.11
CAACCCGC	0.1
CAACCCGG	0.11
CAACCCTA	0.1
CAACCCTC	0.1
CAACCCTG	0.09
CAACCGAA	0.11
CAACCGAC	0.12
CAACCGAG	0.09
CAACCGCA	0.11
CAACCGCC	0.1
CAACCGCG	0.1
CAACCGGA	0.25
CAACCGGC	0.1
CAACCGGG	0.12
CAACCGTA	0.09
CAACCGTC	0.1
CAACCGTG	0.09
CAACCTAA	0.1
CAACCTAC	0.1
CAACCTAG	0.09
CAACCTCA	0.09
CAACCTCC	0.11
CAACCTCG	0.1
CAACCTGA	0.12
CAACCTGC	0.09
CAACCTGG	0.1
CAACCTTA	0.11
CAACCTTC	0.09
CAACCTTG	0.1
CAACGAAA	0.12
CAACGAAC	0.11
CAACGAAG	0.1
CAACGACA	0.12
CAACGACC	0.11
CAACGACG	0.09
CAACGAGA	0.11
CAACGAGC	0.1
CAACGAGG	0.1
CAACGATA	0.11
CAACGATC	0.1
CAACGATG	0.1
CAACGCAA	0.1
CAACGCAC	0.1
CAACGCAG	0.11
CAACGCCA	0.09
CAACGCCC	0.11
CAACGCCG	0.1
CAACGCGA	0.1
CAACGCGC	0.1
CAACGCGG	0.11
CAACGCTA	0.1
CAACGCTC	0.09
CAACGCTG	0.1
CAACGGAA	0.24
CAACGGAC	0.11
CAACGGAG	0.1
CAACGGCA	0.09
CAACGGCC	0.09
CAACGGCG	0.09
CAACGGGA	0.11
CAACGGGC	0.09
CAACGGGG	0.13
CAACGGTA	0.1
CAACGGTC	0.09
CAACGGTG	0.09
CAACGTAA	0.09
CAACGTAC	0.09
CAACGTAG	0.1
CAACGTCA	0.1
CAACGTCC	0.12
CAACGTCG	0.1
CAACGTGA	0.1
CAACGTGC	0.1
CAACGTGG	0.09
CAACGTTA	0.09
CAACGTTC	0.1
CAACGTTG	0.11
CAACTAAA	0.1
CAACTAAC	0.12
CAACTAAG	0.11
CAACTACA	0.11
CAACTACC	0.11
CAACTACG	0.09
CAACTAGA	0.1
CAACTAGC	0.09
CAACTAGG	0.11
CAACTATA	0.11
CAACTATC	0.09
CAACTATG	0.1
CAACTCAA	0.11
CAACTCAC	0.1
CAACTCAG	0.1
CAACTCCA	0.11
CAACTCCC	0.11
CAACTCCG	0.1
CAACTCGA	0.09
CAACTCGC	0.1
CAACTCGG	0.09
CAACTCTA	0.11
CAACTCTC	0.11
CAACTCTG	0.1
CAACTGAA	0.11
CAACTGAC	0.1
CAACTGAG	0.1
CAACTGCA	0.1
CAACTGCC	0.09
CAACTGCG	0.1
CAACTGGA	0.09
CAACTGGC	0.1
CAACTGGG	0.1
CAACTGTA	0.1
CAACTGTC	0.1
CAACTGTG	0.1
CAACTTAA	0.11
CAACTTAC	0.11
CAACTTAG	0.11
CAACTTCA	0.1
CAACTTCC	0.32
CAACTTCG	0.09
CAACTTGA	0.11
CAACTTGC	0.09
CAACTTGG	0.1
CAACTTTA	0.1
CAACTTTC	0.12
CAAGAAAA	0.14
CAAGAAAC	0.12
CAAGAAAG	0.11
CAAGAACA	0.12
CAAGAACC	0.11
CAAGAACG	0.12
CAAGAAGA	0.13
CAAGAAGC	0.1
CAAGAAGG	0.1
CAAGAATA	0.11
CAAGAATC	0.11
CAAGAATG	0.11
CAAGACAA	0.1
CAAGACAC	0.11
CAAGACAG	0.09
CAAGACCA	0.12
CAAGACCC	0.09
CAAGACCG	0.13
CAAGACGA	0.12
CAAGACGC	0.1
CAAGACGG	0.1
CAAGACTA	0.1
CAAGACTC	0.1
CAAGACTG	0.09
CAAGAGAA	0.12
CAAGAGAC	0.09
CAAGAGAG	0.11
CAAGAGCA	0.1
CAAGAGCC	0.12
CAAGAGCG	0.11
CAAGAGGA	0.11
CAAGAGGC	0.1
CAAGAGGG	0.1
CAAGAGTA	0.11
CAAGAGTC	0.1
CAAGAGTG	0.09
CAAGATAA	0.1
CAAGATAC	0.11
CAAGATAG	0.1
CAAGATCA	0.1
CAAGATCC	0.12
CAAGATCG	0.09
CAAGATGA	0.1
CAAGATGC	0.11
CAAGATGG	0.1
CAAGATTA	0.09
CAAGATTC	0.1
CAAGATTG	0.09
CAAGCAAA	0.1
CAAGCAAC	0.1
CAAGCAAG	0.1
CAAGCACA	0.1
CAAGCACC	0.11
CAAGCACG	0.1
CAAGCAGA	0.12
CAAGCAGC	0.1
CAAGCAGG	0.09
CAAGCATA	0.1
CAAGCATC	0.1
CAAGCATG	0.08
CAAGCCAA	0.11
CAAGCCAC	0.09
CAAGCCAG	0.1
CAAGCCCA	0.09
CAAGCCCC	0.09
CAAGCCCG	0.1
CAAGCCGA	0.11
CAAGCCGC	0.08
CAAGCCGG	0.11
CAAGCCTA	0.1
CAAGCCTC	0.09
CAAGCCTG	0.08
CAAGCGAA	0.11
CAAGCGAC	0.11
CAAGCGAG	0.1
CAAGCGCA	0.09
CAAGCGCC	0.1
CAAGCGCG	0.08
CAAGCGGA	0.15
CAAGCGGC	0.1
CAAGCGGG	0.1
CAAGCGTA	0.1
CAAGCGTC	0.09
CAAGCGTG	0.09
CAAGCTAA	0.09
CAAGCTAC	0.1
CAAGCTAG	0.09
CAAGCTCA	0.09
CAAGCTCC	0.1
CAAGCTCG	0.1
CAAGCTGA	0.09
CAAGCTGC	0.1
CAAGCTGG	0.09
CAAGCTTA	0.11
CAAGCTTC	0.1
CAAGCTTG	0.09
CAAGGAAA	0.16
CAAGGAAC	0.12
CAAGGAAG	0.19
CAAGGACA	0.12
CAAGGACC	0.09
CAAGGACG	0.09
CAAGGAGA	0.1
CAAGGAGC	0.1
CAAGGAGG	0.11
CAAGGATA	0.12
CAAGGATC	0.11
CAAGGATG	0.12
CAAGGCAA	0.11
CAAGGCAC	0.09
CAAGGCAG	0.1
CAAGGCCA	0.09
CAAGGCCC	0.1
CAAGGCCG	0.1
CAAGGCGA	0.1
CAAGGCGC	0.1
CAAGGCGG	0.11
CAAGGCTA	0.1
CAAGGCTC	0.09
CAAGGCTG	0.09
CAAGGGAA	0.11
CAAGGGAC	0.1
CAAGGGAG	0.11
CAAGGGCA	0.09
CAAGGGCC	0.07
CAAGGGCG	0.1
CAAGGGGA	0.13
CAAGGGGC	0.11
CAAGGGGG	0.1
CAAGGGTA	0.1
CAAGGGTC	0.1
CAAGGGTG	0.1
CAAGGTAA	0.12
CAAGGTAC	0.1
CAAGGTAG	0.11
CAAGGTCA	0.1
CAAGGTCC	0.1
CAAGGTCG	0.09
CAAGGTGA	0.09
CAAGGTGC	0.1
CAAGGTGG	0.11
CAAGGTTA	0.09
CAAGGTTC	0.09
CAAGTAAA	0.11
CAAGTAAC	0.11
CAAGTAAG	0.1
CAAGTACA	0.11
CAAGTACC	0.1
CAAGTACG	0.09
CAAGTAGA	0.11
CAAGTAGC	0.09
CAAGTAGG	0.1
CAAGTATA	0.09
CAAGTATC	0.09
CAAGTATG	0.09
CAAGTCAA	0.09
CAAGTCAC	0.09
CAAGTCAG	0.1
CAAGTCCA	0.09
CAAGTCCC	0.09
CAAGTCCG	0.1
CAAGTCGA	0.09
CAAGTCGC	0.08
CAAGTCGG	0.1
CAAGTCTA	0.11
CAAGTCTC	0.1
CAAGTCTG	0.1
CAAGTGAA	0.11
CAAGTGAC	0.1
CAAGTGAG	0.09
CAAGTGCA	0.09
CAAGTGCC	0.09
CAAGTGCG	0.1
CAAGTGGA	0.1
CAAGTGGC	0.09
CAAGTGGG	0.1
CAAGTGTA	0.09
CAAGTGTC	0.1
CAAGTGTG	0.1
CAAGTTAA	0.12
CAAGTTAC	0.1
CAAGTTAG	0.11
CAAGTTCA	0.1
CAAGTTCC	0.14
CAAGTTCG	0.1
CAAGTTGA	0.1
CAAGTTGC	0.1
CAAGTTGG	0.1
CAAGTTTA	0.11
CAAGTTTC	0.11
CAATAAAA	0.13
CAATAAAC	0.13
CAATAAAG	0.12
CAATAACA	0.11
CAATAACC	0.1
CAATAACG	0.1
CAATAAGA	0.12
CAATAAGC	0.1
CAATAAGG	0.11
CAATAATA	0.12
CAATAATC	0.1
CAATAATG	0.1
CAATACAA	0.13
CAATACAC	0.11
CAATACAG	0.09
CAATACCA	0.1
CAATACCC	0.11
CAATACCG	0.1
CAATACGA	0.11
CAATACGC	0.1
CAATACGG	0.1
CAATACTA	0.09
CAATACTC	0.09
CAATACTG	0.1
CAATAGAA	0.1
CAATAGAC	0.11
CAATAGAG	0.1
CAATAGCA	0.09
CAATAGCC	0.09
CAATAGCG	0.09
CAATAGGA	0.11
CAATAGGC	0.09
CAATAGGG	0.11
CAATAGTA	0.1
CAATAGTC	0.1
CAATAGTG	0.1
CAATATAA	0.11
CAATATAC	0.12
CAATATAG	0.1
CAATATCA	0.11
CAATATCC	0.17
CAATATCG	0.1
CAATATGA	0.11
CAATATGC	0.09
CAATATGG	0.11
CAATATTA	0.1
CAATATTC	0.1
CAATATTG	0.11
CAATCAAA	0.12
CAATCAAC	0.1
CAATCAAG	0.12
CAATCACA	0.11
CAATCACC	0.1
CAATCACG	0.09
CAATCAGA	0.09
CAATCAGC	0.11
CAATCAGG	0.11
CAATCATA	0.11
CAATCATC	0.1
CAATCATG	0.1
CAATCCAA	0.09
CAATCCAC	0.1
CAATCCAG	0.1
CAATCCCA	0.1
CAATCCCC	0.1
CAATCCCG	0.11
CAATCCGA	0.12
CAATCCGC	0.11
CAATCCGG	0.12
CAATCCTA	0.09
CAATCCTC	0.09
CAATCCTG	0.11
CAATCGAA	0.11
CAATCGAC	0.1
CAATCGAG	0.09
CAATCGCA	0.11
CAATCGCC	0.09
CAATCGCG	0.1
CAATCGGA	0.12
CAATCGGC	0.1
CAATCGGG	0.1
CAATCGTA	0.1
CAATCGTC	0.1
CAATCGTG	0.1
CAATCTAA	0.11
CAATCTAC	0.1
CAATCTAG	0.11
CAATCTCA	0.1
CAATCTCC	0.11
CAATCTCG	0.1
CAATCTGA	0.1
CAATCTGC	0.09
CAATCTGG	0.09
CAATCTTA	0.11
CAATCTTC	0.11
CAATGAAA	0.11
CAATGAAC	0.12
CAATGAAG	0.09
CAATGACA	0.11
CAATGACC	0.1
CAATGACG	0.1
CAATGAGA	0.1
CAATGAGC	0.1
CAATGAGG	0.1
CAATGATA	0.1
CAATGATC	0.1
CAATGATG	0.09
CAATGCAA	0.11
CAATGCAC	0.09
CAATGCAG	0.11
CAATGCCA	0.1
CAATGCCC	0.11
CAATGCCG	0.09
CAATGCGA	0.1
CAATGCGC	0.09
CAATGCGG	0.11
CAATGCTA	0.11
CAATGCTC	0.1
CAATGCTG	0.1
CAATGGAA	0.12
CAATGGAC	0.09
CAATGGAG	0.11
CAATGGCA	0.1
CAATGGCC	0.08
CAATGGCG	0.1
CAATGGGA	0.12
CAATGGGC	0.1
CAATGGGG	0.1
CAATGGTA	0.11
CAATGGTC	0.1
CAATGGTG	0.09
CAATGTAA	0.11
CAATGTAC	0.1
CAATGTAG	0.1
CAATGTCA	0.1
CAATGTCC	0.11
CAATGTCG	0.1
CAATGTGA	0.1
CAATGTGC	0.1
CAATGTGG	0.1
CAATGTTA	0.11
CAATGTTC	0.09
CAATTAAA	0.13
CAATTAAC	0.11
CAATTAAG	0.11
CAATTACA	0.11
CAATTACC	0.11
CAATTACG	0.1
CAATTAGA	0.11
CAATTAGC	0.11
CAATTAGG	0.11
CAATTATA	0.1
CAATTATC	0.1
CAATTATG	0.1
CAATTCAA	0.12
CAATTCAC	0.11
CAATTCAG	0.11
CAATTCCA	0.12
CAATTCCC	0.12
CAATTCCG	0.13
CAATTCGA	0.1
CAATTCGC	0.1
CAATTCGG	0.1
CAATTCTA	0.11
CAATTCTC	0.11
CAATTCTG	0.1
CAATTGAA	0.09
CAATTGAC	0.11
CAATTGAG	0.1
CAATTGCA	0.1
CAATTGCC	0.11
CAATTGCG	0.1
CAATTGGA	0.1
CAATTGGC	0.1
CAATTGGG	0.09
CAATTGTA	0.11
CAATTGTC	0.11
CAATTGTG	0.1
CAATTTAA	0.11
CAATTTAC	0.11
CAATTTAG	0.11
CAATTTCA	0.1
CAATTTCC	0.24
CAATTTCG	0.1
CAATTTGA	0.11
CAATTTGC	0.09
CAATTTGG	0.1
CAATTTTA	0.11
CAATTTTC	0.11
CACAAAAA	0.12
CACAAAAC	0.13
CACAAAAG	0.11
CACAAACA	0.11
CACAAACC	0.11
CACAAACG	0.11
CACAAAGA	0.1
CACAAAGC	0.11
CACAAAGG	0.1
CACAAATA	0.11
CACAAATC	0.1
CACAAATG	0.11
CACAACAA	0.11
CACAACAC	0.11
CACAACAG	0.1
CACAACCA	0.11
CACAACCC	0.1
CACAACCG	0.11
CACAACGA	0.11
CACAACGC	0.09
CACAACGG	0.1
CACAACTA	0.1
CACAACTC	0.09
CACAACTG	0.1
CACAAGAA	0.13
CACAAGAC	0.09
CACAAGAG	0.1
CACAAGCA	0.11
CACAAGCC	0.11
CACAAGCG	0.08
CACAAGGA	0.1
CACAAGGC	0.1
CACAAGGG	0.1
CACAAGTA	0.11
CACAAGTC	0.1
CACAAGTG	0.09
CACAATAA	0.11
CACAATAC	0.11
CACAATAG	0.1
CACAATCA	0.1
CACAATCC	0.11
CACAATCG	0.1
CACAATGA	0.1
CACAATGC	0.09
CACAATGG	0.11
CACAATTA	0.11
CACAATTC	0.12
CACACAAA	0.12
CACACAAC	0.1
CACACAAG	0.1
CACACACA	0.11
CACACACC	0.12
CACACACG	0.1
CACACAGA	0.11
CACACAGC	0.1
CACACAGG	0.1
CACACATA	0.1
CACACATC	0.1
CACACATG	0.09
CACACCAA	0.12
CACACCAC	0.11
CACACCAG	0.1
CACACCCA	0.12
CACACCCC	0.11
CACACCCG	0.09
CACACCGA	0.1
CACACCGC	0.1
CACACCGG	0.13
CACACCTA	0.09
CACACCTC	0.1
CACACCTG	0.11
CACACGAA	0.09
CACACGAC	0.1
CACACGAG	0.1
CACACGCA	0.09
CACACGCC	0.1
CACACGCG	0.09
CACACGGA	0.12
CACACGGC	0.1
CACACGGG	0.1
CACACGTA	0.08
CACACGTC	0.09
CACACGTG	0.09
CACACTAA	0.1
CACACTAC	0.1
CACACTAG	0.11
CACACTCA	0.1
CACACTCC	0.09
CACACTCG	0.09
CACACTGA	0.1
CACACTGC	0.1
CACACTGG	0.1
CACACTTA	0.12
CACACTTC	0.12
CACAGAAA	0.11
CACAGAAC	0.11
CACAGAAG	0.11
CACAGACA	0.13
CACAGACC	0.11
CACAGACG	0.09
CACAGAGA	0.11
CACAGAGC	0.09
CACAGAGG	0.09
CACAGATA	0.1
CACAGATC	0.1
CACAGATG	0.09
CACAGCAA	0.1
CACAGCAC	0.09
CACAGCAG	0.09
CACAGCCA	0.11
CACAGCCC	0.09
CACAGCCG	0.09
CACAGCGA	0.1
CACAGCGC	0.11
CACAGCGG	0.1
CACAGCTA	0.1
CACAGCTC	0.1
CACAGCTG	0.09
CACAGGAA	0.27
CACAGGAC	0.12
CACAGGAG	0.1
CACAGGCA	0.1
CACAGGCC	0.09
CACAGGCG	0.09
CACAGGGA	0.12
CACAGGGC	0.1
CACAGGGG	0.1
CACAGGTA	0.11
CACAGGTC	0.09
CACAGGTG	0.1
CACAGTAA	0.1
CACAGTAC	0.09
CACAGTAG	0.11
CACAGTCA	0.09
CACAGTCC	0.1
CACAGTCG	0.1
CACAGTGA	0.1
CACAGTGC	0.09
CACAGTGG	0.1
CACAGTTA	0.1
CACAGTTC	0.11
CACATAAA	0.1
CACATAAC	0.1
CACATAAG	0.09
CACATACA	0.1
CACATACC	0.11
CACATACG	0.11
CACATAGA	0.11
CACATAGC	0.09
CACATAGG	0.1
CACATATA	0.09
CACATATC	0.1
CACATATG	0.09
CACATCAA	0.1
CACATCAC	0.12
CACATCAG	0.09
CACATCCA	0.12
CACATCCC	0.14
CACATCCG	0.54
CACATCGA	0.1
CACATCGC	0.1
CACATCGG	0.1
CACATCTA	0.12
CACATCTC	0.1
CACATCTG	0.1
CACATGAA	0.09
CACATGAC	0.09
CACATGAG	0.09
CACATGCA	0.09
CACATGCC	0.1
CACATGCG	0.1
CACATGGA	0.1
CACATGGC	0.09
CACATGGG	0.1
CACATGTA	0.09
CACATGTC	0.1
CACATGTG	0.08
CACATTAA	0.1
CACATTAC	0.11
CACATTAG	0.1
CACATTCA	0.11
CACATTCC	0.1
CACATTCG	0.1
CACATTGA	0.11
CACATTGC	0.09
CACATTGG	0.1
CACATTTA	0.1
CACATTTC	0.12
CACCAAAA	0.1
CACCAAAC	0.12
CACCAAAG	0.1
CACCAACA	0.1
CACCAACC	0.11
CACCAACG	0.09
CACCAAGA	0.1
CACCAAGC	0.1
CACCAAGG	0.09
CACCAATA	0.11
CACCAATC	0.11
CACCAATG	0.1
CACCACAA	0.12
CACCACAC	0.1
CACCACAG	0.12
CACCACCA	0.11
CACCACCC	0.13
CACCACCG	0.1
CACCACGA	0.09
CACCACGC	0.1
CACCACGG	0.1
CACCACTA	0.12
CACCACTC	0.11
CACCACTG	0.1
CACCAGAA	0.09
CACCAGAC	0.09
CACCAGAG	0.1
CACCAGCA	0.09
CACCAGCC	0.11
CACCAGCG	0.1
CACCAGGA	0.14
CACCAGGC	0.1
CACCAGGG	0.1
CACCAGTA	0.1
CACCAGTC	0.09
CACCAGTG	0.1
CACCATAA	0.1
CACCATAC	0.09
CACCATAG	0.1
CACCATCA	0.1
CACCATCC	0.12
CACCATCG	0.09
CACCATGA	0.09
CACCATGC	0.1
CACCATGG	0.09
CACCATTA	0.13
CACCATTC	0.1
CACCCAAA	0.11
CACCCAAC	0.11
CACCCAAG	0.1
CACCCACA	0.1
CACCCACC	0.11
CACCCACG	0.11
CACCCAGA	0.09
CACCCAGC	0.11
CACCCAGG	0.1
CACCCATA	0.09
CACCCATC	0.11
CACCCATG	0.1
CACCCCAA	0.11
CACCCCAC	0.1
CACCCCAG	0.11
CACCCCCA	0.11
CACCCCCC	0.1
CACCCCCG	0.1
CACCCCGA	0.11
CACCCCGC	0.11
CACCCCGG	0.11
CACCCCTA	0.1
CACCCCTC	0.1
CACCCCTG	0.1
CACCCGAA	0.12
CACCCGAC	0.11
CACCCGAG	0.11
CACCCGCA	0.1
CACCCGCC	0.09
CACCCGCG	0.11
CACCCGGA	0.13
CACCCGGC	0.11
CACCCGGG	0.12
CACCCGTA	0.09
CACCCGTC	0.1
CACCCGTG	0.1
CACCCTAA	0.1
CACCCTAC	0.09
CACCCTAG	0.09
CACCCTCA	0.1
CACCCTCC	0.1
CACCCTCG	0.11
CACCCTGA	0.1
CACCCTGC	0.09
CACCCTGG	0.1
CACCCTTA	0.1
CACCCTTC	0.11
CACCGAAA	0.1
CACCGAAC	0.1
CACCGAAG	0.1
CACCGACA	0.13
CACCGACC	0.1
CACCGACG	0.11
CACCGAGA	0.1
CACCGAGC	0.09
CACCGAGG	0.1
CACCGATA	0.09
CACCGATC	0.1
CACCGATG	0.11
CACCGCAA	0.1
CACCGCAC	0.1
CACCGCAG	0.11
CACCGCCA	0.11
CACCGCCC	0.1
CACCGCCG	0.11
CACCGCGA	0.1
CACCGCGC	0.1
CACCGCGG	0.11
CACCGCTA	0.11
CACCGCTC	0.11
CACCGCTG	0.09
CACCGGAA	0.67
CACCGGAC	0.18
CACCGGAG	0.11
CACCGGCA	0.1
CACCGGCC	0.09
CACCGGCG	0.11
CACCGGGA	0.13
CACCGGGC	0.11
CACCGGGG	0.1
CACCGGTA	0.12
CACCGGTC	0.11
CACCGGTG	0.1
CACCGTAA	0.1
CACCGTAC	0.09
CACCGTAG	0.11
CACCGTCA	0.11
CACCGTCC	0.1
CACCGTCG	0.1
CACCGTGA	0.1
CACCGTGC	0.1
CACCGTGG	0.1
CACCGTTA	0.11
CACCGTTC	0.1
CACCTAAA	0.09
CACCTAAC	0.11
CACCTAAG	0.1
CACCTACA	0.1
CACCTACC	0.09
CACCTACG	0.09
CACCTAGA	0.12
CACCTAGC	0.09
CACCTAGG	0.09
CACCTATA	0.09
CACCTATC	0.1
CACCTATG	0.1
CACCTCAA	0.11
CACCTCAC	0.11
CACCTCAG	0.09
CACCTCCA	0.11
CACCTCCC	0.1
CACCTCCG	0.1
CACCTCGA	0.11
CACCTCGC	0.1
CACCTCGG	0.09
CACCTCTA	0.12
CACCTCTC	0.1
CACCTCTG	0.1
CACCTGAA	0.11
CACCTGAC	0.09
CACCTGAG	0.09
CACCTGCA	0.1
CACCTGCC	0.1
CACCTGCG	0.11
CACCTGGA	0.1
CACCTGGC	0.09
CACCTGGG	0.1
CACCTGTA	0.1
CACCTGTC	0.1
CACCTTAA	0.1
CACCTTAC	0.1
CACCTTAG	0.09
CACCTTCA	0.09
CACCTTCC	0.11
CACCTTCG	0.1
CACCTTGA	0.1
CACCTTGC	0.09
CACCTTGG	0.11
CACCTTTA	0.11
CACCTTTC	0.12
CACGAAAA	0.13
CACGAAAC	0.12
CACGAAAG	0.1
CACGAACA	0.1
CACGAACC	0.1
CACGAACG	0.1
CACGAAGA	0.1
CACGAAGC	0.09
CACGAAGG	0.11
CACGAATA	0.09
CACGAATC	0.1
CACGAATG	0.09
CACGACAA	0.1
CACGACAC	0.1
CACGACAG	0.1
CACGACCA	0.1
CACGACCC	0.1
CACGACCG	0.09
CACGACGA	0.09
CACGACGC	0.1
CACGACGG	0.11
CACGACTA	0.1
CACGACTC	0.1
CACGACTG	0.08
CACGAGAA	0.11
CACGAGAC	0.1
CACGAGAG	0.11
CACGAGCA	0.09
CACGAGCC	0.09
CACGAGCG	0.09
CACGAGGA	0.1
CACGAGGC	0.09
CACGAGGG	0.09
CACGAGTA	0.1
CACGAGTC	0.1
CACGAGTG	0.09
CACGATAA	0.11
CACGATAC	0.09
CACGATAG	0.1
CACGATCA	0.1
CACGATCC	0.1
CACGATCG	0.09
CACGATGA	0.1
CACGATGC	0.1
CACGATGG	0.09
CACGATTA	0.1
CACGATTC	0.11
CACGCAAA	0.11
CACGCAAC	0.09
CACGCAAG	0.1
CACGCACA	0.1
CACGCACC	0.09
CACGCACG	0.1
CACGCAGA	0.1
CACGCAGC	0.09
CACGCAGG	0.1
CACGCATA	0.1
CACGCATC	0.1
CACGCATG	0.09
CACGCCAA	0.1
CACGCCAC	0.09
CACGCCAG	0.09
CACGCCCA	0.1
CACGCCCC	0.11
CACGCCCG	0.1
CACGCCGA	0.11
CACGCCGC	0.11
CACGCCGG	0.11
CACGCCTA	0.1
CACGCCTC	0.08
CACGCCTG	0.09
CACGCGAA	0.1
CACGCGAC	0.09
CACGCGAG	0.1
CACGCGCA	0.09
CACGCGCC	0.1
CACGCGCG	0.1
CACGCGGA	0.12
CACGCGGC	0.1
CACGCGGG	0.12
CACGCGTA	0.08
CACGCGTC	0.11
CACGCGTG	0.1
CACGCTAA	0.09
CACGCTAC	0.1
CACGCTAG	0.1
CACGCTCA	0.1
CACGCTCC	0.1
CACGCTCG	0.09
CACGCTGA	0.1
CACGCTGC	0.09
CACGCTGG	0.09
CACGCTTA	0.1
CACGCTTC	0.1
CACGGAAA	0.18
CACGGAAC	0.12
CACGGAAG	0.21
CACGGACA	0.09
CACGGACC	0.11
CACGGACG	0.13
CACGGAGA	0.09
CACGGAGC	0.1
CACGGAGG	0.11
CACGGATA	0.14
CACGGATC	0.1
CACGGATG	0.18
CACGGCAA	0.09
CACGGCAC	0.09
CACGGCAG	0.09
CACGGCCA	0.1
CACGGCCC	0.09
CACGGCCG	0.08
CACGGCGA	0.09
CACGGCGC	0.08
CACGGCGG	0.1
CACGGCTA	0.1
CACGGCTC	0.11
CACGGCTG	0.1
CACGGGAA	0.13
CACGGGAC	0.08
CACGGGAG	0.09
CACGGGCA	0.1
CACGGGCC	0.09
CACGGGCG	0.09
CACGGGGA	0.1
CACGGGGC	0.11
CACGGGGG	0.11
CACGGGTA	0.1
CACGGGTC	0.09
CACGGTAA	0.09
CACGGTAC	0.09
CACGGTAG	0.11
CACGGTCA	0.09
CACGGTCC	0.08
CACGGTCG	0.08
CACGGTGA	0.1
CACGGTGC	0.09
CACGGTGG	0.1
CACGGTTA	0.1
CACGGTTC	0.1
CACGTAAA	0.08
CACGTAAC	0.09
CACGTAAG	0.1
CACGTACA	0.09
CACGTACC	0.1
CACGTACG	0.1
CACGTAGA	0.1
CACGTAGC	0.09
CACGTAGG	0.1
CACGTATA	0.11
CACGTATC	0.1
CACGTATG	0.09
CACGTCAA	0.1
CACGTCAC	0.1
CACGTCAG	0.09
CACGTCCA	0.09
CACGTCCC	0.11
CACGTCCG	0.25
CACGTCGA	0.1
CACGTCGC	0.1
CACGTCGG	0.09
CACGTCTA	0.11
CACGTCTC	0.09
CACGTCTG	0.1
CACGTGAA	0.1
CACGTGAC	0.09
CACGTGAG	0.07
CACGTGCA	0.08
CACGTGCC	0.1
CACGTGCG	0.08
CACGTGGA	0.11
CACGTGGC	0.08
CACGTGGG	0.09
CACGTGTA	0.08
CACGTGTC	0.09
CACGTTAA	0.11
CACGTTAC	0.08
CACGTTAG	0.1
CACGTTCA	0.09
CACGTTCC	0.1
CACGTTCG	0.08
CACGTTGA	0.1
CACGTTGC	0.09
CACGTTGG	0.1
CACGTTTA	0.1
CACGTTTC	0.11
CACTAAAA	0.1
CACTAAAC	0.11
CACTAAAG	0.1
CACTAACA	0.1
CACTAACC	0.11
CACTAACG	0.08
CACTAAGA	0.1
CACTAAGC	0.1
CACTAAGG	0.1
CACTAATA	0.11
CACTAATC	0.1
CACTAATG	0.12
CACTACAA	0.11
CACTACAC	0.09
CACTACAG	0.1
CACTACCA	0.1
CACTACCC	0.1
CACTACCG	0.11
CACTACGA	0.12
CACTACGC	0.09
CACTACGG	0.14
CACTACTA	0.11
CACTACTC	0.11
CACTACTG	0.09
CACTAGAA	0.11
CACTAGAC	0.11
CACTAGAG	0.11
CACTAGCA	0.09
CACTAGCC	0.1
CACTAGCG	0.1
CACTAGGA	0.12
CACTAGGC	0.1
CACTAGGG	0.08
CACTAGTA	0.1
CACTAGTC	0.09
CACTAGTG	0.09
CACTATAA	0.09
CACTATAC	0.1
CACTATAG	0.1
CACTATCA	0.1
CACTATCC	0.1
CACTATCG	0.11
CACTATGA	0.11
CACTATGC	0.1
CACTATGG	0.1
CACTATTA	0.1
CACTATTC	0.09
CACTCAAA	0.11
CACTCAAC	0.12
CACTCAAG	0.1
CACTCACA	0.1
CACTCACC	0.12
CACTCACG	0.08
CACTCAGA	0.12
CACTCAGC	0.1
CACTCAGG	0.11
CACTCATA	0.09
CACTCATC	0.1
CACTCATG	0.1
CACTCCAA	0.09
CACTCCAC	0.1
CACTCCAG	0.11
CACTCCCA	0.11
CACTCCCC	0.11
CACTCCCG	0.1
CACTCCGA	0.1
CACTCCGC	0.11
CACTCCGG	0.12
CACTCCTA	0.1
CACTCCTC	0.09
CACTCCTG	0.11
CACTCGAA	0.11
CACTCGAC	0.11
CACTCGAG	0.1
CACTCGCA	0.09
CACTCGCC	0.1
CACTCGCG	0.1
CACTCGGA	0.12
CACTCGGC	0.09
CACTCGGG	0.1
CACTCGTA	0.09
CACTCGTC	0.09
CACTCTAA	0.1
CACTCTAC	0.09
CACTCTAG	0.11
CACTCTCA	0.1
CACTCTCC	0.09
CACTCTCG	0.1
CACTCTGA	0.1
CACTCTGC	0.11
CACTCTGG	0.09
CACTCTTA	0.11
CACTCTTC	0.1
CACTGAAA	0.1
CACTGAAC	0.1
CACTGAAG	0.11
CACTGACA	0.12
CACTGACC	0.1
CACTGACG	0.1
CACTGAGA	0.1
CACTGAGC	0.09
CACTGAGG	0.09
CACTGATA	0.09
CACTGATC	0.1
CACTGATG	0.1
CACTGCAA	0.09
CACTGCAC	0.09
CACTGCAG	0.1
CACTGCCA	0.11
CACTGCCC	0.09
CACTGCCG	0.11
CACTGCGA	0.1
CACTGCGC	0.09
CACTGCGG	0.09
CACTGCTA	0.12
CACTGCTC	0.1
CACTGCTG	0.09
CACTGGAA	0.1
CACTGGAC	0.1
CACTGGAG	0.09
CACTGGCA	0.11
CACTGGCC	0.1
CACTGGCG	0.1
CACTGGGA	0.11
CACTGGGC	0.1
CACTGGGG	0.09
CACTGGTA	0.09
CACTGGTC	0.1
CACTGTAA	0.1
CACTGTAC	0.09
CACTGTAG	0.1
CACTGTCA	0.1
CACTGTCC	0.1
CACTGTCG	0.09
CACTGTGA	0.1
CACTGTGC	0.09
CACTGTGG	0.1
CACTGTTA	0.08
CACTGTTC	0.1
CACTTAAA	0.11
CACTTAAC	0.11
CACTTAAG	0.1
CACTTACA	0.1
CACTTACC	0.12
CACTTACG	0.1
CACTTAGA	0.11
CACTTAGC	0.1
CACTTAGG	0.12
CACTTATA	0.09
CACTTATC	0.12
CACTTATG	0.1
CACTTCAA	0.1
CACTTCAC	0.09
CACTTCAG	0.1
CACTTCCA	0.17
CACTTCCC	0.25
CACTTCCG	0.61
CACTTCGA	0.1
CACTTCGC	0.09
CACTTCGG	0.1
CACTTCTA	0.11
CACTTCTC	0.09
CACTTCTG	0.1
CACTTGAA	0.1
CACTTGAC	0.11
CACTTGAG	0.1
CACTTGCA	0.1
CACTTGCC	0.1
CACTTGCG	0.09
CACTTGGA	0.11
CACTTGGC	0.11
CACTTGGG	0.09
CACTTGTA	0.09
CACTTGTC	0.09
CACTTTAA	0.12
CACTTTAC	0.11
CACTTTAG	0.09
CACTTTCA	0.1
CACTTTCC	0.14
CACTTTCG	0.12
CACTTTGA	0.09
CACTTTGC	0.1
CACTTTGG	0.09
CACTTTTA	0.1
CACTTTTC	0.1
CAGAAAAA	0.11
CAGAAAAC	0.11
CAGAAAAG	0.1
CAGAAACA	0.1
CAGAAACC	0.1
CAGAAACG	0.11
CAGAAAGA	0.11
CAGAAAGC	0.08
CAGAAAGG	0.12
CAGAAATA	0.13
CAGAAATC	0.12
CAGAAATG	0.11
CAGAACAA	0.12
CAGAACAC	0.1
CAGAACAG	0.11
CAGAACCA	0.1
CAGAACCC	0.1
CAGAACCG	0.11
CAGAACGA	0.11
CAGAACGC	0.1
CAGAACGG	0.12
CAGAACTA	0.11
CAGAACTC	0.09
CAGAACTG	0.11
CAGAAGAA	0.12
CAGAAGAC	0.11
CAGAAGAG	0.11
CAGAAGCA	0.11
CAGAAGCC	0.1
CAGAAGCG	0.11
CAGAAGGA	0.11
CAGAAGGC	0.11
CAGAAGGG	0.1
CAGAAGTA	0.11
CAGAAGTC	0.09
CAGAATAA	0.11
CAGAATAC	0.1
CAGAATAG	0.1
CAGAATCA	0.09
CAGAATCC	0.11
CAGAATCG	0.1
CAGAATGA	0.09
CAGAATGC	0.1
CAGAATGG	0.1
CAGAATTA	0.1
CAGAATTC	0.1
CAGACAAA	0.11
CAGACAAC	0.1
CAGACAAG	0.1
CAGACACA	0.1
CAGACACC	0.11
CAGACACG	0.1
CAGACAGA	0.1
CAGACAGC	0.1
CAGACAGG	0.1
CAGACATA	0.1
CAGACATC	0.1
CAGACATG	0.1
CAGACCAA	0.11
CAGACCAC	0.09
CAGACCAG	0.11
CAGACCCA	0.1
CAGACCCC	0.1
CAGACCCG	0.1
CAGACCGA	0.1
CAGACCGC	0.1
CAGACCGG	0.11
CAGACCTA	0.09
CAGACCTC	0.09
CAGACCTG	0.1
CAGACGAA	0.11
CAGACGAC	0.09
CAGACGAG	0.09
CAGACGCA	0.1
CAGACGCC	0.1
CAGACGCG	0.08
CAGACGGA	0.12
CAGACGGC	0.09
CAGACGGG	0.09
CAGACGTA	0.09
CAGACGTC	0.1
CAGACTAA	0.1
CAGACTAC	0.08
CAGACTAG	0.08
CAGACTCA	0.09
CAGACTCC	0.1
CAGACTCG	0.08
CAGACTGA	0.1
CAGACTGC	0.07
CAGACTGG	0.09
CAGACTTA	0.1
CAGACTTC	0.12
CAGAGAAA	0.12
CAGAGAAC	0.1
CAGAGAAG	0.11
CAGAGACA	0.09
CAGAGACC	0.1
CAGAGACG	0.11
CAGAGAGA	0.1
CAGAGAGC	0.09
CAGAGAGG	0.1
CAGAGATA	0.11
CAGAGATC	0.09
CAGAGATG	0.11
CAGAGCAA	0.12
CAGAGCAC	0.11
CAGAGCAG	0.1
CAGAGCCA	0.09
CAGAGCCC	0.09
CAGAGCCG	0.1
CAGAGCGA	0.1
CAGAGCGC	0.09
CAGAGCGG	0.11
CAGAGCTA	0.1
CAGAGCTC	0.1
CAGAGCTG	0.08
CAGAGGAA	0.18
CAGAGGAC	0.11
CAGAGGAG	0.1
CAGAGGCA	0.11
CAGAGGCC	0.09
CAGAGGCG	0.1
CAGAGGGA	0.11
CAGAGGGC	0.11
CAGAGGGG	0.1
CAGAGGTA	0.1
CAGAGGTC	0.09
CAGAGTAA	0.11
CAGAGTAC	0.1
CAGAGTAG	0.1
CAGAGTCA	0.09
CAGAGTCC	0.09
CAGAGTCG	0.09
CAGAGTGA	0.1
CAGAGTGC	0.1
CAGAGTGG	0.11
CAGAGTTA	0.1
CAGAGTTC	0.1
CAGATAAA	0.11
CAGATAAC	0.12
CAGATAAG	0.1
CAGATACA	0.1
CAGATACC	0.11
CAGATACG	0.1
CAGATAGA	0.09
CAGATAGC	0.1
CAGATAGG	0.1
CAGATATA	0.11
CAGATATC	0.1
CAGATATG	0.1
CAGATCAA	0.11
CAGATCAC	0.09
CAGATCAG	0.09
CAGATCCA	0.13
CAGATCCC	0.09
CAGATCCG	0.14
CAGATCGA	0.09
CAGATCGC	0.09
CAGATCGG	0.1
CAGATCTA	0.09
CAGATCTC	0.1
CAGATCTG	0.1
CAGATGAA	0.1
CAGATGAC	0.09
CAGATGAG	0.1
CAGATGCA	0.09
CAGATGCC	0.09
CAGATGCG	0.09
CAGATGGA	0.11
CAGATGGC	0.11
CAGATGGG	0.09
CAGATGTA	0.08
CAGATGTC	0.1
CAGATTAA	0.12
CAGATTAC	0.12
CAGATTAG	0.09
CAGATTCA	0.11
CAGATTCC	0.12
CAGATTCG	0.1
CAGATTGA	0.09
CAGATTGC	0.09
CAGATTGG	0.1
CAGATTTA	0.11
CAGATTTC	0.12
CAGCAAAA	0.11
CAGCAAAC	0.11
CAGCAAAG	0.11
CAGCAACA	0.11
CAGCAACC	0.12
CAGCAACG	0.11
CAGCAAGA	0.1
CAGCAAGC	0.08
CAGCAAGG	0.11
CAGCAATA	0.1
CAGCAATC	0.09
CAGCAATG	0.09
CAGCACAA	0.1
CAGCACAC	0.09
CAGCACAG	0.12
CAGCACCA	0.11
CAGCACCC	0.09
CAGCACCG	0.1
CAGCACGA	0.09
CAGCACGC	0.1
CAGCACGG	0.11
CAGCACTA	0.09
CAGCACTC	0.09
CAGCACTG	0.08
CAGCAGAA	0.1
CAGCAGAC	0.09
CAGCAGAG	0.1
CAGCAGCA	0.09
CAGCAGCC	0.09
CAGCAGCG	0.1
CAGCAGGA	0.13
CAGCAGGC	0.09
CAGCAGGG	0.1
CAGCAGTA	0.1
CAGCAGTC	0.1
CAGCATAA	0.11
CAGCATAC	0.1
CAGCATAG	0.1
CAGCATCA	0.1
CAGCATCC	0.16
CAGCATCG	0.1
CAGCATGA	0.09
CAGCATGC	0.1
CAGCATGG	0.09
CAGCATTA	0.09
CAGCATTC	0.1
CAGCCAAA	0.11
CAGCCAAC	0.09
CAGCCAAG	0.1
CAGCCACA	0.11
CAGCCACC	0.1
CAGCCACG	0.1
CAGCCAGA	0.11
CAGCCAGC	0.1
CAGCCAGG	0.11
CAGCCATA	0.09
CAGCCATC	0.1
CAGCCATG	0.08
CAGCCCAA	0.09
CAGCCCAC	0.1
CAGCCCAG	0.1
CAGCCCCA	0.09
CAGCCCCC	0.1
CAGCCCCG	0.1
CAGCCCGA	0.09
CAGCCCGC	0.1
CAGCCCGG	0.11
CAGCCCTA	0.1
CAGCCCTC	0.11
CAGCCCTG	0.09
CAGCCGAA	0.09
CAGCCGAC	0.09
CAGCCGAG	0.1
CAGCCGCA	0.09
CAGCCGCC	0.1
CAGCCGCG	0.09
CAGCCGGA	0.19
CAGCCGGC	0.11
CAGCCGGG	0.11
CAGCCGTA	0.09
CAGCCGTC	0.1
CAGCCTAA	0.1
CAGCCTAC	0.1
CAGCCTAG	0.11
CAGCCTCA	0.1
CAGCCTCC	0.1
CAGCCTCG	0.09
CAGCCTGA	0.1
CAGCCTGC	0.08
CAGCCTGG	0.11
CAGCCTTA	0.1
CAGCCTTC	0.12
CAGCGAAA	0.1
CAGCGAAC	0.09
CAGCGAAG	0.1
CAGCGACA	0.11
CAGCGACC	0.08
CAGCGACG	0.09
CAGCGAGA	0.1
CAGCGAGC	0.1
CAGCGAGG	0.1
CAGCGATA	0.11
CAGCGATC	0.09
CAGCGATG	0.1
CAGCGCAA	0.09
CAGCGCAC	0.1
CAGCGCAG	0.1
CAGCGCCA	0.09
CAGCGCCC	0.1
CAGCGCCG	0.1
CAGCGCGA	0.1
CAGCGCGC	0.09
CAGCGCGG	0.1
CAGCGCTA	0.1
CAGCGCTC	0.1
CAGCGCTG	0.09
CAGCGGAA	0.3
CAGCGGAC	0.12
CAGCGGAG	0.11
CAGCGGCA	0.1
CAGCGGCC	0.1
CAGCGGCG	0.1
CAGCGGGA	0.11
CAGCGGGC	0.1
CAGCGGGG	0.1
CAGCGGTA	0.09
CAGCGGTC	0.09
CAGCGTAA	0.1
CAGCGTAC	0.09
CAGCGTAG	0.1
CAGCGTCA	0.1
CAGCGTCC	0.11
CAGCGTCG	0.09
CAGCGTGA	0.09
CAGCGTGC	0.1
CAGCGTGG	0.1
CAGCGTTA	0.1
CAGCGTTC	0.1
CAGCTAAA	0.11
CAGCTAAC	0.1
CAGCTAAG	0.09
CAGCTACA	0.1
CAGCTACC	0.1
CAGCTACG	0.09
CAGCTAGA	0.1
CAGCTAGC	0.09
CAGCTAGG	0.1
CAGCTATA	0.09
CAGCTATC	0.1
CAGCTATG	0.09
CAGCTCAA	0.1
CAGCTCAC	0.1
CAGCTCAG	0.08
CAGCTCCA	0.09
CAGCTCCC	0.08
CAGCTCCG	0.11
CAGCTCGA	0.1
CAGCTCGC	0.1
CAGCTCGG	0.09
CAGCTCTA	0.08
CAGCTCTC	0.1
CAGCTGAA	0.1
CAGCTGAC	0.09
CAGCTGAG	0.1
CAGCTGCA	0.1
CAGCTGCC	0.1
CAGCTGCG	0.09
CAGCTGGA	0.08
CAGCTGGC	0.1
CAGCTGGG	0.1
CAGCTGTA	0.11
CAGCTGTC	0.08
CAGCTTAA	0.1
CAGCTTAC	0.1
CAGCTTAG	0.11
CAGCTTCA	0.11
CAGCTTCC	0.15
CAGCTTCG	0.09
CAGCTTGA	0.09
CAGCTTGC	0.09
CAGCTTGG	0.1
CAGCTTTA	0.1
CAGCTTTC	0.1
CAGGAAAA	0.18
CAGGAAAC	0.4
CAGGAAAG	0.17
CAGGAACA	0.12
CAGGAACC	0.13
CAGGAACG	0.1
CAGGAAGA	0.23
CAGGAAGC	0.58
CAGGAAGG	0.29
CAGGAATA	0.11
CAGGAATC	0.13
CAGGAATG	0.1
CAGGACAA	0.11
CAGGACAC	0.11
CAGGACAG	0.1
CAGGACCA	0.09
CAGGACCC	0.09
CAGGACCG	0.1
CAGGACGA	0.12
CAGGACGC	0.15
CAGGACGG	0.11
CAGGACTA	0.11
CAGGACTC	0.09
CAGGACTG	0.1
CAGGAGAA	0.12
CAGGAGAC	0.09
CAGGAGAG	0.09
CAGGAGCA	0.09
CAGGAGCC	0.09
CAGGAGCG	0.1
CAGGAGGA	0.12
CAGGAGGC	0.1
CAGGAGGG	0.11
CAGGAGTA	0.1
CAGGAGTC	0.1
CAGGATAA	0.14
CAGGATAC	0.26
CAGGATAG	0.15
CAGGATCA	0.11
CAGGATCC	0.12
CAGGATCG	0.11
CAGGATGA	0.17
CAGGATGC	0.34
CAGGATGG	0.15
CAGGATTA	0.13
CAGGATTC	0.11
CAGGCAAA	0.11
CAGGCAAC	0.11
CAGGCAAG	0.09
CAGGCACA	0.1
CAGGCACC	0.09
CAGGCACG	0.1
CAGGCAGA	0.11
CAGGCAGC	0.1
CAGGCAGG	0.11
CAGGCATA	0.08
CAGGCATC	0.1
CAGGCATG	0.09
CAGGCCAA	0.1
CAGGCCAC	0.09
CAGGCCAG	0.1
CAGGCCCA	0.1
CAGGCCCC	0.1
CAGGCCCG	0.09
CAGGCCGA	0.09
CAGGCCGC	0.1
CAGGCCGG	0.12
CAGGCCTA	0.09
CAGGCCTC	0.07
CAGGCCTG	0.08
CAGGCGAA	0.1
CAGGCGAC	0.09
CAGGCGAG	0.11
CAGGCGCA	0.11
CAGGCGCC	0.1
CAGGCGCG	0.1
CAGGCGGA	0.16
CAGGCGGC	0.1
CAGGCGGG	0.09
CAGGCGTA	0.09
CAGGCGTC	0.1
CAGGCTAA	0.09
CAGGCTAC	0.1
CAGGCTAG	0.09
CAGGCTCA	0.1
CAGGCTCC	0.1
CAGGCTCG	0.09
CAGGCTGA	0.1
CAGGCTGC	0.09
CAGGCTGG	0.1
CAGGCTTA	0.1
CAGGCTTC	0.12
CAGGGAAA	0.13
CAGGGAAC	0.1
CAGGGAAG	0.12
CAGGGACA	0.1
CAGGGACC	0.1
CAGGGACG	0.09
CAGGGAGA	0.1
CAGGGAGC	0.11
CAGGGAGG	0.1
CAGGGATA	0.09
CAGGGATC	0.09
CAGGGATG	0.1
CAGGGCAA	0.09
CAGGGCAC	0.09
CAGGGCAG	0.1
CAGGGCCA	0.1
CAGGGCCC	0.09
CAGGGCCG	0.1
CAGGGCGA	0.09
CAGGGCGC	0.09
CAGGGCGG	0.1
CAGGGCTA	0.1
CAGGGCTC	0.09
CAGGGGAA	0.11
CAGGGGAC	0.1
CAGGGGAG	0.1
CAGGGGCA	0.1
CAGGGGCC	0.08
CAGGGGCG	0.09
CAGGGGGA	0.11
CAGGGGGC	0.11
CAGGGGGG	0.1
CAGGGGTA	0.09
CAGGGGTC	0.1
CAGGGTAA	0.1
CAGGGTAC	0.1
CAGGGTAG	0.09
CAGGGTCA	0.1
CAGGGTCC	0.09
CAGGGTCG	0.1
CAGGGTGA	0.11
CAGGGTGC	0.09
CAGGGTGG	0.09
CAGGGTTA	0.09
CAGGGTTC	0.11
CAGGTAAA	0.1
CAGGTAAC	0.11
CAGGTAAG	0.12
CAGGTACA	0.11
CAGGTACC	0.09
CAGGTACG	0.11
CAGGTAGA	0.11
CAGGTAGC	0.1
CAGGTAGG	0.1
CAGGTATA	0.11
CAGGTATC	0.1
CAGGTATG	0.1
CAGGTCAA	0.1
CAGGTCAC	0.09
CAGGTCAG	0.09
CAGGTCCA	0.09
CAGGTCCC	0.1
CAGGTCCG	0.09
CAGGTCGA	0.09
CAGGTCGC	0.09
CAGGTCGG	0.1
CAGGTCTA	0.11
CAGGTCTC	0.1
CAGGTGAA	0.09
CAGGTGAC	0.09
CAGGTGAG	0.09
CAGGTGCA	0.1
CAGGTGCC	0.09
CAGGTGCG	0.09
CAGGTGGA	0.11
CAGGTGGC	0.09
CAGGTGGG	0.11
CAGGTGTA	0.09
CAGGTGTC	0.09
CAGGTTAA	0.11
CAGGTTAC	0.1
CAGGTTAG	0.09
CAGGTTCA	0.08
CAGGTTCC	0.11
CAGGTTCG	0.09
CAGGTTGA	0.1
CAGGTTGC	0.1
CAGGTTGG	0.1
CAGGTTTA	0.11
CAGGTTTC	0.12
CAGTAAAA	0.11
CAGTAAAC	0.1
CAGTAAAG	0.11
CAGTAACA	0.11
CAGTAACC	0.1
CAGTAACG	0.09
CAGTAAGA	0.11
CAGTAAGC	0.11
CAGTAAGG	0.12
CAGTAATA	0.1
CAGTAATC	0.1
CAGTAATG	0.1
CAGTACAA	0.1
CAGTACAC	0.09
CAGTACAG	0.09
CAGTACCA	0.1
CAGTACCC	0.11
CAGTACCG	0.1
CAGTACGA	0.1
CAGTACGC	0.09
CAGTACGG	0.1
CAGTACTA	0.1
CAGTACTC	0.1
CAGTACTG	0.1
CAGTAGAA	0.1
CAGTAGAC	0.09
CAGTAGAG	0.09
CAGTAGCA	0.1
CAGTAGCC	0.1
CAGTAGCG	0.1
CAGTAGGA	0.1
CAGTAGGC	0.1
CAGTAGGG	0.1
CAGTAGTA	0.1
CAGTAGTC	0.1
CAGTATAA	0.1
CAGTATAC	0.1
CAGTATAG	0.11
CAGTATCA	0.11
CAGTATCC	0.13
CAGTATCG	0.09
CAGTATGA	0.1
CAGTATGC	0.11
CAGTATGG	0.11
CAGTATTA	0.12
CAGTATTC	0.1
CAGTCAAA	0.11
CAGTCAAC	0.12
CAGTCAAG	0.11
CAGTCACA	0.09
CAGTCACC	0.09
CAGTCACG	0.09
CAGTCAGA	0.09
CAGTCAGC	0.08
CAGTCAGG	0.1
CAGTCATA	0.11
CAGTCATC	0.09
CAGTCATG	0.09
CAGTCCAA	0.1
CAGTCCAC	0.1
CAGTCCAG	0.1
CAGTCCCA	0.1
CAGTCCCC	0.09
CAGTCCCG	0.11
CAGTCCGA	0.09
CAGTCCGC	0.09
CAGTCCGG	0.11
CAGTCCTA	0.09
CAGTCCTC	0.1
CAGTCGAA	0.1
CAGTCGAC	0.1
CAGTCGAG	0.09
CAGTCGCA	0.09
CAGTCGCC	0.09
CAGTCGCG	0.09
CAGTCGGA	0.11
CAGTCGGC	0.1
CAGTCGGG	0.1
CAGTCGTA	0.09
CAGTCGTC	0.09
CAGTCTAA	0.1
CAGTCTAC	0.11
CAGTCTAG	0.09
CAGTCTCA	0.11
CAGTCTCC	0.1
CAGTCTCG	0.1
CAGTCTGA	0.09
CAGTCTGC	0.09
CAGTCTGG	0.09
CAGTCTTA	0.09
CAGTCTTC	0.09
CAGTGAAA	0.1
CAGTGAAC	0.1
CAGTGAAG	0.11
CAGTGACA	0.11
CAGTGACC	0.09
CAGTGACG	0.1
CAGTGAGA	0.1
CAGTGAGC	0.1
CAGTGAGG	0.09
CAGTGATA	0.11
CAGTGATC	0.09
CAGTGATG	0.1
CAGTGCAA	0.1
CAGTGCAC	0.09
CAGTGCAG	0.1
CAGTGCCA	0.09
CAGTGCCC	0.1
CAGTGCCG	0.1
CAGTGCGA	0.11
CAGTGCGC	0.07
CAGTGCGG	0.11
CAGTGCTA	0.1
CAGTGCTC	0.09
CAGTGGAA	0.11
CAGTGGAC	0.1
CAGTGGAG	0.11
CAGTGGCA	0.09
CAGTGGCC	0.1
CAGTGGCG	0.09
CAGTGGGA	0.11
CAGTGGGC	0.09
CAGTGGGG	0.1
CAGTGGTA	0.1
CAGTGGTC	0.1
CAGTGTAA	0.11
CAGTGTAC	0.09
CAGTGTAG	0.1
CAGTGTCA	0.09
CAGTGTCC	0.11
CAGTGTCG	0.09
CAGTGTGA	0.1
CAGTGTGC	0.1
CAGTGTGG	0.09
CAGTGTTA	0.11
CAGTGTTC	0.11
CAGTTAAA	0.12
CAGTTAAC	0.09
CAGTTAAG	0.1
CAGTTACA	0.1
CAGTTACC	0.1
CAGTTACG	0.09
CAGTTAGA	0.09
CAGTTAGC	0.08
CAGTTAGG	0.12
CAGTTATA	0.1
CAGTTATC	0.09
CAGTTATG	0.09
CAGTTCAA	0.11
CAGTTCAC	0.11
CAGTTCAG	0.1
CAGTTCCA	0.11
CAGTTCCC	0.11
CAGTTCCG	0.19
CAGTTCGA	0.1
CAGTTCGC	0.1
CAGTTCGG	0.1
CAGTTCTA	0.1
CAGTTCTC	0.1
CAGTTGAA	0.09
CAGTTGAC	0.1
CAGTTGAG	0.09
CAGTTGCA	0.11
CAGTTGCC	0.09
CAGTTGCG	0.1
CAGTTGGA	0.1
CAGTTGGC	0.09
CAGTTGGG	0.1
CAGTTGTA	0.1
CAGTTGTC	0.09
CAGTTTAA	0.11
CAGTTTAC	0.09
CAGTTTAG	0.1
CAGTTTCA	0.11
CAGTTTCC	0.19
CAGTTTCG	0.11
CAGTTTGA	0.12
CAGTTTGC	0.11
CAGTTTGG	0.09
CAGTTTTA	0.1
CAGTTTTC	0.11
CATAAAAA	0.13
CATAAAAC	0.12
CATAAAAG	0.11
CATAAACA	0.11
CATAAACC	0.1
CATAAACG	0.1
CATAAAGA	0.1
CATAAAGC	0.09
CATAAAGG	0.1
CATAAATA	0.12
CATAAATC	0.12
CATAAATG	0.09
CATAACAA	0.11
CATAACAC	0.11
CATAACAG	0.1
CATAACCA	0.11
CATAACCC	0.1
CATAACCG	0.11
CATAACGA	0.1
CATAACGC	0.1
CATAACGG	0.11
CATAACTA	0.11
CATAACTC	0.1
CATAAGAA	0.12
CATAAGAC	0.1
CATAAGAG	0.1
CATAAGCA	0.09
CATAAGCC	0.1
CATAAGCG	0.09
CATAAGGA	0.11
CATAAGGC	0.1
CATAAGGG	0.11
CATAAGTA	0.11
CATAAGTC	0.1
CATAATAA	0.11
CATAATAC	0.11
CATAATAG	0.11
CATAATCA	0.1
CATAATCC	0.1
CATAATCG	0.13
CATAATGA	0.1
CATAATGC	0.1
CATAATGG	0.1
CATAATTA	0.1
CATAATTC	0.11
CATACAAA	0.11
CATACAAC	0.11
CATACAAG	0.09
CATACACA	0.09
CATACACC	0.11
CATACACG	0.1
CATACAGA	0.12
CATACAGC	0.1
CATACAGG	0.11
CATACATA	0.11
CATACATC	0.14
CATACATG	0.09
CATACCAA	0.09
CATACCAC	0.1
CATACCAG	0.1
CATACCCA	0.11
CATACCCC	0.11
CATACCCG	0.1
CATACCGA	0.11
CATACCGC	0.11
CATACCGG	0.12
CATACCTA	0.1
CATACCTC	0.11
CATACGAA	0.1
CATACGAC	0.1
CATACGAG	0.1
CATACGCA	0.1
CATACGCC	0.09
CATACGCG	0.11
CATACGGA	0.12
CATACGGC	0.1
CATACGGG	0.08
CATACGTA	0.09
CATACGTC	0.11
CATACTAA	0.1
CATACTAC	0.1
CATACTAG	0.1
CATACTCA	0.1
CATACTCC	0.1
CATACTCG	0.1
CATACTGA	0.11
CATACTGC	0.09
CATACTGG	0.1
CATACTTA	0.1
CATACTTC	0.11
CATAGAAA	0.12
CATAGAAC	0.1
CATAGAAG	0.12
CATAGACA	0.11
CATAGACC	0.08
CATAGACG	0.1
CATAGAGA	0.09
CATAGAGC	0.1
CATAGAGG	0.11
CATAGATA	0.1
CATAGATC	0.09
CATAGATG	0.1
CATAGCAA	0.12
CATAGCAC	0.1
CATAGCAG	0.11
CATAGCCA	0.09
CATAGCCC	0.1
CATAGCCG	0.1
CATAGCGA	0.09
CATAGCGC	0.1
CATAGCGG	0.11
CATAGCTA	0.09
CATAGCTC	0.09
CATAGGAA	0.13
CATAGGAC	0.1
CATAGGAG	0.09
CATAGGCA	0.11
CATAGGCC	0.08
CATAGGCG	0.1
CATAGGGA	0.1
CATAGGGC	0.09
CATAGGGG	0.1
CATAGGTA	0.1
CATAGGTC	0.09
CATAGTAA	0.11
CATAGTAC	0.1
CATAGTAG	0.1
CATAGTCA	0.09
CATAGTCC	0.11
CATAGTCG	0.1
CATAGTGA	0.11
CATAGTGC	0.11
CATAGTGG	0.1
CATAGTTA	0.09
CATAGTTC	0.1
CATATAAA	0.1
CATATAAC	0.11
CATATAAG	0.13
CATATACA	0.1
CATATACC	0.11
CATATACG	0.1
CATATAGA	0.11
CATATAGC	0.1
CATATAGG	0.1
CATATATA	0.11
CATATATC	0.11
CATATATG	0.1
CATATCAA	0.12
CATATCAC	0.09
CATATCAG	0.12
CATATCCA	0.09
CATATCCC	0.15
CATATCCG	0.46
CATATCGA	0.1
CATATCGC	0.09
CATATCGG	0.11
CATATCTA	0.11
CATATCTC	0.11
CATATGAA	0.11
CATATGAC	0.11
CATATGAG	0.12
CATATGCA	0.1
CATATGCC	0.1
CATATGCG	0.11
CATATGGA	0.1
CATATGGC	0.11
CATATGGG	0.09
CATATGTA	0.11
CATATGTC	0.09
CATATTAA	0.12
CATATTAC	0.12
CATATTAG	0.09
CATATTCA	0.09
CATATTCC	0.1
CATATTCG	0.09
CATATTGA	0.1
CATATTGC	0.1
CATATTGG	0.11
CATATTTA	0.09
CATATTTC	0.13
CATCAAAA	0.1
CATCAAAC	0.11
CATCAAAG	0.1
CATCAACA	0.1
CATCAACC	0.1
CATCAACG	0.11
CATCAAGA	0.1
CATCAAGC	0.1
CATCAAGG	0.11
CATCAATA	0.11
CATCAATC	0.1
CATCAATG	0.1
CATCACAA	0.11
CATCACAC	0.11
CATCACAG	0.09
CATCACCA	0.1
CATCACCC	0.1
CATCACCG	0.12
CATCACGA	0.09
CATCACGC	0.09
CATCACGG	0.1
CATCACTA	0.1
CATCACTC	0.11
CATCAGAA	0.1
CATCAGAC	0.09
CATCAGAG	0.1
CATCAGCA	0.1
CATCAGCC	0.11
CATCAGCG	0.09
CATCAGGA	0.13
CATCAGGC	0.1
CATCAGGG	0.1
CATCAGTA	0.1
CATCAGTC	0.1
CATCATAA	0.11
CATCATAC	0.11
CATCATAG	0.11
CATCATCA	0.11
CATCATCC	0.08
CATCATCG	0.1
CATCATGA	0.1
CATCATGC	0.1
CATCATGG	0.12
CATCATTA	0.11
CATCATTC	0.11
CATCCAAA	0.1
CATCCAAC	0.1
CATCCAAG	0.1
CATCCACA	0.11
CATCCACC	0.11
CATCCACG	0.11
CATCCAGA	0.1
CATCCAGC	0.11
CATCCAGG	0.1
CATCCATA	0.1
CATCCATC	0.11
CATCCATG	0.1
CATCCCAA	0.12
CATCCCAC	0.1
CATCCCAG	0.12
CATCCCCA	0.1
CATCCCCC	0.11
CATCCCCG	0.12
CATCCCGA	0.11
CATCCCGC	0.13
CATCCCGG	0.13
CATCCCTA	0.11
CATCCCTC	0.12
CATCCGAA	0.13
CATCCGAC	0.16
CATCCGAG	0.11
CATCCGCA	0.35
CATCCGCC	0.35
CATCCGCG	0.18
CATCCGGA	0.54
CATCCGGC	0.65
CATCCGGG	0.42
CATCCGTA	0.22
CATCCGTC	0.25
CATCCTAA	0.14
CATCCTAC	0.14
CATCCTAG	0.11
CATCCTCA	0.17
CATCCTCC	0.18
CATCCTCG	0.12
CATCCTGA	0.18
CATCCTGC	0.29
CATCCTGG	0.2
CATCCTTA	0.13
CATCCTTC	0.15
CATCGAAA	0.09
CATCGAAC	0.1
CATCGAAG	0.11
CATCGACA	0.1
CATCGACC	0.1
CATCGACG	0.1
CATCGAGA	0.1
CATCGAGC	0.1
CATCGAGG	0.09
CATCGATA	0.1
CATCGATC	0.09
CATCGATG	0.1
CATCGCAA	0.09
CATCGCAC	0.11
CATCGCAG	0.09
CATCGCCA	0.11
CATCGCCC	0.1
CATCGCCG	0.11
CATCGCGA	0.1
CATCGCGC	0.09
CATCGCGG	0.1
CATCGCTA	0.09
CATCGCTC	0.09
CATCGGAA	0.15
CATCGGAC	0.1
CATCGGAG	0.1
CATCGGCA	0.12
CATCGGCC	0.09
CATCGGCG	0.09
CATCGGGA	0.1
CATCGGGC	0.09
CATCGGGG	0.09
CATCGGTA	0.1
CATCGGTC	0.1
CATCGTAA	0.11
CATCGTAC	0.1
CATCGTAG	0.09
CATCGTCA	0.11
CATCGTCC	0.1
CATCGTCG	0.1
CATCGTGA	0.08
CATCGTGC	0.09
CATCGTGG	0.1
CATCGTTA	0.1
CATCGTTC	0.1
CATCTAAA	0.1
CATCTAAC	0.08
CATCTAAG	0.11
CATCTACA	0.1
CATCTACC	0.11
CATCTACG	0.11
CATCTAGA	0.1
CATCTAGC	0.1
CATCTAGG	0.09
CATCTATA	0.12
CATCTATC	0.1
CATCTCAA	0.11
CATCTCAC	0.1
CATCTCAG	0.1
CATCTCCA	0.09
CATCTCCC	0.1
CATCTCCG	0.12
CATCTCGA	0.12
CATCTCGC	0.09
CATCTCGG	0.12
CATCTCTA	0.09
CATCTCTC	0.1
CATCTGAA	0.1
CATCTGAC	0.1
CATCTGAG	0.08
CATCTGCA	0.1
CATCTGCC	0.1
CATCTGCG	0.09
CATCTGGA	0.1
CATCTGGC	0.1
CATCTGGG	0.1
CATCTGTA	0.09
CATCTGTC	0.09
CATCTTAA	0.11
CATCTTAC	0.1
CATCTTAG	0.11
CATCTTCA	0.1
CATCTTCC	0.17
CATCTTCG	0.1
CATCTTGA	0.09
CATCTTGC	0.1
CATCTTGG	0.11
CATCTTTA	0.1
CATCTTTC	0.11
CATGAAAA	0.13
CATGAAAC	0.11
CATGAAAG	0.13
CATGAACA	0.11
CATGAACC	0.1
CATGAACG	0.09
CATGAAGA	0.11
CATGAAGC	0.1
CATGAAGG	0.09
CATGAATA	0.12
CATGAATC	0.11
CATGAATG	0.09
CATGACAA	0.12
CATGACAC	0.12
CATGACAG	0.08
CATGACCA	0.1
CATGACCC	0.09
CATGACCG	0.1
CATGACGA	0.11
CATGACGC	0.08
CATGACGG	0.11
CATGACTA	0.09
CATGACTC	0.09
CATGAGAA	0.09
CATGAGAC	0.11
CATGAGAG	0.09
CATGAGCA	0.1
CATGAGCC	0.09
CATGAGCG	0.08
CATGAGGA	0.11
CATGAGGC	0.08
CATGAGGG	0.09
CATGAGTA	0.11
CATGAGTC	0.1
CATGATAA	0.1
CATGATAC	0.11
CATGATAG	0.11
CATGATCA	0.1
CATGATCC	0.1
CATGATCG	0.11
CATGATGA	0.1
CATGATGC	0.1
CATGATGG	0.09
CATGATTA	0.1
CATGATTC	0.09
CATGCAAA	0.1
CATGCAAC	0.11
CATGCAAG	0.08
CATGCACA	0.09
CATGCACC	0.09
CATGCACG	0.08
CATGCAGA	0.08
CATGCAGC	0.09
CATGCAGG	0.09
CATGCATA	0.1
CATGCATC	0.11
CATGCATG	0.1
CATGCCAA	0.1
CATGCCAC	0.09
CATGCCAG	0.08
CATGCCCA	0.1
CATGCCCC	0.1
CATGCCCG	0.1
CATGCCGA	0.09
CATGCCGC	0.09
CATGCCGG	0.12
CATGCCTA	0.09
CATGCCTC	0.1
CATGCGAA	0.09
CATGCGAC	0.08
CATGCGAG	0.1
CATGCGCA	0.09
CATGCGCC	0.1
CATGCGCG	0.09
CATGCGGA	0.11
CATGCGGC	0.11
CATGCGGG	0.1
CATGCGTA	0.11
CATGCGTC	0.09
CATGCTAA	0.11
CATGCTAC	0.09
CATGCTAG	0.09
CATGCTCA	0.09
CATGCTCC	0.09
CATGCTCG	0.09
CATGCTGA	0.11
CATGCTGC	0.1
CATGCTGG	0.1
CATGCTTA	0.1
CATGCTTC	0.12
CATGGAAA	0.1
CATGGAAC	0.1
CATGGAAG	0.12
CATGGACA	0.09
CATGGACC	0.09
CATGGACG	0.1
CATGGAGA	0.1
CATGGAGC	0.09
CATGGAGG	0.09
CATGGATA	0.1
CATGGATC	0.11
CATGGCAA	0.1
CATGGCAC	0.08
CATGGCAG	0.09
CATGGCCA	0.09
CATGGCCC	0.09
CATGGCCG	0.1
CATGGCGA	0.1
CATGGCGC	0.08
CATGGCGG	0.11
CATGGCTA	0.1
CATGGCTC	0.09
CATGGGAA	0.11
CATGGGAC	0.09
CATGGGAG	0.09
CATGGGCA	0.09
CATGGGCC	0.1
CATGGGCG	0.1
CATGGGGA	0.11
CATGGGGC	0.08
CATGGGGG	0.11
CATGGGTA	0.11
CATGGGTC	0.1
CATGGTAA	0.1
CATGGTAC	0.09
CATGGTAG	0.09
CATGGTCA	0.11
CATGGTCC	0.09
CATGGTCG	0.08
CATGGTGA	0.09
CATGGTGC	0.09
CATGGTGG	0.09
CATGGTTA	0.09
CATGGTTC	0.1
CATGTAAA	0.09
CATGTAAC	0.1
CATGTAAG	0.1
CATGTACA	0.09
CATGTACC	0.09
CATGTACG	0.09
CATGTAGA	0.09
CATGTAGC	0.1
CATGTAGG	0.09
CATGTATA	0.09
CATGTATC	0.09
CATGTCAA	0.1
CATGTCAC	0.1
CATGTCAG	0.11
CATGTCCA	0.09
CATGTCCC	0.1
CATGTCCG	0.14
CATGTCGA	0.09
CATGTCGC	0.1
CATGTCGG	0.12
CATGTCTA	0.11
CATGTCTC	0.1
CATGTGAA	0.09
CATGTGAC	0.09
CATGTGAG	0.1
CATGTGCA	0.09
CATGTGCC	0.09
CATGTGCG	0.1
CATGTGGA	0.1
CATGTGGC	0.1
CATGTGGG	0.11
CATGTGTA	0.1
CATGTGTC	0.09
CATGTTAA	0.11
CATGTTAC	0.1
CATGTTAG	0.09
CATGTTCA	0.1
CATGTTCC	0.11
CATGTTCG	0.09
CATGTTGA	0.1
CATGTTGC	0.1
CATGTTGG	0.09
CATGTTTA	0.09
CATGTTTC	0.1
CATTAAAA	0.13
CATTAAAC	0.11
CATTAAAG	0.1
CATTAACA	0.11
CATTAACC	0.12
CATTAACG	0.11
CATTAAGA	0.11
CATTAAGC	0.09
CATTAAGG	0.12
CATTAATA	0.13
CATTAATC	0.12
CATTAATG	0.11
CATTACAA	0.12
CATTACAC	0.12
CATTACAG	0.1
CATTACCA	0.11
CATTACCC	0.1
CATTACCG	0.1
CATTACGA	0.09
CATTACGC	0.12
CATTACGG	0.1
CATTACTA	0.1
CATTACTC	0.11
CATTAGAA	0.11
CATTAGAC	0.11
CATTAGAG	0.1
CATTAGCA	0.11
CATTAGCC	0.08
CATTAGCG	0.09
CATTAGGA	0.1
CATTAGGC	0.1
CATTAGGG	0.1
CATTAGTA	0.11
CATTAGTC	0.09
CATTATAA	0.1
CATTATAC	0.1
CATTATAG	0.1
CATTATCA	0.11
CATTATCC	0.12
CATTATCG	0.1
CATTATGA	0.1
CATTATGC	0.1
CATTATGG	0.1
CATTATTA	0.12
CATTATTC	0.11
CATTCAAA	0.11
CATTCAAC	0.11
CATTCAAG	0.11
CATTCACA	0.1
CATTCACC	0.12
CATTCACG	0.1
CATTCAGA	0.1
CATTCAGC	0.11
CATTCAGG	0.12
CATTCATA	0.11
CATTCATC	0.1
CATTCCAA	0.1
CATTCCAC	0.09
CATTCCAG	0.09
CATTCCCA	0.11
CATTCCCC	0.11
CATTCCCG	0.1
CATTCCGA	0.12
CATTCCGC	0.12
CATTCCGG	0.15
CATTCCTA	0.1
CATTCCTC	0.12
CATTCGAA	0.11
CATTCGAC	0.1
CATTCGAG	0.09
CATTCGCA	0.1
CATTCGCC	0.1
CATTCGCG	0.11
CATTCGGA	0.1
CATTCGGC	0.11
CATTCGGG	0.1
CATTCGTA	0.1
CATTCGTC	0.09
CATTCTAA	0.11
CATTCTAC	0.11
CATTCTAG	0.1
CATTCTCA	0.12
CATTCTCC	0.11
CATTCTCG	0.11
CATTCTGA	0.11
CATTCTGC	0.09
CATTCTGG	0.08
CATTCTTA	0.11
CATTCTTC	0.11
CATTGAAA	0.12
CATTGAAC	0.09
CATTGAAG	0.11
CATTGACA	0.1
CATTGACC	0.11
CATTGACG	0.11
CATTGAGA	0.1
CATTGAGC	0.1
CATTGAGG	0.09
CATTGATA	0.1
CATTGATC	0.1
CATTGCAA	0.09
CATTGCAC	0.11
CATTGCAG	0.09
CATTGCCA	0.1
CATTGCCC	0.09
CATTGCCG	0.09
CATTGCGA	0.11
CATTGCGC	0.1
CATTGCGG	0.11
CATTGCTA	0.09
CATTGCTC	0.11
CATTGGAA	0.11
CATTGGAC	0.09
CATTGGAG	0.11
CATTGGCA	0.1
CATTGGCC	0.08
CATTGGCG	0.1
CATTGGGA	0.1
CATTGGGC	0.09
CATTGGGG	0.12
CATTGGTA	0.11
CATTGGTC	0.09
CATTGTAA	0.1
CATTGTAC	0.09
CATTGTAG	0.11
CATTGTCA	0.12
CATTGTCC	0.1
CATTGTCG	0.1
CATTGTGA	0.09
CATTGTGC	0.1
CATTGTGG	0.09
CATTGTTA	0.11
CATTGTTC	0.1
CATTTAAA	0.11
CATTTAAC	0.1
CATTTAAG	0.11
CATTTACA	0.1
CATTTACC	0.11
CATTTACG	0.1
CATTTAGA	0.11
CATTTAGC	0.09
CATTTAGG	0.1
CATTTATA	0.1
CATTTATC	0.11
CATTTCAA	0.11
CATTTCAC	0.1
CATTTCAG	0.11
CATTTCCA	0.14
CATTTCCC	0.2
CATTTCCG	0.59
CATTTCGA	0.1
CATTTCGC	0.09
CATTTCGG	0.11
CATTTCTA	0.11
CATTTCTC	0.11
CATTTGAA	0.11
CATTTGAC	0.12
CATTTGAG	0.1
CATTTGCA	0.11
CATTTGCC	0.09
CATTTGCG	0.1
CATTTGGA	0.1
CATTTGGC	0.1
CATTTGGG	0.1
CATTTGTA	0.11
CATTTGTC	0.1
CATTTTAA	0.1
CATTTTAC	0.11
CATTTTAG	0.12
CATTTTCA	0.12
CATTTTCC	0.13
CATTTTCG	0.12
CATTTTGA	0.1
CATTTTGC	0.1
CATTTTGG	0.1
CATTTTTA	0.12
CATTTTTC	0.11
CCAAAAAA	0.14
CCAAAAAC	0.12
CCAAAAAG	0.11
CCAAAACA	0.11
CCAAAACC	0.11
CCAAAACG	0.1
CCAAAAGA	0.13
CCAAAAGC	0.12
CCAAAAGG	0.12
CCAAAATA	0.13
CCAAAATC	0.1
CCAAACAA	0.12
CCAAACAC	0.1
CCAAACAG	0.1
CCAAACCA	0.11
CCAAACCC	0.12
CCAAACCG	0.1
CCAAACGA	0.09
CCAAACGC	0.1
CCAAACGG	0.1
CCAAACTA	0.11
CCAAACTC	0.11
CCAAAGAA	0.12
CCAAAGAC	0.1
CCAAAGAG	0.11
CCAAAGCA	0.12
CCAAAGCC	0.1
CCAAAGCG	0.11
CCAAAGGA	0.11
CCAAAGGC	0.09
CCAAAGGG	0.1
CCAAAGTA	0.1
CCAAAGTC	0.09
CCAAATAA	0.11
CCAAATAC	0.11
CCAAATAG	0.1
CCAAATCA	0.1
CCAAATCC	0.13
CCAAATCG	0.1
CCAAATGA	0.12
CCAAATGC	0.1
CCAAATGG	0.1
CCAAATTA	0.1
CCAAATTC	0.11
CCAACAAA	0.13
CCAACAAC	0.11
CCAACAAG	0.11
CCAACACA	0.1
CCAACACC	0.11
CCAACACG	0.09
CCAACAGA	0.13
CCAACAGC	0.1
CCAACAGG	0.11
CCAACATA	0.12
CCAACATC	0.1
CCAACCAA	0.11
CCAACCAC	0.11
CCAACCAG	0.09
CCAACCCA	0.1
CCAACCCC	0.1
CCAACCCG	0.11
CCAACCGA	0.1
CCAACCGC	0.1
CCAACCGG	0.12
CCAACCTA	0.1
CCAACCTC	0.1
CCAACGAA	0.11
CCAACGAC	0.09
CCAACGAG	0.1
CCAACGCA	0.11
CCAACGCC	0.1
CCAACGCG	0.11
CCAACGGA	0.11
CCAACGGC	0.1
CCAACGGG	0.11
CCAACGTA	0.08
CCAACGTC	0.09
CCAACTAA	0.1
CCAACTAC	0.1
CCAACTAG	0.09
CCAACTCA	0.1
CCAACTCC	0.12
CCAACTCG	0.09
CCAACTGA	0.1
CCAACTGC	0.1
CCAACTGG	0.1
CCAACTTA	0.11
CCAACTTC	0.11
CCAAGAAA	0.12
CCAAGAAC	0.11
CCAAGAAG	0.12
CCAAGACA	0.1
CCAAGACC	0.11
CCAAGACG	0.11
CCAAGAGA	0.11
CCAAGAGC	0.11
CCAAGAGG	0.11
CCAAGATA	0.12
CCAAGATC	0.1
CCAAGCAA	0.09
CCAAGCAC	0.11
CCAAGCAG	0.09
CCAAGCCA	0.09
CCAAGCCC	0.1
CCAAGCCG	0.11
CCAAGCGA	0.1
CCAAGCGC	0.09
CCAAGCGG	0.09
CCAAGCTA	0.09
CCAAGCTC	0.09
CCAAGGAA	0.13
CCAAGGAC	0.1
CCAAGGAG	0.11
CCAAGGCA	0.09
CCAAGGCC	0.1
CCAAGGCG	0.1
CCAAGGGA	0.1
CCAAGGGC	0.09
CCAAGGGG	0.11
CCAAGGTA	0.1
CCAAGGTC	0.09
CCAAGTAA	0.11
CCAAGTAC	0.09
CCAAGTAG	0.1
CCAAGTCA	0.1
CCAAGTCC	0.09
CCAAGTCG	0.1
CCAAGTGA	0.1
CCAAGTGC	0.11
CCAAGTGG	0.09
CCAAGTTA	0.12
CCAAGTTC	0.11
CCAATAAA	0.11
CCAATAAC	0.09
CCAATAAG	0.11
CCAATACA	0.11
CCAATACC	0.1
CCAATACG	0.11
CCAATAGA	0.11
CCAATAGC	0.1
CCAATAGG	0.09
CCAATATA	0.1
CCAATATC	0.11
CCAATCAA	0.13
CCAATCAC	0.1
CCAATCAG	0.09
CCAATCCA	0.12
CCAATCCC	0.11
CCAATCCG	0.12
CCAATCGA	0.1
CCAATCGC	0.1
CCAATCGG	0.1
CCAATCTA	0.1
CCAATCTC	0.12
CCAATGAA	0.11
CCAATGAC	0.09
CCAATGAG	0.1
CCAATGCA	0.1
CCAATGCC	0.1
CCAATGCG	0.11
CCAATGGA	0.1
CCAATGGC	0.09
CCAATGGG	0.1
CCAATGTA	0.1
CCAATGTC	0.1
CCAATTAA	0.11
CCAATTAC	0.1
CCAATTAG	0.11
CCAATTCA	0.09
CCAATTCC	0.13
CCAATTCG	0.1
CCAATTGA	0.1
CCAATTGC	0.1
CCAATTGG	0.09
CCAATTTA	0.11
CCAATTTC	0.1
CCACAAAA	0.12
CCACAAAC	0.11
CCACAAAG	0.11
CCACAACA	0.11
CCACAACC	0.12
CCACAACG	0.1
CCACAAGA	0.12
CCACAAGC	0.09
CCACAAGG	0.1
CCACAATA	0.11
CCACAATC	0.1
CCACACAA	0.11
CCACACAC	0.12
CCACACAG	0.11
CCACACCA	0.12
CCACACCC	0.12
CCACACCG	0.11
CCACACGA	0.1
CCACACGC	0.1
CCACACGG	0.11
CCACACTA	0.11
CCACACTC	0.08
CCACAGAA	0.12
CCACAGAC	0.1
CCACAGAG	0.09
CCACAGCA	0.1
CCACAGCC	0.09
CCACAGCG	0.1
CCACAGGA	0.13
CCACAGGC	0.1
CCACAGGG	0.11
CCACAGTA	0.11
CCACAGTC	0.1
CCACATAA	0.1
CCACATAC	0.1
CCACATAG	0.1
CCACATCA	0.1
CCACATCC	0.24
CCACATCG	0.11
CCACATGA	0.1
CCACATGC	0.1
CCACATGG	0.1
CCACATTA	0.1
CCACATTC	0.11
CCACCAAA	0.1
CCACCAAC	0.1
CCACCAAG	0.1
CCACCACA	0.12
CCACCACC	0.11
CCACCACG	0.11
CCACCAGA	0.1
CCACCAGC	0.11
CCACCAGG	0.11
CCACCATA	0.1
CCACCATC	0.11
CCACCCAA	0.11
CCACCCAC	0.1
CCACCCAG	0.1
CCACCCCA	0.11
CCACCCCC	0.1
CCACCCCG	0.11
CCACCCGA	0.12
CCACCCGC	0.11
CCACCCGG	0.1
CCACCCTA	0.09
CCACCCTC	0.11
CCACCGAA	0.09
CCACCGAC	0.11
CCACCGAG	0.1
CCACCGCA	0.09
CCACCGCC	0.1
CCACCGCG	0.1
CCACCGGA	0.24
CCACCGGC	0.09
CCACCGGG	0.11
CCACCGTA	0.1
CCACCGTC	0.1
CCACCTAA	0.09
CCACCTAC	0.1
CCACCTAG	0.1
CCACCTCA	0.11
CCACCTCC	0.11
CCACCTCG	0.09
CCACCTGA	0.1
CCACCTGC	0.11
CCACCTGG	0.1
CCACCTTA	0.12
CCACCTTC	0.09
CCACGAAA	0.11
CCACGAAC	0.1
CCACGAAG	0.09
CCACGACA	0.09
CCACGACC	0.1
CCACGACG	0.1
CCACGAGA	0.11
CCACGAGC	0.1
CCACGAGG	0.09
CCACGATA	0.11
CCACGATC	0.09
CCACGCAA	0.11
CCACGCAC	0.1
CCACGCAG	0.09
CCACGCCA	0.09
CCACGCCC	0.09
CCACGCCG	0.1
CCACGCGA	0.08
CCACGCGC	0.1
CCACGCGG	0.1
CCACGCTA	0.08
CCACGCTC	0.1
CCACGGAA	0.14
CCACGGAC	0.1
CCACGGAG	0.1
CCACGGCA	0.1
CCACGGCC	0.09
CCACGGCG	0.1
CCACGGGA	0.09
CCACGGGC	0.09
CCACGGGG	0.09
CCACGGTA	0.09
CCACGGTC	0.09
CCACGTAA	0.09
CCACGTAC	0.11
CCACGTAG	0.09
CCACGTCA	0.09
CCACGTCC	0.13
CCACGTCG	0.1
CCACGTGA	0.09
CCACGTGC	0.09
CCACGTGG	0.09
CCACGTTA	0.1
CCACGTTC	0.08
CCACTAAA	0.11
CCACTAAC	0.1
CCACTAAG	0.1
CCACTACA	0.1
CCACTACC	0.11
CCACTACG	0.11
CCACTAGA	0.1
CCACTAGC	0.08
CCACTAGG	0.11
CCACTATA	0.1
CCACTATC	0.09
CCACTCAA	0.11
CCACTCAC	0.1
CCACTCAG	0.1
CCACTCCA	0.1
CCACTCCC	0.11
CCACTCCG	0.12
CCACTCGA	0.11
CCACTCGC	0.11
CCACTCGG	0.11
CCACTCTA	0.1
CCACTCTC	0.1
CCACTGAA	0.11
CCACTGAC	0.11
CCACTGAG	0.1
CCACTGCA	0.09
CCACTGCC	0.09
CCACTGCG	0.09
CCACTGGA	0.09
CCACTGGC	0.11
CCACTGGG	0.09
CCACTGTA	0.1
CCACTGTC	0.09
CCACTTAA	0.12
CCACTTAC	0.1
CCACTTAG	0.11
CCACTTCA	0.09
CCACTTCC	0.34
CCACTTCG	0.09
CCACTTGA	0.11
CCACTTGC	0.1
CCACTTTA	0.12
CCACTTTC	0.1
CCAGAAAA	0.1
CCAGAAAC	0.11
CCAGAAAG	0.12
CCAGAACA	0.11
CCAGAACC	0.1
CCAGAACG	0.1
CCAGAAGA	0.12
CCAGAAGC	0.12
CCAGAAGG	0.11
CCAGAATA	0.1
CCAGAATC	0.11
CCAGACAA	0.1
CCAGACAC	0.1
CCAGACAG	0.1
CCAGACCA	0.1
CCAGACCC	0.09
CCAGACCG	0.11
CCAGACGA	0.09
CCAGACGC	0.1
CCAGACGG	0.1
CCAGACTA	0.1
CCAGACTC	0.09
CCAGAGAA	0.1
CCAGAGAC	0.1
CCAGAGAG	0.13
CCAGAGCA	0.1
CCAGAGCC	0.1
CCAGAGCG	0.11
CCAGAGGA	0.12
CCAGAGGC	0.1
CCAGAGGG	0.1
CCAGAGTA	0.09
CCAGAGTC	0.09
CCAGATAA	0.11
CCAGATAC	0.09
CCAGATAG	0.1
CCAGATCA	0.11
CCAGATCC	0.12
CCAGATCG	0.09
CCAGATGA	0.09
CCAGATGC	0.1
CCAGATGG	0.09
CCAGATTA	0.11
CCAGATTC	0.09
CCAGCAAA	0.11
CCAGCAAC	0.1
CCAGCAAG	0.09
CCAGCACA	0.1
CCAGCACC	0.1
CCAGCACG	0.1
CCAGCAGA	0.1
CCAGCAGC	0.11
CCAGCAGG	0.09
CCAGCATA	0.1
CCAGCATC	0.12
CCAGCCAA	0.09
CCAGCCAC	0.1
CCAGCCAG	0.11
CCAGCCCA	0.11
CCAGCCCC	0.09
CCAGCCCG	0.09
CCAGCCGA	0.1
CCAGCCGC	0.09
CCAGCCGG	0.12
CCAGCCTA	0.09
CCAGCCTC	0.09
CCAGCGAA	0.1
CCAGCGAC	0.1
CCAGCGAG	0.1
CCAGCGCA	0.1
CCAGCGCC	0.1
CCAGCGCG	0.09
CCAGCGGA	0.13
CCAGCGGC	0.1
CCAGCGGG	0.11
CCAGCGTA	0.1
CCAGCGTC	0.1
CCAGCTAA	0.1
CCAGCTAC	0.11
CCAGCTAG	0.1
CCAGCTCA	0.1
CCAGCTCC	0.09
CCAGCTCG	0.08
CCAGCTGA	0.09
CCAGCTGC	0.09
CCAGCTGG	0.1
CCAGCTTA	0.1
CCAGCTTC	0.11
CCAGGAAA	0.29
CCAGGAAC	0.11
CCAGGAAG	0.36
CCAGGACA	0.1
CCAGGACC	0.09
CCAGGACG	0.14
CCAGGAGA	0.11
CCAGGAGC	0.09
CCAGGAGG	0.11
CCAGGATA	0.16
CCAGGATC	0.12
CCAGGCAA	0.1
CCAGGCAC	0.1
CCAGGCAG	0.1
CCAGGCCA	0.09
CCAGGCCC	0.11
CCAGGCCG	0.11
CCAGGCGA	0.1
CCAGGCGC	0.1
CCAGGCGG	0.11
CCAGGCTA	0.09
CCAGGCTC	0.09
CCAGGGAA	0.11
CCAGGGAC	0.09
CCAGGGAG	0.1
CCAGGGCA	0.09
CCAGGGCC	0.09
CCAGGGCG	0.11
CCAGGGGA	0.1
CCAGGGGC	0.09
CCAGGGGG	0.11
CCAGGGTA	0.1
CCAGGGTC	0.1
CCAGGTAA	0.1
CCAGGTAC	0.1
CCAGGTAG	0.11
CCAGGTCA	0.09
CCAGGTCC	0.1
CCAGGTCG	0.09
CCAGGTGA	0.1
CCAGGTGC	0.08
CCAGGTTA	0.09
CCAGGTTC	0.09
CCAGTAAA	0.1
CCAGTAAC	0.1
CCAGTAAG	0.1
CCAGTACA	0.1
CCAGTACC	0.12
CCAGTACG	0.1
CCAGTAGA	0.09
CCAGTAGC	0.11
CCAGTAGG	0.11
CCAGTATA	0.12
CCAGTATC	0.11
CCAGTCAA	0.11
CCAGTCAC	0.09
CCAGTCAG	0.09
CCAGTCCA	0.09
CCAGTCCC	0.08
CCAGTCCG	0.1
CCAGTCGA	0.09
CCAGTCGC	0.08
CCAGTCGG	0.1
CCAGTCTA	0.09
CCAGTCTC	0.09
CCAGTGAA	0.1
CCAGTGAC	0.09
CCAGTGAG	0.11
CCAGTGCA	0.09
CCAGTGCC	0.09
CCAGTGCG	0.11
CCAGTGGA	0.09
CCAGTGGC	0.09
CCAGTGGG	0.1
CCAGTGTA	0.11
CCAGTGTC	0.09
CCAGTTAA	0.11
CCAGTTAC	0.11
CCAGTTAG	0.09
CCAGTTCA	0.1
CCAGTTCC	0.12
CCAGTTCG	0.1
CCAGTTGA	0.09
CCAGTTGC	0.08
CCAGTTTA	0.1
CCAGTTTC	0.12
CCATAAAA	0.12
CCATAAAC	0.09
CCATAAAG	0.08
CCATAACA	0.12
CCATAACC	0.1
CCATAACG	0.1
CCATAAGA	0.1
CCATAAGC	0.09
CCATAAGG	0.11
CCATAATA	0.1
CCATAATC	0.1
CCATACAA	0.09
CCATACAC	0.1
CCATACAG	0.09
CCATACCA	0.1
CCATACCC	0.1
CCATACCG	0.11
CCATACGA	0.1
CCATACGC	0.09
CCATACGG	0.09
CCATACTA	0.1
CCATACTC	0.1
CCATAGAA	0.11
CCATAGAC	0.1
CCATAGAG	0.08
CCATAGCA	0.09
CCATAGCC	0.1
CCATAGCG	0.09
CCATAGGA	0.1
CCATAGGC	0.1
CCATAGGG	0.09
CCATAGTA	0.1
CCATAGTC	0.09
CCATATAA	0.1
CCATATAC	0.1
CCATATAG	0.11
CCATATCA	0.1
CCATATCC	0.17
CCATATCG	0.1
CCATATGA	0.11
CCATATGC	0.1
CCATATGG	0.1
CCATATTA	0.12
CCATATTC	0.11
CCATCAAA	0.11
CCATCAAC	0.11
CCATCAAG	0.1
CCATCACA	0.1
CCATCACC	0.1
CCATCACG	0.1
CCATCAGA	0.1
CCATCAGC	0.11
CCATCAGG	0.11
CCATCATA	0.1
CCATCATC	0.11
CCATCCAA	0.1
CCATCCAC	0.1
CCATCCAG	0.1
CCATCCCA	0.11
CCATCCCC	0.11
CCATCCCG	0.12
CCATCCGA	0.12
CCATCCGC	0.22
CCATCCGG	0.35
CCATCCTA	0.12
CCATCCTC	0.13
CCATCGAA	0.1
CCATCGAC	0.09
CCATCGAG	0.1
CCATCGCA	0.09
CCATCGCC	0.1
CCATCGCG	0.1
CCATCGGA	0.11
CCATCGGC	0.09
CCATCGGG	0.1
CCATCGTA	0.09
CCATCGTC	0.11
CCATCTAA	0.1
CCATCTAC	0.1
CCATCTAG	0.1
CCATCTCA	0.1
CCATCTCC	0.14
CCATCTCG	0.12
CCATCTGA	0.1
CCATCTGC	0.1
CCATCTTA	0.11
CCATCTTC	0.11
CCATGAAA	0.13
CCATGAAC	0.1
CCATGAAG	0.11
CCATGACA	0.11
CCATGACC	0.09
CCATGACG	0.09
CCATGAGA	0.11
CCATGAGC	0.08
CCATGAGG	0.09
CCATGATA	0.1
CCATGATC	0.09
CCATGCAA	0.11
CCATGCAC	0.09
CCATGCAG	0.09
CCATGCCA	0.09
CCATGCCC	0.09
CCATGCCG	0.09
CCATGCGA	0.1
CCATGCGC	0.1
CCATGCGG	0.11
CCATGCTA	0.1
CCATGCTC	0.09
CCATGGAA	0.1
CCATGGAC	0.1
CCATGGAG	0.09
CCATGGCA	0.09
CCATGGCC	0.09
CCATGGCG	0.1
CCATGGGA	0.1
CCATGGGC	0.09
CCATGGGG	0.11
CCATGGTA	0.09
CCATGGTC	0.09
CCATGTAA	0.12
CCATGTAC	0.1
CCATGTAG	0.1
CCATGTCA	0.1
CCATGTCC	0.11
CCATGTCG	0.1
CCATGTGA	0.1
CCATGTGC	0.09
CCATGTTA	0.1
CCATGTTC	0.09
CCATTAAA	0.12
CCATTAAC	0.15
CCATTAAG	0.1
CCATTACA	0.12
CCATTACC	0.11
CCATTACG	0.09
CCATTAGA	0.1
CCATTAGC	0.09
CCATTAGG	0.1
CCATTATA	0.11
CCATTATC	0.1
CCATTCAA	0.11
CCATTCAC	0.1
CCATTCAG	0.12
CCATTCCA	0.1
CCATTCCC	0.1
CCATTCCG	0.13
CCATTCGA	0.09
CCATTCGC	0.11
CCATTCGG	0.1
CCATTCTA	0.1
CCATTCTC	0.1
CCATTGAA	0.11
CCATTGAC	0.1
CCATTGAG	0.1
CCATTGCA	0.11
CCATTGCC	0.11
CCATTGCG	0.11
CCATTGGA	0.11
CCATTGGC	0.08
CCATTGGG	0.1
CCATTGTA	0.11
CCATTGTC	0.1
CCATTTAA	0.11
CCATTTAC	0.1
CCATTTAG	0.1
CCATTTCA	0.1
CCATTTCC	0.31
CCATTTCG	0.1
CCATTTGA	0.11
CCATTTGC	0.1
CCATTTTA	0.11
CCATTTTC	0.11
CCCAAAAA	0.12
CCCAAAAC	0.1
CCCAAAAG	0.11
CCCAAACA	0.1
CCCAAACC	0.1
CCCAAACG	0.1
CCCAAAGA	0.11
CCCAAAGC	0.1
CCCAAAGG	0.1
CCCAAATA	0.11
CCCAAATC	0.12
CCCAACAA	0.11
CCCAACAC	0.1
CCCAACAG	0.11
CCCAACCA	0.12
CCCAACCC	0.11
CCCAACCG	0.1
CCCAACGA	0.1
CCCAACGC	0.12
CCCAACGG	0.11
CCCAACTA	0.09
CCCAACTC	0.1
CCCAAGAA	0.1
CCCAAGAC	0.1
CCCAAGAG	0.11
CCCAAGCA	0.11
CCCAAGCC	0.1
CCCAAGCG	0.09
CCCAAGGA	0.1
CCCAAGGC	0.1
CCCAAGGG	0.1
CCCAAGTA	0.12
CCCAAGTC	0.1
CCCAATAA	0.1
CCCAATAC	0.1
CCCAATAG	0.11
CCCAATCA	0.11
CCCAATCC	0.11
CCCAATCG	0.1
CCCAATGA	0.1
CCCAATGC	0.11
CCCAATTA	0.11
CCCAATTC	0.12
CCCACAAA	0.11
CCCACAAC	0.11
CCCACAAG	0.11
CCCACACA	0.1
CCCACACC	0.11
CCCACACG	0.1
CCCACAGA	0.11
CCCACAGC	0.09
CCCACAGG	0.09
CCCACATA	0.1
CCCACATC	0.11
CCCACCAA	0.1
CCCACCAC	0.11
CCCACCAG	0.1
CCCACCCA	0.11
CCCACCCC	0.11
CCCACCCG	0.1
CCCACCGA	0.1
CCCACCGC	0.09
CCCACCGG	0.12
CCCACCTA	0.1
CCCACCTC	0.1
CCCACGAA	0.1
CCCACGAC	0.09
CCCACGAG	0.1
CCCACGCA	0.12
CCCACGCC	0.09
CCCACGCG	0.1
CCCACGGA	0.11
CCCACGGC	0.1
CCCACGGG	0.1
CCCACGTA	0.09
CCCACGTC	0.12
CCCACTAA	0.1
CCCACTAC	0.11
CCCACTAG	0.09
CCCACTCA	0.1
CCCACTCC	0.1
CCCACTCG	0.11
CCCACTGA	0.1
CCCACTGC	0.09
CCCACTTA	0.11
CCCACTTC	0.12
CCCAGAAA	0.1
CCCAGAAC	0.09
CCCAGAAG	0.12
CCCAGACA	0.11
CCCAGACC	0.09
CCCAGACG	0.11
CCCAGAGA	0.1
CCCAGAGC	0.1
CCCAGAGG	0.1
CCCAGATA	0.11
CCCAGATC	0.09
CCCAGCAA	0.09
CCCAGCAC	0.1
CCCAGCAG	0.11
CCCAGCCA	0.09
CCCAGCCC	0.09
CCCAGCCG	0.1
CCCAGCGA	0.1
CCCAGCGC	0.1
CCCAGCGG	0.1
CCCAGCTA	0.11
CCCAGCTC	0.09
CCCAGGAA	0.15
CCCAGGAC	0.09
CCCAGGAG	0.1
CCCAGGCA	0.11
CCCAGGCC	0.1
CCCAGGCG	0.1
CCCAGGGA	0.1
CCCAGGGC	0.09
CCCAGGGG	0.08
CCCAGGTA	0.09
CCCAGGTC	0.09
CCCAGTAA	0.11
CCCAGTAC	0.11
CCCAGTAG	0.11
CCCAGTCA	0.08
CCCAGTCC	0.1
CCCAGTCG	0.09
CCCAGTGA	0.11
CCCAGTGC	0.09
CCCAGTTA	0.11
CCCAGTTC	0.12
CCCATAAA	0.09
CCCATAAC	0.1
CCCATAAG	0.11
CCCATACA	0.09
CCCATACC	0.11
CCCATACG	0.09
CCCATAGA	0.1
CCCATAGC	0.1
CCCATAGG	0.1
CCCATATA	0.1
CCCATATC	0.12
CCCATCAA	0.11
CCCATCAC	0.1
CCCATCAG	0.11
CCCATCCA	0.1
CCCATCCC	0.12
CCCATCCG	0.16
CCCATCGA	0.1
CCCATCGC	0.1
CCCATCGG	0.1
CCCATCTA	0.09
CCCATCTC	0.1
CCCATGAA	0.11
CCCATGAC	0.09
CCCATGAG	0.09
CCCATGCA	0.1
CCCATGCC	0.1
CCCATGCG	0.09
CCCATGGA	0.1
CCCATGGC	0.09
CCCATGGG	0.12
CCCATGTA	0.09
CCCATGTC	0.11
CCCATTAA	0.12
CCCATTAC	0.1
CCCATTAG	0.09
CCCATTCA	0.1
CCCATTCC	0.1
CCCATTCG	0.1
CCCATTGA	0.11
CCCATTGC	0.11
CCCATTTA	0.11
CCCATTTC	0.12
CCCCAAAA	0.1
CCCCAAAC	0.11
CCCCAAAG	0.1
CCCCAACA	0.1
CCCCAACC	0.1
CCCCAACG	0.1
CCCCAAGA	0.1
CCCCAAGC	0.1
CCCCAAGG	0.1
CCCCAATA	0.11
CCCCAATC	0.1
CCCCACAA	0.11
CCCCACAC	0.1
CCCCACAG	0.09
CCCCACCA	0.11
CCCCACCC	0.11
CCCCACCG	0.1
CCCCACGA	0.09
CCCCACGC	0.1
CCCCACGG	0.1
CCCCACTA	0.09
CCCCACTC	0.11
CCCCAGAA	0.11
CCCCAGAC	0.11
CCCCAGAG	0.1
CCCCAGCA	0.1
CCCCAGCC	0.1
CCCCAGCG	0.1
CCCCAGGA	0.11
CCCCAGGC	0.11
CCCCAGGG	0.09
CCCCAGTA	0.11
CCCCAGTC	0.1
CCCCATAA	0.1
CCCCATAC	0.09
CCCCATAG	0.1
CCCCATCA	0.12
CCCCATCC	0.13
CCCCATCG	0.1
CCCCATGA	0.09
CCCCATGC	0.09
CCCCATTA	0.1
CCCCATTC	0.11
CCCCCAAA	0.12
CCCCCAAC	0.12
CCCCCAAG	0.11
CCCCCACA	0.08
CCCCCACC	0.1
CCCCCACG	0.09
CCCCCAGA	0.1
CCCCCAGC	0.11
CCCCCAGG	0.1
CCCCCATA	0.1
CCCCCATC	0.1
CCCCCCAA	0.1
CCCCCCAC	0.1
CCCCCCAG	0.11
CCCCCCCA	0.11
CCCCCCCC	0.11
CCCCCCCG	0.1
CCCCCCGA	0.11
CCCCCCGC	0.11
CCCCCCGG	0.11
CCCCCCTA	0.1
CCCCCCTC	0.11
CCCCCGAA	0.1
CCCCCGAC	0.11
CCCCCGAG	0.09
CCCCCGCA	0.1
CCCCCGCC	0.12
CCCCCGCG	0.1
CCCCCGGA	0.13
CCCCCGGC	0.11
CCCCCGGG	0.15
CCCCCGTA	0.11
CCCCCGTC	0.1
CCCCCTAA	0.1
CCCCCTAC	0.1
CCCCCTAG	0.1
CCCCCTCA	0.11
CCCCCTCC	0.11
CCCCCTCG	0.11
CCCCCTGA	0.1
CCCCCTGC	0.11
CCCCCTTA	0.11
CCCCCTTC	0.12
CCCCGAAA	0.11
CCCCGAAC	0.1
CCCCGAAG	0.11
CCCCGACA	0.11
CCCCGACC	0.11
CCCCGACG	0.11
CCCCGAGA	0.11
CCCCGAGC	0.1
CCCCGAGG	0.09
CCCCGATA	0.1
CCCCGATC	0.11
CCCCGCAA	0.1
CCCCGCAC	0.1
CCCCGCAG	0.09
CCCCGCCA	0.11
CCCCGCCC	0.11
CCCCGCCG	0.11
CCCCGCGA	0.1
CCCCGCGC	0.08
CCCCGCGG	0.1
CCCCGCTA	0.1
CCCCGCTC	0.1
CCCCGGAA	0.36
CCCCGGAC	0.13
CCCCGGAG	0.09
CCCCGGCA	0.1
CCCCGGCC	0.1
CCCCGGCG	0.1
CCCCGGGA	0.11
CCCCGGGC	0.11
CCCCGGGG	0.1
CCCCGGTA	0.11
CCCCGGTC	0.12
CCCCGTAA	0.11
CCCCGTAC	0.09
CCCCGTAG	0.1
CCCCGTCA	0.11
CCCCGTCC	0.1
CCCCGTCG	0.1
CCCCGTGA	0.11
CCCCGTGC	0.11
CCCCGTTA	0.11
CCCCGTTC	0.11
CCCCTAAA	0.1
CCCCTAAC	0.1
CCCCTAAG	0.09
CCCCTACA	0.11
CCCCTACC	0.11
CCCCTACG	0.1
CCCCTAGA	0.09
CCCCTAGC	0.1
CCCCTAGG	0.1
CCCCTATA	0.11
CCCCTATC	0.1
CCCCTCAA	0.1
CCCCTCAC	0.11
CCCCTCAG	0.1
CCCCTCCA	0.1
CCCCTCCC	0.12
CCCCTCCG	0.1
CCCCTCGA	0.11
CCCCTCGC	0.1
CCCCTCGG	0.09
CCCCTCTA	0.1
CCCCTCTC	0.11
CCCCTGAA	0.1
CCCCTGAC	0.11
CCCCTGAG	0.09
CCCCTGCA	0.11
CCCCTGCC	0.11
CCCCTGCG	0.09
CCCCTGGA	0.1
CCCCTGGC	0.11
CCCCTGTA	0.1
CCCCTGTC	0.09
CCCCTTAA	0.11
CCCCTTAC	0.11
CCCCTTAG	0.1
CCCCTTCA	0.11
CCCCTTCC	0.15
CCCCTTCG	0.1
CCCCTTGA	0.12
CCCCTTGC	0.09
CCCCTTTA	0.11
CCCCTTTC	0.12
CCCGAAAA	0.12
CCCGAAAC	0.1
CCCGAAAG	0.1
CCCGAACA	0.1
CCCGAACC	0.1
CCCGAACG	0.1
CCCGAAGA	0.12
CCCGAAGC	0.11
CCCGAAGG	0.1
CCCGAATA	0.11
CCCGAATC	0.11
CCCGACAA	0.12
CCCGACAC	0.1
CCCGACAG	0.11
CCCGACCA	0.1
CCCGACCC	0.1
CCCGACCG	0.09
CCCGACGA	0.11
CCCGACGC	0.1
CCCGACGG	0.11
CCCGACTA	0.1
CCCGACTC	0.1
CCCGAGAA	0.11
CCCGAGAC	0.1
CCCGAGAG	0.1
CCCGAGCA	0.1
CCCGAGCC	0.12
CCCGAGCG	0.1
CCCGAGGA	0.09
CCCGAGGC	0.09
CCCGAGGG	0.09
CCCGAGTA	0.1
CCCGAGTC	0.09
CCCGATAA	0.1
CCCGATAC	0.11
CCCGATAG	0.09
CCCGATCA	0.1
CCCGATCC	0.1
CCCGATCG	0.09
CCCGATGA	0.11
CCCGATGC	0.1
CCCGATTA	0.1
CCCGATTC	0.1
CCCGCAAA	0.11
CCCGCAAC	0.1
CCCGCAAG	0.1
CCCGCACA	0.09
CCCGCACC	0.1
CCCGCACG	0.1
CCCGCAGA	0.1
CCCGCAGC	0.09
CCCGCAGG	0.1
CCCGCATA	0.11
CCCGCATC	0.12
CCCGCCAA	0.11
CCCGCCAC	0.11
CCCGCCAG	0.1
CCCGCCCA	0.1
CCCGCCCC	0.11
CCCGCCCG	0.11
CCCGCCGA	0.11
CCCGCCGC	0.09
CCCGCCGG	0.12
CCCGCCTA	0.11
CCCGCCTC	0.1
CCCGCGAA	0.09
CCCGCGAC	0.1
CCCGCGAG	0.09
CCCGCGCA	0.09
CCCGCGCC	0.09
CCCGCGCG	0.11
CCCGCGGA	0.11
CCCGCGGC	0.1
CCCGCGGG	0.1
CCCGCGTA	0.11
CCCGCGTC	0.1
CCCGCTAA	0.11
CCCGCTAC	0.11
CCCGCTAG	0.11
CCCGCTCA	0.09
CCCGCTCC	0.09
CCCGCTCG	0.11
CCCGCTGA	0.1
CCCGCTGC	0.1
CCCGCTTA	0.11
CCCGCTTC	0.13
CCCGGAAA	0.5
CCCGGAAC	0.21
CCCGGAAG	0.59
CCCGGACA	0.15
CCCGGACC	0.1
CCCGGACG	0.16
CCCGGAGA	0.11
CCCGGAGC	0.11
CCCGGAGG	0.11
CCCGGATA	0.33
CCCGGATC	0.15
CCCGGCAA	0.11
CCCGGCAC	0.1
CCCGGCAG	0.1
CCCGGCCA	0.1
CCCGGCCC	0.11
CCCGGCCG	0.11
CCCGGCGA	0.1
CCCGGCGC	0.09
CCCGGCGG	0.12
CCCGGCTA	0.1
CCCGGCTC	0.1
CCCGGGAA	0.15
CCCGGGAC	0.12
CCCGGGAG	0.1
CCCGGGCA	0.11
CCCGGGCC	0.11
CCCGGGCG	0.11
CCCGGGGA	0.11
CCCGGGGC	0.1
CCCGGGTA	0.11
CCCGGGTC	0.11
CCCGGTAA	0.13
CCCGGTAC	0.11
CCCGGTAG	0.11
CCCGGTCA	0.11
CCCGGTCC	0.1
CCCGGTCG	0.1
CCCGGTGA	0.1
CCCGGTGC	0.1
CCCGGTTA	0.1
CCCGGTTC	0.12
CCCGTAAA	0.1
CCCGTAAC	0.1
CCCGTAAG	0.1
CCCGTACA	0.09
CCCGTACC	0.1
CCCGTACG	0.09
CCCGTAGA	0.08
CCCGTAGC	0.1
CCCGTAGG	0.09
CCCGTATA	0.11
CCCGTATC	0.11
CCCGTCAA	0.11
CCCGTCAC	0.1
CCCGTCAG	0.1
CCCGTCCA	0.11
CCCGTCCC	0.1
CCCGTCCG	0.11
CCCGTCGA	0.1
CCCGTCGC	0.09
CCCGTCGG	0.1
CCCGTCTA	0.1
CCCGTCTC	0.11
CCCGTGAA	0.09
CCCGTGAC	0.1
CCCGTGAG	0.1
CCCGTGCA	0.1
CCCGTGCC	0.1
CCCGTGCG	0.1
CCCGTGGA	0.11
CCCGTGGC	0.09
CCCGTGTA	0.1
CCCGTGTC	0.1
CCCGTTAA	0.09
CCCGTTAC	0.12
CCCGTTAG	0.1
CCCGTTCA	0.11
CCCGTTCC	0.13
CCCGTTCG	0.1
CCCGTTGA	0.11
CCCGTTGC	0.11
CCCGTTTA	0.1
CCCGTTTC	0.1
CCCTAAAA	0.1
CCCTAAAC	0.12
CCCTAAAG	0.09
CCCTAACA	0.12
CCCTAACC	0.09
CCCTAACG	0.11
CCCTAAGA	0.1
CCCTAAGC	0.1
CCCTAAGG	0.11
CCCTAATA	0.1
CCCTAATC	0.1
CCCTACAA	0.11
CCCTACAC	0.11
CCCTACAG	0.1
CCCTACCA	0.11
CCCTACCC	0.1
CCCTACCG	0.1
CCCTACGA	0.09
CCCTACGC	0.1
CCCTACGG	0.11
CCCTACTA	0.09
CCCTACTC	0.11
CCCTAGAA	0.11
CCCTAGAC	0.08
CCCTAGAG	0.1
CCCTAGCA	0.09
CCCTAGCC	0.1
CCCTAGCG	0.1
CCCTAGGA	0.1
CCCTAGGC	0.11
CCCTAGGG	0.08
CCCTAGTA	0.09
CCCTAGTC	0.1
CCCTATAA	0.11
CCCTATAC	0.1
CCCTATAG	0.1
CCCTATCA	0.12
CCCTATCC	0.1
CCCTATCG	0.09
CCCTATGA	0.1
CCCTATGC	0.09
CCCTATTA	0.1
CCCTATTC	0.09
CCCTCAAA	0.1
CCCTCAAC	0.1
CCCTCAAG	0.1
CCCTCACA	0.12
CCCTCACC	0.1
CCCTCACG	0.1
CCCTCAGA	0.09
CCCTCAGC	0.09
CCCTCAGG	0.09
CCCTCATA	0.11
CCCTCATC	0.09
CCCTCCAA	0.1
CCCTCCAC	0.1
CCCTCCAG	0.12
CCCTCCCA	0.11
CCCTCCCC	0.1
CCCTCCCG	0.11
CCCTCCGA	0.1
CCCTCCGC	0.1
CCCTCCGG	0.11
CCCTCCTA	0.1
CCCTCCTC	0.08
CCCTCGAA	0.1
CCCTCGAC	0.09
CCCTCGAG	0.1
CCCTCGCA	0.11
CCCTCGCC	0.08
CCCTCGCG	0.1
CCCTCGGA	0.11
CCCTCGGC	0.09
CCCTCGTA	0.11
CCCTCGTC	0.11
CCCTCTAA	0.09
CCCTCTAC	0.1
CCCTCTAG	0.1
CCCTCTCA	0.11
CCCTCTCC	0.1
CCCTCTCG	0.11
CCCTCTGA	0.11
CCCTCTGC	0.11
CCCTCTTA	0.1
CCCTCTTC	0.1
CCCTGAAA	0.1
CCCTGAAC	0.12
CCCTGAAG	0.09
CCCTGACA	0.1
CCCTGACC	0.1
CCCTGACG	0.09
CCCTGAGA	0.1
CCCTGAGC	0.09
CCCTGAGG	0.08
CCCTGATA	0.1
CCCTGATC	0.08
CCCTGCAA	0.09
CCCTGCAC	0.1
CCCTGCAG	0.11
CCCTGCCA	0.09
CCCTGCCC	0.1
CCCTGCCG	0.11
CCCTGCGA	0.1
CCCTGCGC	0.09
CCCTGCGG	0.09
CCCTGCTA	0.1
CCCTGCTC	0.09
CCCTGGAA	0.11
CCCTGGAC	0.1
CCCTGGAG	0.11
CCCTGGCA	0.1
CCCTGGCC	0.1
CCCTGGCG	0.1
CCCTGGGA	0.1
CCCTGGGC	0.09
CCCTGGTA	0.1
CCCTGGTC	0.11
CCCTGTAA	0.11
CCCTGTAC	0.1
CCCTGTAG	0.1
CCCTGTCA	0.09
CCCTGTCC	0.09
CCCTGTCG	0.1
CCCTGTGA	0.11
CCCTGTGC	0.09
CCCTGTTA	0.11
CCCTGTTC	0.1
CCCTTAAA	0.12
CCCTTAAC	0.1
CCCTTAAG	0.11
CCCTTACA	0.11
CCCTTACC	0.11
CCCTTACG	0.13
CCCTTAGA	0.1
CCCTTAGC	0.09
CCCTTAGG	0.1
CCCTTATA	0.12
CCCTTATC	0.11
CCCTTCAA	0.11
CCCTTCAC	0.1
CCCTTCAG	0.1
CCCTTCCA	0.1
CCCTTCCC	0.13
CCCTTCCG	0.23
CCCTTCGA	0.09
CCCTTCGC	0.09
CCCTTCGG	0.1
CCCTTCTA	0.12
CCCTTCTC	0.1
CCCTTGAA	0.1
CCCTTGAC	0.13
CCCTTGAG	0.09
CCCTTGCA	0.09
CCCTTGCC	0.1
CCCTTGCG	0.09
CCCTTGGA	0.1
CCCTTGGC	0.1
CCCTTGTA	0.11
CCCTTGTC	0.11
CCCTTTAA	0.11
CCCTTTAC	0.11
CCCTTTAG	0.09
CCCTTTCA	0.1
CCCTTTCC	0.12
CCCTTTCG	0.11
CCCTTTGA	0.1
CCCTTTGC	0.11
CCCTTTTA	0.1
CCCTTTTC	0.12
CCGAAAAA	0.12
CCGAAAAC	0.11
CCGAAAAG	0.11
CCGAAACA	0.11
CCGAAACC	0.11
CCGAAACG	0.1
CCGAAAGA	0.12
CCGAAAGC	0.1
CCGAAAGG	0.1
CCGAAATA	0.11
CCGAAATC	0.11
CCGAACAA	0.11
CCGAACAC	0.1
CCGAACAG	0.1
CCGAACCA	0.09
CCGAACCC	0.1
CCGAACCG	0.11
CCGAACGA	0.09
CCGAACGC	0.11
CCGAACGG	0.11
CCGAACTA	0.12
CCGAACTC	0.11
CCGAAGAA	0.12
CCGAAGAC	0.1
CCGAAGAG	0.1
CCGAAGCA	0.1
CCGAAGCC	0.11
CCGAAGCG	0.11
CCGAAGGA	0.1
CCGAAGGC	0.1
CCGAAGTA	0.11
CCGAAGTC	0.11
CCGAATAA	0.1
CCGAATAC	0.1
CCGAATAG	0.1
CCGAATCA	0.09
CCGAATCC	0.12
CCGAATCG	0.1
CCGAATGA	0.1
CCGAATGC	0.09
CCGAATTA	0.11
CCGAATTC	0.11
CCGACAAA	0.14
CCGACAAC	0.11
CCGACAAG	0.12
CCGACACA	0.09
CCGACACC	0.12
CCGACACG	0.1
CCGACAGA	0.12
CCGACAGC	0.11
CCGACAGG	0.11
CCGACATA	0.11
CCGACATC	0.12
CCGACCAA	0.11
CCGACCAC	0.1
CCGACCAG	0.1
CCGACCCA	0.09
CCGACCCC	0.09
CCGACCCG	0.11
CCGACCGA	0.1
CCGACCGC	0.09
CCGACCGG	0.11
CCGACCTA	0.11
CCGACCTC	0.12
CCGACGAA	0.12
CCGACGAC	0.11
CCGACGAG	0.1
CCGACGCA	0.1
CCGACGCC	0.11
CCGACGCG	0.1
CCGACGGA	0.13
CCGACGGC	0.1
CCGACGTA	0.11
CCGACGTC	0.11
CCGACTAA	0.12
CCGACTAC	0.1
CCGACTAG	0.11
CCGACTCA	0.1
CCGACTCC	0.08
CCGACTCG	0.09
CCGACTGA	0.1
CCGACTGC	0.1
CCGACTTA	0.11
CCGACTTC	0.12
CCGAGAAA	0.14
CCGAGAAC	0.11
CCGAGAAG	0.11
CCGAGACA	0.09
CCGAGACC	0.1
CCGAGACG	0.1
CCGAGAGA	0.11
CCGAGAGC	0.09
CCGAGAGG	0.1
CCGAGATA	0.11
CCGAGATC	0.12
CCGAGCAA	0.1
CCGAGCAC	0.09
CCGAGCAG	0.1
CCGAGCCA	0.1
CCGAGCCC	0.09
CCGAGCCG	0.1
CCGAGCGA	0.1
CCGAGCGC	0.1
CCGAGCGG	0.1
CCGAGCTA	0.09
CCGAGCTC	0.09
CCGAGGAA	0.12
CCGAGGAC	0.1
CCGAGGAG	0.1
CCGAGGCA	0.1
CCGAGGCC	0.09
CCGAGGCG	0.09
CCGAGGGA	0.1
CCGAGGGC	0.11
CCGAGGTA	0.09
CCGAGGTC	0.08
CCGAGTAA	0.09
CCGAGTAC	0.09
CCGAGTAG	0.11
CCGAGTCA	0.1
CCGAGTCC	0.11
CCGAGTCG	0.09
CCGAGTGA	0.09
CCGAGTGC	0.09
CCGAGTTA	0.11
CCGAGTTC	0.1
CCGATAAA	0.11
CCGATAAC	0.1
CCGATAAG	0.11
CCGATACA	0.12
CCGATACC	0.1
CCGATACG	0.1
CCGATAGA	0.1
CCGATAGC	0.1
CCGATAGG	0.1
CCGATATA	0.11
CCGATATC	0.1
CCGATCAA	0.1
CCGATCAC	0.1
CCGATCAG	0.11
CCGATCCA	0.09
CCGATCCC	0.1
CCGATCCG	0.13
CCGATCGA	0.09
CCGATCGC	0.09
CCGATCGG	0.1
CCGATCTA	0.09
CCGATCTC	0.1
CCGATGAA	0.13
CCGATGAC	0.11
CCGATGAG	0.09
CCGATGCA	0.1
CCGATGCC	0.1
CCGATGCG	0.09
CCGATGGA	0.11
CCGATGGC	0.1
CCGATGTA	0.1
CCGATGTC	0.09
CCGATTAA	0.1
CCGATTAC	0.11
CCGATTAG	0.11
CCGATTCA	0.1
CCGATTCC	0.13
CCGATTCG	0.11
CCGATTGA	0.1
CCGATTGC	0.1
CCGATTTA	0.11
CCGATTTC	0.09
CCGCAAAA	0.1
CCGCAAAC	0.11
CCGCAAAG	0.11
CCGCAACA	0.1
CCGCAACC	0.12
CCGCAACG	0.1
CCGCAAGA	0.1
CCGCAAGC	0.1
CCGCAAGG	0.1
CCGCAATA	0.1
CCGCAATC	0.11
CCGCACAA	0.11
CCGCACAC	0.1
CCGCACAG	0.1
CCGCACCA	0.1
CCGCACCC	0.09
CCGCACCG	0.1
CCGCACGA	0.1
CCGCACGC	0.09
CCGCACGG	0.1
CCGCACTA	0.1
CCGCACTC	0.11
CCGCAGAA	0.1
CCGCAGAC	0.1
CCGCAGAG	0.11
CCGCAGCA	0.09
CCGCAGCC	0.11
CCGCAGCG	0.11
CCGCAGGA	0.12
CCGCAGGC	0.1
CCGCAGTA	0.1
CCGCAGTC	0.11
CCGCATAA	0.12
CCGCATAC	0.12
CCGCATAG	0.11
CCGCATCA	0.1
CCGCATCC	0.15
CCGCATCG	0.1
CCGCATGA	0.11
CCGCATGC	0.1
CCGCATTA	0.11
CCGCATTC	0.1
CCGCCAAA	0.12
CCGCCAAC	0.1
CCGCCAAG	0.12
CCGCCACA	0.1
CCGCCACC	0.1
CCGCCACG	0.1
CCGCCAGA	0.11
CCGCCAGC	0.11
CCGCCAGG	0.11
CCGCCATA	0.11
CCGCCATC	0.11
CCGCCCAA	0.12
CCGCCCAC	0.1
CCGCCCAG	0.1
CCGCCCCA	0.1
CCGCCCCC	0.11
CCGCCCCG	0.11
CCGCCCGA	0.1
CCGCCCGC	0.1
CCGCCCGG	0.14
CCGCCCTA	0.11
CCGCCCTC	0.11
CCGCCGAA	0.11
CCGCCGAC	0.1
CCGCCGAG	0.11
CCGCCGCA	0.12
CCGCCGCC	0.11
CCGCCGCG	0.12
CCGCCGGA	0.14
CCGCCGGC	0.11
CCGCCGTA	0.11
CCGCCGTC	0.1
CCGCCTAA	0.1
CCGCCTAC	0.11
CCGCCTAG	0.1
CCGCCTCA	0.1
CCGCCTCC	0.1
CCGCCTCG	0.09
CCGCCTGA	0.09
CCGCCTGC	0.1
CCGCCTTA	0.1
CCGCCTTC	0.11
CCGCGAAA	0.12
CCGCGAAC	0.12
CCGCGAAG	0.09
CCGCGACA	0.1
CCGCGACC	0.11
CCGCGACG	0.1
CCGCGAGA	0.08
CCGCGAGC	0.1
CCGCGAGG	0.1
CCGCGATA	0.11
CCGCGATC	0.1
CCGCGCAA	0.09
CCGCGCAC	0.1
CCGCGCAG	0.1
CCGCGCCA	0.1
CCGCGCCC	0.1
CCGCGCCG	0.11
CCGCGCGA	0.1
CCGCGCGC	0.1
CCGCGCGG	0.17
CCGCGCTA	0.09
CCGCGCTC	0.09
CCGCGGAA	0.14
CCGCGGAC	0.09
CCGCGGAG	0.1
CCGCGGCA	0.11
CCGCGGCC	0.1
CCGCGGCG	0.1
CCGCGGGA	0.1
CCGCGGGC	0.1
CCGCGGTA	0.1
CCGCGGTC	0.1
CCGCGTAA	0.12
CCGCGTAC	0.11
CCGCGTAG	0.1
CCGCGTCA	0.1
CCGCGTCC	0.13
CCGCGTCG	0.1
CCGCGTGA	0.11
CCGCGTGC	0.1
CCGCGTTA	0.1
CCGCGTTC	0.09
CCGCTAAA	0.11
CCGCTAAC	0.11
CCGCTAAG	0.11
CCGCTACA	0.11
CCGCTACC	0.11
CCGCTACG	0.1
CCGCTAGA	0.1
CCGCTAGC	0.1
CCGCTAGG	0.11
CCGCTATA	0.1
CCGCTATC	0.11
CCGCTCAA	0.11
CCGCTCAC	0.11
CCGCTCAG	0.1
CCGCTCCA	0.12
CCGCTCCC	0.1
CCGCTCCG	0.1
CCGCTCGA	0.11
CCGCTCGC	0.1
CCGCTCTA	0.11
CCGCTCTC	0.1
CCGCTGAA	0.11
CCGCTGAC	0.11
CCGCTGAG	0.11
CCGCTGCA	0.11
CCGCTGCC	0.1
CCGCTGCG	0.11
CCGCTGGA	0.12
CCGCTGGC	0.09
CCGCTGTA	0.12
CCGCTGTC	0.1
CCGCTTAA	0.11
CCGCTTAC	0.09
CCGCTTAG	0.11
CCGCTTCA	0.1
CCGCTTCC	0.26
CCGCTTCG	0.11
CCGCTTGA	0.11
CCGCTTGC	0.1
CCGCTTTA	0.13
CCGCTTTC	0.12
CCGGAAAA	0.49
CCGGAAAC	0.71
CCGGAAAG	0.39
CCGGAACA	0.31
CCGGAACC	0.31
CCGGAACG	0.17
CCGGAAGA	0.6
CCGGAAGC	0.76
CCGGAAGG	0.5
CCGGAATA	0.2
CCGGAATC	0.18
CCGGACAA	0.13
CCGGACAC	0.19
CCGGACAG	0.14
CCGGACCA	0.13
CCGGACCC	0.11
CCGGACCG	0.1
CCGGACGA	0.17
CCGGACGC	0.26
CCGGACGG	0.19
CCGGACTA	0.11
CCGGACTC	0.11
CCGGAGAA	0.12
CCGGAGAC	0.12
CCGGAGAG	0.1
CCGGAGCA	0.11
CCGGAGCC	0.12
CCGGAGCG	0.11
CCGGAGGA	0.13
CCGGAGGC	0.13
CCGGAGTA	0.1
CCGGAGTC	0.09
CCGGATAA	0.31
CCGGATAC	0.6
CCGGATAG	0.24
CCGGATCA	0.15
CCGGATCC	0.24
CCGGATCG	0.13
CCGGATGA	0.44
CCGGATGC	0.73
CCGGATTA	0.15
CCGGATTC	0.17
CCGGCAAA	0.15
CCGGCAAC	0.12
CCGGCAAG	0.11
CCGGCACA	0.11
CCGGCACC	0.12
CCGGCACG	0.11
CCGGCAGA	0.11
CCGGCAGC	0.12
CCGGCAGG	0.11
CCGGCATA	0.11
CCGGCATC	0.12
CCGGCCAA	0.12
CCGGCCAC	0.1
CCGGCCAG	0.13
CCGGCCCA	0.09
CCGGCCCC	0.11
CCGGCCCG	0.11
CCGGCCGA	0.1
CCGGCCGC	0.11
CCGGCCGG	0.13
CCGGCCTA	0.1
CCGGCCTC	0.12
CCGGCGAA	0.1
CCGGCGAC	0.1
CCGGCGAG	0.11
CCGGCGCA	0.1
CCGGCGCC	0.1
CCGGCGCG	0.1
CCGGCGGA	0.15
CCGGCGGC	0.11
CCGGCGTA	0.11
CCGGCGTC	0.13
CCGGCTAA	0.11
CCGGCTAC	0.11
CCGGCTAG	0.1
CCGGCTCA	0.12
CCGGCTCC	0.11
CCGGCTCG	0.09
CCGGCTGA	0.1
CCGGCTGC	0.11
CCGGCTTA	0.11
CCGGCTTC	0.12
CCGGGAAA	0.17
CCGGGAAC	0.13
CCGGGAAG	0.16
CCGGGACA	0.13
CCGGGACC	0.11
CCGGGACG	0.11
CCGGGAGA	0.12
CCGGGAGC	0.11
CCGGGAGG	0.15
CCGGGATA	0.14
CCGGGATC	0.12
CCGGGCAA	0.11
CCGGGCAC	0.11
CCGGGCAG	0.11
CCGGGCCA	0.1
CCGGGCCC	0.12
CCGGGCCG	0.11
CCGGGCGA	0.11
CCGGGCGC	0.11
CCGGGCTA	0.1
CCGGGCTC	0.1
CCGGGGAA	0.14
CCGGGGAC	0.1
CCGGGGAG	0.11
CCGGGGCA	0.09
CCGGGGCC	0.11
CCGGGGCG	0.1
CCGGGGGA	0.14
CCGGGGGC	0.1
CCGGGGTA	0.11
CCGGGGTC	0.1
CCGGGTAA	0.12
CCGGGTAC	0.11
CCGGGTAG	0.1
CCGGGTCA	0.12
CCGGGTCC	0.12
CCGGGTCG	0.11
CCGGGTGA	0.12
CCGGGTGC	0.12
CCGGGTTA	0.11
CCGGGTTC	0.11
CCGGTAAA	0.16
CCGGTAAC	0.12
CCGGTAAG	0.12
CCGGTACA	0.12
CCGGTACC	0.12
CCGGTACG	0.11
CCGGTAGA	0.12
CCGGTAGC	0.12
CCGGTAGG	0.12
CCGGTATA	0.13
CCGGTATC	0.12
CCGGTCAA	0.11
CCGGTCAC	0.12
CCGGTCAG	0.11
CCGGTCCA	0.11
CCGGTCCC	0.12
CCGGTCCG	0.11
CCGGTCGA	0.13
CCGGTCGC	0.13
CCGGTCTA	0.11
CCGGTCTC	0.11
CCGGTGAA	0.11
CCGGTGAC	0.11
CCGGTGAG	0.1
CCGGTGCA	0.12
CCGGTGCC	0.1
CCGGTGCG	0.13
CCGGTGGA	0.12
CCGGTGGC	0.1
CCGGTGTA	0.11
CCGGTGTC	0.12
CCGGTTAA	0.11
CCGGTTAC	0.12
CCGGTTAG	0.12
CCGGTTCA	0.1
CCGGTTCC	0.15
CCGGTTCG	0.11
CCGGTTGA	0.11
CCGGTTGC	0.13
CCGGTTTA	0.12
CCGGTTTC	0.13
CCGTAAAA	0.1
CCGTAAAC	0.09
CCGTAAAG	0.1
CCGTAACA	0.11
CCGTAACC	0.1
CCGTAACG	0.1
CCGTAAGA	0.1
CCGTAAGC	0.09
CCGTAAGG	0.1
CCGTAATA	0.11
CCGTAATC	0.11
CCGTACAA	0.11
CCGTACAC	0.1
CCGTACAG	0.09
CCGTACCA	0.1
CCGTACCC	0.09
CCGTACCG	0.09
CCGTACGA	0.11
CCGTACGC	0.09
CCGTACGG	0.1
CCGTACTA	0.1
CCGTACTC	0.11
CCGTAGAA	0.11
CCGTAGAC	0.1
CCGTAGAG	0.1
CCGTAGCA	0.11
CCGTAGCC	0.1
CCGTAGCG	0.1
CCGTAGGA	0.1
CCGTAGGC	0.09
CCGTAGTA	0.11
CCGTAGTC	0.1
CCGTATAA	0.12
CCGTATAC	0.11
CCGTATAG	0.12
CCGTATCA	0.09
CCGTATCC	0.2
CCGTATCG	0.1
CCGTATGA	0.12
CCGTATGC	0.11
CCGTATTA	0.11
CCGTATTC	0.11
CCGTCAAA	0.11
CCGTCAAC	0.12
CCGTCAAG	0.11
CCGTCACA	0.11
CCGTCACC	0.1
CCGTCACG	0.11
CCGTCAGA	0.1
CCGTCAGC	0.11
CCGTCAGG	0.1
CCGTCATA	0.12
CCGTCATC	0.11
CCGTCCAA	0.11
CCGTCCAC	0.1
CCGTCCAG	0.1
CCGTCCCA	0.09
CCGTCCCC	0.1
CCGTCCCG	0.11
CCGTCCGA	0.12
CCGTCCGC	0.11
CCGTCCTA	0.1
CCGTCCTC	0.1
CCGTCGAA	0.1
CCGTCGAC	0.1
CCGTCGAG	0.1
CCGTCGCA	0.1
CCGTCGCC	0.11
CCGTCGCG	0.1
CCGTCGGA	0.12
CCGTCGGC	0.1
CCGTCGTA	0.11
CCGTCGTC	0.1
CCGTCTAA	0.1
CCGTCTAC	0.12
CCGTCTAG	0.09
CCGTCTCA	0.11
CCGTCTCC	0.1
CCGTCTCG	0.11
CCGTCTGA	0.09
CCGTCTGC	0.09
CCGTCTTA	0.1
CCGTCTTC	0.12
CCGTGAAA	0.11
CCGTGAAC	0.1
CCGTGAAG	0.09
CCGTGACA	0.1
CCGTGACC	0.1
CCGTGACG	0.12
CCGTGAGA	0.09
CCGTGAGC	0.1
CCGTGAGG	0.11
CCGTGATA	0.1
CCGTGATC	0.09
CCGTGCAA	0.1
CCGTGCAC	0.1
CCGTGCAG	0.1
CCGTGCCA	0.09
CCGTGCCC	0.1
CCGTGCCG	0.1
CCGTGCGA	0.11
CCGTGCGC	0.09
CCGTGCTA	0.1
CCGTGCTC	0.09
CCGTGGAA	0.11
CCGTGGAC	0.09
CCGTGGAG	0.11
CCGTGGCA	0.09
CCGTGGCC	0.1
CCGTGGCG	0.11
CCGTGGGA	0.1
CCGTGGGC	0.09
CCGTGGTA	0.1
CCGTGGTC	0.1
CCGTGTAA	0.1
CCGTGTAC	0.1
CCGTGTAG	0.1
CCGTGTCA	0.11
CCGTGTCC	0.12
CCGTGTCG	0.09
CCGTGTGA	0.1
CCGTGTGC	0.1
CCGTGTTA	0.11
CCGTGTTC	0.12
CCGTTAAA	0.1
CCGTTAAC	0.1
CCGTTAAG	0.1
CCGTTACA	0.1
CCGTTACC	0.11
CCGTTACG	0.12
CCGTTAGA	0.11
CCGTTAGC	0.11
CCGTTAGG	0.11
CCGTTATA	0.11
CCGTTATC	0.12
CCGTTCAA	0.12
CCGTTCAC	0.12
CCGTTCAG	0.11
CCGTTCCA	0.13
CCGTTCCC	0.11
CCGTTCCG	0.12
CCGTTCGA	0.1
CCGTTCGC	0.11
CCGTTCTA	0.12
CCGTTCTC	0.11
CCGTTGAA	0.1
CCGTTGAC	0.11
CCGTTGAG	0.09
CCGTTGCA	0.1
CCGTTGCC	0.1
CCGTTGCG	0.11
CCGTTGGA	0.1
CCGTTGGC	0.1
CCGTTGTA	0.11
CCGTTGTC	0.1
CCGTTTAA	0.1
CCGTTTAC	0.12
CCGTTTAG	0.11
CCGTTTCA	0.1
CCGTTTCC	0.26
CCGTTTCG	0.1
CCGTTTGA	0.11
CCGTTTGC	0.11
CCGTTTTA	0.12
CCGTTTTC	0.13
CCTAAAAA	0.12
CCTAAAAC	0.11
CCTAAAAG	0.1
CCTAAACA	0.12
CCTAAACC	0.1
CCTAAACG	0.12
CCTAAAGA	0.09
CCTAAAGC	0.09
CCTAAAGG	0.09
CCTAAATA	0.1
CCTAAATC	0.1
CCTAACAA	0.11
CCTAACAC	0.1
CCTAACAG	0.1
CCTAACCA	0.11
CCTAACCC	0.09
CCTAACCG	0.11
CCTAACGA	0.09
CCTAACGC	0.1
CCTAACTA	0.11
CCTAACTC	0.1
CCTAAGAA	0.11
CCTAAGAC	0.09
CCTAAGAG	0.11
CCTAAGCA	0.1
CCTAAGCC	0.1
CCTAAGCG	0.1
CCTAAGGA	0.13
CCTAAGGC	0.1
CCTAAGTA	0.11
CCTAAGTC	0.1
CCTAATAA	0.12
CCTAATAC	0.11
CCTAATAG	0.1
CCTAATCA	0.11
CCTAATCC	0.12
CCTAATCG	0.1
CCTAATGA	0.11
CCTAATGC	0.08
CCTAATTA	0.11
CCTAATTC	0.1
CCTACAAA	0.11
CCTACAAC	0.1
CCTACAAG	0.11
CCTACACA	0.11
CCTACACC	0.1
CCTACACG	0.09
CCTACAGA	0.1
CCTACAGC	0.1
CCTACAGG	0.1
CCTACATA	0.1
CCTACATC	0.1
CCTACCAA	0.12
CCTACCAC	0.09
CCTACCAG	0.1
CCTACCCA	0.11
CCTACCCC	0.1
CCTACCCG	0.1
CCTACCGA	0.1
CCTACCGC	0.09
CCTACCTA	0.11
CCTACCTC	0.1
CCTACGAA	0.11
CCTACGAC	0.1
CCTACGAG	0.09
CCTACGCA	0.1
CCTACGCC	0.09
CCTACGCG	0.1
CCTACGGA	0.13
CCTACGGC	0.1
CCTACGTA	0.1
CCTACGTC	0.1
CCTACTAA	0.11
CCTACTAC	0.09
CCTACTAG	0.09
CCTACTCA	0.1
CCTACTCC	0.1
CCTACTCG	0.1
CCTACTGA	0.1
CCTACTGC	0.11
CCTACTTA	0.12
CCTACTTC	0.11
CCTAGAAA	0.12
CCTAGAAC	0.11
CCTAGAAG	0.11
CCTAGACA	0.09
CCTAGACC	0.1
CCTAGACG	0.1
CCTAGAGA	0.09
CCTAGAGC	0.09
CCTAGAGG	0.1
CCTAGATA	0.09
CCTAGATC	0.1
CCTAGCAA	0.1
CCTAGCAC	0.1
CCTAGCAG	0.1
CCTAGCCA	0.09
CCTAGCCC	0.11
CCTAGCCG	0.11
CCTAGCGA	0.1
CCTAGCGC	0.11
CCTAGCTA	0.08
CCTAGCTC	0.1
CCTAGGAA	0.11
CCTAGGAC	0.1
CCTAGGAG	0.12
CCTAGGCA	0.09
CCTAGGCC	0.1
CCTAGGCG	0.09
CCTAGGGA	0.1
CCTAGGGC	0.1
CCTAGGTA	0.09
CCTAGGTC	0.09
CCTAGTAA	0.1
CCTAGTAC	0.09
CCTAGTAG	0.09
CCTAGTCA	0.11
CCTAGTCC	0.1
CCTAGTCG	0.1
CCTAGTGA	0.1
CCTAGTGC	0.08
CCTAGTTA	0.1
CCTAGTTC	0.11
CCTATAAA	0.11
CCTATAAC	0.1
CCTATAAG	0.1
CCTATACA	0.11
CCTATACC	0.11
CCTATACG	0.12
CCTATAGA	0.1
CCTATAGC	0.09
CCTATAGG	0.1
CCTATATA	0.1
CCTATATC	0.12
CCTATCAA	0.1
CCTATCAC	0.11
CCTATCAG	0.11
CCTATCCA	0.1
CCTATCCC	0.1
CCTATCCG	0.13
CCTATCGA	0.1
CCTATCGC	0.09
CCTATCTA	0.11
CCTATCTC	0.11
CCTATGAA	0.1
CCTATGAC	0.1
CCTATGAG	0.09
CCTATGCA	0.12
CCTATGCC	0.09
CCTATGCG	0.1
CCTATGGA	0.09
CCTATGGC	0.1
CCTATGTA	0.1
CCTATGTC	0.1
CCTATTAA	0.1
CCTATTAC	0.09
CCTATTAG	0.09
CCTATTCA	0.1
CCTATTCC	0.13
CCTATTCG	0.1
CCTATTGA	0.11
CCTATTGC	0.09
CCTATTTA	0.12
CCTATTTC	0.12
CCTCAAAA	0.11
CCTCAAAC	0.11
CCTCAAAG	0.1
CCTCAACA	0.12
CCTCAACC	0.11
CCTCAACG	0.1
CCTCAAGA	0.1
CCTCAAGC	0.11
CCTCAAGG	0.1
CCTCAATA	0.12
CCTCAATC	0.11
CCTCACAA	0.11
CCTCACAC	0.11
CCTCACAG	0.1
CCTCACCA	0.11
CCTCACCC	0.1
CCTCACCG	0.09
CCTCACGA	0.11
CCTCACGC	0.1
CCTCACTA	0.11
CCTCACTC	0.11
CCTCAGAA	0.11
CCTCAGAC	0.12
CCTCAGAG	0.1
CCTCAGCA	0.1
CCTCAGCC	0.1
CCTCAGCG	0.1
CCTCAGGA	0.11
CCTCAGGC	0.1
CCTCAGTA	0.11
CCTCAGTC	0.1
CCTCATAA	0.1
CCTCATAC	0.12
CCTCATAG	0.09
CCTCATCA	0.1
CCTCATCC	0.12
CCTCATCG	0.1
CCTCATGA	0.09
CCTCATGC	0.08
CCTCATTA	0.11
CCTCATTC	0.11
CCTCCAAA	0.11
CCTCCAAC	0.1
CCTCCAAG	0.1
CCTCCACA	0.1
CCTCCACC	0.11
CCTCCACG	0.1
CCTCCAGA	0.12
CCTCCAGC	0.11
CCTCCAGG	0.11
CCTCCATA	0.1
CCTCCATC	0.1
CCTCCCAA	0.1
CCTCCCAC	0.11
CCTCCCAG	0.1
CCTCCCCA	0.1
CCTCCCCC	0.12
CCTCCCCG	0.1
CCTCCCGA	0.1
CCTCCCGC	0.11
CCTCCCTA	0.1
CCTCCCTC	0.1
CCTCCGAA	0.11
CCTCCGAC	0.1
CCTCCGAG	0.1
CCTCCGCA	0.1
CCTCCGCC	0.11
CCTCCGCG	0.1
CCTCCGGA	0.13
CCTCCGGC	0.13
CCTCCGTA	0.12
CCTCCGTC	0.1
CCTCCTAA	0.1
CCTCCTAC	0.1
CCTCCTAG	0.11
CCTCCTCA	0.09
CCTCCTCC	0.12
CCTCCTCG	0.09
CCTCCTGA	0.13
CCTCCTGC	0.11
CCTCCTTA	0.12
CCTCCTTC	0.11
CCTCGAAA	0.11
CCTCGAAC	0.1
CCTCGAAG	0.1
CCTCGACA	0.09
CCTCGACC	0.09
CCTCGACG	0.08
CCTCGAGA	0.1
CCTCGAGC	0.1
CCTCGAGG	0.11
CCTCGATA	0.11
CCTCGATC	0.1
CCTCGCAA	0.11
CCTCGCAC	0.09
CCTCGCAG	0.1
CCTCGCCA	0.09
CCTCGCCC	0.11
CCTCGCCG	0.09
CCTCGCGA	0.1
CCTCGCGC	0.1
CCTCGCTA	0.1
CCTCGCTC	0.11
CCTCGGAA	0.12
CCTCGGAC	0.09
CCTCGGAG	0.11
CCTCGGCA	0.1
CCTCGGCC	0.09
CCTCGGCG	0.1
CCTCGGGA	0.09
CCTCGGGC	0.09
CCTCGGTA	0.09
CCTCGGTC	0.09
CCTCGTAA	0.1
CCTCGTAC	0.1
CCTCGTAG	0.1
CCTCGTCA	0.11
CCTCGTCC	0.11
CCTCGTCG	0.1
CCTCGTGA	0.09
CCTCGTGC	0.1
CCTCGTTA	0.1
CCTCGTTC	0.1
CCTCTAAA	0.11
CCTCTAAC	0.09
CCTCTAAG	0.1
CCTCTACA	0.09
CCTCTACC	0.12
CCTCTACG	0.1
CCTCTAGA	0.1
CCTCTAGC	0.1
CCTCTATA	0.11
CCTCTATC	0.12
CCTCTCAA	0.11
CCTCTCAC	0.1
CCTCTCAG	0.11
CCTCTCCA	0.12
CCTCTCCC	0.11
CCTCTCCG	0.11
CCTCTCGA	0.09
CCTCTCGC	0.1
CCTCTCTA	0.08
CCTCTCTC	0.12
CCTCTGAA	0.1
CCTCTGAC	0.12
CCTCTGAG	0.1
CCTCTGCA	0.09
CCTCTGCC	0.1
CCTCTGCG	0.1
CCTCTGGA	0.11
CCTCTGGC	0.11
CCTCTGTA	0.1
CCTCTGTC	0.12
CCTCTTAA	0.12
CCTCTTAC	0.11
CCTCTTAG	0.11
CCTCTTCA	0.1
CCTCTTCC	0.15
CCTCTTCG	0.1
CCTCTTGA	0.1
CCTCTTGC	0.08
CCTCTTTA	0.11
CCTCTTTC	0.13
CCTGAAAA	0.11
CCTGAAAC	0.11
CCTGAAAG	0.12
CCTGAACA	0.11
CCTGAACC	0.1
CCTGAACG	0.1
CCTGAAGA	0.09
CCTGAAGC	0.1
CCTGAAGG	0.1
CCTGAATA	0.1
CCTGAATC	0.11
CCTGACAA	0.09
CCTGACAC	0.11
CCTGACAG	0.09
CCTGACCA	0.11
CCTGACCC	0.1
CCTGACCG	0.1
CCTGACGA	0.09
CCTGACGC	0.08
CCTGACTA	0.11
CCTGACTC	0.1
CCTGAGAA	0.11
CCTGAGAC	0.1
CCTGAGAG	0.1
CCTGAGCA	0.09
CCTGAGCC	0.09
CCTGAGCG	0.09
CCTGAGGA	0.12
CCTGAGGC	0.08
CCTGAGTA	0.1
CCTGAGTC	0.1
CCTGATAA	0.1
CCTGATAC	0.11
CCTGATAG	0.1
CCTGATCA	0.11
CCTGATCC	0.11
CCTGATCG	0.1
CCTGATGA	0.1
CCTGATGC	0.11
CCTGATTA	0.11
CCTGATTC	0.11
CCTGCAAA	0.1
CCTGCAAC	0.1
CCTGCAAG	0.1
CCTGCACA	0.1
CCTGCACC	0.1
CCTGCACG	0.09
CCTGCAGA	0.09
CCTGCAGC	0.1
CCTGCAGG	0.11
CCTGCATA	0.11
CCTGCATC	0.1
CCTGCCAA	0.1
CCTGCCAC	0.11
CCTGCCAG	0.09
CCTGCCCA	0.12
CCTGCCCC	0.11
CCTGCCCG	0.1
CCTGCCGA	0.1
CCTGCCGC	0.1
CCTGCCTA	0.11
CCTGCCTC	0.11
CCTGCGAA	0.11
CCTGCGAC	0.09
CCTGCGAG	0.1
CCTGCGCA	0.1
CCTGCGCC	0.1
CCTGCGCG	0.11
CCTGCGGA	0.12
CCTGCGGC	0.09
CCTGCGTA	0.11
CCTGCGTC	0.1
CCTGCTAA	0.11
CCTGCTAC	0.1
CCTGCTAG	0.1
CCTGCTCA	0.1
CCTGCTCC	0.11
CCTGCTCG	0.1
CCTGCTGA	0.11
CCTGCTGC	0.11
CCTGCTTA	0.1
CCTGCTTC	0.13
CCTGGAAA	0.13
CCTGGAAC	0.1
CCTGGAAG	0.11
CCTGGACA	0.1
CCTGGACC	0.1
CCTGGACG	0.1
CCTGGAGA	0.1
CCTGGAGC	0.1
CCTGGATA	0.09
CCTGGATC	0.1
CCTGGCAA	0.1
CCTGGCAC	0.1
CCTGGCAG	0.09
CCTGGCCA	0.08
CCTGGCCC	0.11
CCTGGCCG	0.09
CCTGGCGA	0.1
CCTGGCGC	0.12
CCTGGCTA	0.1
CCTGGCTC	0.1
CCTGGGAA	0.11
CCTGGGAC	0.1
CCTGGGAG	0.1
CCTGGGCA	0.1
CCTGGGCC	0.1
CCTGGGCG	0.1
CCTGGGGA	0.11
CCTGGGGC	0.1
CCTGGGTA	0.11
CCTGGGTC	0.09
CCTGGTAA	0.1
CCTGGTAC	0.09
CCTGGTAG	0.11
CCTGGTCA	0.1
CCTGGTCC	0.12
CCTGGTCG	0.11
CCTGGTGA	0.1
CCTGGTGC	0.11
CCTGGTTA	0.11
CCTGGTTC	0.09
CCTGTAAA	0.1
CCTGTAAC	0.1
CCTGTAAG	0.1
CCTGTACA	0.11
CCTGTACC	0.1
CCTGTACG	0.09
CCTGTAGA	0.11
CCTGTAGC	0.1
CCTGTATA	0.1
CCTGTATC	0.11
CCTGTCAA	0.11
CCTGTCAC	0.1
CCTGTCAG	0.1
CCTGTCCA	0.11
CCTGTCCC	0.12
CCTGTCCG	0.11
CCTGTCGA	0.1
CCTGTCGC	0.1
CCTGTCTA	0.11
CCTGTCTC	0.11
CCTGTGAA	0.12
CCTGTGAC	0.12
CCTGTGAG	0.1
CCTGTGCA	0.09
CCTGTGCC	0.11
CCTGTGCG	0.11
CCTGTGGA	0.11
CCTGTGGC	0.11
CCTGTGTA	0.11
CCTGTGTC	0.08
CCTGTTAA	0.11
CCTGTTAC	0.11
CCTGTTAG	0.1
CCTGTTCA	0.12
CCTGTTCC	0.12
CCTGTTCG	0.11
CCTGTTGA	0.11
CCTGTTGC	0.09
CCTGTTTA	0.1
CCTGTTTC	0.13
CCTTAAAA	0.12
CCTTAAAC	0.11
CCTTAAAG	0.13
CCTTAACA	0.1
CCTTAACC	0.1
CCTTAACG	0.11
CCTTAAGA	0.12
CCTTAAGC	0.1
CCTTAAGG	0.11
CCTTAATA	0.12
CCTTAATC	0.12
CCTTACAA	0.11
CCTTACAC	0.13
CCTTACAG	0.1
CCTTACCA	0.11
CCTTACCC	0.1
CCTTACCG	0.11
CCTTACGA	0.1
CCTTACGC	0.12
CCTTACTA	0.11
CCTTACTC	0.13
CCTTAGAA	0.12
CCTTAGAC	0.1
CCTTAGAG	0.1
CCTTAGCA	0.09
CCTTAGCC	0.09
CCTTAGCG	0.09
CCTTAGGA	0.11
CCTTAGGC	0.1
CCTTAGTA	0.09
CCTTAGTC	0.09
CCTTATAA	0.1
CCTTATAC	0.11
CCTTATAG	0.12
CCTTATCA	0.11
CCTTATCC	0.12
CCTTATCG	0.11
CCTTATGA	0.1
CCTTATGC	0.12
CCTTATTA	0.12
CCTTATTC	0.12
CCTTCAAA	0.12
CCTTCAAC	0.11
CCTTCAAG	0.1
CCTTCACA	0.11
CCTTCACC	0.1
CCTTCACG	0.1
CCTTCAGA	0.12
CCTTCAGC	0.09
CCTTCATA	0.1
CCTTCATC	0.12
CCTTCCAA	0.11
CCTTCCAC	0.11
CCTTCCAG	0.1
CCTTCCCA	0.12
CCTTCCCC	0.12
CCTTCCCG	0.12
CCTTCCGA	0.14
CCTTCCGC	0.27
CCTTCCTA	0.12
CCTTCCTC	0.13
CCTTCGAA	0.11
CCTTCGAC	0.1
CCTTCGAG	0.09
CCTTCGCA	0.1
CCTTCGCC	0.1
CCTTCGCG	0.11
CCTTCGGA	0.12
CCTTCGGC	0.1
CCTTCGTA	0.09
CCTTCGTC	0.1
CCTTCTAA	0.11
CCTTCTAC	0.11
CCTTCTAG	0.1
CCTTCTCA	0.11
CCTTCTCC	0.1
CCTTCTCG	0.09
CCTTCTGA	0.12
CCTTCTGC	0.1
CCTTCTTA	0.09
CCTTCTTC	0.11
CCTTGAAA	0.1
CCTTGAAC	0.1
CCTTGAAG	0.1
CCTTGACA	0.09
CCTTGACC	0.11
CCTTGACG	0.11
CCTTGAGA	0.1
CCTTGAGC	0.11
CCTTGATA	0.11
CCTTGATC	0.1
CCTTGCAA	0.1
CCTTGCAC	0.11
CCTTGCAG	0.09
CCTTGCCA	0.1
CCTTGCCC	0.1
CCTTGCCG	0.1
CCTTGCGA	0.1
CCTTGCGC	0.09
CCTTGCTA	0.09
CCTTGCTC	0.1
CCTTGGAA	0.1
CCTTGGAC	0.09
CCTTGGAG	0.1
CCTTGGCA	0.1
CCTTGGCC	0.08
CCTTGGCG	0.1
CCTTGGGA	0.11
CCTTGGGC	0.1
CCTTGGTA	0.1
CCTTGGTC	0.1
CCTTGTAA	0.1
CCTTGTAC	0.1
CCTTGTAG	0.11
CCTTGTCA	0.11
CCTTGTCC	0.11
CCTTGTCG	0.09
CCTTGTGA	0.1
CCTTGTGC	0.09
CCTTGTTA	0.12
CCTTGTTC	0.1
CCTTTAAA	0.12
CCTTTAAC	0.13
CCTTTAAG	0.12
CCTTTACA	0.1
CCTTTACC	0.09
CCTTTACG	0.13
CCTTTAGA	0.1
CCTTTAGC	0.1
CCTTTATA	0.13
CCTTTATC	0.11
CCTTTCAA	0.1
CCTTTCAC	0.12
CCTTTCAG	0.09
CCTTTCCA	0.11
CCTTTCCC	0.13
CCTTTCCG	0.2
CCTTTCGA	0.11
CCTTTCGC	0.11
CCTTTCTA	0.11
CCTTTCTC	0.11
CCTTTGAA	0.11
CCTTTGAC	0.1
CCTTTGAG	0.1
CCTTTGCA	0.1
CCTTTGCC	0.1
CCTTTGCG	0.1
CCTTTGGA	0.1
CCTTTGGC	0.09
CCTTTGTA	0.1
CCTTTGTC	0.11
CCTTTTAA	0.1
CCTTTTAC	0.11
CCTTTTAG	0.09
CCTTTTCA	0.14
CCTTTTCC	0.14
CCTTTTCG	0.11
CCTTTTGA	0.12
CCTTTTGC	0.09
CCTTTTTA	0.12
CCTTTTTC	0.12
CGAAAAAA	0.12
CGAAAAAC	0.1
CGAAAAAG	0.12
CGAAAACA	0.09
CGAAAACC	0.1
CGAAAACG	0.12
CGAAAAGA	0.1
CGAAAAGC	0.11
CGAAAATA	0.1
CGAAAATC	0.11
CGAAACAA	0.12
CGAAACAC	0.11
CGAAACAG	0.1
CGAAACCA	0.12
CGAAACCC	0.09
CGAAACCG	0.11
CGAAACGA	0.1
CGAAACGC	0.09
CGAAACTA	0.12
CGAAACTC	0.09
CGAAAGAA	0.11
CGAAAGAC	0.11
CGAAAGAG	0.1
CGAAAGCA	0.1
CGAAAGCC	0.11
CGAAAGCG	0.09
CGAAAGGA	0.14
CGAAAGGC	0.1
CGAAAGTA	0.1
CGAAAGTC	0.1
CGAAATAA	0.11
CGAAATAC	0.11
CGAAATAG	0.09
CGAAATCA	0.1
CGAAATCC	0.13
CGAAATCG	0.1
CGAAATGA	0.11
CGAAATGC	0.1
CGAAATTA	0.11
CGAAATTC	0.1
CGAACAAA	0.11
CGAACAAC	0.1
CGAACAAG	0.1
CGAACACA	0.08
CGAACACC	0.11
CGAACACG	0.09
CGAACAGA	0.11
CGAACAGC	0.08
CGAACATA	0.1
CGAACATC	0.11
CGAACCAA	0.1
CGAACCAC	0.1
CGAACCAG	0.09
CGAACCCA	0.1
CGAACCCC	0.1
CGAACCCG	0.09
CGAACCGA	0.11
CGAACCGC	0.1
CGAACCTA	0.08
CGAACCTC	0.11
CGAACGAA	0.1
CGAACGAC	0.11
CGAACGAG	0.1
CGAACGCA	0.12
CGAACGCC	0.09
CGAACGCG	0.11
CGAACGGA	0.14
CGAACGGC	0.1
CGAACGTA	0.09
CGAACGTC	0.09
CGAACTAA	0.12
CGAACTAC	0.09
CGAACTAG	0.09
CGAACTCA	0.09
CGAACTCC	0.1
CGAACTCG	0.09
CGAACTGA	0.1
CGAACTGC	0.1
CGAACTTA	0.1
CGAACTTC	0.13
CGAAGAAA	0.12
CGAAGAAC	0.11
CGAAGAAG	0.1
CGAAGACA	0.11
CGAAGACC	0.1
CGAAGACG	0.09
CGAAGAGA	0.11
CGAAGAGC	0.1
CGAAGATA	0.11
CGAAGATC	0.1
CGAAGCAA	0.1
CGAAGCAC	0.1
CGAAGCAG	0.11
CGAAGCCA	0.1
CGAAGCCC	0.09
CGAAGCCG	0.1
CGAAGCGA	0.1
CGAAGCGC	0.1
CGAAGCTA	0.1
CGAAGCTC	0.08
CGAAGGAA	0.12
CGAAGGAC	0.09
CGAAGGAG	0.1
CGAAGGCA	0.1
CGAAGGCC	0.09
CGAAGGCG	0.1
CGAAGGGA	0.1
CGAAGGGC	0.09
CGAAGGTA	0.11
CGAAGGTC	0.09
CGAAGTAA	0.1
CGAAGTAC	0.11
CGAAGTAG	0.09
CGAAGTCA	0.09
CGAAGTCC	0.1
CGAAGTCG	0.1
CGAAGTGA	0.1
CGAAGTGC	0.08
CGAAGTTA	0.1
CGAAGTTC	0.13
CGAATAAA	0.1
CGAATAAC	0.1
CGAATAAG	0.1
CGAATACA	0.11
CGAATACC	0.1
CGAATACG	0.11
CGAATAGA	0.1
CGAATAGC	0.09
CGAATATA	0.11
CGAATATC	0.11
CGAATCAA	0.13
CGAATCAC	0.12
CGAATCAG	0.1
CGAATCCA	0.1
CGAATCCC	0.11
CGAATCCG	0.12
CGAATCGA	0.1
CGAATCGC	0.09
CGAATCTA	0.11
CGAATCTC	0.11
CGAATGAA	0.11
CGAATGAC	0.11
CGAATGAG	0.09
CGAATGCA	0.09
CGAATGCC	0.1
CGAATGCG	0.09
CGAATGGA	0.09
CGAATGGC	0.1
CGAATGTA	0.09
CGAATGTC	0.1
CGAATTAA	0.1
CGAATTAC	0.1
CGAATTAG	0.1
CGAATTCA	0.1
CGAATTCC	0.11
CGAATTCG	0.09
CGAATTGA	0.09
CGAATTGC	0.09
CGAATTTA	0.12
CGAATTTC	0.11
CGACAAAA	0.14
CGACAAAC	0.1
CGACAAAG	0.12
CGACAACA	0.09
CGACAACC	0.1
CGACAACG	0.11
CGACAAGA	0.12
CGACAAGC	0.1
CGACAATA	0.12
CGACAATC	0.12
CGACACAA	0.09
CGACACAC	0.11
CGACACAG	0.1
CGACACCA	0.1
CGACACCC	0.09
CGACACCG	0.1
CGACACGA	0.11
CGACACGC	0.1
CGACACTA	0.09
CGACACTC	0.12
CGACAGAA	0.11
CGACAGAC	0.09
CGACAGAG	0.1
CGACAGCA	0.1
CGACAGCC	0.08
CGACAGCG	0.1
CGACAGGA	0.13
CGACAGGC	0.1
CGACAGTA	0.1
CGACAGTC	0.1
CGACATAA	0.09
CGACATAC	0.1
CGACATAG	0.12
CGACATCA	0.11
CGACATCC	0.18
CGACATCG	0.09
CGACATGA	0.1
CGACATGC	0.1
CGACATTA	0.12
CGACATTC	0.1
CGACCAAA	0.11
CGACCAAC	0.11
CGACCAAG	0.1
CGACCACA	0.1
CGACCACC	0.1
CGACCACG	0.09
CGACCAGA	0.1
CGACCAGC	0.11
CGACCATA	0.1
CGACCATC	0.11
CGACCCAA	0.11
CGACCCAC	0.1
CGACCCAG	0.09
CGACCCCA	0.1
CGACCCCC	0.1
CGACCCCG	0.1
CGACCCGA	0.1
CGACCCGC	0.1
CGACCCTA	0.1
CGACCCTC	0.11
CGACCGAA	0.1
CGACCGAC	0.1
CGACCGAG	0.1
CGACCGCA	0.11
CGACCGCC	0.09
CGACCGCG	0.09
CGACCGGA	0.21
CGACCGGC	0.11
CGACCGTA	0.08
CGACCGTC	0.09
CGACCTAA	0.11
CGACCTAC	0.1
CGACCTAG	0.1
CGACCTCA	0.11
CGACCTCC	0.11
CGACCTCG	0.1
CGACCTGA	0.1
CGACCTGC	0.1
CGACCTTA	0.1
CGACCTTC	0.1
CGACGAAA	0.13
CGACGAAC	0.09
CGACGAAG	0.11
CGACGACA	0.12
CGACGACC	0.1
CGACGACG	0.1
CGACGAGA	0.09
CGACGAGC	0.1
CGACGATA	0.09
CGACGATC	0.09
CGACGCAA	0.1
CGACGCAC	0.09
CGACGCAG	0.1
CGACGCCA	0.1
CGACGCCC	0.09
CGACGCCG	0.1
CGACGCGA	0.09
CGACGCGC	0.1
CGACGCTA	0.1
CGACGCTC	0.09
CGACGGAA	0.15
CGACGGAC	0.1
CGACGGAG	0.12
CGACGGCA	0.09
CGACGGCC	0.09
CGACGGCG	0.09
CGACGGGA	0.11
CGACGGGC	0.1
CGACGGTA	0.1
CGACGGTC	0.09
CGACGTAA	0.12
CGACGTAC	0.1
CGACGTAG	0.09
CGACGTCA	0.1
CGACGTCC	0.12
CGACGTCG	0.11
CGACGTGA	0.11
CGACGTGC	0.09
CGACGTTA	0.11
CGACGTTC	0.1
CGACTAAA	0.1
CGACTAAC	0.12
CGACTAAG	0.1
CGACTACA	0.1
CGACTACC	0.11
CGACTACG	0.09
CGACTAGA	0.1
CGACTAGC	0.11
CGACTATA	0.1
CGACTATC	0.09
CGACTCAA	0.1
CGACTCAC	0.09
CGACTCAG	0.1
CGACTCCA	0.1
CGACTCCC	0.09
CGACTCCG	0.1
CGACTCGA	0.08
CGACTCGC	0.09
CGACTCTA	0.09
CGACTCTC	0.09
CGACTGAA	0.09
CGACTGAC	0.1
CGACTGAG	0.09
CGACTGCA	0.09
CGACTGCC	0.1
CGACTGCG	0.1
CGACTGGA	0.1
CGACTGGC	0.09
CGACTGTA	0.1
CGACTGTC	0.09
CGACTTAA	0.1
CGACTTAC	0.11
CGACTTAG	0.1
CGACTTCA	0.11
CGACTTCC	0.23
CGACTTGA	0.09
CGACTTGC	0.09
CGACTTTA	0.11
CGACTTTC	0.1
CGAGAAAA	0.1
CGAGAAAC	0.12
CGAGAAAG	0.1
CGAGAACA	0.11
CGAGAACC	0.09
CGAGAACG	0.1
CGAGAAGA	0.11
CGAGAAGC	0.1
CGAGAATA	0.11
CGAGAATC	0.1
CGAGACAA	0.09
CGAGACAC	0.1
CGAGACAG	0.08
CGAGACCA	0.1
CGAGACCC	0.09
CGAGACCG	0.1
CGAGACGA	0.1
CGAGACGC	0.09
CGAGACTA	0.12
CGAGACTC	0.09
CGAGAGAA	0.1
CGAGAGAC	0.1
CGAGAGAG	0.13
CGAGAGCA	0.11
CGAGAGCC	0.09
CGAGAGCG	0.09
CGAGAGGA	0.11
CGAGAGGC	0.1
CGAGAGTA	0.09
CGAGAGTC	0.09
CGAGATAA	0.11
CGAGATAC	0.1
CGAGATAG	0.1
CGAGATCA	0.1
CGAGATCC	0.09
CGAGATCG	0.11
CGAGATGA	0.11
CGAGATGC	0.1
CGAGATTA	0.12
CGAGATTC	0.11
CGAGCAAA	0.1
CGAGCAAC	0.1
CGAGCAAG	0.1
CGAGCACA	0.1
CGAGCACC	0.09
CGAGCACG	0.09
CGAGCAGA	0.1
CGAGCAGC	0.11
CGAGCATA	0.09
CGAGCATC	0.1
CGAGCCAA	0.1
CGAGCCAC	0.1
CGAGCCAG	0.11
CGAGCCCA	0.09
CGAGCCCC	0.11
CGAGCCCG	0.09
CGAGCCGA	0.09
CGAGCCGC	0.1
CGAGCCTA	0.11
CGAGCCTC	0.09
CGAGCGAA	0.11
CGAGCGAC	0.09
CGAGCGAG	0.1
CGAGCGCA	0.1
CGAGCGCC	0.08
CGAGCGCG	0.09
CGAGCGGA	0.11
CGAGCGGC	0.08
CGAGCGTA	0.1
CGAGCGTC	0.1
CGAGCTAA	0.09
CGAGCTAC	0.1
CGAGCTAG	0.1
CGAGCTCA	0.09
CGAGCTCC	0.1
CGAGCTCG	0.09
CGAGCTGA	0.1
CGAGCTGC	0.09
CGAGCTTA	0.1
CGAGCTTC	0.12
CGAGGAAA	0.16
CGAGGAAC	0.11
CGAGGAAG	0.17
CGAGGACA	0.1
CGAGGACC	0.09
CGAGGACG	0.1
CGAGGAGA	0.1
CGAGGAGC	0.09
CGAGGATA	0.11
CGAGGATC	0.1
CGAGGCAA	0.1
CGAGGCAC	0.1
CGAGGCAG	0.11
CGAGGCCA	0.09
CGAGGCCC	0.1
CGAGGCCG	0.1
CGAGGCGA	0.1
CGAGGCGC	0.09
CGAGGCTA	0.1
CGAGGCTC	0.09
CGAGGGAA	0.11
CGAGGGAC	0.1
CGAGGGAG	0.09
CGAGGGCA	0.09
CGAGGGCC	0.09
CGAGGGCG	0.1
CGAGGGGA	0.09
CGAGGGGC	0.1
CGAGGGTA	0.09
CGAGGGTC	0.09
CGAGGTAA	0.1
CGAGGTAC	0.09
CGAGGTAG	0.08
CGAGGTCA	0.09
CGAGGTCC	0.08
CGAGGTGA	0.1
CGAGGTGC	0.11
CGAGGTTA	0.1
CGAGGTTC	0.09
CGAGTAAA	0.09
CGAGTAAC	0.11
CGAGTAAG	0.12
CGAGTACA	0.09
CGAGTACC	0.1
CGAGTACG	0.09
CGAGTAGA	0.1
CGAGTAGC	0.09
CGAGTATA	0.11
CGAGTATC	0.09
CGAGTCAA	0.09
CGAGTCAC	0.09
CGAGTCAG	0.1
CGAGTCCA	0.1
CGAGTCCC	0.09
CGAGTCCG	0.09
CGAGTCGA	0.09
CGAGTCGC	0.09
CGAGTCTA	0.09
CGAGTCTC	0.09
CGAGTGAA	0.1
CGAGTGAC	0.1
CGAGTGAG	0.1
CGAGTGCA	0.09
CGAGTGCC	0.09
CGAGTGCG	0.1
CGAGTGGA	0.1
CGAGTGGC	0.11
CGAGTGTA	0.1
CGAGTGTC	0.09
CGAGTTAA	0.1
CGAGTTAC	0.12
CGAGTTAG	0.11
CGAGTTCA	0.1
CGAGTTCC	0.11
CGAGTTGA	0.1
CGAGTTGC	0.1
CGAGTTTA	0.1
CGAGTTTC	0.11
CGATAAAA	0.11
CGATAAAC	0.1
CGATAAAG	0.11
CGATAACA	0.11
CGATAACC	0.1
CGATAACG	0.1
CGATAAGA	0.11
CGATAAGC	0.11
CGATAATA	0.11
CGATAATC	0.1
CGATACAA	0.12
CGATACAC	0.1
CGATACAG	0.1
CGATACCA	0.1
CGATACCC	0.09
CGATACCG	0.1
CGATACGA	0.1
CGATACGC	0.1
CGATACTA	0.11
CGATACTC	0.09
CGATAGAA	0.11
CGATAGAC	0.1
CGATAGAG	0.1
CGATAGCA	0.09
CGATAGCC	0.1
CGATAGCG	0.09
CGATAGGA	0.11
CGATAGGC	0.1
CGATAGTA	0.09
CGATAGTC	0.09
CGATATAA	0.11
CGATATAC	0.11
CGATATAG	0.09
CGATATCA	0.1
CGATATCC	0.17
CGATATCG	0.09
CGATATGA	0.1
CGATATGC	0.1
CGATATTA	0.13
CGATATTC	0.1
CGATCAAA	0.1
CGATCAAC	0.1
CGATCAAG	0.11
CGATCACA	0.1
CGATCACC	0.09
CGATCACG	0.09
CGATCAGA	0.09
CGATCAGC	0.09
CGATCATA	0.09
CGATCATC	0.1
CGATCCAA	0.09
CGATCCAC	0.09
CGATCCAG	0.09
CGATCCCA	0.11
CGATCCCC	0.11
CGATCCCG	0.1
CGATCCGA	0.11
CGATCCGC	0.11
CGATCCTA	0.1
CGATCCTC	0.1
CGATCGAA	0.09
CGATCGAC	0.11
CGATCGAG	0.1
CGATCGCA	0.09
CGATCGCC	0.09
CGATCGCG	0.1
CGATCGGA	0.12
CGATCGGC	0.1
CGATCGTA	0.11
CGATCGTC	0.09
CGATCTAA	0.11
CGATCTAC	0.11
CGATCTAG	0.09
CGATCTCA	0.1
CGATCTCC	0.11
CGATCTGA	0.09
CGATCTGC	0.09
CGATCTTA	0.09
CGATCTTC	0.1
CGATGAAA	0.11
CGATGAAC	0.1
CGATGAAG	0.12
CGATGACA	0.1
CGATGACC	0.1
CGATGACG	0.09
CGATGAGA	0.11
CGATGAGC	0.09
CGATGATA	0.1
CGATGATC	0.1
CGATGCAA	0.12
CGATGCAC	0.09
CGATGCAG	0.09
CGATGCCA	0.1
CGATGCCC	0.09
CGATGCCG	0.1
CGATGCGA	0.11
CGATGCGC	0.1
CGATGCTA	0.09
CGATGCTC	0.1
CGATGGAA	0.09
CGATGGAC	0.1
CGATGGAG	0.11
CGATGGCA	0.1
CGATGGCC	0.1
CGATGGCG	0.1
CGATGGGA	0.1
CGATGGGC	0.1
CGATGGTA	0.1
CGATGGTC	0.09
CGATGTAA	0.1
CGATGTAC	0.1
CGATGTAG	0.1
CGATGTCA	0.1
CGATGTCC	0.12
CGATGTGA	0.11
CGATGTGC	0.09
CGATGTTA	0.11
CGATGTTC	0.09
CGATTAAA	0.11
CGATTAAC	0.09
CGATTAAG	0.12
CGATTACA	0.09
CGATTACC	0.09
CGATTACG	0.1
CGATTAGA	0.1
CGATTAGC	0.08
CGATTATA	0.11
CGATTATC	0.11
CGATTCAA	0.1
CGATTCAC	0.11
CGATTCAG	0.1
CGATTCCA	0.12
CGATTCCC	0.12
CGATTCCG	0.12
CGATTCGA	0.11
CGATTCGC	0.1
CGATTCTA	0.1
CGATTCTC	0.1
CGATTGAA	0.11
CGATTGAC	0.09
CGATTGAG	0.1
CGATTGCA	0.1
CGATTGCC	0.1
CGATTGCG	0.11
CGATTGGA	0.1
CGATTGGC	0.1
CGATTGTA	0.1
CGATTGTC	0.09
CGATTTAA	0.12
CGATTTAC	0.12
CGATTTAG	0.11
CGATTTCA	0.09
CGATTTCC	0.2
CGATTTGA	0.11
CGATTTGC	0.11
CGATTTTA	0.11
CGATTTTC	0.11
CGCAAAAA	0.12
CGCAAAAC	0.1
CGCAAAAG	0.09
CGCAAACA	0.1
CGCAAACC	0.1
CGCAAACG	0.11
CGCAAAGA	0.1
CGCAAAGC	0.09
CGCAAATA	0.1
CGCAAATC	0.11
CGCAACAA	0.11
CGCAACAC	0.09
CGCAACAG	0.1
CGCAACCA	0.1
CGCAACCC	0.11
CGCAACCG	0.1
CGCAACGA	0.1
CGCAACGC	0.1
CGCAACTA	0.11
CGCAACTC	0.1
CGCAAGAA	0.1
CGCAAGAC	0.1
CGCAAGAG	0.08
CGCAAGCA	0.1
CGCAAGCC	0.1
CGCAAGCG	0.09
CGCAAGGA	0.1
CGCAAGGC	0.1
CGCAAGTA	0.1
CGCAAGTC	0.09
CGCAATAA	0.13
CGCAATAC	0.09
CGCAATAG	0.1
CGCAATCA	0.1
CGCAATCC	0.09
CGCAATGA	0.11
CGCAATGC	0.09
CGCAATTA	0.1
CGCAATTC	0.1
CGCACAAA	0.11
CGCACAAC	0.09
CGCACAAG	0.1
CGCACACA	0.1
CGCACACC	0.1
CGCACACG	0.1
CGCACAGA	0.1
CGCACAGC	0.1
CGCACATA	0.11
CGCACATC	0.1
CGCACCAA	0.1
CGCACCAC	0.11
CGCACCAG	0.1
CGCACCCA	0.09
CGCACCCC	0.1
CGCACCCG	0.1
CGCACCGA	0.1
CGCACCGC	0.1
CGCACCTA	0.09
CGCACCTC	0.1
CGCACGAA	0.1
CGCACGAC	0.1
CGCACGAG	0.1
CGCACGCA	0.09
CGCACGCC	0.1
CGCACGCG	0.09
CGCACGGA	0.11
CGCACGGC	0.08
CGCACGTA	0.09
CGCACGTC	0.1
CGCACTAA	0.11
CGCACTAC	0.11
CGCACTAG	0.09
CGCACTCA	0.11
CGCACTCC	0.11
CGCACTGA	0.1
CGCACTGC	0.09
CGCACTTA	0.11
CGCACTTC	0.1
CGCAGAAA	0.11
CGCAGAAC	0.09
CGCAGAAG	0.09
CGCAGACA	0.1
CGCAGACC	0.1
CGCAGACG	0.1
CGCAGAGA	0.1
CGCAGAGC	0.09
CGCAGATA	0.1
CGCAGATC	0.08
CGCAGCAA	0.09
CGCAGCAC	0.1
CGCAGCAG	0.09
CGCAGCCA	0.09
CGCAGCCC	0.11
CGCAGCCG	0.09
CGCAGCGA	0.09
CGCAGCGC	0.09
CGCAGCTA	0.1
CGCAGCTC	0.09
CGCAGGAA	0.16
CGCAGGAC	0.1
CGCAGGAG	0.1
CGCAGGCA	0.1
CGCAGGCC	0.08
CGCAGGCG	0.1
CGCAGGGA	0.1
CGCAGGGC	0.1
CGCAGGTA	0.1
CGCAGGTC	0.09
CGCAGTAA	0.09
CGCAGTAC	0.09
CGCAGTAG	0.11
CGCAGTCA	0.09
CGCAGTCC	0.1
CGCAGTGA	0.09
CGCAGTGC	0.09
CGCAGTTA	0.1
CGCAGTTC	0.1
CGCATAAA	0.11
CGCATAAC	0.1
CGCATAAG	0.1
CGCATACA	0.11
CGCATACC	0.09
CGCATACG	0.09
CGCATAGA	0.1
CGCATAGC	0.09
CGCATATA	0.09
CGCATATC	0.12
CGCATCAA	0.11
CGCATCAC	0.1
CGCATCAG	0.1
CGCATCCA	0.12
CGCATCCC	0.12
CGCATCCG	0.34
CGCATCGA	0.11
CGCATCGC	0.09
CGCATCTA	0.09
CGCATCTC	0.1
CGCATGAA	0.1
CGCATGAC	0.1
CGCATGAG	0.09
CGCATGCA	0.09
CGCATGCC	0.09
CGCATGCG	0.08
CGCATGGA	0.09
CGCATGGC	0.1
CGCATGTA	0.09
CGCATGTC	0.1
CGCATTAA	0.11
CGCATTAC	0.09
CGCATTAG	0.1
CGCATTCA	0.1
CGCATTCC	0.1
CGCATTGA	0.1
CGCATTGC	0.1
CGCATTTA	0.1
CGCATTTC	0.11
CGCCAAAA	0.11
CGCCAAAC	0.11
CGCCAAAG	0.1
CGCCAACA	0.1
CGCCAACC	0.11
CGCCAACG	0.09
CGCCAAGA	0.1
CGCCAAGC	0.1
CGCCAATA	0.12
CGCCAATC	0.1
CGCCACAA	0.11
CGCCACAC	0.09
CGCCACAG	0.1
CGCCACCA	0.1
CGCCACCC	0.1
CGCCACCG	0.1
CGCCACGA	0.09
CGCCACGC	0.09
CGCCACTA	0.09
CGCCACTC	0.1
CGCCAGAA	0.11
CGCCAGAC	0.1
CGCCAGAG	0.1
CGCCAGCA	0.08
CGCCAGCC	0.1
CGCCAGCG	0.1
CGCCAGGA	0.13
CGCCAGGC	0.1
CGCCAGTA	0.1
CGCCAGTC	0.08
CGCCATAA	0.09
CGCCATAC	0.11
CGCCATAG	0.09
CGCCATCA	0.09
CGCCATCC	0.11
CGCCATGA	0.09
CGCCATGC	0.09
CGCCATTA	0.11
CGCCATTC	0.1
CGCCCAAA	0.1
CGCCCAAC	0.11
CGCCCAAG	0.1
CGCCCACA	0.1
CGCCCACC	0.12
CGCCCACG	0.09
CGCCCAGA	0.1
CGCCCAGC	0.1
CGCCCATA	0.09
CGCCCATC	0.09
CGCCCCAA	0.12
CGCCCCAC	0.1
CGCCCCAG	0.11
CGCCCCCA	0.11
CGCCCCCC	0.11
CGCCCCCG	0.11
CGCCCCGA	0.1
CGCCCCGC	0.11
CGCCCCTA	0.11
CGCCCCTC	0.09
CGCCCGAA	0.1
CGCCCGAC	0.1
CGCCCGAG	0.09
CGCCCGCA	0.11
CGCCCGCC	0.1
CGCCCGCG	0.09
CGCCCGGA	0.17
CGCCCGGC	0.1
CGCCCGTA	0.09
CGCCCGTC	0.1
CGCCCTAA	0.1
CGCCCTAC	0.09
CGCCCTAG	0.1
CGCCCTCA	0.09
CGCCCTCC	0.1
CGCCCTGA	0.09
CGCCCTGC	0.09
CGCCCTTA	0.09
CGCCCTTC	0.12
CGCCGAAA	0.11
CGCCGAAC	0.11
CGCCGAAG	0.11
CGCCGACA	0.11
CGCCGACC	0.1
CGCCGACG	0.09
CGCCGAGA	0.1
CGCCGAGC	0.1
CGCCGATA	0.1
CGCCGATC	0.11
CGCCGCAA	0.09
CGCCGCAC	0.1
CGCCGCAG	0.1
CGCCGCCA	0.1
CGCCGCCC	0.09
CGCCGCCG	0.1
CGCCGCGA	0.12
CGCCGCGC	0.09
CGCCGCTA	0.1
CGCCGCTC	0.1
CGCCGGAA	0.39
CGCCGGAC	0.11
CGCCGGAG	0.1
CGCCGGCA	0.11
CGCCGGCC	0.11
CGCCGGCG	0.12
CGCCGGGA	0.11
CGCCGGGC	0.09
CGCCGGTA	0.1
CGCCGGTC	0.11
CGCCGTAA	0.1
CGCCGTAC	0.1
CGCCGTAG	0.11
CGCCGTCA	0.1
CGCCGTCC	0.1
CGCCGTGA	0.09
CGCCGTGC	0.09
CGCCGTTA	0.09
CGCCGTTC	0.11
CGCCTAAA	0.1
CGCCTAAC	0.1
CGCCTAAG	0.1
CGCCTACA	0.1
CGCCTACC	0.1
CGCCTACG	0.09
CGCCTAGA	0.09
CGCCTAGC	0.09
CGCCTATA	0.1
CGCCTATC	0.11
CGCCTCAA	0.1
CGCCTCAC	0.11
CGCCTCAG	0.1
CGCCTCCA	0.09
CGCCTCCC	0.11
CGCCTCCG	0.11
CGCCTCGA	0.1
CGCCTCGC	0.09
CGCCTCTA	0.11
CGCCTCTC	0.09
CGCCTGAA	0.11
CGCCTGAC	0.08
CGCCTGAG	0.1
CGCCTGCA	0.1
CGCCTGCC	0.1
CGCCTGGA	0.1
CGCCTGGC	0.1
CGCCTGTA	0.1
CGCCTGTC	0.09
CGCCTTAA	0.1
CGCCTTAC	0.1
CGCCTTAG	0.1
CGCCTTCA	0.1
CGCCTTCC	0.13
CGCCTTGA	0.1
CGCCTTGC	0.1
CGCCTTTA	0.1
CGCCTTTC	0.11
CGCGAAAA	0.12
CGCGAAAC	0.11
CGCGAAAG	0.1
CGCGAACA	0.11
CGCGAACC	0.1
CGCGAACG	0.09
CGCGAAGA	0.1
CGCGAAGC	0.1
CGCGAATA	0.1
CGCGAATC	0.1
CGCGACAA	0.09
CGCGACAC	0.1
CGCGACAG	0.12
CGCGACCA	0.1
CGCGACCC	0.1
CGCGACCG	0.1
CGCGACGA	0.1
CGCGACGC	0.1
CGCGACTA	0.1
CGCGACTC	0.08
CGCGAGAA	0.09
CGCGAGAC	0.09
CGCGAGAG	0.1
CGCGAGCA	0.09
CGCGAGCC	0.1
CGCGAGCG	0.1
CGCGAGGA	0.11
CGCGAGGC	0.11
CGCGAGTA	0.1
CGCGAGTC	0.09
CGCGATAA	0.11
CGCGATAC	0.09
CGCGATAG	0.09
CGCGATCA	0.1
CGCGATCC	0.1
CGCGATGA	0.1
CGCGATGC	0.09
CGCGATTA	0.11
CGCGATTC	0.12
CGCGCAAA	0.1
CGCGCAAC	0.09
CGCGCAAG	0.09
CGCGCACA	0.1
CGCGCACC	0.1
CGCGCACG	0.1
CGCGCAGA	0.09
CGCGCAGC	0.11
CGCGCATA	0.09
CGCGCATC	0.11
CGCGCCAA	0.1
CGCGCCAC	0.1
CGCGCCAG	0.1
CGCGCCCA	0.11
CGCGCCCC	0.1
CGCGCCCG	0.1
CGCGCCGA	0.1
CGCGCCGC	0.11
CGCGCCTA	0.11
CGCGCCTC	0.09
CGCGCGAA	0.1
CGCGCGAC	0.09
CGCGCGAG	0.1
CGCGCGCA	0.09
CGCGCGCC	0.1
CGCGCGCG	0.1
CGCGCGGA	0.11
CGCGCGGC	0.1
CGCGCGTA	0.1
CGCGCGTC	0.11
CGCGCTAA	0.1
CGCGCTAC	0.09
CGCGCTAG	0.09
CGCGCTCA	0.09
CGCGCTCC	0.1
CGCGCTGA	0.1
CGCGCTGC	0.08
CGCGCTTA	0.1
CGCGCTTC	0.11
CGCGGAAA	0.18
CGCGGAAC	0.11
CGCGGAAG	0.2
CGCGGACA	0.12
CGCGGACC	0.1
CGCGGACG	0.11
CGCGGAGA	0.11
CGCGGAGC	0.09
CGCGGATA	0.15
CGCGGATC	0.1
CGCGGCAA	0.09
CGCGGCAC	0.09
CGCGGCAG	0.1
CGCGGCCA	0.09
CGCGGCCC	0.1
CGCGGCCG	0.09
CGCGGCGA	0.1
CGCGGCGC	0.1
CGCGGCTA	0.11
CGCGGCTC	0.08
CGCGGGAA	0.1
CGCGGGAC	0.12
CGCGGGAG	0.09
CGCGGGCA	0.09
CGCGGGCC	0.09
CGCGGGGA	0.1
CGCGGGGC	0.1
CGCGGGTA	0.09
CGCGGGTC	0.11
CGCGGTAA	0.1
CGCGGTAC	0.09
CGCGGTAG	0.09
CGCGGTCA	0.1
CGCGGTCC	0.1
CGCGGTGA	0.11
CGCGGTGC	0.1
CGCGGTTA	0.1
CGCGGTTC	0.1
CGCGTAAA	0.1
CGCGTAAC	0.1
CGCGTAAG	0.11
CGCGTACA	0.1
CGCGTACC	0.1
CGCGTACG	0.1
CGCGTAGA	0.09
CGCGTAGC	0.1
CGCGTATA	0.09
CGCGTATC	0.1
CGCGTCAA	0.1
CGCGTCAC	0.1
CGCGTCAG	0.1
CGCGTCCA	0.09
CGCGTCCC	0.1
CGCGTCCG	0.14
CGCGTCGA	0.09
CGCGTCGC	0.09
CGCGTCTA	0.1
CGCGTCTC	0.1
CGCGTGAA	0.1
CGCGTGAC	0.11
CGCGTGAG	0.11
CGCGTGCA	0.09
CGCGTGCC	0.11
CGCGTGGA	0.09
CGCGTGGC	0.1
CGCGTGTA	0.08
CGCGTGTC	0.11
CGCGTTAA	0.1
CGCGTTAC	0.09
CGCGTTAG	0.09
CGCGTTCA	0.1
CGCGTTCC	0.1
CGCGTTGA	0.1
CGCGTTGC	0.11
CGCGTTTA	0.1
CGCGTTTC	0.09
CGCTAAAA	0.1
CGCTAAAC	0.1
CGCTAAAG	0.1
CGCTAACA	0.1
CGCTAACC	0.1
CGCTAACG	0.1
CGCTAAGA	0.1
CGCTAAGC	0.11
CGCTAATA	0.09
CGCTAATC	0.1
CGCTACAA	0.12
CGCTACAC	0.11
CGCTACAG	0.1
CGCTACCA	0.1
CGCTACCC	0.09
CGCTACCG	0.1
CGCTACGA	0.1
CGCTACGC	0.09
CGCTACTA	0.13
CGCTACTC	0.09
CGCTAGAA	0.1
CGCTAGAC	0.09
CGCTAGAG	0.09
CGCTAGCA	0.09
CGCTAGCC	0.08
CGCTAGCG	0.09
CGCTAGGA	0.1
CGCTAGGC	0.1
CGCTAGTA	0.1
CGCTAGTC	0.08
CGCTATAA	0.11
CGCTATAC	0.12
CGCTATAG	0.08
CGCTATCA	0.11
CGCTATCC	0.11
CGCTATGA	0.09
CGCTATGC	0.09
CGCTATTA	0.11
CGCTATTC	0.11
CGCTCAAA	0.1
CGCTCAAC	0.1
CGCTCAAG	0.1
CGCTCACA	0.09
CGCTCACC	0.11
CGCTCACG	0.11
CGCTCAGA	0.09
CGCTCAGC	0.1
CGCTCATA	0.1
CGCTCATC	0.09
CGCTCCAA	0.1
CGCTCCAC	0.1
CGCTCCAG	0.1
CGCTCCCA	0.1
CGCTCCCC	0.09
CGCTCCCG	0.1
CGCTCCGA	0.1
CGCTCCGC	0.09
CGCTCCTA	0.1
CGCTCCTC	0.1
CGCTCGAA	0.09
CGCTCGAC	0.08
CGCTCGAG	0.09
CGCTCGCA	0.11
CGCTCGCC	0.11
CGCTCGGA	0.11
CGCTCGGC	0.1
CGCTCGTA	0.09
CGCTCGTC	0.09
CGCTCTAA	0.1
CGCTCTAC	0.1
CGCTCTAG	0.09
CGCTCTCA	0.1
CGCTCTCC	0.09
CGCTCTGA	0.1
CGCTCTGC	0.1
CGCTCTTA	0.1
CGCTCTTC	0.09
CGCTGAAA	0.11
CGCTGAAC	0.1
CGCTGAAG	0.1
CGCTGACA	0.12
CGCTGACC	0.1
CGCTGACG	0.09
CGCTGAGA	0.09
CGCTGAGC	0.1
CGCTGATA	0.11
CGCTGATC	0.09
CGCTGCAA	0.09
CGCTGCAC	0.08
CGCTGCAG	0.1
CGCTGCCA	0.1
CGCTGCCC	0.1
CGCTGCCG	0.09
CGCTGCGA	0.1
CGCTGCGC	0.1
CGCTGCTA	0.1
CGCTGCTC	0.08
CGCTGGAA	0.11
CGCTGGAC	0.1
CGCTGGAG	0.12
CGCTGGCA	0.1
CGCTGGCC	0.09
CGCTGGGA	0.09
CGCTGGGC	0.1
CGCTGGTA	0.1
CGCTGGTC	0.09
CGCTGTAA	0.1
CGCTGTAC	0.1
CGCTGTAG	0.1
CGCTGTCA	0.09
CGCTGTCC	0.1
CGCTGTGA	0.09
CGCTGTGC	0.11
CGCTGTTA	0.09
CGCTGTTC	0.09
CGCTTAAA	0.12
CGCTTAAC	0.1
CGCTTAAG	0.1
CGCTTACA	0.09
CGCTTACC	0.1
CGCTTACG	0.09
CGCTTAGA	0.1
CGCTTAGC	0.11
CGCTTATA	0.1
CGCTTATC	0.1
CGCTTCAA	0.11
CGCTTCAC	0.1
CGCTTCAG	0.1
CGCTTCCA	0.11
CGCTTCCC	0.13
CGCTTCCG	0.44
CGCTTCGA	0.1
CGCTTCGC	0.09
CGCTTCTA	0.09
CGCTTCTC	0.09
CGCTTGAA	0.1
CGCTTGAC	0.11
CGCTTGAG	0.1
CGCTTGCA	0.1
CGCTTGCC	0.1
CGCTTGGA	0.1
CGCTTGGC	0.09
CGCTTGTA	0.08
CGCTTGTC	0.09
CGCTTTAA	0.12
CGCTTTAC	0.1
CGCTTTAG	0.1
CGCTTTCA	0.1
CGCTTTCC	0.13
CGCTTTGA	0.1
CGCTTTGC	0.1
CGCTTTTA	0.12
CGCTTTTC	0.11
CGGAAAAA	0.18
CGGAAAAC	0.17
CGGAAAAG	0.24
CGGAAACA	0.4
CGGAAACC	0.4
CGGAAACG	0.42
CGGAAAGA	0.19
CGGAAAGC	0.17
CGGAAATA	0.58
CGGAAATC	0.45
CGGAACAA	0.16
CGGAACAC	0.13
CGGAACAG	0.16
CGGAACCA	0.16
CGGAACCC	0.14
CGGAACCG	0.15
CGGAACGA	0.1
CGGAACGC	0.12
CGGAACTA	0.18
CGGAACTC	0.21
CGGAAGAA	0.27
CGGAAGAC	0.21
CGGAAGAG	0.26
CGGAAGCA	0.49
CGGAAGCC	0.39
CGGAAGGA	0.32
CGGAAGGC	0.21
CGGAAGTA	0.62
CGGAAGTC	0.55
CGGAATAA	0.14
CGGAATAC	0.12
CGGAATAG	0.13
CGGAATCA	0.11
CGGAATCC	0.13
CGGAATGA	0.12
CGGAATGC	0.12
CGGAATTA	0.13
CGGAATTC	0.16
CGGACAAA	0.13
CGGACAAC	0.11
CGGACAAG	0.1
CGGACACA	0.12
CGGACACC	0.12
CGGACACG	0.13
CGGACAGA	0.11
CGGACAGC	0.11
CGGACATA	0.13
CGGACATC	0.15
CGGACCAA	0.11
CGGACCAC	0.1
CGGACCAG	0.11
CGGACCCA	0.1
CGGACCCC	0.09
CGGACCCG	0.11
CGGACCGA	0.11
CGGACCGC	0.1
CGGACCTA	0.1
CGGACCTC	0.09
CGGACGAA	0.12
CGGACGAC	0.12
CGGACGAG	0.13
CGGACGCA	0.14
CGGACGCC	0.14
CGGACGGA	0.15
CGGACGGC	0.12
CGGACGTA	0.21
CGGACGTC	0.18
CGGACTAA	0.1
CGGACTAC	0.1
CGGACTAG	0.1
CGGACTCA	0.11
CGGACTCC	0.11
CGGACTGA	0.1
CGGACTGC	0.09
CGGACTTA	0.11
CGGACTTC	0.12
CGGAGAAA	0.11
CGGAGAAC	0.11
CGGAGAAG	0.12
CGGAGACA	0.1
CGGAGACC	0.11
CGGAGACG	0.09
CGGAGAGA	0.11
CGGAGAGC	0.1
CGGAGATA	0.11
CGGAGATC	0.11
CGGAGCAA	0.11
CGGAGCAC	0.09
CGGAGCAG	0.11
CGGAGCCA	0.09
CGGAGCCC	0.09
CGGAGCCG	0.1
CGGAGCGA	0.11
CGGAGCGC	0.09
CGGAGCTA	0.09
CGGAGCTC	0.08
CGGAGGAA	0.15
CGGAGGAC	0.09
CGGAGGAG	0.11
CGGAGGCA	0.1
CGGAGGCC	0.1
CGGAGGGA	0.11
CGGAGGGC	0.1
CGGAGGTA	0.11
CGGAGGTC	0.16
CGGAGTAA	0.1
CGGAGTAC	0.11
CGGAGTAG	0.11
CGGAGTCA	0.09
CGGAGTCC	0.11
CGGAGTGA	0.11
CGGAGTGC	0.11
CGGAGTTA	0.1
CGGAGTTC	0.11
CGGATAAA	0.2
CGGATAAC	0.15
CGGATAAG	0.17
CGGATACA	0.24
CGGATACC	0.19
CGGATACG	0.29
CGGATAGA	0.15
CGGATAGC	0.12
CGGATATA	0.39
CGGATATC	0.39
CGGATCAA	0.12
CGGATCAC	0.11
CGGATCAG	0.1
CGGATCCA	0.12
CGGATCCC	0.11
CGGATCCG	0.13
CGGATCGA	0.11
CGGATCGC	0.1
CGGATCTA	0.17
CGGATCTC	0.14
CGGATGAA	0.23
CGGATGAC	0.17
CGGATGAG	0.22
CGGATGCA	0.36
CGGATGCC	0.29
CGGATGGA	0.18
CGGATGGC	0.16
CGGATGTA	0.59
CGGATGTC	0.52
CGGATTAA	0.12
CGGATTAC	0.12
CGGATTAG	0.11
CGGATTCA	0.12
CGGATTCC	0.13
CGGATTGA	0.12
CGGATTGC	0.11
CGGATTTA	0.12
CGGATTTC	0.14
CGGCAAAA	0.1
CGGCAAAC	0.12
CGGCAAAG	0.1
CGGCAACA	0.11
CGGCAACC	0.1
CGGCAACG	0.1
CGGCAAGA	0.09
CGGCAAGC	0.1
CGGCAATA	0.1
CGGCAATC	0.11
CGGCACAA	0.09
CGGCACAC	0.09
CGGCACAG	0.12
CGGCACCA	0.12
CGGCACCC	0.11
CGGCACCG	0.1
CGGCACGA	0.09
CGGCACGC	0.1
CGGCACTA	0.1
CGGCACTC	0.09
CGGCAGAA	0.1
CGGCAGAC	0.1
CGGCAGAG	0.09
CGGCAGCA	0.1
CGGCAGCC	0.09
CGGCAGGA	0.11
CGGCAGGC	0.1
CGGCAGTA	0.1
CGGCAGTC	0.11
CGGCATAA	0.11
CGGCATAC	0.1
CGGCATAG	0.1
CGGCATCA	0.11
CGGCATCC	0.16
CGGCATGA	0.1
CGGCATGC	0.11
CGGCATTA	0.1
CGGCATTC	0.1
CGGCCAAA	0.1
CGGCCAAC	0.1
CGGCCAAG	0.11
CGGCCACA	0.1
CGGCCACC	0.09
CGGCCACG	0.1
CGGCCAGA	0.11
CGGCCAGC	0.11
CGGCCATA	0.1
CGGCCATC	0.1
CGGCCCAA	0.11
CGGCCCAC	0.08
CGGCCCAG	0.08
CGGCCCCA	0.09
CGGCCCCC	0.1
CGGCCCCG	0.11
CGGCCCGA	0.1
CGGCCCGC	0.09
CGGCCCTA	0.1
CGGCCCTC	0.1
CGGCCGAA	0.1
CGGCCGAC	0.09
CGGCCGAG	0.09
CGGCCGCA	0.1
CGGCCGCC	0.09
CGGCCGGA	0.19
CGGCCGGC	0.11
CGGCCGTA	0.1
CGGCCGTC	0.09
CGGCCTAA	0.1
CGGCCTAC	0.09
CGGCCTAG	0.09
CGGCCTCA	0.11
CGGCCTCC	0.1
CGGCCTGA	0.09
CGGCCTGC	0.09
CGGCCTTA	0.11
CGGCCTTC	0.14
CGGCGAAA	0.12
CGGCGAAC	0.11
CGGCGAAG	0.1
CGGCGACA	0.1
CGGCGACC	0.1
CGGCGACG	0.11
CGGCGAGA	0.1
CGGCGAGC	0.09
CGGCGATA	0.12
CGGCGATC	0.11
CGGCGCAA	0.09
CGGCGCAC	0.1
CGGCGCAG	0.08
CGGCGCCA	0.09
CGGCGCCC	0.1
CGGCGCCG	0.11
CGGCGCGA	0.1
CGGCGCGC	0.11
CGGCGCTA	0.09
CGGCGCTC	0.08
CGGCGGAA	0.2
CGGCGGAC	0.11
CGGCGGAG	0.12
CGGCGGCA	0.1
CGGCGGCC	0.11
CGGCGGGA	0.1
CGGCGGGC	0.09
CGGCGGTA	0.1
CGGCGGTC	0.1
CGGCGTAA	0.12
CGGCGTAC	0.11
CGGCGTAG	0.09
CGGCGTCA	0.1
CGGCGTCC	0.12
CGGCGTGA	0.09
CGGCGTGC	0.1
CGGCGTTA	0.1
CGGCGTTC	0.1
CGGCTAAA	0.12
CGGCTAAC	0.09
CGGCTAAG	0.11
CGGCTACA	0.1
CGGCTACC	0.11
CGGCTACG	0.09
CGGCTAGA	0.1
CGGCTAGC	0.08
CGGCTATA	0.1
CGGCTATC	0.1
CGGCTCAA	0.1
CGGCTCAC	0.1
CGGCTCAG	0.1
CGGCTCCA	0.1
CGGCTCCC	0.09
CGGCTCGA	0.09
CGGCTCGC	0.1
CGGCTCTA	0.11
CGGCTCTC	0.1
CGGCTGAA	0.1
CGGCTGAC	0.09
CGGCTGAG	0.09
CGGCTGCA	0.1
CGGCTGCC	0.1
CGGCTGGA	0.09
CGGCTGGC	0.1
CGGCTGTA	0.09
CGGCTGTC	0.1
CGGCTTAA	0.11
CGGCTTAC	0.1
CGGCTTAG	0.1
CGGCTTCA	0.09
CGGCTTCC	0.16
CGGCTTGA	0.12
CGGCTTGC	0.11
CGGCTTTA	0.1
CGGCTTTC	0.11
CGGGAAAA	0.14
CGGGAAAC	0.18
CGGGAAAG	0.14
CGGGAACA	0.13
CGGGAACC	0.11
CGGGAACG	0.1
CGGGAAGA	0.14
CGGGAAGC	0.16
CGGGAATA	0.12
CGGGAATC	0.11
CGGGACAA	0.11
CGGGACAC	0.1
CGGGACAG	0.11
CGGGACCA	0.09
CGGGACCC	0.1
CGGGACCG	0.11
CGGGACGA	0.1
CGGGACGC	0.11
CGGGACTA	0.1
CGGGACTC	0.1
CGGGAGAA	0.11
CGGGAGAC	0.12
CGGGAGAG	0.1
CGGGAGCA	0.1
CGGGAGCC	0.09
CGGGAGGA	0.13
CGGGAGGC	0.1
CGGGAGTA	0.11
CGGGAGTC	0.09
CGGGATAA	0.11
CGGGATAC	0.13
CGGGATAG	0.09
CGGGATCA	0.11
CGGGATCC	0.11
CGGGATGA	0.11
CGGGATGC	0.12
CGGGATTA	0.1
CGGGATTC	0.11
CGGGCAAA	0.11
CGGGCAAC	0.1
CGGGCAAG	0.09
CGGGCACA	0.11
CGGGCACC	0.09
CGGGCACG	0.09
CGGGCAGA	0.1
CGGGCAGC	0.1
CGGGCATA	0.09
CGGGCATC	0.1
CGGGCCAA	0.09
CGGGCCAC	0.09
CGGGCCAG	0.1
CGGGCCCA	0.1
CGGGCCCC	0.1
CGGGCCCG	0.12
CGGGCCGA	0.09
CGGGCCGC	0.09
CGGGCCTA	0.09
CGGGCCTC	0.1
CGGGCGAA	0.1
CGGGCGAC	0.1
CGGGCGAG	0.1
CGGGCGCA	0.09
CGGGCGCC	0.09
CGGGCGGA	0.15
CGGGCGGC	0.1
CGGGCGTA	0.08
CGGGCGTC	0.09
CGGGCTAA	0.09
CGGGCTAC	0.1
CGGGCTAG	0.09
CGGGCTCA	0.1
CGGGCTCC	0.09
CGGGCTGA	0.09
CGGGCTGC	0.1
CGGGCTTA	0.12
CGGGCTTC	0.11
CGGGGAAA	0.13
CGGGGAAC	0.12
CGGGGAAG	0.13
CGGGGACA	0.1
CGGGGACC	0.1
CGGGGACG	0.1
CGGGGAGA	0.08
CGGGGAGC	0.1
CGGGGATA	0.1
CGGGGATC	0.09
CGGGGCAA	0.11
CGGGGCAC	0.09
CGGGGCAG	0.11
CGGGGCCA	0.1
CGGGGCCC	0.09
CGGGGCGA	0.1
CGGGGCGC	0.1
CGGGGCTA	0.11
CGGGGCTC	0.1
CGGGGGAA	0.14
CGGGGGAC	0.09
CGGGGGAG	0.11
CGGGGGCA	0.1
CGGGGGCC	0.09
CGGGGGGA	0.11
CGGGGGGC	0.11
CGGGGGTA	0.11
CGGGGGTC	0.1
CGGGGTAA	0.12
CGGGGTAC	0.09
CGGGGTAG	0.12
CGGGGTCA	0.09
CGGGGTCC	0.1
CGGGGTGA	0.12
CGGGGTGC	0.1
CGGGGTTA	0.11
CGGGGTTC	0.11
CGGGTAAA	0.11
CGGGTAAC	0.1
CGGGTAAG	0.1
CGGGTACA	0.1
CGGGTACC	0.1
CGGGTACG	0.1
CGGGTAGA	0.11
CGGGTAGC	0.11
CGGGTATA	0.12
CGGGTATC	0.11
CGGGTCAA	0.11
CGGGTCAC	0.09
CGGGTCAG	0.11
CGGGTCCA	0.1
CGGGTCCC	0.1
CGGGTCGA	0.09
CGGGTCGC	0.09
CGGGTCTA	0.09
CGGGTCTC	0.1
CGGGTGAA	0.1
CGGGTGAC	0.11
CGGGTGAG	0.1
CGGGTGCA	0.1
CGGGTGCC	0.11
CGGGTGGA	0.1
CGGGTGGC	0.11
CGGGTGTA	0.12
CGGGTGTC	0.12
CGGGTTAA	0.1
CGGGTTAC	0.1
CGGGTTAG	0.09
CGGGTTCA	0.1
CGGGTTCC	0.14
CGGGTTGA	0.11
CGGGTTGC	0.09
CGGGTTTA	0.11
CGGGTTTC	0.12
CGGTAAAA	0.12
CGGTAAAC	0.1
CGGTAAAG	0.1
CGGTAACA	0.12
CGGTAACC	0.1
CGGTAACG	0.1
CGGTAAGA	0.1
CGGTAAGC	0.1
CGGTAATA	0.12
CGGTAATC	0.1
CGGTACAA	0.11
CGGTACAC	0.1
CGGTACAG	0.1
CGGTACCA	0.1
CGGTACCC	0.1
CGGTACCG	0.12
CGGTACGA	0.1
CGGTACGC	0.09
CGGTACTA	0.12
CGGTACTC	0.1
CGGTAGAA	0.09
CGGTAGAC	0.1
CGGTAGAG	0.1
CGGTAGCA	0.1
CGGTAGCC	0.11
CGGTAGGA	0.11
CGGTAGGC	0.11
CGGTAGTA	0.11
CGGTAGTC	0.11
CGGTATAA	0.11
CGGTATAC	0.1
CGGTATAG	0.1
CGGTATCA	0.11
CGGTATCC	0.17
CGGTATGA	0.12
CGGTATGC	0.11
CGGTATTA	0.12
CGGTATTC	0.1
CGGTCAAA	0.11
CGGTCAAC	0.11
CGGTCAAG	0.11
CGGTCACA	0.09
CGGTCACC	0.11
CGGTCACG	0.1
CGGTCAGA	0.11
CGGTCAGC	0.1
CGGTCATA	0.11
CGGTCATC	0.11
CGGTCCAA	0.11
CGGTCCAC	0.09
CGGTCCAG	0.09
CGGTCCCA	0.11
CGGTCCCC	0.11
CGGTCCGA	0.1
CGGTCCGC	0.1
CGGTCCTA	0.1
CGGTCCTC	0.1
CGGTCGAA	0.1
CGGTCGAC	0.11
CGGTCGAG	0.1
CGGTCGCA	0.11
CGGTCGCC	0.11
CGGTCGGA	0.11
CGGTCGGC	0.09
CGGTCGTA	0.09
CGGTCGTC	0.1
CGGTCTAA	0.1
CGGTCTAC	0.11
CGGTCTAG	0.1
CGGTCTCA	0.11
CGGTCTCC	0.1
CGGTCTGA	0.1
CGGTCTGC	0.11
CGGTCTTA	0.08
CGGTCTTC	0.11
CGGTGAAA	0.1
CGGTGAAC	0.11
CGGTGAAG	0.11
CGGTGACA	0.11
CGGTGACC	0.11
CGGTGACG	0.1
CGGTGAGA	0.1
CGGTGAGC	0.1
CGGTGATA	0.11
CGGTGATC	0.1
CGGTGCAA	0.1
CGGTGCAC	0.1
CGGTGCAG	0.13
CGGTGCCA	0.1
CGGTGCCC	0.1
CGGTGCGA	0.1
CGGTGCGC	0.1
CGGTGCTA	0.11
CGGTGCTC	0.1
CGGTGGAA	0.11
CGGTGGAC	0.11
CGGTGGAG	0.09
CGGTGGCA	0.09
CGGTGGCC	0.08
CGGTGGGA	0.1
CGGTGGGC	0.11
CGGTGGTA	0.1
CGGTGGTC	0.09
CGGTGTAA	0.11
CGGTGTAC	0.09
CGGTGTAG	0.1
CGGTGTCA	0.09
CGGTGTCC	0.11
CGGTGTGA	0.1
CGGTGTGC	0.1
CGGTGTTA	0.11
CGGTGTTC	0.1
CGGTTAAA	0.12
CGGTTAAC	0.1
CGGTTAAG	0.1
CGGTTACA	0.13
CGGTTACC	0.1
CGGTTACG	0.11
CGGTTAGA	0.1
CGGTTAGC	0.09
CGGTTATA	0.1
CGGTTATC	0.11
CGGTTCAA	0.1
CGGTTCAC	0.09
CGGTTCAG	0.1
CGGTTCCA	0.11
CGGTTCCC	0.11
CGGTTCGA	0.1
CGGTTCGC	0.1
CGGTTCTA	0.11
CGGTTCTC	0.11
CGGTTGAA	0.1
CGGTTGAC	0.11
CGGTTGAG	0.11
CGGTTGCA	0.1
CGGTTGCC	0.1
CGGTTGGA	0.1
CGGTTGGC	0.11
CGGTTGTA	0.1
CGGTTGTC	0.11
CGGTTTAA	0.11
CGGTTTAC	0.1
CGGTTTAG	0.11
CGGTTTCA	0.11
CGGTTTCC	0.18
CGGTTTGA	0.09
CGGTTTGC	0.11
CGGTTTTA	0.12
CGGTTTTC	0.11
CGTAAAAA	0.1
CGTAAAAC	0.1
CGTAAAAG	0.11
CGTAAACA	0.1
CGTAAACC	0.1
CGTAAACG	0.09
CGTAAAGA	0.1
CGTAAAGC	0.09
CGTAAATA	0.11
CGTAAATC	0.12
CGTAACAA	0.13
CGTAACAC	0.1
CGTAACAG	0.1
CGTAACCA	0.11
CGTAACCC	0.1
CGTAACGA	0.11
CGTAACGC	0.1
CGTAACTA	0.11
CGTAACTC	0.1
CGTAAGAA	0.11
CGTAAGAC	0.08
CGTAAGAG	0.11
CGTAAGCA	0.1
CGTAAGCC	0.11
CGTAAGGA	0.11
CGTAAGGC	0.1
CGTAAGTA	0.11
CGTAAGTC	0.1
CGTAATAA	0.11
CGTAATAC	0.11
CGTAATAG	0.1
CGTAATCA	0.1
CGTAATCC	0.11
CGTAATGA	0.1
CGTAATGC	0.1
CGTAATTA	0.1
CGTAATTC	0.1
CGTACAAA	0.11
CGTACAAC	0.09
CGTACAAG	0.1
CGTACACA	0.1
CGTACACC	0.09
CGTACACG	0.09
CGTACAGA	0.09
CGTACAGC	0.09
CGTACATA	0.1
CGTACATC	0.1
CGTACCAA	0.11
CGTACCAC	0.1
CGTACCAG	0.09
CGTACCCA	0.11
CGTACCCC	0.1
CGTACCGA	0.1
CGTACCGC	0.09
CGTACCTA	0.09
CGTACCTC	0.09
CGTACGAA	0.11
CGTACGAC	0.08
CGTACGAG	0.09
CGTACGCA	0.1
CGTACGCC	0.09
CGTACGGA	0.11
CGTACGGC	0.09
CGTACGTA	0.08
CGTACGTC	0.1
CGTACTAA	0.09
CGTACTAC	0.09
CGTACTAG	0.09
CGTACTCA	0.1
CGTACTCC	0.12
CGTACTGA	0.1
CGTACTGC	0.08
CGTACTTA	0.09
CGTACTTC	0.11
CGTAGAAA	0.11
CGTAGAAC	0.1
CGTAGAAG	0.11
CGTAGACA	0.09
CGTAGACC	0.1
CGTAGACG	0.09
CGTAGAGA	0.1
CGTAGAGC	0.1
CGTAGATA	0.09
CGTAGATC	0.1
CGTAGCAA	0.1
CGTAGCAC	0.1
CGTAGCAG	0.1
CGTAGCCA	0.1
CGTAGCCC	0.11
CGTAGCGA	0.1
CGTAGCGC	0.08
CGTAGCTA	0.09
CGTAGCTC	0.09
CGTAGGAA	0.11
CGTAGGAC	0.1
CGTAGGAG	0.1
CGTAGGCA	0.1
CGTAGGCC	0.09
CGTAGGGA	0.11
CGTAGGGC	0.09
CGTAGGTA	0.1
CGTAGGTC	0.1
CGTAGTAA	0.1
CGTAGTAC	0.1
CGTAGTAG	0.1
CGTAGTCA	0.09
CGTAGTCC	0.09
CGTAGTGA	0.09
CGTAGTGC	0.09
CGTAGTTA	0.1
CGTAGTTC	0.1
CGTATAAA	0.12
CGTATAAC	0.1
CGTATAAG	0.1
CGTATACA	0.1
CGTATACC	0.1
CGTATACG	0.1
CGTATAGA	0.1
CGTATAGC	0.09
CGTATATA	0.1
CGTATATC	0.12
CGTATCAA	0.1
CGTATCAC	0.08
CGTATCAG	0.09
CGTATCCA	0.11
CGTATCCC	0.12
CGTATCGA	0.09
CGTATCGC	0.1
CGTATCTA	0.1
CGTATCTC	0.1
CGTATGAA	0.11
CGTATGAC	0.09
CGTATGAG	0.1
CGTATGCA	0.11
CGTATGCC	0.11
CGTATGGA	0.09
CGTATGGC	0.09
CGTATGTA	0.1
CGTATGTC	0.09
CGTATTAA	0.11
CGTATTAC	0.1
CGTATTAG	0.12
CGTATTCA	0.09
CGTATTCC	0.12
CGTATTGA	0.1
CGTATTGC	0.09
CGTATTTA	0.11
CGTATTTC	0.12
CGTCAAAA	0.12
CGTCAAAC	0.1
CGTCAAAG	0.09
CGTCAACA	0.1
CGTCAACC	0.11
CGTCAACG	0.11
CGTCAAGA	0.09
CGTCAAGC	0.1
CGTCAATA	0.11
CGTCAATC	0.09
CGTCACAA	0.1
CGTCACAC	0.11
CGTCACAG	0.1
CGTCACCA	0.09
CGTCACCC	0.1
CGTCACGA	0.09
CGTCACGC	0.11
CGTCACTA	0.1
CGTCACTC	0.1
CGTCAGAA	0.1
CGTCAGAC	0.1
CGTCAGAG	0.09
CGTCAGCA	0.09
CGTCAGCC	0.1
CGTCAGGA	0.11
CGTCAGGC	0.08
CGTCAGTA	0.11
CGTCAGTC	0.1
CGTCATAA	0.11
CGTCATAC	0.12
CGTCATAG	0.1
CGTCATCA	0.1
CGTCATCC	0.12
CGTCATGA	0.09
CGTCATGC	0.1
CGTCATTA	0.1
CGTCATTC	0.12
CGTCCAAA	0.11
CGTCCAAC	0.1
CGTCCAAG	0.1
CGTCCACA	0.1
CGTCCACC	0.1
CGTCCACG	0.09
CGTCCAGA	0.1
CGTCCAGC	0.09
CGTCCATA	0.1
CGTCCATC	0.09
CGTCCCAA	0.1
CGTCCCAC	0.11
CGTCCCAG	0.09
CGTCCCCA	0.11
CGTCCCCC	0.1
CGTCCCGA	0.09
CGTCCCGC	0.11
CGTCCCTA	0.09
CGTCCCTC	0.1
CGTCCGAA	0.12
CGTCCGAC	0.11
CGTCCGAG	0.1
CGTCCGCA	0.11
CGTCCGCC	0.16
CGTCCGGA	0.23
CGTCCGGC	0.26
CGTCCGTA	0.12
CGTCCGTC	0.11
CGTCCTAA	0.11
CGTCCTAC	0.09
CGTCCTAG	0.1
CGTCCTCA	0.11
CGTCCTCC	0.1
CGTCCTGA	0.12
CGTCCTGC	0.14
CGTCCTTA	0.12
CGTCCTTC	0.12
CGTCGAAA	0.1
CGTCGAAC	0.09
CGTCGAAG	0.11
CGTCGACA	0.1
CGTCGACC	0.09
CGTCGACG	0.1
CGTCGAGA	0.1
CGTCGAGC	0.09
CGTCGATA	0.09
CGTCGATC	0.1
CGTCGCAA	0.1
CGTCGCAC	0.1
CGTCGCAG	0.09
CGTCGCCA	0.09
CGTCGCCC	0.09
CGTCGCGA	0.11
CGTCGCGC	0.09
CGTCGCTA	0.1
CGTCGCTC	0.09
CGTCGGAA	0.15
CGTCGGAC	0.09
CGTCGGAG	0.11
CGTCGGCA	0.1
CGTCGGCC	0.11
CGTCGGGA	0.11
CGTCGGGC	0.1
CGTCGGTA	0.1
CGTCGGTC	0.11
CGTCGTAA	0.11
CGTCGTAC	0.09
CGTCGTAG	0.09
CGTCGTCA	0.1
CGTCGTCC	0.09
CGTCGTGA	0.1
CGTCGTGC	0.11
CGTCGTTA	0.11
CGTCGTTC	0.1
CGTCTAAA	0.1
CGTCTAAC	0.1
CGTCTAAG	0.09
CGTCTACA	0.1
CGTCTACC	0.1
CGTCTAGA	0.09
CGTCTAGC	0.1
CGTCTATA	0.09
CGTCTATC	0.1
CGTCTCAA	0.11
CGTCTCAC	0.11
CGTCTCAG	0.1
CGTCTCCA	0.1
CGTCTCCC	0.1
CGTCTCGA	0.1
CGTCTCGC	0.1
CGTCTCTA	0.09
CGTCTCTC	0.1
CGTCTGAA	0.1
CGTCTGAC	0.09
CGTCTGAG	0.11
CGTCTGCA	0.09
CGTCTGCC	0.09
CGTCTGGA	0.09
CGTCTGGC	0.09
CGTCTGTA	0.11
CGTCTGTC	0.09
CGTCTTAA	0.1
CGTCTTAC	0.11
CGTCTTAG	0.08
CGTCTTCA	0.12
CGTCTTCC	0.15
CGTCTTGA	0.12
CGTCTTGC	0.09
CGTCTTTA	0.12
CGTCTTTC	0.12
CGTGAAAA	0.11
CGTGAAAC	0.1
CGTGAAAG	0.1
CGTGAACA	0.1
CGTGAACC	0.1
CGTGAACG	0.1
CGTGAAGA	0.1
CGTGAAGC	0.09
CGTGAATA	0.12
CGTGAATC	0.1
CGTGACAA	0.1
CGTGACAC	0.1
CGTGACAG	0.1
CGTGACCA	0.09
CGTGACCC	0.1
CGTGACGA	0.11
CGTGACGC	0.09
CGTGACTA	0.1
CGTGACTC	0.09
CGTGAGAA	0.09
CGTGAGAC	0.1
CGTGAGAG	0.1
CGTGAGCA	0.09
CGTGAGCC	0.09
CGTGAGGA	0.11
CGTGAGGC	0.1
CGTGAGTA	0.08
CGTGAGTC	0.09
CGTGATAA	0.1
CGTGATAC	0.09
CGTGATAG	0.1
CGTGATCA	0.08
CGTGATCC	0.11
CGTGATGA	0.09
CGTGATGC	0.09
CGTGATTA	0.1
CGTGATTC	0.11
CGTGCAAA	0.09
CGTGCAAC	0.09
CGTGCAAG	0.09
CGTGCACA	0.09
CGTGCACC	0.1
CGTGCACG	0.09
CGTGCAGA	0.1
CGTGCAGC	0.08
CGTGCATA	0.1
CGTGCATC	0.1
CGTGCCAA	0.1
CGTGCCAC	0.09
CGTGCCAG	0.1
CGTGCCCA	0.1
CGTGCCCC	0.1
CGTGCCGA	0.09
CGTGCCGC	0.08
CGTGCCTA	0.1
CGTGCCTC	0.1
CGTGCGAA	0.11
CGTGCGAC	0.1
CGTGCGAG	0.1
CGTGCGCA	0.08
CGTGCGCC	0.09
CGTGCGGA	0.11
CGTGCGGC	0.1
CGTGCGTA	0.1
CGTGCGTC	0.11
CGTGCTAA	0.11
CGTGCTAC	0.09
CGTGCTAG	0.09
CGTGCTCA	0.09
CGTGCTCC	0.09
CGTGCTGA	0.1
CGTGCTGC	0.09
CGTGCTTA	0.11
CGTGCTTC	0.12
CGTGGAAA	0.12
CGTGGAAC	0.11
CGTGGAAG	0.12
CGTGGACA	0.09
CGTGGACC	0.09
CGTGGAGA	0.11
CGTGGAGC	0.11
CGTGGATA	0.1
CGTGGATC	0.1
CGTGGCAA	0.1
CGTGGCAC	0.1
CGTGGCAG	0.09
CGTGGCCA	0.09
CGTGGCCC	0.1
CGTGGCGA	0.1
CGTGGCGC	0.08
CGTGGCTA	0.1
CGTGGCTC	0.08
CGTGGGAA	0.09
CGTGGGAC	0.1
CGTGGGAG	0.1
CGTGGGCA	0.09
CGTGGGCC	0.1
CGTGGGGA	0.11
CGTGGGGC	0.08
CGTGGGTA	0.1
CGTGGGTC	0.1
CGTGGTAA	0.09
CGTGGTAC	0.1
CGTGGTAG	0.09
CGTGGTCA	0.09
CGTGGTCC	0.09
CGTGGTGA	0.09
CGTGGTGC	0.1
CGTGGTTA	0.09
CGTGGTTC	0.09
CGTGTAAA	0.11
CGTGTAAC	0.1
CGTGTAAG	0.1
CGTGTACA	0.09
CGTGTACC	0.09
CGTGTAGA	0.12
CGTGTAGC	0.1
CGTGTATA	0.1
CGTGTATC	0.1
CGTGTCAA	0.08
CGTGTCAC	0.1
CGTGTCAG	0.11
CGTGTCCA	0.1
CGTGTCCC	0.1
CGTGTCGA	0.1
CGTGTCGC	0.1
CGTGTCTA	0.09
CGTGTCTC	0.09
CGTGTGAA	0.09
CGTGTGAC	0.09
CGTGTGAG	0.09
CGTGTGCA	0.1
CGTGTGCC	0.09
CGTGTGGA	0.1
CGTGTGGC	0.08
CGTGTGTA	0.11
CGTGTGTC	0.1
CGTGTTAA	0.1
CGTGTTAC	0.1
CGTGTTAG	0.1
CGTGTTCA	0.1
CGTGTTCC	0.12
CGTGTTGA	0.09
CGTGTTGC	0.11
CGTGTTTA	0.09
CGTGTTTC	0.1
CGTTAAAA	0.11
CGTTAAAC	0.1
CGTTAAAG	0.11
CGTTAACA	0.1
CGTTAACC	0.09
CGTTAACG	0.1
CGTTAAGA	0.1
CGTTAAGC	0.11
CGTTAATA	0.1
CGTTAATC	0.1
CGTTACAA	0.1
CGTTACAC	0.1
CGTTACAG	0.1
CGTTACCA	0.1
CGTTACCC	0.09
CGTTACGA	0.11
CGTTACGC	0.11
CGTTACTA	0.1
CGTTACTC	0.09
CGTTAGAA	0.1
CGTTAGAC	0.09
CGTTAGAG	0.11
CGTTAGCA	0.12
CGTTAGCC	0.1
CGTTAGGA	0.11
CGTTAGGC	0.1
CGTTAGTA	0.09
CGTTAGTC	0.1
CGTTATAA	0.1
CGTTATAC	0.1
CGTTATAG	0.11
CGTTATCA	0.1
CGTTATCC	0.13
CGTTATGA	0.11
CGTTATGC	0.1
CGTTATTA	0.1
CGTTATTC	0.1
CGTTCAAA	0.11
CGTTCAAC	0.09
CGTTCAAG	0.1
CGTTCACA	0.11
CGTTCACC	0.1
CGTTCAGA	0.09
CGTTCAGC	0.1
CGTTCATA	0.1
CGTTCATC	0.1
CGTTCCAA	0.1
CGTTCCAC	0.1
CGTTCCAG	0.09
CGTTCCCA	0.09
CGTTCCCC	0.11
CGTTCCGA	0.09
CGTTCCGC	0.1
CGTTCCTA	0.11
CGTTCCTC	0.11
CGTTCGAA	0.09
CGTTCGAC	0.1
CGTTCGAG	0.1
CGTTCGCA	0.09
CGTTCGCC	0.12
CGTTCGGA	0.13
CGTTCGGC	0.1
CGTTCGTA	0.11
CGTTCGTC	0.11
CGTTCTAA	0.1
CGTTCTAC	0.1
CGTTCTAG	0.11
CGTTCTCA	0.09
CGTTCTCC	0.11
CGTTCTGA	0.1
CGTTCTGC	0.11
CGTTCTTA	0.1
CGTTCTTC	0.11
CGTTGAAA	0.11
CGTTGAAC	0.1
CGTTGAAG	0.11
CGTTGACA	0.1
CGTTGACC	0.09
CGTTGAGA	0.1
CGTTGAGC	0.09
CGTTGATA	0.11
CGTTGATC	0.11
CGTTGCAA	0.09
CGTTGCAC	0.1
CGTTGCAG	0.09
CGTTGCCA	0.1
CGTTGCCC	0.09
CGTTGCGA	0.11
CGTTGCGC	0.1
CGTTGCTA	0.11
CGTTGCTC	0.1
CGTTGGAA	0.11
CGTTGGAC	0.09
CGTTGGAG	0.09
CGTTGGCA	0.1
CGTTGGCC	0.1
CGTTGGGA	0.12
CGTTGGGC	0.1
CGTTGGTA	0.1
CGTTGGTC	0.11
CGTTGTAA	0.1
CGTTGTAC	0.1
CGTTGTAG	0.11
CGTTGTCA	0.1
CGTTGTCC	0.11
CGTTGTGA	0.1
CGTTGTGC	0.1
CGTTGTTA	0.12
CGTTGTTC	0.1
CGTTTAAA	0.1
CGTTTAAC	0.11
CGTTTAAG	0.11
CGTTTACA	0.1
CGTTTACC	0.12
CGTTTAGA	0.1
CGTTTAGC	0.1
CGTTTATA	0.11
CGTTTATC	0.1
CGTTTCAA	0.1
CGTTTCAC	0.1
CGTTTCAG	0.11
CGTTTCCA	0.11
CGTTTCCC	0.15
CGTTTCGA	0.1
CGTTTCGC	0.11
CGTTTCTA	0.1
CGTTTCTC	0.1
CGTTTGAA	0.11
CGTTTGAC	0.1
CGTTTGAG	0.11
CGTTTGCA	0.12
CGTTTGCC	0.09
CGTTTGGA	0.09
CGTTTGGC	0.1
CGTTTGTA	0.11
CGTTTGTC	0.1
CGTTTTAA	0.12
CGTTTTAC	0.09
CGTTTTAG	0.12
CGTTTTCA	0.13
CGTTTTCC	0.13
CGTTTTGA	0.11
CGTTTTGC	0.09
CGTTTTTA	0.11
CGTTTTTC	0.1
CTAAAAAA	0.13
CTAAAAAC	0.1
CTAAAAAG	0.11
CTAAAACA	0.09
CTAAAACC	0.11
CTAAAAGA	0.1
CTAAAAGC	0.11
CTAAAATA	0.11
CTAAAATC	0.1
CTAAACAA	0.11
CTAAACAC	0.11
CTAAACAG	0.11
CTAAACCA	0.1
CTAAACCC	0.13
CTAAACGA	0.11
CTAAACGC	0.1
CTAAACTA	0.11
CTAAACTC	0.11
CTAAAGAA	0.11
CTAAAGAC	0.1
CTAAAGAG	0.11
CTAAAGCA	0.1
CTAAAGCC	0.1
CTAAAGGA	0.12
CTAAAGGC	0.1
CTAAAGTA	0.11
CTAAAGTC	0.11
CTAAATAA	0.1
CTAAATAC	0.1
CTAAATAG	0.1
CTAAATCA	0.11
CTAAATCC	0.11
CTAAATGA	0.1
CTAAATGC	0.11
CTAAATTA	0.11
CTAAATTC	0.11
CTAACAAA	0.1
CTAACAAC	0.11
CTAACAAG	0.11
CTAACACA	0.1
CTAACACC	0.1
CTAACAGA	0.11
CTAACAGC	0.1
CTAACATA	0.12
CTAACATC	0.12
CTAACCAA	0.09
CTAACCAC	0.1
CTAACCAG	0.1
CTAACCCA	0.09
CTAACCCC	0.09
CTAACCGA	0.12
CTAACCGC	0.09
CTAACCTA	0.11
CTAACCTC	0.1
CTAACGAA	0.1
CTAACGAC	0.09
CTAACGAG	0.1
CTAACGCA	0.11
CTAACGCC	0.1
CTAACGGA	0.15
CTAACGGC	0.09
CTAACGTA	0.1
CTAACGTC	0.1
CTAACTAA	0.11
CTAACTAC	0.1
CTAACTAG	0.1
CTAACTCA	0.11
CTAACTCC	0.09
CTAACTGA	0.1
CTAACTGC	0.11
CTAACTTA	0.12
CTAACTTC	0.11
CTAAGAAA	0.13
CTAAGAAC	0.11
CTAAGAAG	0.09
CTAAGACA	0.1
CTAAGACC	0.1
CTAAGAGA	0.11
CTAAGAGC	0.1
CTAAGATA	0.09
CTAAGATC	0.1
CTAAGCAA	0.1
CTAAGCAC	0.1
CTAAGCAG	0.09
CTAAGCCA	0.11
CTAAGCCC	0.1
CTAAGCGA	0.1
CTAAGCGC	0.11
CTAAGCTA	0.11
CTAAGCTC	0.1
CTAAGGAA	0.13
CTAAGGAC	0.1
CTAAGGAG	0.11
CTAAGGCA	0.11
CTAAGGCC	0.09
CTAAGGGA	0.11
CTAAGGGC	0.09
CTAAGGTA	0.1
CTAAGGTC	0.09
CTAAGTAA	0.1
CTAAGTAC	0.09
CTAAGTAG	0.12
CTAAGTCA	0.1
CTAAGTCC	0.11
CTAAGTGA	0.11
CTAAGTGC	0.1
CTAAGTTA	0.1
CTAAGTTC	0.1
CTAATAAA	0.1
CTAATAAC	0.12
CTAATAAG	0.09
CTAATACA	0.12
CTAATACC	0.11
CTAATAGA	0.1
CTAATAGC	0.1
CTAATATA	0.12
CTAATATC	0.12
CTAATCAA	0.11
CTAATCAC	0.11
CTAATCAG	0.1
CTAATCCA	0.1
CTAATCCC	0.1
CTAATCGA	0.1
CTAATCGC	0.09
CTAATCTA	0.12
CTAATCTC	0.11
CTAATGAA	0.13
CTAATGAC	0.1
CTAATGAG	0.1
CTAATGCA	0.09
CTAATGCC	0.1
CTAATGGA	0.11
CTAATGGC	0.1
CTAATGTA	0.11
CTAATGTC	0.11
CTAATTAA	0.11
CTAATTAC	0.1
CTAATTAG	0.13
CTAATTCA	0.1
CTAATTCC	0.13
CTAATTGA	0.11
CTAATTGC	0.11
CTAATTTA	0.1
CTAATTTC	0.12
CTACAAAA	0.11
CTACAAAC	0.11
CTACAAAG	0.1
CTACAACA	0.1
CTACAACC	0.11
CTACAAGA	0.1
CTACAAGC	0.09
CTACAATA	0.11
CTACAATC	0.11
CTACACAA	0.11
CTACACAC	0.12
CTACACAG	0.1
CTACACCA	0.11
CTACACCC	0.1
CTACACGA	0.09
CTACACGC	0.09
CTACACTA	0.1
CTACACTC	0.09
CTACAGAA	0.11
CTACAGAC	0.11
CTACAGAG	0.1
CTACAGCA	0.09
CTACAGCC	0.09
CTACAGGA	0.13
CTACAGGC	0.1
CTACAGTA	0.1
CTACAGTC	0.1
CTACATAA	0.1
CTACATAC	0.1
CTACATAG	0.1
CTACATCA	0.1
CTACATCC	0.19
CTACATGA	0.09
CTACATGC	0.09
CTACATTA	0.11
CTACATTC	0.11
CTACCAAA	0.11
CTACCAAC	0.12
CTACCAAG	0.1
CTACCACA	0.11
CTACCACC	0.1
CTACCAGA	0.11
CTACCAGC	0.1
CTACCATA	0.1
CTACCATC	0.12
CTACCCAA	0.12
CTACCCAC	0.1
CTACCCAG	0.09
CTACCCCA	0.1
CTACCCCC	0.11
CTACCCGA	0.1
CTACCCGC	0.1
CTACCCTA	0.09
CTACCCTC	0.12
CTACCGAA	0.1
CTACCGAC	0.1
CTACCGAG	0.11
CTACCGCA	0.1
CTACCGCC	0.09
CTACCGGA	0.19
CTACCGGC	0.12
CTACCGTA	0.1
CTACCGTC	0.12
CTACCTAA	0.11
CTACCTAC	0.11
CTACCTAG	0.1
CTACCTCA	0.11
CTACCTCC	0.11
CTACCTGA	0.1
CTACCTGC	0.11
CTACCTTA	0.12
CTACCTTC	0.11
CTACGAAA	0.11
CTACGAAC	0.1
CTACGAAG	0.09
CTACGACA	0.1
CTACGACC	0.1
CTACGAGA	0.1
CTACGAGC	0.09
CTACGATA	0.11
CTACGATC	0.1
CTACGCAA	0.1
CTACGCAC	0.1
CTACGCAG	0.1
CTACGCCA	0.09
CTACGCCC	0.09
CTACGCGA	0.09
CTACGCGC	0.09
CTACGCTA	0.09
CTACGCTC	0.09
CTACGGAA	0.18
CTACGGAC	0.12
CTACGGAG	0.11
CTACGGCA	0.1
CTACGGCC	0.1
CTACGGGA	0.12
CTACGGGC	0.09
CTACGGTA	0.1
CTACGGTC	0.08
CTACGTAA	0.1
CTACGTAC	0.1
CTACGTAG	0.1
CTACGTCA	0.1
CTACGTCC	0.12
CTACGTGA	0.1
CTACGTGC	0.09
CTACGTTA	0.1
CTACGTTC	0.1
CTACTAAA	0.11
CTACTAAC	0.12
CTACTAAG	0.12
CTACTACA	0.1
CTACTACC	0.11
CTACTAGA	0.1
CTACTAGC	0.1
CTACTATA	0.1
CTACTATC	0.12
CTACTCAA	0.12
CTACTCAC	0.1
CTACTCAG	0.1
CTACTCCA	0.1
CTACTCCC	0.11
CTACTCGA	0.1
CTACTCGC	0.1
CTACTCTA	0.1
CTACTCTC	0.1
CTACTGAA	0.11
CTACTGAC	0.11
CTACTGAG	0.11
CTACTGCA	0.1
CTACTGCC	0.1
CTACTGGA	0.1
CTACTGGC	0.1
CTACTGTA	0.09
CTACTGTC	0.1
CTACTTAA	0.11
CTACTTAC	0.11
CTACTTCA	0.1
CTACTTCC	0.44
CTACTTGA	0.09
CTACTTGC	0.09
CTACTTTA	0.09
CTACTTTC	0.09
CTAGAAAA	0.12
CTAGAAAC	0.1
CTAGAAAG	0.1
CTAGAACA	0.1
CTAGAACC	0.11
CTAGAAGA	0.11
CTAGAAGC	0.1
CTAGAATA	0.1
CTAGAATC	0.11
CTAGACAA	0.1
CTAGACAC	0.09
CTAGACAG	0.1
CTAGACCA	0.09
CTAGACCC	0.09
CTAGACGA	0.09
CTAGACGC	0.11
CTAGACTA	0.1
CTAGACTC	0.08
CTAGAGAA	0.11
CTAGAGAC	0.09
CTAGAGAG	0.09
CTAGAGCA	0.08
CTAGAGCC	0.1
CTAGAGGA	0.12
CTAGAGGC	0.09
CTAGAGTA	0.1
CTAGAGTC	0.08
CTAGATAA	0.1
CTAGATAC	0.1
CTAGATAG	0.09
CTAGATCA	0.1
CTAGATCC	0.11
CTAGATGA	0.09
CTAGATGC	0.1
CTAGATTA	0.11
CTAGATTC	0.11
CTAGCAAA	0.11
CTAGCAAC	0.1
CTAGCAAG	0.09
CTAGCACA	0.11
CTAGCACC	0.11
CTAGCAGA	0.1
CTAGCAGC	0.1
CTAGCATA	0.1
CTAGCATC	0.1
CTAGCCAA	0.1
CTAGCCAC	0.1
CTAGCCAG	0.09
CTAGCCCA	0.11
CTAGCCCC	0.11
CTAGCCGA	0.1
CTAGCCGC	0.11
CTAGCCTA	0.1
CTAGCCTC	0.08
CTAGCGAA	0.1
CTAGCGAC	0.1
CTAGCGAG	0.1
CTAGCGCA	0.09
CTAGCGCC	0.09
CTAGCGGA	0.15
CTAGCGGC	0.09
CTAGCGTA	0.08
CTAGCGTC	0.09
CTAGCTAA	0.1
CTAGCTAC	0.1
CTAGCTAG	0.08
CTAGCTCA	0.1
CTAGCTCC	0.1
CTAGCTGA	0.09
CTAGCTGC	0.1
CTAGCTTA	0.1
CTAGCTTC	0.12
CTAGGAAA	0.13
CTAGGAAC	0.1
CTAGGAAG	0.12
CTAGGACA	0.11
CTAGGACC	0.1
CTAGGAGA	0.1
CTAGGAGC	0.11
CTAGGATA	0.1
CTAGGATC	0.1
CTAGGCAA	0.1
CTAGGCAC	0.1
CTAGGCAG	0.09
CTAGGCCA	0.09
CTAGGCCC	0.1
CTAGGCGA	0.09
CTAGGCGC	0.1
CTAGGCTA	0.1
CTAGGCTC	0.09
CTAGGGAA	0.1
CTAGGGAC	0.09
CTAGGGAG	0.1
CTAGGGCA	0.1
CTAGGGCC	0.09
CTAGGGGA	0.11
CTAGGGGC	0.09
CTAGGGTA	0.09
CTAGGGTC	0.08
CTAGGTAA	0.1
CTAGGTAC	0.1
CTAGGTCA	0.1
CTAGGTCC	0.1
CTAGGTGA	0.09
CTAGGTGC	0.1
CTAGGTTA	0.1
CTAGGTTC	0.1
CTAGTAAA	0.12
CTAGTAAC	0.1
CTAGTAAG	0.1
CTAGTACA	0.09
CTAGTACC	0.09
CTAGTAGA	0.1
CTAGTAGC	0.09
CTAGTATA	0.1
CTAGTATC	0.1
CTAGTCAA	0.09
CTAGTCAC	0.11
CTAGTCAG	0.1
CTAGTCCA	0.09
CTAGTCCC	0.1
CTAGTCGA	0.11
CTAGTCGC	0.1
CTAGTCTA	0.09
CTAGTCTC	0.1
CTAGTGAA	0.1
CTAGTGAC	0.1
CTAGTGAG	0.11
CTAGTGCA	0.09
CTAGTGCC	0.08
CTAGTGGA	0.11
CTAGTGGC	0.09
CTAGTGTA	0.1
CTAGTGTC	0.1
CTAGTTAA	0.12
CTAGTTAC	0.1
CTAGTTCA	0.11
CTAGTTCC	0.16
CTAGTTGA	0.11
CTAGTTGC	0.09
CTAGTTTA	0.09
CTAGTTTC	0.12
CTATAAAA	0.12
CTATAAAC	0.11
CTATAAAG	0.11
CTATAACA	0.11
CTATAACC	0.1
CTATAAGA	0.11
CTATAAGC	0.11
CTATAATA	0.11
CTATAATC	0.11
CTATACAA	0.13
CTATACAC	0.1
CTATACAG	0.09
CTATACCA	0.11
CTATACCC	0.11
CTATACGA	0.1
CTATACGC	0.1
CTATACTA	0.11
CTATACTC	0.09
CTATAGAA	0.09
CTATAGAC	0.1
CTATAGAG	0.11
CTATAGCA	0.11
CTATAGCC	0.08
CTATAGGA	0.1
CTATAGGC	0.08
CTATAGTA	0.1
CTATAGTC	0.09
CTATATAA	0.1
CTATATAC	0.12
CTATATAG	0.08
CTATATCA	0.11
CTATATCC	0.17
CTATATGA	0.1
CTATATGC	0.1
CTATATTA	0.11
CTATATTC	0.11
CTATCAAA	0.1
CTATCAAC	0.1
CTATCAAG	0.1
CTATCACA	0.11
CTATCACC	0.11
CTATCAGA	0.1
CTATCAGC	0.11
CTATCATA	0.11
CTATCATC	0.11
CTATCCAA	0.1
CTATCCAC	0.11
CTATCCAG	0.1
CTATCCCA	0.09
CTATCCCC	0.1
CTATCCGA	0.1
CTATCCGC	0.13
CTATCCTA	0.11
CTATCCTC	0.11
CTATCGAA	0.09
CTATCGAC	0.1
CTATCGAG	0.09
CTATCGCA	0.1
CTATCGCC	0.1
CTATCGGA	0.11
CTATCGGC	0.1
CTATCGTA	0.09
CTATCGTC	0.1
CTATCTAA	0.12
CTATCTAC	0.1
CTATCTCA	0.11
CTATCTCC	0.12
CTATCTGA	0.09
CTATCTGC	0.09
CTATCTTA	0.11
CTATCTTC	0.11
CTATGAAA	0.1
CTATGAAC	0.09
CTATGAAG	0.12
CTATGACA	0.1
CTATGACC	0.11
CTATGAGA	0.09
CTATGAGC	0.09
CTATGATA	0.12
CTATGATC	0.09
CTATGCAA	0.1
CTATGCAC	0.1
CTATGCAG	0.09
CTATGCCA	0.09
CTATGCCC	0.09
CTATGCGA	0.08
CTATGCGC	0.1
CTATGCTA	0.1
CTATGCTC	0.09
CTATGGAA	0.11
CTATGGAC	0.1
CTATGGAG	0.1
CTATGGCA	0.08
CTATGGCC	0.1
CTATGGGA	0.11
CTATGGGC	0.09
CTATGGTA	0.1
CTATGGTC	0.09
CTATGTAA	0.11
CTATGTAC	0.09
CTATGTCA	0.1
CTATGTCC	0.11
CTATGTGA	0.09
CTATGTGC	0.11
CTATGTTA	0.12
CTATGTTC	0.11
CTATTAAA	0.11
CTATTAAC	0.1
CTATTAAG	0.11
CTATTACA	0.1
CTATTACC	0.12
CTATTAGA	0.08
CTATTAGC	0.1
CTATTATA	0.11
CTATTATC	0.1
CTATTCAA	0.1
CTATTCAC	0.11
CTATTCAG	0.1
CTATTCCA	0.1
CTATTCCC	0.12
CTATTCGA	0.1
CTATTCGC	0.09
CTATTCTA	0.11
CTATTCTC	0.11
CTATTGAA	0.11
CTATTGAC	0.09
CTATTGAG	0.11
CTATTGCA	0.1
CTATTGCC	0.1
CTATTGGA	0.11
CTATTGGC	0.1
CTATTGTA	0.1
CTATTGTC	0.1
CTATTTAA	0.12
CTATTTAC	0.11
CTATTTCA	0.11
CTATTTCC	0.32
CTATTTGA	0.11
CTATTTGC	0.1
CTATTTTA	0.11
CTATTTTC	0.12
CTCAAAAA	0.12
CTCAAAAC	0.11
CTCAAAAG	0.13
CTCAAACA	0.11
CTCAAACC	0.1
CTCAAAGA	0.1
CTCAAAGC	0.1
CTCAAATA	0.11
CTCAAATC	0.09
CTCAACAA	0.12
CTCAACAC	0.1
CTCAACAG	0.1
CTCAACCA	0.11
CTCAACCC	0.1
CTCAACGA	0.09
CTCAACGC	0.1
CTCAACTA	0.11
CTCAACTC	0.12
CTCAAGAA	0.1
CTCAAGAC	0.11
CTCAAGAG	0.09
CTCAAGCA	0.09
CTCAAGCC	0.1
CTCAAGGA	0.13
CTCAAGGC	0.1
CTCAAGTA	0.11
CTCAAGTC	0.1
CTCAATAA	0.11
CTCAATAC	0.11
CTCAATCA	0.11
CTCAATCC	0.12
CTCAATGA	0.09
CTCAATGC	0.1
CTCAATTA	0.1
CTCAATTC	0.11
CTCACAAA	0.1
CTCACAAC	0.11
CTCACAAG	0.1
CTCACACA	0.1
CTCACACC	0.11
CTCACAGA	0.11
CTCACAGC	0.11
CTCACATA	0.1
CTCACATC	0.13
CTCACCAA	0.13
CTCACCAC	0.11
CTCACCAG	0.09
CTCACCCA	0.11
CTCACCCC	0.09
CTCACCGA	0.1
CTCACCGC	0.1
CTCACCTA	0.1
CTCACCTC	0.11
CTCACGAA	0.12
CTCACGAC	0.1
CTCACGAG	0.09
CTCACGCA	0.1
CTCACGCC	0.09
CTCACGGA	0.12
CTCACGGC	0.1
CTCACGTA	0.09
CTCACGTC	0.11
CTCACTAA	0.11
CTCACTAC	0.1
CTCACTCA	0.11
CTCACTCC	0.11
CTCACTGA	0.1
CTCACTGC	0.09
CTCACTTA	0.11
CTCACTTC	0.12
CTCAGAAA	0.11
CTCAGAAC	0.11
CTCAGAAG	0.1
CTCAGACA	0.11
CTCAGACC	0.11
CTCAGAGA	0.1
CTCAGAGC	0.09
CTCAGATA	0.1
CTCAGATC	0.09
CTCAGCAA	0.11
CTCAGCAC	0.09
CTCAGCAG	0.1
CTCAGCCA	0.1
CTCAGCCC	0.09
CTCAGCGA	0.09
CTCAGCGC	0.08
CTCAGCTA	0.1
CTCAGCTC	0.09
CTCAGGAA	0.15
CTCAGGAC	0.1
CTCAGGAG	0.11
CTCAGGCA	0.1
CTCAGGCC	0.08
CTCAGGGA	0.09
CTCAGGGC	0.09
CTCAGGTA	0.1
CTCAGGTC	0.09
CTCAGTAA	0.11
CTCAGTAC	0.1
CTCAGTCA	0.1
CTCAGTCC	0.1
CTCAGTGA	0.09
CTCAGTGC	0.1
CTCAGTTA	0.11
CTCAGTTC	0.1
CTCATAAA	0.11
CTCATAAC	0.11
CTCATAAG	0.1
CTCATACA	0.11
CTCATACC	0.11
CTCATAGA	0.1
CTCATAGC	0.09
CTCATATA	0.1
CTCATATC	0.11
CTCATCAA	0.09
CTCATCAC	0.1
CTCATCAG	0.1
CTCATCCA	0.09
CTCATCCC	0.11
CTCATCGA	0.1
CTCATCGC	0.11
CTCATCTA	0.1
CTCATCTC	0.09
CTCATGAA	0.11
CTCATGAC	0.1
CTCATGAG	0.09
CTCATGCA	0.1
CTCATGCC	0.09
CTCATGGA	0.09
CTCATGGC	0.09
CTCATGTA	0.09
CTCATGTC	0.1
CTCATTAA	0.11
CTCATTAC	0.12
CTCATTCA	0.12
CTCATTCC	0.13
CTCATTGA	0.1
CTCATTGC	0.11
CTCATTTA	0.11
CTCATTTC	0.12
CTCCAAAA	0.12
CTCCAAAC	0.1
CTCCAAAG	0.12
CTCCAACA	0.09
CTCCAACC	0.12
CTCCAAGA	0.1
CTCCAAGC	0.09
CTCCAATA	0.11
CTCCAATC	0.11
CTCCACAA	0.11
CTCCACAC	0.1
CTCCACAG	0.11
CTCCACCA	0.1
CTCCACCC	0.1
CTCCACGA	0.09
CTCCACGC	0.1
CTCCACTA	0.09
CTCCACTC	0.1
CTCCAGAA	0.12
CTCCAGAC	0.1
CTCCAGAG	0.1
CTCCAGCA	0.1
CTCCAGCC	0.09
CTCCAGGA	0.12
CTCCAGGC	0.1
CTCCAGTA	0.1
CTCCAGTC	0.1
CTCCATAA	0.11
CTCCATAC	0.11
CTCCATCA	0.1
CTCCATCC	0.12
CTCCATGA	0.1
CTCCATGC	0.09
CTCCATTA	0.1
CTCCATTC	0.09
CTCCCAAA	0.11
CTCCCAAC	0.1
CTCCCAAG	0.1
CTCCCACA	0.11
CTCCCACC	0.1
CTCCCAGA	0.1
CTCCCAGC	0.09
CTCCCATA	0.1
CTCCCATC	0.11
CTCCCCAA	0.11
CTCCCCAC	0.11
CTCCCCAG	0.1
CTCCCCCA	0.1
CTCCCCCC	0.1
CTCCCCGA	0.09
CTCCCCGC	0.1
CTCCCCTA	0.1
CTCCCCTC	0.11
CTCCCGAA	0.09
CTCCCGAC	0.09
CTCCCGAG	0.09
CTCCCGCA	0.1
CTCCCGCC	0.12
CTCCCGGA	0.15
CTCCCGGC	0.11
CTCCCGTA	0.09
CTCCCGTC	0.11
CTCCCTAA	0.1
CTCCCTAC	0.09
CTCCCTCA	0.1
CTCCCTCC	0.1
CTCCCTGA	0.1
CTCCCTGC	0.11
CTCCCTTA	0.09
CTCCCTTC	0.1
CTCCGAAA	0.11
CTCCGAAC	0.11
CTCCGAAG	0.11
CTCCGACA	0.1
CTCCGACC	0.12
CTCCGAGA	0.1
CTCCGAGC	0.1
CTCCGATA	0.11
CTCCGATC	0.09
CTCCGCAA	0.11
CTCCGCAC	0.09
CTCCGCAG	0.11
CTCCGCCA	0.11
CTCCGCCC	0.1
CTCCGCGA	0.1
CTCCGCGC	0.1
CTCCGCTA	0.1
CTCCGCTC	0.1
CTCCGGAA	0.22
CTCCGGAC	0.13
CTCCGGAG	0.11
CTCCGGCA	0.11
CTCCGGCC	0.11
CTCCGGGA	0.11
CTCCGGGC	0.1
CTCCGGTA	0.12
CTCCGGTC	0.1
CTCCGTAA	0.11
CTCCGTAC	0.1
CTCCGTCA	0.11
CTCCGTCC	0.11
CTCCGTGA	0.12
CTCCGTGC	0.1
CTCCGTTA	0.1
CTCCGTTC	0.11
CTCCTAAA	0.1
CTCCTAAC	0.1
CTCCTAAG	0.1
CTCCTACA	0.1
CTCCTACC	0.1
CTCCTAGA	0.1
CTCCTAGC	0.09
CTCCTATA	0.1
CTCCTATC	0.11
CTCCTCAA	0.11
CTCCTCAC	0.09
CTCCTCAG	0.1
CTCCTCCA	0.09
CTCCTCCC	0.1
CTCCTCGA	0.09
CTCCTCGC	0.1
CTCCTCTA	0.1
CTCCTCTC	0.1
CTCCTGAA	0.1
CTCCTGAC	0.11
CTCCTGCA	0.1
CTCCTGCC	0.12
CTCCTGGA	0.11
CTCCTGGC	0.1
CTCCTGTA	0.1
CTCCTGTC	0.1
CTCCTTAA	0.1
CTCCTTAC	0.11
CTCCTTCA	0.09
CTCCTTCC	0.15
CTCCTTGA	0.1
CTCCTTGC	0.1
CTCCTTTA	0.1
CTCCTTTC	0.11
CTCGAAAA	0.1
CTCGAAAC	0.1
CTCGAAAG	0.11
CTCGAACA	0.1
CTCGAACC	0.1
CTCGAAGA	0.1
CTCGAAGC	0.1
CTCGAATA	0.1
CTCGAATC	0.1
CTCGACAA	0.09
CTCGACAC	0.09
CTCGACAG	0.09
CTCGACCA	0.09
CTCGACCC	0.1
CTCGACGA	0.08
CTCGACGC	0.09
CTCGACTA	0.09
CTCGACTC	0.09
CTCGAGAA	0.1
CTCGAGAC	0.11
CTCGAGAG	0.09
CTCGAGCA	0.1
CTCGAGCC	0.09
CTCGAGGA	0.11
CTCGAGGC	0.1
CTCGAGTA	0.1
CTCGAGTC	0.08
CTCGATAA	0.11
CTCGATAC	0.11
CTCGATCA	0.11
CTCGATCC	0.11
CTCGATGA	0.1
CTCGATGC	0.1
CTCGATTA	0.12
CTCGATTC	0.11
CTCGCAAA	0.09
CTCGCAAC	0.11
CTCGCAAG	0.09
CTCGCACA	0.11
CTCGCACC	0.1
CTCGCAGA	0.09
CTCGCAGC	0.09
CTCGCATA	0.09
CTCGCATC	0.11
CTCGCCAA	0.1
CTCGCCAC	0.09
CTCGCCAG	0.09
CTCGCCCA	0.1
CTCGCCCC	0.1
CTCGCCGA	0.09
CTCGCCGC	0.1
CTCGCCTA	0.11
CTCGCCTC	0.1
CTCGCGAA	0.09
CTCGCGAC	0.09
CTCGCGAG	0.1
CTCGCGCA	0.07
CTCGCGCC	0.1
CTCGCGGA	0.11
CTCGCGGC	0.1
CTCGCGTA	0.09
CTCGCGTC	0.09
CTCGCTAA	0.09
CTCGCTAC	0.1
CTCGCTCA	0.11
CTCGCTCC	0.1
CTCGCTGA	0.1
CTCGCTGC	0.1
CTCGCTTA	0.11
CTCGCTTC	0.11
CTCGGAAA	0.13
CTCGGAAC	0.1
CTCGGAAG	0.14
CTCGGACA	0.1
CTCGGACC	0.1
CTCGGAGA	0.1
CTCGGAGC	0.1
CTCGGATA	0.12
CTCGGATC	0.1
CTCGGCAA	0.1
CTCGGCAC	0.09
CTCGGCAG	0.1
CTCGGCCA	0.09
CTCGGCCC	0.09
CTCGGCGA	0.1
CTCGGCGC	0.1
CTCGGCTA	0.1
CTCGGCTC	0.09
CTCGGGAA	0.11
CTCGGGAC	0.09
CTCGGGCA	0.11
CTCGGGCC	0.1
CTCGGGGA	0.11
CTCGGGGC	0.09
CTCGGGTA	0.11
CTCGGGTC	0.1
CTCGGTAA	0.1
CTCGGTAC	0.09
CTCGGTCA	0.08
CTCGGTCC	0.09
CTCGGTGA	0.1
CTCGGTGC	0.1
CTCGGTTA	0.11
CTCGGTTC	0.1
CTCGTAAA	0.11
CTCGTAAC	0.11
CTCGTAAG	0.11
CTCGTACA	0.1
CTCGTACC	0.11
CTCGTAGA	0.08
CTCGTAGC	0.09
CTCGTATA	0.1
CTCGTATC	0.09
CTCGTCAA	0.11
CTCGTCAC	0.09
CTCGTCAG	0.09
CTCGTCCA	0.1
CTCGTCCC	0.09
CTCGTCGA	0.12
CTCGTCGC	0.09
CTCGTCTA	0.09
CTCGTCTC	0.09
CTCGTGAA	0.09
CTCGTGAC	0.09
CTCGTGCA	0.1
CTCGTGCC	0.09
CTCGTGGA	0.1
CTCGTGGC	0.1
CTCGTGTA	0.09
CTCGTGTC	0.09
CTCGTTAA	0.1
CTCGTTAC	0.11
CTCGTTCA	0.11
CTCGTTCC	0.11
CTCGTTGA	0.09
CTCGTTGC	0.09
CTCGTTTA	0.1
CTCGTTTC	0.11
CTCTAAAA	0.11
CTCTAAAC	0.11
CTCTAAAG	0.1
CTCTAACA	0.11
CTCTAACC	0.1
CTCTAAGA	0.12
CTCTAAGC	0.1
CTCTAATA	0.1
CTCTAATC	0.09
CTCTACAA	0.11
CTCTACAC	0.1
CTCTACAG	0.09
CTCTACCA	0.11
CTCTACCC	0.12
CTCTACGA	0.1
CTCTACGC	0.09
CTCTACTA	0.11
CTCTACTC	0.1
CTCTAGAA	0.1
CTCTAGAC	0.09
CTCTAGAG	0.11
CTCTAGCA	0.08
CTCTAGCC	0.09
CTCTAGGA	0.11
CTCTAGGC	0.09
CTCTAGTA	0.1
CTCTAGTC	0.1
CTCTATAA	0.12
CTCTATAC	0.11
CTCTATCA	0.09
CTCTATCC	0.11
CTCTATGA	0.1
CTCTATGC	0.1
CTCTATTA	0.1
CTCTATTC	0.1
CTCTCAAA	0.12
CTCTCAAC	0.1
CTCTCAAG	0.1
CTCTCACA	0.13
CTCTCACC	0.1
CTCTCAGA	0.1
CTCTCAGC	0.09
CTCTCATA	0.09
CTCTCATC	0.09
CTCTCCAA	0.1
CTCTCCAC	0.1
CTCTCCAG	0.09
CTCTCCCA	0.1
CTCTCCCC	0.12
CTCTCCGA	0.1
CTCTCCGC	0.13
CTCTCCTA	0.12
CTCTCCTC	0.09
CTCTCGAA	0.1
CTCTCGAC	0.1
CTCTCGCA	0.09
CTCTCGCC	0.11
CTCTCGGA	0.11
CTCTCGGC	0.09
CTCTCGTA	0.1
CTCTCGTC	0.11
CTCTCTAA	0.1
CTCTCTAC	0.1
CTCTCTCA	0.1
CTCTCTCC	0.1
CTCTCTGA	0.1
CTCTCTGC	0.09
CTCTCTTA	0.11
CTCTCTTC	0.11
CTCTGAAA	0.1
CTCTGAAC	0.1
CTCTGAAG	0.1
CTCTGACA	0.1
CTCTGACC	0.09
CTCTGAGA	0.09
CTCTGAGC	0.09
CTCTGATA	0.11
CTCTGATC	0.1
CTCTGCAA	0.09
CTCTGCAC	0.1
CTCTGCAG	0.1
CTCTGCCA	0.1
CTCTGCCC	0.1
CTCTGCGA	0.09
CTCTGCGC	0.09
CTCTGCTA	0.1
CTCTGCTC	0.11
CTCTGGAA	0.1
CTCTGGAC	0.1
CTCTGGCA	0.1
CTCTGGCC	0.11
CTCTGGGA	0.1
CTCTGGGC	0.1
CTCTGGTA	0.1
CTCTGGTC	0.09
CTCTGTAA	0.1
CTCTGTAC	0.11
CTCTGTCA	0.1
CTCTGTCC	0.11
CTCTGTGA	0.1
CTCTGTGC	0.11
CTCTGTTA	0.09
CTCTGTTC	0.1
CTCTTAAA	0.13
CTCTTAAC	0.11
CTCTTAAG	0.1
CTCTTACA	0.12
CTCTTACC	0.11
CTCTTAGA	0.11
CTCTTAGC	0.1
CTCTTATA	0.11
CTCTTATC	0.11
CTCTTCAA	0.1
CTCTTCAC	0.1
CTCTTCAG	0.09
CTCTTCCA	0.12
CTCTTCCC	0.13
CTCTTCGA	0.1
CTCTTCGC	0.1
CTCTTCTA	0.1
CTCTTCTC	0.12
CTCTTGAA	0.1
CTCTTGAC	0.11
CTCTTGCA	0.09
CTCTTGCC	0.1
CTCTTGGA	0.11
CTCTTGGC	0.11
CTCTTGTA	0.11
CTCTTGTC	0.1
CTCTTTAA	0.11
CTCTTTAC	0.12
CTCTTTCA	0.11
CTCTTTCC	0.15
CTCTTTGA	0.1
CTCTTTGC	0.1
CTCTTTTA	0.13
CTCTTTTC	0.1
CTGAAAAA	0.11
CTGAAAAC	0.1
CTGAAAAG	0.1
CTGAAACA	0.1
CTGAAACC	0.11
CTGAAAGA	0.11
CTGAAAGC	0.11
CTGAAATA	0.12
CTGAAATC	0.1
CTGAACAA	0.1
CTGAACAC	0.11
CTGAACAG	0.1
CTGAACCA	0.1
CTGAACCC	0.11
CTGAACGA	0.1
CTGAACGC	0.1
CTGAACTA	0.11
CTGAACTC	0.11
CTGAAGAA	0.1
CTGAAGAC	0.1
CTGAAGCA	0.1
CTGAAGCC	0.1
CTGAAGGA	0.1
CTGAAGGC	0.1
CTGAAGTA	0.1
CTGAAGTC	0.11
CTGAATAA	0.13
CTGAATAC	0.1
CTGAATCA	0.1
CTGAATCC	0.1
CTGAATGA	0.12
CTGAATGC	0.09
CTGAATTA	0.12
CTGAATTC	0.09
CTGACAAA	0.12
CTGACAAC	0.09
CTGACAAG	0.1
CTGACACA	0.1
CTGACACC	0.11
CTGACAGA	0.1
CTGACAGC	0.1
CTGACATA	0.1
CTGACATC	0.1
CTGACCAA	0.1
CTGACCAC	0.09
CTGACCAG	0.1
CTGACCCA	0.1
CTGACCCC	0.09
CTGACCGA	0.1
CTGACCGC	0.1
CTGACCTA	0.1
CTGACCTC	0.1
CTGACGAA	0.09
CTGACGAC	0.1
CTGACGCA	0.09
CTGACGCC	0.09
CTGACGGA	0.11
CTGACGGC	0.1
CTGACGTA	0.08
CTGACGTC	0.11
CTGACTAA	0.1
CTGACTAC	0.1
CTGACTCA	0.1
CTGACTCC	0.1
CTGACTGA	0.1
CTGACTGC	0.08
CTGACTTA	0.1
CTGACTTC	0.11
CTGAGAAA	0.1
CTGAGAAC	0.11
CTGAGAAG	0.11
CTGAGACA	0.1
CTGAGACC	0.09
CTGAGAGA	0.1
CTGAGAGC	0.1
CTGAGATA	0.12
CTGAGATC	0.1
CTGAGCAA	0.09
CTGAGCAC	0.09
CTGAGCAG	0.09
CTGAGCCA	0.09
CTGAGCCC	0.11
CTGAGCGA	0.1
CTGAGCGC	0.1
CTGAGCTA	0.08
CTGAGCTC	0.09
CTGAGGAA	0.12
CTGAGGAC	0.12
CTGAGGCA	0.09
CTGAGGCC	0.08
CTGAGGGA	0.09
CTGAGGGC	0.08
CTGAGGTA	0.11
CTGAGGTC	0.1
CTGAGTAA	0.11
CTGAGTAC	0.1
CTGAGTCA	0.11
CTGAGTCC	0.1
CTGAGTGA	0.13
CTGAGTGC	0.09
CTGAGTTA	0.09
CTGAGTTC	0.12
CTGATAAA	0.12
CTGATAAC	0.12
CTGATAAG	0.11
CTGATACA	0.1
CTGATACC	0.12
CTGATAGA	0.12
CTGATAGC	0.09
CTGATATA	0.1
CTGATATC	0.12
CTGATCAA	0.11
CTGATCAC	0.11
CTGATCAG	0.1
CTGATCCA	0.1
CTGATCCC	0.1
CTGATCGA	0.09
CTGATCGC	0.09
CTGATCTA	0.1
CTGATCTC	0.1
CTGATGAA	0.11
CTGATGAC	0.09
CTGATGCA	0.09
CTGATGCC	0.1
CTGATGGA	0.09
CTGATGGC	0.1
CTGATGTA	0.1
CTGATGTC	0.1
CTGATTAA	0.11
CTGATTAC	0.13
CTGATTCA	0.1
CTGATTCC	0.11
CTGATTGA	0.09
CTGATTGC	0.11
CTGATTTA	0.1
CTGATTTC	0.11
CTGCAAAA	0.1
CTGCAAAC	0.11
CTGCAAAG	0.1
CTGCAACA	0.11
CTGCAACC	0.1
CTGCAAGA	0.1
CTGCAAGC	0.1
CTGCAATA	0.09
CTGCAATC	0.1
CTGCACAA	0.1
CTGCACAC	0.08
CTGCACAG	0.09
CTGCACCA	0.09
CTGCACCC	0.09
CTGCACGA	0.11
CTGCACGC	0.09
CTGCACTA	0.11
CTGCACTC	0.08
CTGCAGAA	0.1
CTGCAGAC	0.09
CTGCAGCA	0.1
CTGCAGCC	0.1
CTGCAGGA	0.12
CTGCAGGC	0.09
CTGCAGTA	0.09
CTGCAGTC	0.08
CTGCATAA	0.11
CTGCATAC	0.11
CTGCATCA	0.1
CTGCATCC	0.15
CTGCATGA	0.09
CTGCATGC	0.09
CTGCATTA	0.1
CTGCATTC	0.11
CTGCCAAA	0.11
CTGCCAAC	0.1
CTGCCAAG	0.1
CTGCCACA	0.1
CTGCCACC	0.12
CTGCCAGA	0.09
CTGCCAGC	0.1
CTGCCATA	0.1
CTGCCATC	0.11
CTGCCCAA	0.11
CTGCCCAC	0.1
CTGCCCAG	0.1
CTGCCCCA	0.11
CTGCCCCC	0.11
CTGCCCGA	0.1
CTGCCCGC	0.1
CTGCCCTA	0.1
CTGCCCTC	0.08
CTGCCGAA	0.1
CTGCCGAC	0.1
CTGCCGCA	0.1
CTGCCGCC	0.1
CTGCCGGA	0.19
CTGCCGGC	0.1
CTGCCGTA	0.1
CTGCCGTC	0.09
CTGCCTAA	0.09
CTGCCTAC	0.11
CTGCCTCA	0.1
CTGCCTCC	0.11
CTGCCTGA	0.11
CTGCCTGC	0.09
CTGCCTTA	0.11
CTGCCTTC	0.11
CTGCGAAA	0.1
CTGCGAAC	0.1
CTGCGAAG	0.1
CTGCGACA	0.1
CTGCGACC	0.09
CTGCGAGA	0.09
CTGCGAGC	0.09
CTGCGATA	0.09
CTGCGATC	0.09
CTGCGCAA	0.1
CTGCGCAC	0.1
CTGCGCAG	0.1
CTGCGCCA	0.1
CTGCGCCC	0.08
CTGCGCGA	0.1
CTGCGCGC	0.1
CTGCGCTA	0.09
CTGCGCTC	0.08
CTGCGGAA	0.13
CTGCGGAC	0.11
CTGCGGCA	0.09
CTGCGGCC	0.08
CTGCGGGA	0.11
CTGCGGGC	0.1
CTGCGGTA	0.09
CTGCGGTC	0.09
CTGCGTAA	0.1
CTGCGTAC	0.09
CTGCGTCA	0.09
CTGCGTCC	0.1
CTGCGTGA	0.1
CTGCGTGC	0.11
CTGCGTTA	0.09
CTGCGTTC	0.1
CTGCTAAA	0.11
CTGCTAAC	0.1
CTGCTAAG	0.1
CTGCTACA	0.1
CTGCTACC	0.09
CTGCTAGA	0.09
CTGCTAGC	0.09
CTGCTATA	0.12
CTGCTATC	0.12
CTGCTCAA	0.11
CTGCTCAC	0.09
CTGCTCCA	0.09
CTGCTCCC	0.09
CTGCTCGA	0.1
CTGCTCGC	0.1
CTGCTCTA	0.1
CTGCTCTC	0.11
CTGCTGAA	0.09
CTGCTGAC	0.1
CTGCTGCA	0.1
CTGCTGCC	0.1
CTGCTGGA	0.11
CTGCTGGC	0.08
CTGCTGTA	0.09
CTGCTGTC	0.1
CTGCTTAA	0.1
CTGCTTAC	0.1
CTGCTTCA	0.1
CTGCTTCC	0.19
CTGCTTGA	0.11
CTGCTTGC	0.1
CTGCTTTA	0.14
CTGCTTTC	0.11
CTGGAAAA	0.12
CTGGAAAC	0.12
CTGGAAAG	0.11
CTGGAACA	0.11
CTGGAACC	0.11
CTGGAAGA	0.11
CTGGAAGC	0.1
CTGGAATA	0.11
CTGGAATC	0.12
CTGGACAA	0.1
CTGGACAC	0.1
CTGGACAG	0.11
CTGGACCA	0.09
CTGGACCC	0.09
CTGGACGA	0.1
CTGGACGC	0.09
CTGGACTA	0.1
CTGGACTC	0.09
CTGGAGAA	0.11
CTGGAGAC	0.09
CTGGAGCA	0.09
CTGGAGCC	0.1
CTGGAGGA	0.1
CTGGAGGC	0.11
CTGGAGTA	0.09
CTGGAGTC	0.1
CTGGATAA	0.12
CTGGATAC	0.1
CTGGATCA	0.1
CTGGATCC	0.11
CTGGATGA	0.1
CTGGATGC	0.09
CTGGATTA	0.11
CTGGATTC	0.1
CTGGCAAA	0.12
CTGGCAAC	0.1
CTGGCAAG	0.09
CTGGCACA	0.09
CTGGCACC	0.1
CTGGCAGA	0.12
CTGGCAGC	0.1
CTGGCATA	0.09
CTGGCATC	0.1
CTGGCCAA	0.1
CTGGCCAC	0.08
CTGGCCAG	0.08
CTGGCCCA	0.09
CTGGCCCC	0.1
CTGGCCGA	0.08
CTGGCCGC	0.1
CTGGCCTA	0.1
CTGGCCTC	0.1
CTGGCGAA	0.09
CTGGCGAC	0.1
CTGGCGCA	0.09
CTGGCGCC	0.1
CTGGCGGA	0.11
CTGGCGGC	0.1
CTGGCGTA	0.1
CTGGCGTC	0.09
CTGGCTAA	0.09
CTGGCTAC	0.09
CTGGCTCA	0.11
CTGGCTCC	0.09
CTGGCTGA	0.1
CTGGCTGC	0.1
CTGGCTTA	0.09
CTGGCTTC	0.1
CTGGGAAA	0.11
CTGGGAAC	0.1
CTGGGAAG	0.12
CTGGGACA	0.11
CTGGGACC	0.1
CTGGGAGA	0.09
CTGGGAGC	0.1
CTGGGATA	0.11
CTGGGATC	0.1
CTGGGCAA	0.09
CTGGGCAC	0.1
CTGGGCCA	0.09
CTGGGCCC	0.1
CTGGGCGA	0.1
CTGGGCGC	0.09
CTGGGCTA	0.1
CTGGGCTC	0.1
CTGGGGAA	0.12
CTGGGGAC	0.1
CTGGGGCA	0.09
CTGGGGCC	0.1
CTGGGGGA	0.1
CTGGGGGC	0.09
CTGGGGTA	0.1
CTGGGGTC	0.1
CTGGGTAA	0.11
CTGGGTAC	0.09
CTGGGTCA	0.09
CTGGGTCC	0.09
CTGGGTGA	0.11
CTGGGTGC	0.1
CTGGGTTA	0.09
CTGGGTTC	0.1
CTGGTAAA	0.11
CTGGTAAC	0.11
CTGGTAAG	0.12
CTGGTACA	0.09
CTGGTACC	0.1
CTGGTAGA	0.11
CTGGTAGC	0.1
CTGGTATA	0.09
CTGGTATC	0.09
CTGGTCAA	0.09
CTGGTCAC	0.1
CTGGTCCA	0.09
CTGGTCCC	0.09
CTGGTCGA	0.09
CTGGTCGC	0.11
CTGGTCTA	0.09
CTGGTCTC	0.1
CTGGTGAA	0.1
CTGGTGAC	0.09
CTGGTGCA	0.09
CTGGTGCC	0.1
CTGGTGGA	0.1
CTGGTGGC	0.11
CTGGTGTA	0.09
CTGGTGTC	0.1
CTGGTTAA	0.1
CTGGTTAC	0.1
CTGGTTCA	0.11
CTGGTTCC	0.11
CTGGTTGA	0.1
CTGGTTGC	0.1
CTGGTTTA	0.1
CTGGTTTC	0.12
CTGTAAAA	0.11
CTGTAAAC	0.12
CTGTAAAG	0.1
CTGTAACA	0.1
CTGTAACC	0.1
CTGTAAGA	0.09
CTGTAAGC	0.1
CTGTAATA	0.1
CTGTAATC	0.1
CTGTACAA	0.11
CTGTACAC	0.08
CTGTACAG	0.1
CTGTACCA	0.1
CTGTACCC	0.09
CTGTACGA	0.09
CTGTACGC	0.1
CTGTACTA	0.09
CTGTACTC	0.12
CTGTAGAA	0.12
CTGTAGAC	0.1
CTGTAGCA	0.1
CTGTAGCC	0.11
CTGTAGGA	0.1
CTGTAGGC	0.1
CTGTAGTA	0.09
CTGTAGTC	0.08
CTGTATAA	0.11
CTGTATAC	0.1
CTGTATCA	0.09
CTGTATCC	0.17
CTGTATGA	0.11
CTGTATGC	0.11
CTGTATTA	0.12
CTGTATTC	0.1
CTGTCAAA	0.1
CTGTCAAC	0.11
CTGTCAAG	0.09
CTGTCACA	0.1
CTGTCACC	0.1
CTGTCAGA	0.09
CTGTCAGC	0.1
CTGTCATA	0.09
CTGTCATC	0.11
CTGTCCAA	0.11
CTGTCCAC	0.1
CTGTCCCA	0.1
CTGTCCCC	0.12
CTGTCCGA	0.09
CTGTCCGC	0.12
CTGTCCTA	0.11
CTGTCCTC	0.11
CTGTCGAA	0.09
CTGTCGAC	0.09
CTGTCGCA	0.11
CTGTCGCC	0.09
CTGTCGGA	0.12
CTGTCGGC	0.09
CTGTCGTA	0.1
CTGTCGTC	0.11
CTGTCTAA	0.1
CTGTCTAC	0.1
CTGTCTCA	0.1
CTGTCTCC	0.11
CTGTCTGA	0.09
CTGTCTGC	0.08
CTGTCTTA	0.1
CTGTCTTC	0.12
CTGTGAAA	0.12
CTGTGAAC	0.11
CTGTGAAG	0.1
CTGTGACA	0.12
CTGTGACC	0.09
CTGTGAGA	0.1
CTGTGAGC	0.11
CTGTGATA	0.11
CTGTGATC	0.09
CTGTGCAA	0.1
CTGTGCAC	0.09
CTGTGCCA	0.09
CTGTGCCC	0.1
CTGTGCGA	0.11
CTGTGCGC	0.1
CTGTGCTA	0.11
CTGTGCTC	0.09
CTGTGGAA	0.11
CTGTGGAC	0.1
CTGTGGCA	0.09
CTGTGGCC	0.09
CTGTGGGA	0.1
CTGTGGGC	0.1
CTGTGGTA	0.1
CTGTGGTC	0.11
CTGTGTAA	0.1
CTGTGTAC	0.11
CTGTGTCA	0.1
CTGTGTCC	0.09
CTGTGTGA	0.11
CTGTGTGC	0.09
CTGTGTTA	0.11
CTGTGTTC	0.1
CTGTTAAA	0.11
CTGTTAAC	0.1
CTGTTAAG	0.09
CTGTTACA	0.09
CTGTTACC	0.12
CTGTTAGA	0.1
CTGTTAGC	0.1
CTGTTATA	0.11
CTGTTATC	0.11
CTGTTCAA	0.11
CTGTTCAC	0.1
CTGTTCCA	0.11
CTGTTCCC	0.11
CTGTTCGA	0.09
CTGTTCGC	0.1
CTGTTCTA	0.09
CTGTTCTC	0.11
CTGTTGAA	0.12
CTGTTGAC	0.11
CTGTTGCA	0.1
CTGTTGCC	0.1
CTGTTGGA	0.1
CTGTTGGC	0.11
CTGTTGTA	0.11
CTGTTGTC	0.11
CTGTTTAA	0.11
CTGTTTAC	0.11
CTGTTTCA	0.1
CTGTTTCC	0.21
CTGTTTGA	0.11
CTGTTTGC	0.09
CTGTTTTA	0.12
CTGTTTTC	0.11
CTTAAAAA	0.13
CTTAAAAC	0.13
CTTAAAAG	0.11
CTTAAACA	0.11
CTTAAACC	0.11
CTTAAAGA	0.1
CTTAAAGC	0.12
CTTAAATA	0.13
CTTAAATC	0.12
CTTAACAA	0.11
CTTAACAC	0.1
CTTAACCA	0.11
CTTAACCC	0.1
CTTAACGA	0.11
CTTAACGC	0.09
CTTAACTA	0.11
CTTAACTC	0.11
CTTAAGAA	0.12
CTTAAGAC	0.1
CTTAAGCA	0.12
CTTAAGCC	0.11
CTTAAGGA	0.12
CTTAAGGC	0.11
CTTAAGTA	0.1
CTTAAGTC	0.1
CTTAATAA	0.12
CTTAATAC	0.12
CTTAATCA	0.12
CTTAATCC	0.11
CTTAATGA	0.11
CTTAATGC	0.1
CTTAATTA	0.11
CTTAATTC	0.12
CTTACAAA	0.12
CTTACAAC	0.1
CTTACAAG	0.09
CTTACACA	0.12
CTTACACC	0.1
CTTACAGA	0.1
CTTACAGC	0.09
CTTACATA	0.1
CTTACATC	0.11
CTTACCAA	0.11
CTTACCAC	0.08
CTTACCCA	0.11
CTTACCCC	0.11
CTTACCGA	0.11
CTTACCGC	0.1
CTTACCTA	0.1
CTTACCTC	0.11
CTTACGAA	0.11
CTTACGAC	0.1
CTTACGCA	0.09
CTTACGCC	0.11
CTTACGGA	0.11
CTTACGGC	0.1
CTTACGTA	0.1
CTTACGTC	0.11
CTTACTAA	0.1
CTTACTAC	0.11
CTTACTCA	0.11
CTTACTCC	0.11
CTTACTGA	0.12
CTTACTGC	0.09
CTTACTTA	0.11
CTTACTTC	0.12
CTTAGAAA	0.12
CTTAGAAC	0.12
CTTAGAAG	0.11
CTTAGACA	0.1
CTTAGACC	0.09
CTTAGAGA	0.11
CTTAGAGC	0.1
CTTAGATA	0.12
CTTAGATC	0.11
CTTAGCAA	0.1
CTTAGCAC	0.11
CTTAGCCA	0.09
CTTAGCCC	0.09
CTTAGCGA	0.1
CTTAGCGC	0.1
CTTAGCTA	0.1
CTTAGCTC	0.09
CTTAGGAA	0.14
CTTAGGAC	0.11
CTTAGGCA	0.11
CTTAGGCC	0.1
CTTAGGGA	0.09
CTTAGGGC	0.11
CTTAGGTA	0.09
CTTAGGTC	0.11
CTTAGTAA	0.09
CTTAGTAC	0.08
CTTAGTCA	0.09
CTTAGTCC	0.1
CTTAGTGA	0.11
CTTAGTGC	0.11
CTTAGTTA	0.11
CTTAGTTC	0.12
CTTATAAA	0.1
CTTATAAC	0.1
CTTATAAG	0.1
CTTATACA	0.11
CTTATACC	0.1
CTTATAGA	0.11
CTTATAGC	0.11
CTTATATA	0.11
CTTATATC	0.12
CTTATCAA	0.1
CTTATCAC	0.1
CTTATCCA	0.13
CTTATCCC	0.12
CTTATCGA	0.11
CTTATCGC	0.11
CTTATCTA	0.1
CTTATCTC	0.11
CTTATGAA	0.11
CTTATGAC	0.11
CTTATGCA	0.1
CTTATGCC	0.1
CTTATGGA	0.1
CTTATGGC	0.09
CTTATGTA	0.1
CTTATGTC	0.09
CTTATTAA	0.12
CTTATTAC	0.12
CTTATTCA	0.11
CTTATTCC	0.12
CTTATTGA	0.11
CTTATTGC	0.1
CTTATTTA	0.1
CTTATTTC	0.12
CTTCAAAA	0.13
CTTCAAAC	0.11
CTTCAAAG	0.1
CTTCAACA	0.1
CTTCAACC	0.1
CTTCAAGA	0.1
CTTCAAGC	0.1
CTTCAATA	0.11
CTTCAATC	0.11
CTTCACAA	0.11
CTTCACAC	0.11
CTTCACCA	0.09
CTTCACCC	0.11
CTTCACGA	0.09
CTTCACGC	0.1
CTTCACTA	0.12
CTTCACTC	0.11
CTTCAGAA	0.12
CTTCAGAC	0.09
CTTCAGCA	0.11
CTTCAGCC	0.09
CTTCAGGA	0.1
CTTCAGGC	0.09
CTTCAGTA	0.1
CTTCAGTC	0.1
CTTCATAA	0.1
CTTCATAC	0.11
CTTCATCA	0.11
CTTCATCC	0.13
CTTCATGA	0.1
CTTCATGC	0.09
CTTCATTA	0.11
CTTCATTC	0.11
CTTCCAAA	0.12
CTTCCAAC	0.11
CTTCCAAG	0.1
CTTCCACA	0.12
CTTCCACC	0.13
CTTCCAGA	0.1
CTTCCAGC	0.12
CTTCCATA	0.11
CTTCCATC	0.14
CTTCCCAA	0.11
CTTCCCAC	0.12
CTTCCCCA	0.13
CTTCCCCC	0.16
CTTCCCGA	0.13
CTTCCCGC	0.16
CTTCCCTA	0.14
CTTCCCTC	0.13
CTTCCGAA	0.14
CTTCCGAC	0.24
CTTCCGCA	0.42
CTTCCGCC	0.59
CTTCCGGA	0.57
CTTCCGGC	0.68
CTTCCGTA	0.24
CTTCCGTC	0.32
CTTCCTAA	0.18
CTTCCTAC	0.18
CTTCCTCA	0.2
CTTCCTCC	0.23
CTTCCTGA	0.28
CTTCCTGC	0.47
CTTCCTTA	0.17
CTTCCTTC	0.2
CTTCGAAA	0.1
CTTCGAAC	0.1
CTTCGAAG	0.1
CTTCGACA	0.1
CTTCGACC	0.1
CTTCGAGA	0.08
CTTCGAGC	0.09
CTTCGATA	0.1
CTTCGATC	0.1
CTTCGCAA	0.1
CTTCGCAC	0.11
CTTCGCCA	0.1
CTTCGCCC	0.1
CTTCGCGA	0.08
CTTCGCGC	0.12
CTTCGCTA	0.11
CTTCGCTC	0.09
CTTCGGAA	0.12
CTTCGGAC	0.12
CTTCGGCA	0.1
CTTCGGCC	0.1
CTTCGGGA	0.12
CTTCGGGC	0.09
CTTCGGTA	0.1
CTTCGGTC	0.1
CTTCGTAA	0.1
CTTCGTAC	0.09
CTTCGTCA	0.11
CTTCGTCC	0.11
CTTCGTGA	0.09
CTTCGTGC	0.1
CTTCGTTA	0.09
CTTCGTTC	0.13
CTTCTAAA	0.11
CTTCTAAC	0.09
CTTCTACA	0.1
CTTCTACC	0.1
CTTCTAGA	0.12
CTTCTAGC	0.09
CTTCTATA	0.1
CTTCTATC	0.11
CTTCTCAA	0.12
CTTCTCAC	0.1
CTTCTCCA	0.11
CTTCTCCC	0.1
CTTCTCGA	0.11
CTTCTCGC	0.1
CTTCTCTA	0.11
CTTCTCTC	0.1
CTTCTGAA	0.12
CTTCTGAC	0.09
CTTCTGCA	0.11
CTTCTGCC	0.1
CTTCTGGA	0.13
CTTCTGGC	0.1
CTTCTGTA	0.1
CTTCTGTC	0.11
CTTCTTAA	0.12
CTTCTTAC	0.11
CTTCTTCA	0.1
CTTCTTCC	0.13
CTTCTTGA	0.1
CTTCTTGC	0.11
CTTCTTTA	0.12
CTTCTTTC	0.12
CTTGAAAA	0.12
CTTGAAAC	0.12
CTTGAAAG	0.11
CTTGAACA	0.1
CTTGAACC	0.1
CTTGAAGA	0.11
CTTGAAGC	0.1
CTTGAATA	0.1
CTTGAATC	0.1
CTTGACAA	0.1
CTTGACAC	0.11
CTTGACCA	0.08
CTTGACCC	0.1
CTTGACGA	0.1
CTTGACGC	0.1
CTTGACTA	0.1
CTTGACTC	0.09
CTTGAGAA	0.11
CTTGAGAC	0.1
CTTGAGCA	0.1
CTTGAGCC	0.09
CTTGAGGA	0.12
CTTGAGGC	0.1
CTTGAGTA	0.1
CTTGAGTC	0.11
CTTGATAA	0.1
CTTGATAC	0.09
CTTGATCA	0.1
CTTGATCC	0.11
CTTGATGA	0.11
CTTGATGC	0.1
CTTGATTA	0.1
CTTGATTC	0.11
CTTGCAAA	0.11
CTTGCAAC	0.1
CTTGCAAG	0.1
CTTGCACA	0.1
CTTGCACC	0.1
CTTGCAGA	0.08
CTTGCAGC	0.09
CTTGCATA	0.1
CTTGCATC	0.09
CTTGCCAA	0.09
CTTGCCAC	0.11
CTTGCCCA	0.11
CTTGCCCC	0.1
CTTGCCGA	0.09
CTTGCCGC	0.09
CTTGCCTA	0.09
CTTGCCTC	0.1
CTTGCGAA	0.11
CTTGCGAC	0.1
CTTGCGCA	0.1
CTTGCGCC	0.1
CTTGCGGA	0.12
CTTGCGGC	0.1
CTTGCGTA	0.1
CTTGCGTC	0.1
CTTGCTAA	0.1
CTTGCTAC	0.11
CTTGCTCA	0.09
CTTGCTCC	0.09
CTTGCTGA	0.1
CTTGCTGC	0.09
CTTGCTTA	0.09
CTTGCTTC	0.12
CTTGGAAA	0.11
CTTGGAAC	0.11
CTTGGACA	0.1
CTTGGACC	0.1
CTTGGAGA	0.11
CTTGGAGC	0.1
CTTGGATA	0.11
CTTGGATC	0.1
CTTGGCAA	0.1
CTTGGCAC	0.1
CTTGGCCA	0.1
CTTGGCCC	0.08
CTTGGCGA	0.09
CTTGGCGC	0.11
CTTGGCTA	0.1
CTTGGCTC	0.1
CTTGGGAA	0.12
CTTGGGAC	0.09
CTTGGGCA	0.11
CTTGGGCC	0.1
CTTGGGGA	0.09
CTTGGGGC	0.1
CTTGGGTA	0.12
CTTGGGTC	0.1
CTTGGTAA	0.11
CTTGGTAC	0.11
CTTGGTCA	0.11
CTTGGTCC	0.11
CTTGGTGA	0.1
CTTGGTGC	0.09
CTTGGTTA	0.12
CTTGGTTC	0.11
CTTGTAAA	0.1
CTTGTAAC	0.11
CTTGTACA	0.11
CTTGTACC	0.11
CTTGTAGA	0.1
CTTGTAGC	0.1
CTTGTATA	0.09
CTTGTATC	0.12
CTTGTCAA	0.11
CTTGTCAC	0.09
CTTGTCCA	0.11
CTTGTCCC	0.1
CTTGTCGA	0.09
CTTGTCGC	0.09
CTTGTCTA	0.1
CTTGTCTC	0.11
CTTGTGAA	0.09
CTTGTGAC	0.09
CTTGTGCA	0.1
CTTGTGCC	0.09
CTTGTGGA	0.1
CTTGTGGC	0.11
CTTGTGTA	0.11
CTTGTGTC	0.1
CTTGTTAA	0.11
CTTGTTAC	0.1
CTTGTTCA	0.1
CTTGTTCC	0.11
CTTGTTGA	0.12
CTTGTTGC	0.11
CTTGTTTA	0.11
CTTGTTTC	0.12
CTTTAAAA	0.13
CTTTAAAC	0.11
CTTTAAAG	0.09
CTTTAACA	0.11
CTTTAACC	0.12
CTTTAAGA	0.12
CTTTAAGC	0.11
CTTTAATA	0.13
CTTTAATC	0.11
CTTTACAA	0.1
CTTTACAC	0.1
CTTTACCA	0.11
CTTTACCC	0.1
CTTTACGA	0.11
CTTTACGC	0.1
CTTTACTA	0.11
CTTTACTC	0.11
CTTTAGAA	0.13
CTTTAGAC	0.11
CTTTAGCA	0.1
CTTTAGCC	0.09
CTTTAGGA	0.11
CTTTAGGC	0.09
CTTTAGTA	0.11
CTTTAGTC	0.1
CTTTATAA	0.1
CTTTATAC	0.13
CTTTATCA	0.11
CTTTATCC	0.12
CTTTATGA	0.1
CTTTATGC	0.11
CTTTATTA	0.1
CTTTATTC	0.12
CTTTCAAA	0.13
CTTTCAAC	0.1
CTTTCACA	0.1
CTTTCACC	0.13
CTTTCAGA	0.1
CTTTCAGC	0.1
CTTTCATA	0.11
CTTTCATC	0.12
CTTTCCAA	0.11
CTTTCCAC	0.11
CTTTCCCA	0.12
CTTTCCCC	0.13
CTTTCCGA	0.11
CTTTCCGC	0.21
CTTTCCTA	0.12
CTTTCCTC	0.14
CTTTCGAA	0.11
CTTTCGAC	0.09
CTTTCGCA	0.1
CTTTCGCC	0.11
CTTTCGGA	0.11
CTTTCGGC	0.1
CTTTCGTA	0.1
CTTTCGTC	0.1
CTTTCTAA	0.12
CTTTCTAC	0.11
CTTTCTCA	0.11
CTTTCTCC	0.11
CTTTCTGA	0.11
CTTTCTGC	0.1
CTTTCTTA	0.12
CTTTCTTC	0.11
CTTTGAAA	0.13
CTTTGAAC	0.12
CTTTGACA	0.1
CTTTGACC	0.1
CTTTGAGA	0.12
CTTTGAGC	0.09
CTTTGATA	0.11
CTTTGATC	0.1
CTTTGCAA	0.1
CTTTGCAC	0.1
CTTTGCCA	0.1
CTTTGCCC	0.1
CTTTGCGA	0.08
CTTTGCGC	0.09
CTTTGCTA	0.1
CTTTGCTC	0.1
CTTTGGAA	0.1
CTTTGGAC	0.11
CTTTGGCA	0.09
CTTTGGCC	0.09
CTTTGGGA	0.1
CTTTGGGC	0.1
CTTTGGTA	0.1
CTTTGGTC	0.12
CTTTGTAA	0.12
CTTTGTAC	0.1
CTTTGTCA	0.1
CTTTGTCC	0.12
CTTTGTGA	0.11
CTTTGTGC	0.1
CTTTGTTA	0.11
CTTTGTTC	0.11
CTTTTAAA	0.12
CTTTTAAC	0.09
CTTTTACA	0.12
CTTTTACC	0.12
CTTTTAGA	0.1
CTTTTAGC	0.1
CTTTTATA	0.12
CTTTTATC	0.13
CTTTTCAA	0.1
CTTTTCAC	0.11
CTTTTCCA	0.11
CTTTTCCC	0.13
CTTTTCGA	0.11
CTTTTCGC	0.11
CTTTTCTA	0.11
CTTTTCTC	0.13
CTTTTGAA	0.11
CTTTTGAC	0.12
CTTTTGCA	0.11
CTTTTGCC	0.12
CTTTTGGA	0.12
CTTTTGGC	0.12
CTTTTGTA	0.12
CTTTTGTC	0.1
CTTTTTAA	0.1
CTTTTTAC	0.1
CTTTTTCA	0.11
CTTTTTCC	0.16
CTTTTTGA	0.12
CTTTTTGC	0.1
CTTTTTTA	0.12
CTTTTTTC	0.13
GAAAAAAA	0.13
GAAAAAAC	0.15
GAAAAACA	0.11
GAAAAACC	0.13
GAAAAAGA	0.13
GAAAAAGC	0.13
GAAAAATA	0.14
GAAAAATC	0.13
GAAAACAA	0.13
GAAAACAC	0.1
GAAAACCA	0.12
GAAAACCC	0.11
GAAAACGA	0.11
GAAAACGC	0.12
GAAAACTA	0.12
GAAAACTC	0.13
GAAAAGAA	0.13
GAAAAGAC	0.1
GAAAAGCA	0.11
GAAAAGCC	0.11
GAAAAGGA	0.14
GAAAAGGC	0.13
GAAAAGTA	0.13
GAAAAGTC	0.11
GAAAATAA	0.12
GAAAATAC	0.12
GAAAATCA	0.11
GAAAATCC	0.12
GAAAATGA	0.12
GAAAATGC	0.12
GAAAATTA	0.12
GAAAATTC	0.12
GAAACAAA	0.13
GAAACAAC	0.12
GAAACACA	0.12
GAAACACC	0.11
GAAACAGA	0.11
GAAACAGC	0.1
GAAACATA	0.14
GAAACATC	0.11
GAAACCAA	0.13
GAAACCAC	0.1
GAAACCCA	0.12
GAAACCCC	0.11
GAAACCGA	0.12
GAAACCGC	0.11
GAAACCTA	0.1
GAAACCTC	0.1
GAAACGAA	0.12
GAAACGAC	0.1
GAAACGCA	0.11
GAAACGCC	0.11
GAAACGGA	0.18
GAAACGGC	0.12
GAAACGTA	0.1
GAAACGTC	0.13
GAAACTAA	0.12
GAAACTAC	0.12
GAAACTCA	0.1
GAAACTCC	0.1
GAAACTGA	0.11
GAAACTGC	0.11
GAAACTTA	0.13
GAAACTTC	0.13
GAAAGAAA	0.13
GAAAGAAC	0.11
GAAAGACA	0.11
GAAAGACC	0.11
GAAAGAGA	0.11
GAAAGAGC	0.11
GAAAGATA	0.13
GAAAGATC	0.1
GAAAGCAA	0.13
GAAAGCAC	0.1
GAAAGCCA	0.12
GAAAGCCC	0.11
GAAAGCGA	0.11
GAAAGCGC	0.1
GAAAGCTA	0.11
GAAAGCTC	0.1
GAAAGGAA	0.18
GAAAGGAC	0.14
GAAAGGCA	0.11
GAAAGGCC	0.1
GAAAGGGA	0.11
GAAAGGGC	0.1
GAAAGGTA	0.11
GAAAGGTC	0.12
GAAAGTAA	0.12
GAAAGTAC	0.1
GAAAGTCA	0.11
GAAAGTCC	0.12
GAAAGTGA	0.11
GAAAGTGC	0.1
GAAAGTTA	0.1
GAAAGTTC	0.1
GAAATAAA	0.14
GAAATAAC	0.12
GAAATACA	0.13
GAAATACC	0.14
GAAATAGA	0.13
GAAATAGC	0.11
GAAATATA	0.11
GAAATATC	0.13
GAAATCAA	0.13
GAAATCAC	0.11
GAAATCCA	0.12
GAAATCCC	0.14
GAAATCGA	0.1
GAAATCGC	0.11
GAAATCTA	0.12
GAAATCTC	0.11
GAAATGAA	0.13
GAAATGAC	0.11
GAAATGCA	0.13
GAAATGCC	0.12
GAAATGGA	0.12
GAAATGGC	0.11
GAAATGTA	0.12
GAAATGTC	0.13
GAAATTAA	0.12
GAAATTAC	0.12
GAAATTCA	0.12
GAAATTCC	0.12
GAAATTGA	0.12
GAAATTGC	0.11
GAAATTTA	0.1
GAAATTTC	0.1
GAACAAAA	0.12
GAACAAAC	0.11
GAACAACA	0.11
GAACAACC	0.11
GAACAAGA	0.11
GAACAAGC	0.1
GAACAATA	0.11
GAACAATC	0.1
GAACACAA	0.1
GAACACAC	0.12
GAACACCA	0.11
GAACACCC	0.11
GAACACGA	0.11
GAACACGC	0.1
GAACACTA	0.1
GAACACTC	0.11
GAACAGAA	0.11
GAACAGAC	0.1
GAACAGCA	0.11
GAACAGCC	0.1
GAACAGGA	0.12
GAACAGGC	0.11
GAACAGTA	0.11
GAACAGTC	0.09
GAACATAA	0.1
GAACATAC	0.11
GAACATCA	0.1
GAACATCC	0.22
GAACATGA	0.1
GAACATGC	0.1
GAACATTA	0.12
GAACATTC	0.1
GAACCAAA	0.11
GAACCAAC	0.11
GAACCACA	0.09
GAACCACC	0.1
GAACCAGA	0.12
GAACCAGC	0.1
GAACCATA	0.12
GAACCATC	0.1
GAACCCAA	0.1
GAACCCAC	0.1
GAACCCCA	0.1
GAACCCCC	0.09
GAACCCGA	0.11
GAACCCGC	0.1
GAACCCTA	0.11
GAACCCTC	0.09
GAACCGAA	0.1
GAACCGAC	0.1
GAACCGCA	0.11
GAACCGCC	0.1
GAACCGGA	0.36
GAACCGGC	0.1
GAACCGTA	0.11
GAACCGTC	0.1
GAACCTAA	0.09
GAACCTAC	0.1
GAACCTCA	0.11
GAACCTCC	0.11
GAACCTGA	0.11
GAACCTGC	0.1
GAACCTTA	0.1
GAACCTTC	0.1
GAACGAAA	0.1
GAACGAAC	0.1
GAACGACA	0.11
GAACGACC	0.1
GAACGAGA	0.11
GAACGAGC	0.1
GAACGATA	0.11
GAACGATC	0.09
GAACGCAA	0.1
GAACGCAC	0.11
GAACGCCA	0.09
GAACGCCC	0.1
GAACGCGA	0.1
GAACGCGC	0.1
GAACGCTA	0.1
GAACGCTC	0.1
GAACGGAA	0.23
GAACGGAC	0.13
GAACGGCA	0.11
GAACGGCC	0.1
GAACGGGA	0.11
GAACGGGC	0.09
GAACGGTA	0.11
GAACGGTC	0.09
GAACGTAA	0.1
GAACGTAC	0.09
GAACGTCA	0.11
GAACGTCC	0.11
GAACGTGA	0.09
GAACGTGC	0.09
GAACGTTA	0.09
GAACGTTC	0.1
GAACTAAA	0.13
GAACTAAC	0.11
GAACTACA	0.11
GAACTACC	0.11
GAACTAGA	0.11
GAACTAGC	0.11
GAACTATA	0.1
GAACTATC	0.1
GAACTCAA	0.1
GAACTCAC	0.11
GAACTCCA	0.11
GAACTCCC	0.11
GAACTCGA	0.1
GAACTCGC	0.11
GAACTCTA	0.1
GAACTCTC	0.1
GAACTGAA	0.12
GAACTGAC	0.13
GAACTGCA	0.11
GAACTGCC	0.11
GAACTGGA	0.1
GAACTGGC	0.1
GAACTGTA	0.11
GAACTGTC	0.11
GAACTTAA	0.12
GAACTTAC	0.1
GAACTTCA	0.1
GAACTTCC	0.41
GAACTTGA	0.11
GAACTTGC	0.12
GAACTTTA	0.12
GAAGAAAA	0.13
GAAGAAAC	0.13
GAAGAACA	0.13
GAAGAACC	0.11
GAAGAAGA	0.13
GAAGAAGC	0.11
GAAGAATA	0.12
GAAGAATC	0.11
GAAGACAA	0.12
GAAGACAC	0.11
GAAGACCA	0.11
GAAGACCC	0.11
GAAGACGA	0.11
GAAGACGC	0.12
GAAGACTA	0.12
GAAGACTC	0.1
GAAGAGAA	0.15
GAAGAGAC	0.12
GAAGAGCA	0.1
GAAGAGCC	0.1
GAAGAGGA	0.13
GAAGAGGC	0.12
GAAGAGTA	0.14
GAAGAGTC	0.11
GAAGATAA	0.11
GAAGATAC	0.12
GAAGATCA	0.11
GAAGATCC	0.1
GAAGATGA	0.11
GAAGATGC	0.1
GAAGATTA	0.12
GAAGATTC	0.13
GAAGCAAA	0.11
GAAGCAAC	0.11
GAAGCACA	0.13
GAAGCACC	0.1
GAAGCAGA	0.11
GAAGCAGC	0.11
GAAGCATA	0.1
GAAGCATC	0.11
GAAGCCAA	0.12
GAAGCCAC	0.12
GAAGCCCA	0.1
GAAGCCCC	0.1
GAAGCCGA	0.12
GAAGCCGC	0.1
GAAGCCTA	0.1
GAAGCCTC	0.1
GAAGCGAA	0.1
GAAGCGAC	0.12
GAAGCGCA	0.11
GAAGCGCC	0.11
GAAGCGGA	0.18
GAAGCGGC	0.09
GAAGCGTA	0.1
GAAGCGTC	0.1
GAAGCTAA	0.11
GAAGCTAC	0.11
GAAGCTCA	0.11
GAAGCTCC	0.1
GAAGCTGA	0.1
GAAGCTGC	0.1
GAAGCTTA	0.12
GAAGCTTC	0.13
GAAGGAAA	0.27
GAAGGAAC	0.12
GAAGGACA	0.11
GAAGGACC	0.09
GAAGGAGA	0.12
GAAGGAGC	0.1
GAAGGATA	0.13
GAAGGATC	0.1
GAAGGCAA	0.11
GAAGGCAC	0.1
GAAGGCCA	0.09
GAAGGCCC	0.11
GAAGGCGA	0.1
GAAGGCGC	0.11
GAAGGCTA	0.1
GAAGGCTC	0.09
GAAGGGAA	0.16
GAAGGGAC	0.09
GAAGGGCA	0.11
GAAGGGCC	0.1
GAAGGGGA	0.11
GAAGGGGC	0.11
GAAGGGTA	0.11
GAAGGGTC	0.1
GAAGGTAA	0.12
GAAGGTAC	0.09
GAAGGTCA	0.09
GAAGGTCC	0.1
GAAGGTGA	0.1
GAAGGTGC	0.1
GAAGGTTA	0.11
GAAGTAAA	0.15
GAAGTAAC	0.12
GAAGTACA	0.09
GAAGTACC	0.11
GAAGTAGA	0.11
GAAGTAGC	0.12
GAAGTATA	0.1
GAAGTATC	0.12
GAAGTCAA	0.11
GAAGTCAC	0.11
GAAGTCCA	0.13
GAAGTCCC	0.11
GAAGTCGA	0.11
GAAGTCGC	0.1
GAAGTCTA	0.11
GAAGTCTC	0.11
GAAGTGAA	0.11
GAAGTGAC	0.11
GAAGTGCA	0.1
GAAGTGCC	0.11
GAAGTGGA	0.1
GAAGTGGC	0.09
GAAGTGTA	0.1
GAAGTGTC	0.13
GAAGTTAA	0.09
GAAGTTAC	0.11
GAAGTTCA	0.12
GAAGTTCC	0.12
GAAGTTGA	0.12
GAAGTTGC	0.09
GAAGTTTA	0.11
GAATAAAA	0.13
GAATAAAC	0.12
GAATAACA	0.12
GAATAACC	0.11
GAATAAGA	0.12
GAATAAGC	0.1
GAATAATA	0.1
GAATAATC	0.11
GAATACAA	0.11
GAATACAC	0.11
GAATACCA	0.1
GAATACCC	0.11
GAATACGA	0.11
GAATACGC	0.11
GAATACTA	0.1
GAATACTC	0.1
GAATAGAA	0.12
GAATAGAC	0.1
GAATAGCA	0.1
GAATAGCC	0.1
GAATAGGA	0.11
GAATAGGC	0.11
GAATAGTA	0.11
GAATAGTC	0.11
GAATATAA	0.1
GAATATAC	0.1
GAATATCA	0.11
GAATATCC	0.15
GAATATGA	0.11
GAATATGC	0.09
GAATATTA	0.11
GAATATTC	0.11
GAATCAAA	0.11
GAATCAAC	0.11
GAATCACA	0.11
GAATCACC	0.11
GAATCAGA	0.11
GAATCAGC	0.09
GAATCATA	0.1
GAATCATC	0.09
GAATCCAA	0.11
GAATCCAC	0.1
GAATCCCA	0.1
GAATCCCC	0.09
GAATCCGA	0.11
GAATCCGC	0.11
GAATCCTA	0.1
GAATCCTC	0.09
GAATCGAA	0.1
GAATCGAC	0.13
GAATCGCA	0.1
GAATCGCC	0.1
GAATCGGA	0.12
GAATCGGC	0.12
GAATCGTA	0.1
GAATCGTC	0.1
GAATCTAA	0.12
GAATCTAC	0.1
GAATCTCA	0.1
GAATCTCC	0.11
GAATCTGA	0.1
GAATCTGC	0.1
GAATCTTA	0.11
GAATGAAA	0.11
GAATGAAC	0.11
GAATGACA	0.11
GAATGACC	0.1
GAATGAGA	0.11
GAATGAGC	0.12
GAATGATA	0.12
GAATGATC	0.09
GAATGCAA	0.1
GAATGCAC	0.11
GAATGCCA	0.09
GAATGCCC	0.11
GAATGCGA	0.09
GAATGCGC	0.11
GAATGCTA	0.09
GAATGCTC	0.1
GAATGGAA	0.1
GAATGGAC	0.1
GAATGGCA	0.1
GAATGGCC	0.1
GAATGGGA	0.11
GAATGGGC	0.09
GAATGGTA	0.09
GAATGGTC	0.11
GAATGTAA	0.11
GAATGTAC	0.11
GAATGTCA	0.11
GAATGTCC	0.11
GAATGTGA	0.1
GAATGTGC	0.09
GAATGTTA	0.11
GAATTAAA	0.1
GAATTAAC	0.11
GAATTACA	0.12
GAATTACC	0.1
GAATTAGA	0.11
GAATTAGC	0.12
GAATTATA	0.11
GAATTATC	0.11
GAATTCAA	0.12
GAATTCAC	0.1
GAATTCCA	0.11
GAATTCCC	0.12
GAATTCGA	0.1
GAATTCGC	0.1
GAATTCTA	0.1
GAATTCTC	0.11
GAATTGAA	0.12
GAATTGAC	0.11
GAATTGCA	0.1
GAATTGCC	0.1
GAATTGGA	0.1
GAATTGGC	0.1
GAATTGTA	0.12
GAATTGTC	0.12
GAATTTAA	0.11
GAATTTAC	0.11
GAATTTCA	0.11
GAATTTCC	0.15
GAATTTGA	0.12
GAATTTGC	0.11
GAATTTTA	0.12
GACAAAAA	0.13
GACAAAAC	0.13
GACAAACA	0.11
GACAAACC	0.11
GACAAAGA	0.11
GACAAAGC	0.12
GACAAATA	0.11
GACAAATC	0.11
GACAACAA	0.1
GACAACAC	0.1
GACAACCA	0.09
GACAACCC	0.1
GACAACGA	0.1
GACAACGC	0.11
GACAACTA	0.1
GACAACTC	0.11
GACAAGAA	0.12
GACAAGAC	0.12
GACAAGCA	0.1
GACAAGCC	0.09
GACAAGGA	0.11
GACAAGGC	0.09
GACAAGTA	0.11
GACAAGTC	0.1
GACAATAA	0.12
GACAATAC	0.1
GACAATCA	0.11
GACAATCC	0.1
GACAATGA	0.11
GACAATGC	0.1
GACAATTA	0.1
GACACAAA	0.12
GACACAAC	0.09
GACACACA	0.11
GACACACC	0.11
GACACAGA	0.1
GACACAGC	0.1
GACACATA	0.1
GACACATC	0.11
GACACCAA	0.11
GACACCAC	0.1
GACACCCA	0.11
GACACCCC	0.09
GACACCGA	0.1
GACACCGC	0.09
GACACCTA	0.1
GACACCTC	0.1
GACACGAA	0.11
GACACGAC	0.1
GACACGCA	0.1
GACACGCC	0.1
GACACGGA	0.12
GACACGGC	0.1
GACACGTA	0.1
GACACGTC	0.1
GACACTAA	0.09
GACACTAC	0.11
GACACTCA	0.1
GACACTCC	0.11
GACACTGA	0.11
GACACTGC	0.1
GACACTTA	0.1
GACAGAAA	0.1
GACAGAAC	0.12
GACAGACA	0.1
GACAGACC	0.09
GACAGAGA	0.11
GACAGAGC	0.1
GACAGATA	0.1
GACAGATC	0.1
GACAGCAA	0.11
GACAGCAC	0.11
GACAGCCA	0.1
GACAGCCC	0.1
GACAGCGA	0.09
GACAGCGC	0.1
GACAGCTA	0.08
GACAGCTC	0.09
GACAGGAA	0.34
GACAGGAC	0.12
GACAGGCA	0.11
GACAGGCC	0.1
GACAGGGA	0.12
GACAGGGC	0.08
GACAGGTA	0.11
GACAGGTC	0.09
GACAGTAA	0.1
GACAGTAC	0.1
GACAGTCA	0.09
GACAGTCC	0.1
GACAGTGA	0.09
GACAGTGC	0.09
GACAGTTA	0.09
GACATAAA	0.11
GACATAAC	0.11
GACATACA	0.12
GACATACC	0.1
GACATAGA	0.12
GACATAGC	0.11
GACATATA	0.11
GACATATC	0.11
GACATCAA	0.12
GACATCAC	0.1
GACATCCA	0.11
GACATCCC	0.13
GACATCGA	0.11
GACATCGC	0.08
GACATCTA	0.11
GACATCTC	0.1
GACATGAA	0.11
GACATGAC	0.09
GACATGCA	0.1
GACATGCC	0.1
GACATGGA	0.11
GACATGGC	0.1
GACATGTA	0.1
GACATGTC	0.1
GACATTAA	0.12
GACATTAC	0.12
GACATTCA	0.1
GACATTCC	0.11
GACATTGA	0.1
GACATTGC	0.1
GACATTTA	0.1
GACCAAAA	0.13
GACCAAAC	0.11
GACCAACA	0.11
GACCAACC	0.09
GACCAAGA	0.11
GACCAAGC	0.1
GACCAATA	0.1
GACCAATC	0.1
GACCACAA	0.1
GACCACAC	0.1
GACCACCA	0.09
GACCACCC	0.1
GACCACGA	0.08
GACCACGC	0.09
GACCACTA	0.1
GACCACTC	0.1
GACCAGAA	0.1
GACCAGAC	0.1
GACCAGCA	0.11
GACCAGCC	0.1
GACCAGGA	0.12
GACCAGGC	0.1
GACCAGTA	0.1
GACCAGTC	0.08
GACCATAA	0.1
GACCATAC	0.09
GACCATCA	0.1
GACCATCC	0.11
GACCATGA	0.09
GACCATGC	0.09
GACCATTA	0.11
GACCCAAA	0.1
GACCCAAC	0.09
GACCCACA	0.1
GACCCACC	0.09
GACCCAGA	0.11
GACCCAGC	0.09
GACCCATA	0.11
GACCCATC	0.1
GACCCCAA	0.08
GACCCCAC	0.11
GACCCCCA	0.1
GACCCCCC	0.1
GACCCCGA	0.11
GACCCCGC	0.09
GACCCCTA	0.1
GACCCCTC	0.09
GACCCGAA	0.11
GACCCGAC	0.1
GACCCGCA	0.1
GACCCGCC	0.09
GACCCGGA	0.13
GACCCGGC	0.11
GACCCGTA	0.09
GACCCGTC	0.09
GACCCTAA	0.12
GACCCTAC	0.09
GACCCTCA	0.11
GACCCTCC	0.11
GACCCTGA	0.09
GACCCTGC	0.1
GACCCTTA	0.1
GACCGAAA	0.1
GACCGAAC	0.12
GACCGACA	0.12
GACCGACC	0.11
GACCGAGA	0.11
GACCGAGC	0.09
GACCGATA	0.12
GACCGATC	0.08
GACCGCAA	0.11
GACCGCAC	0.11
GACCGCCA	0.1
GACCGCCC	0.1
GACCGCGA	0.1
GACCGCGC	0.1
GACCGCTA	0.1
GACCGCTC	0.1
GACCGGAA	0.56
GACCGGAC	0.17
GACCGGCA	0.11
GACCGGCC	0.08
GACCGGGA	0.13
GACCGGGC	0.09
GACCGGTA	0.12
GACCGGTC	0.11
GACCGTAA	0.11
GACCGTAC	0.09
GACCGTCA	0.11
GACCGTCC	0.1
GACCGTGA	0.09
GACCGTGC	0.08
GACCGTTA	0.09
GACCTAAA	0.11
GACCTAAC	0.1
GACCTACA	0.1
GACCTACC	0.11
GACCTAGA	0.1
GACCTAGC	0.1
GACCTATA	0.1
GACCTATC	0.1
GACCTCAA	0.1
GACCTCAC	0.1
GACCTCCA	0.1
GACCTCCC	0.1
GACCTCGA	0.1
GACCTCGC	0.09
GACCTCTA	0.09
GACCTCTC	0.1
GACCTGAA	0.11
GACCTGAC	0.1
GACCTGCA	0.09
GACCTGCC	0.1
GACCTGGA	0.09
GACCTGGC	0.1
GACCTGTA	0.09
GACCTTAA	0.1
GACCTTAC	0.1
GACCTTCA	0.1
GACCTTCC	0.12
GACCTTGA	0.11
GACCTTGC	0.1
GACCTTTA	0.12
GACGAAAA	0.11
GACGAAAC	0.11
GACGAACA	0.11
GACGAACC	0.1
GACGAAGA	0.11
GACGAAGC	0.11
GACGAATA	0.11
GACGAATC	0.11
GACGACAA	0.12
GACGACAC	0.12
GACGACCA	0.1
GACGACCC	0.11
GACGACGA	0.1
GACGACGC	0.09
GACGACTA	0.11
GACGACTC	0.1
GACGAGAA	0.11
GACGAGAC	0.09
GACGAGCA	0.1
GACGAGCC	0.09
GACGAGGA	0.1
GACGAGGC	0.1
GACGAGTA	0.1
GACGAGTC	0.09
GACGATAA	0.1
GACGATAC	0.1
GACGATCA	0.08
GACGATCC	0.11
GACGATGA	0.1
GACGATGC	0.09
GACGATTA	0.09
GACGCAAA	0.1
GACGCAAC	0.1
GACGCACA	0.1
GACGCACC	0.1
GACGCAGA	0.1
GACGCAGC	0.1
GACGCATA	0.11
GACGCATC	0.1
GACGCCAA	0.11
GACGCCAC	0.09
GACGCCCA	0.09
GACGCCCC	0.11
GACGCCGA	0.11
GACGCCGC	0.09
GACGCCTA	0.1
GACGCCTC	0.1
GACGCGAA	0.11
GACGCGAC	0.08
GACGCGCA	0.09
GACGCGCC	0.08
GACGCGGA	0.12
GACGCGGC	0.1
GACGCGTA	0.1
GACGCGTC	0.11
GACGCTAA	0.09
GACGCTAC	0.1
GACGCTCA	0.1
GACGCTCC	0.09
GACGCTGA	0.09
GACGCTGC	0.1
GACGCTTA	0.1
GACGGAAA	0.32
GACGGAAC	0.15
GACGGACA	0.13
GACGGACC	0.09
GACGGAGA	0.12
GACGGAGC	0.1
GACGGATA	0.18
GACGGATC	0.1
GACGGCAA	0.09
GACGGCAC	0.09
GACGGCCA	0.1
GACGGCCC	0.1
GACGGCGA	0.1
GACGGCGC	0.09
GACGGCTA	0.09
GACGGCTC	0.1
GACGGGAA	0.13
GACGGGAC	0.1
GACGGGCA	0.1
GACGGGCC	0.09
GACGGGGA	0.11
GACGGGGC	0.09
GACGGGTA	0.1
GACGGTAA	0.1
GACGGTAC	0.11
GACGGTCA	0.09
GACGGTCC	0.1
GACGGTGA	0.1
GACGGTGC	0.09
GACGGTTA	0.11
GACGTAAA	0.13
GACGTAAC	0.1
GACGTACA	0.1
GACGTACC	0.1
GACGTAGA	0.1
GACGTAGC	0.1
GACGTATA	0.1
GACGTATC	0.1
GACGTCAA	0.1
GACGTCAC	0.09
GACGTCCA	0.11
GACGTCCC	0.1
GACGTCGA	0.11
GACGTCGC	0.09
GACGTCTA	0.11
GACGTCTC	0.1
GACGTGAA	0.12
GACGTGAC	0.09
GACGTGCA	0.1
GACGTGCC	0.09
GACGTGGA	0.11
GACGTGGC	0.1
GACGTGTA	0.1
GACGTTAA	0.11
GACGTTAC	0.1
GACGTTCA	0.1
GACGTTCC	0.1
GACGTTGA	0.12
GACGTTGC	0.11
GACGTTTA	0.1
GACTAAAA	0.11
GACTAAAC	0.1
GACTAACA	0.11
GACTAACC	0.1
GACTAAGA	0.1
GACTAAGC	0.09
GACTAATA	0.1
GACTAATC	0.1
GACTACAA	0.1
GACTACAC	0.1
GACTACCA	0.11
GACTACCC	0.11
GACTACGA	0.1
GACTACGC	0.09
GACTACTA	0.1
GACTACTC	0.1
GACTAGAA	0.11
GACTAGAC	0.1
GACTAGCA	0.11
GACTAGCC	0.1
GACTAGGA	0.11
GACTAGGC	0.1
GACTAGTA	0.09
GACTAGTC	0.08
GACTATAA	0.11
GACTATAC	0.1
GACTATCA	0.09
GACTATCC	0.09
GACTATGA	0.09
GACTATGC	0.09
GACTATTA	0.1
GACTCAAA	0.09
GACTCAAC	0.1
GACTCACA	0.09
GACTCACC	0.09
GACTCAGA	0.1
GACTCAGC	0.09
GACTCATA	0.1
GACTCATC	0.09
GACTCCAA	0.09
GACTCCAC	0.09
GACTCCCA	0.1
GACTCCCC	0.11
GACTCCGA	0.11
GACTCCGC	0.1
GACTCCTA	0.1
GACTCCTC	0.1
GACTCGAA	0.1
GACTCGAC	0.1
GACTCGCA	0.1
GACTCGCC	0.09
GACTCGGA	0.1
GACTCGGC	0.09
GACTCGTA	0.09
GACTCTAA	0.1
GACTCTAC	0.09
GACTCTCA	0.09
GACTCTCC	0.1
GACTCTGA	0.09
GACTCTGC	0.1
GACTCTTA	0.12
GACTGAAA	0.1
GACTGAAC	0.1
GACTGACA	0.11
GACTGACC	0.1
GACTGAGA	0.11
GACTGAGC	0.1
GACTGATA	0.09
GACTGATC	0.08
GACTGCAA	0.09
GACTGCAC	0.09
GACTGCCA	0.1
GACTGCCC	0.09
GACTGCGA	0.1
GACTGCGC	0.09
GACTGCTA	0.1
GACTGCTC	0.08
GACTGGAA	0.09
GACTGGAC	0.09
GACTGGCA	0.09
GACTGGCC	0.08
GACTGGGA	0.1
GACTGGGC	0.09
GACTGGTA	0.09
GACTGTAA	0.1
GACTGTAC	0.09
GACTGTCA	0.09
GACTGTCC	0.11
GACTGTGA	0.11
GACTGTGC	0.08
GACTGTTA	0.09
GACTTAAA	0.1
GACTTAAC	0.09
GACTTACA	0.1
GACTTACC	0.08
GACTTAGA	0.1
GACTTAGC	0.1
GACTTATA	0.12
GACTTATC	0.09
GACTTCAA	0.1
GACTTCAC	0.09
GACTTCCA	0.13
GACTTCCC	0.16
GACTTCGA	0.08
GACTTCGC	0.11
GACTTCTA	0.1
GACTTCTC	0.11
GACTTGAA	0.1
GACTTGAC	0.08
GACTTGCA	0.1
GACTTGCC	0.09
GACTTGGA	0.1
GACTTGGC	0.08
GACTTGTA	0.11
GACTTTAA	0.1
GACTTTAC	0.1
GACTTTCA	0.1
GACTTTCC	0.12
GACTTTGA	0.11
GACTTTGC	0.1
GACTTTTA	0.11
GAGAAAAA	0.11
GAGAAAAC	0.13
GAGAAACA	0.12
GAGAAACC	0.1
GAGAAAGA	0.13
GAGAAAGC	0.11
GAGAAATA	0.1
GAGAAATC	0.12
GAGAACAA	0.11
GAGAACAC	0.11
GAGAACCA	0.09
GAGAACCC	0.11
GAGAACGA	0.11
GAGAACGC	0.09
GAGAACTA	0.11
GAGAACTC	0.1
GAGAAGAA	0.12
GAGAAGAC	0.1
GAGAAGCA	0.09
GAGAAGCC	0.11
GAGAAGGA	0.11
GAGAAGGC	0.1
GAGAAGTA	0.11
GAGAATAA	0.11
GAGAATAC	0.1
GAGAATCA	0.1
GAGAATCC	0.1
GAGAATGA	0.11
GAGAATGC	0.1
GAGAATTA	0.1
GAGACAAA	0.11
GAGACAAC	0.11
GAGACACA	0.1
GAGACACC	0.1
GAGACAGA	0.1
GAGACAGC	0.09
GAGACATA	0.09
GAGACATC	0.11
GAGACCAA	0.11
GAGACCAC	0.08
GAGACCCA	0.1
GAGACCCC	0.09
GAGACCGA	0.09
GAGACCGC	0.1
GAGACCTA	0.1
GAGACCTC	0.1
GAGACGAA	0.09
GAGACGAC	0.11
GAGACGCA	0.09
GAGACGCC	0.1
GAGACGGA	0.12
GAGACGGC	0.1
GAGACGTA	0.11
GAGACTAA	0.11
GAGACTAC	0.1
GAGACTCA	0.09
GAGACTCC	0.11
GAGACTGA	0.1
GAGACTGC	0.1
GAGACTTA	0.1
GAGAGAAA	0.13
GAGAGAAC	0.1
GAGAGACA	0.1
GAGAGACC	0.09
GAGAGAGA	0.11
GAGAGAGC	0.1
GAGAGATA	0.12
GAGAGATC	0.11
GAGAGCAA	0.1
GAGAGCAC	0.09
GAGAGCCA	0.09
GAGAGCCC	0.09
GAGAGCGA	0.1
GAGAGCGC	0.09
GAGAGCTA	0.1
GAGAGCTC	0.1
GAGAGGAA	0.17
GAGAGGAC	0.1
GAGAGGCA	0.1
GAGAGGCC	0.11
GAGAGGGA	0.13
GAGAGGGC	0.09
GAGAGGTA	0.1
GAGAGTAA	0.11
GAGAGTAC	0.09
GAGAGTCA	0.09
GAGAGTCC	0.09
GAGAGTGA	0.1
GAGAGTGC	0.1
GAGAGTTA	0.09
GAGATAAA	0.12
GAGATAAC	0.1
GAGATACA	0.11
GAGATACC	0.1
GAGATAGA	0.11
GAGATAGC	0.1
GAGATATA	0.12
GAGATATC	0.11
GAGATCAA	0.12
GAGATCAC	0.09
GAGATCCA	0.09
GAGATCCC	0.11
GAGATCGA	0.1
GAGATCGC	0.1
GAGATCTA	0.09
GAGATCTC	0.1
GAGATGAA	0.12
GAGATGAC	0.1
GAGATGCA	0.1
GAGATGCC	0.09
GAGATGGA	0.11
GAGATGGC	0.1
GAGATGTA	0.11
GAGATTAA	0.1
GAGATTAC	0.12
GAGATTCA	0.11
GAGATTCC	0.11
GAGATTGA	0.1
GAGATTGC	0.09
GAGATTTA	0.09
GAGCAAAA	0.1
GAGCAAAC	0.1
GAGCAACA	0.11
GAGCAACC	0.1
GAGCAAGA	0.11
GAGCAAGC	0.09
GAGCAATA	0.09
GAGCAATC	0.11
GAGCACAA	0.1
GAGCACAC	0.09
GAGCACCA	0.11
GAGCACCC	0.09
GAGCACGA	0.1
GAGCACGC	0.09
GAGCACTA	0.09
GAGCACTC	0.09
GAGCAGAA	0.11
GAGCAGAC	0.1
GAGCAGCA	0.09
GAGCAGCC	0.09
GAGCAGGA	0.14
GAGCAGGC	0.1
GAGCAGTA	0.1
GAGCATAA	0.1
GAGCATAC	0.1
GAGCATCA	0.1
GAGCATCC	0.17
GAGCATGA	0.1
GAGCATGC	0.09
GAGCATTA	0.1
GAGCCAAA	0.09
GAGCCAAC	0.09
GAGCCACA	0.1
GAGCCACC	0.1
GAGCCAGA	0.1
GAGCCAGC	0.09
GAGCCATA	0.1
GAGCCATC	0.09
GAGCCCAA	0.1
GAGCCCAC	0.09
GAGCCCCA	0.1
GAGCCCCC	0.1
GAGCCCGA	0.1
GAGCCCGC	0.09
GAGCCCTA	0.1
GAGCCCTC	0.1
GAGCCGAA	0.11
GAGCCGAC	0.08
GAGCCGCA	0.11
GAGCCGCC	0.09
GAGCCGGA	0.14
GAGCCGGC	0.1
GAGCCGTA	0.1
GAGCCTAA	0.1
GAGCCTAC	0.1
GAGCCTCA	0.09
GAGCCTCC	0.09
GAGCCTGA	0.1
GAGCCTGC	0.09
GAGCCTTA	0.08
GAGCGAAA	0.12
GAGCGAAC	0.11
GAGCGACA	0.1
GAGCGACC	0.09
GAGCGAGA	0.1
GAGCGAGC	0.09
GAGCGATA	0.1
GAGCGATC	0.09
GAGCGCAA	0.09
GAGCGCAC	0.09
GAGCGCCA	0.1
GAGCGCCC	0.08
GAGCGCGA	0.09
GAGCGCGC	0.1
GAGCGCTA	0.09
GAGCGCTC	0.08
GAGCGGAA	0.33
GAGCGGAC	0.1
GAGCGGCA	0.1
GAGCGGCC	0.09
GAGCGGGA	0.11
GAGCGGGC	0.1
GAGCGGTA	0.12
GAGCGTAA	0.11
GAGCGTAC	0.09
GAGCGTCA	0.1
GAGCGTCC	0.11
GAGCGTGA	0.09
GAGCGTGC	0.09
GAGCGTTA	0.09
GAGCTAAA	0.09
GAGCTAAC	0.1
GAGCTACA	0.1
GAGCTACC	0.1
GAGCTAGA	0.09
GAGCTAGC	0.1
GAGCTATA	0.1
GAGCTATC	0.11
GAGCTCAA	0.09
GAGCTCAC	0.09
GAGCTCCA	0.11
GAGCTCCC	0.1
GAGCTCGA	0.09
GAGCTCGC	0.09
GAGCTCTA	0.1
GAGCTGAA	0.1
GAGCTGAC	0.1
GAGCTGCA	0.09
GAGCTGCC	0.09
GAGCTGGA	0.11
GAGCTGGC	0.08
GAGCTGTA	0.1
GAGCTTAA	0.09
GAGCTTAC	0.09
GAGCTTCA	0.11
GAGCTTCC	0.15
GAGCTTGA	0.12
GAGCTTGC	0.09
GAGCTTTA	0.09
GAGGAAAA	0.16
GAGGAAAC	0.21
GAGGAACA	0.11
GAGGAACC	0.11
GAGGAAGA	0.18
GAGGAAGC	0.2
GAGGAATA	0.11
GAGGAATC	0.12
GAGGACAA	0.1
GAGGACAC	0.11
GAGGACCA	0.1
GAGGACCC	0.09
GAGGACGA	0.1
GAGGACGC	0.11
GAGGACTA	0.09
GAGGACTC	0.09
GAGGAGAA	0.1
GAGGAGAC	0.09
GAGGAGCA	0.1
GAGGAGCC	0.1
GAGGAGGA	0.12
GAGGAGGC	0.09
GAGGAGTA	0.1
GAGGATAA	0.1
GAGGATAC	0.16
GAGGATCA	0.1
GAGGATCC	0.1
GAGGATGA	0.14
GAGGATGC	0.18
GAGGATTA	0.11
GAGGCAAA	0.11
GAGGCAAC	0.09
GAGGCACA	0.1
GAGGCACC	0.09
GAGGCAGA	0.1
GAGGCAGC	0.1
GAGGCATA	0.1
GAGGCATC	0.11
GAGGCCAA	0.09
GAGGCCAC	0.09
GAGGCCCA	0.09
GAGGCCCC	0.09
GAGGCCGA	0.09
GAGGCCGC	0.09
GAGGCCTA	0.1
GAGGCCTC	0.09
GAGGCGAA	0.1
GAGGCGAC	0.11
GAGGCGCA	0.1
GAGGCGCC	0.09
GAGGCGGA	0.11
GAGGCGGC	0.09
GAGGCGTA	0.1
GAGGCTAA	0.1
GAGGCTAC	0.1
GAGGCTCA	0.1
GAGGCTCC	0.09
GAGGCTGA	0.1
GAGGCTGC	0.1
GAGGCTTA	0.09
GAGGGAAA	0.12
GAGGGAAC	0.11
GAGGGACA	0.1
GAGGGACC	0.1
GAGGGAGA	0.1
GAGGGAGC	0.09
GAGGGATA	0.11
GAGGGATC	0.09
GAGGGCAA	0.11
GAGGGCAC	0.09
GAGGGCCA	0.09
GAGGGCCC	0.08
GAGGGCGA	0.1
GAGGGCGC	0.09
GAGGGCTA	0.09
GAGGGGAA	0.14
GAGGGGAC	0.08
GAGGGGCA	0.12
GAGGGGCC	0.1
GAGGGGGA	0.11
GAGGGGGC	0.1
GAGGGGTA	0.11
GAGGGTAA	0.09
GAGGGTAC	0.09
GAGGGTCA	0.11
GAGGGTCC	0.1
GAGGGTGA	0.1
GAGGGTGC	0.08
GAGGGTTA	0.1
GAGGTAAA	0.11
GAGGTAAC	0.1
GAGGTACA	0.11
GAGGTACC	0.09
GAGGTAGA	0.1
GAGGTAGC	0.09
GAGGTATA	0.12
GAGGTATC	0.1
GAGGTCAA	0.1
GAGGTCAC	0.1
GAGGTCCA	0.1
GAGGTCCC	0.11
GAGGTCGA	0.09
GAGGTCGC	0.11
GAGGTCTA	0.09
GAGGTGAA	0.11
GAGGTGAC	0.11
GAGGTGCA	0.1
GAGGTGCC	0.1
GAGGTGGA	0.1
GAGGTGGC	0.1
GAGGTGTA	0.1
GAGGTTAA	0.1
GAGGTTAC	0.09
GAGGTTCA	0.1
GAGGTTCC	0.11
GAGGTTGA	0.1
GAGGTTGC	0.09
GAGGTTTA	0.11
GAGTAAAA	0.1
GAGTAAAC	0.11
GAGTAACA	0.1
GAGTAACC	0.13
GAGTAAGA	0.13
GAGTAAGC	0.11
GAGTAATA	0.11
GAGTAATC	0.09
GAGTACAA	0.11
GAGTACAC	0.08
GAGTACCA	0.1
GAGTACCC	0.09
GAGTACGA	0.1
GAGTACGC	0.1
GAGTACTA	0.11
GAGTACTC	0.09
GAGTAGAA	0.11
GAGTAGAC	0.11
GAGTAGCA	0.1
GAGTAGCC	0.09
GAGTAGGA	0.12
GAGTAGGC	0.1
GAGTAGTA	0.12
GAGTATAA	0.1
GAGTATAC	0.11
GAGTATCA	0.09
GAGTATCC	0.13
GAGTATGA	0.1
GAGTATGC	0.1
GAGTATTA	0.1
GAGTCAAA	0.1
GAGTCAAC	0.1
GAGTCACA	0.1
GAGTCACC	0.1
GAGTCAGA	0.1
GAGTCAGC	0.1
GAGTCATA	0.1
GAGTCATC	0.09
GAGTCCAA	0.1
GAGTCCAC	0.1
GAGTCCCA	0.09
GAGTCCCC	0.1
GAGTCCGA	0.11
GAGTCCGC	0.09
GAGTCCTA	0.1
GAGTCGAA	0.1
GAGTCGAC	0.09
GAGTCGCA	0.08
GAGTCGCC	0.1
GAGTCGGA	0.11
GAGTCGGC	0.09
GAGTCGTA	0.08
GAGTCTAA	0.1
GAGTCTAC	0.09
GAGTCTCA	0.11
GAGTCTCC	0.1
GAGTCTGA	0.1
GAGTCTGC	0.08
GAGTCTTA	0.1
GAGTGAAA	0.13
GAGTGAAC	0.09
GAGTGACA	0.09
GAGTGACC	0.1
GAGTGAGA	0.11
GAGTGAGC	0.09
GAGTGATA	0.1
GAGTGATC	0.09
GAGTGCAA	0.11
GAGTGCAC	0.08
GAGTGCCA	0.1
GAGTGCCC	0.09
GAGTGCGA	0.11
GAGTGCGC	0.1
GAGTGCTA	0.1
GAGTGGAA	0.14
GAGTGGAC	0.1
GAGTGGCA	0.11
GAGTGGCC	0.08
GAGTGGGA	0.1
GAGTGGGC	0.1
GAGTGGTA	0.1
GAGTGTAA	0.11
GAGTGTAC	0.09
GAGTGTCA	0.11
GAGTGTCC	0.1
GAGTGTGA	0.11
GAGTGTGC	0.1
GAGTGTTA	0.09
GAGTTAAA	0.1
GAGTTAAC	0.1
GAGTTACA	0.1
GAGTTACC	0.1
GAGTTAGA	0.1
GAGTTAGC	0.11
GAGTTATA	0.1
GAGTTATC	0.1
GAGTTCAA	0.1
GAGTTCAC	0.1
GAGTTCCA	0.1
GAGTTCCC	0.11
GAGTTCGA	0.1
GAGTTCGC	0.1
GAGTTCTA	0.1
GAGTTGAA	0.11
GAGTTGAC	0.1
GAGTTGCA	0.1
GAGTTGCC	0.11
GAGTTGGA	0.1
GAGTTGGC	0.1
GAGTTGTA	0.11
GAGTTTAA	0.12
GAGTTTAC	0.11
GAGTTTCA	0.1
GAGTTTCC	0.19
GAGTTTGA	0.11
GAGTTTGC	0.11
GAGTTTTA	0.09
GATAAAAA	0.14
GATAAAAC	0.11
GATAAACA	0.11
GATAAACC	0.11
GATAAAGA	0.11
GATAAAGC	0.12
GATAAATA	0.1
GATAAATC	0.13
GATAACAA	0.12
GATAACAC	0.1
GATAACCA	0.1
GATAACCC	0.1
GATAACGA	0.11
GATAACGC	0.12
GATAACTA	0.11
GATAAGAA	0.1
GATAAGAC	0.11
GATAAGCA	0.12
GATAAGCC	0.1
GATAAGGA	0.1
GATAAGGC	0.11
GATAAGTA	0.11
GATAATAA	0.13
GATAATAC	0.11
GATAATCA	0.1
GATAATCC	0.12
GATAATGA	0.12
GATAATGC	0.1
GATAATTA	0.09
GATACAAA	0.14
GATACAAC	0.12
GATACACA	0.09
GATACACC	0.11
GATACAGA	0.1
GATACAGC	0.12
GATACATA	0.1
GATACATC	0.11
GATACCAA	0.1
GATACCAC	0.11
GATACCCA	0.11
GATACCCC	0.1
GATACCGA	0.11
GATACCGC	0.1
GATACCTA	0.1
GATACGAA	0.09
GATACGAC	0.11
GATACGCA	0.1
GATACGCC	0.11
GATACGGA	0.13
GATACGGC	0.1
GATACGTA	0.1
GATACTAA	0.12
GATACTAC	0.1
GATACTCA	0.1
GATACTCC	0.1
GATACTGA	0.1
GATACTGC	0.09
GATACTTA	0.1
GATAGAAA	0.12
GATAGAAC	0.12
GATAGACA	0.11
GATAGACC	0.09
GATAGAGA	0.09
GATAGAGC	0.1
GATAGATA	0.12
GATAGATC	0.1
GATAGCAA	0.1
GATAGCAC	0.11
GATAGCCA	0.1
GATAGCCC	0.11
GATAGCGA	0.1
GATAGCGC	0.11
GATAGCTA	0.09
GATAGGAA	0.15
GATAGGAC	0.1
GATAGGCA	0.1
GATAGGCC	0.1
GATAGGGA	0.12
GATAGGGC	0.1
GATAGGTA	0.1
GATAGTAA	0.11
GATAGTAC	0.1
GATAGTCA	0.09
GATAGTCC	0.09
GATAGTGA	0.11
GATAGTGC	0.11
GATAGTTA	0.1
GATATAAA	0.14
GATATAAC	0.11
GATATACA	0.11
GATATACC	0.13
GATATAGA	0.1
GATATAGC	0.13
GATATATA	0.12
GATATATC	0.17
GATATCAA	0.12
GATATCAC	0.09
GATATCCA	0.13
GATATCCC	0.11
GATATCGA	0.12
GATATCGC	0.1
GATATCTA	0.1
GATATGAA	0.12
GATATGAC	0.12
GATATGCA	0.13
GATATGCC	0.12
GATATGGA	0.13
GATATGGC	0.09
GATATGTA	0.1
GATATTAA	0.12
GATATTAC	0.13
GATATTCA	0.11
GATATTCC	0.12
GATATTGA	0.13
GATATTGC	0.12
GATATTTA	0.12
GATCAAAA	0.1
GATCAAAC	0.1
GATCAACA	0.11
GATCAACC	0.1
GATCAAGA	0.09
GATCAAGC	0.1
GATCAATA	0.11
GATCAATC	0.11
GATCACAA	0.12
GATCACAC	0.1
GATCACCA	0.09
GATCACCC	0.11
GATCACGA	0.1
GATCACGC	0.11
GATCACTA	0.1
GATCAGAA	0.11
GATCAGAC	0.08
GATCAGCA	0.11
GATCAGCC	0.09
GATCAGGA	0.13
GATCAGGC	0.11
GATCAGTA	0.1
GATCATAA	0.11
GATCATAC	0.09
GATCATCA	0.1
GATCATCC	0.12
GATCATGA	0.11
GATCATGC	0.1
GATCATTA	0.1
GATCCAAA	0.11
GATCCAAC	0.1
GATCCACA	0.12
GATCCACC	0.1
GATCCAGA	0.11
GATCCAGC	0.09
GATCCATA	0.09
GATCCATC	0.11
GATCCCAA	0.11
GATCCCAC	0.11
GATCCCCA	0.09
GATCCCCC	0.1
GATCCCGA	0.1
GATCCCGC	0.1
GATCCCTA	0.1
GATCCGAA	0.11
GATCCGAC	0.1
GATCCGCA	0.1
GATCCGCC	0.12
GATCCGGA	0.21
GATCCGGC	0.15
GATCCGTA	0.12
GATCCTAA	0.09
GATCCTAC	0.08
GATCCTCA	0.11
GATCCTCC	0.1
GATCCTGA	0.11
GATCCTGC	0.11
GATCCTTA	0.11
GATCGAAA	0.1
GATCGAAC	0.1
GATCGACA	0.11
GATCGACC	0.11
GATCGAGA	0.11
GATCGAGC	0.1
GATCGATA	0.1
GATCGATC	0.09
GATCGCAA	0.1
GATCGCAC	0.09
GATCGCCA	0.09
GATCGCCC	0.09
GATCGCGA	0.1
GATCGCGC	0.09
GATCGCTA	0.09
GATCGGAA	0.15
GATCGGAC	0.09
GATCGGCA	0.09
GATCGGCC	0.1
GATCGGGA	0.1
GATCGGGC	0.09
GATCGGTA	0.12
GATCGTAA	0.1
GATCGTAC	0.1
GATCGTCA	0.09
GATCGTCC	0.1
GATCGTGA	0.1
GATCGTGC	0.09
GATCGTTA	0.09
GATCTAAA	0.1
GATCTAAC	0.1
GATCTACA	0.11
GATCTACC	0.11
GATCTAGA	0.1
GATCTAGC	0.09
GATCTATA	0.1
GATCTCAA	0.1
GATCTCAC	0.1
GATCTCCA	0.11
GATCTCCC	0.1
GATCTCGA	0.1
GATCTCGC	0.1
GATCTCTA	0.1
GATCTGAA	0.1
GATCTGAC	0.09
GATCTGCA	0.08
GATCTGCC	0.09
GATCTGGA	0.1
GATCTGGC	0.1
GATCTGTA	0.09
GATCTTAA	0.12
GATCTTAC	0.1
GATCTTCA	0.1
GATCTTCC	0.13
GATCTTGA	0.11
GATCTTGC	0.1
GATCTTTA	0.12
GATGAAAA	0.12
GATGAAAC	0.11
GATGAACA	0.12
GATGAACC	0.12
GATGAAGA	0.11
GATGAAGC	0.1
GATGAATA	0.12
GATGAATC	0.1
GATGACAA	0.11
GATGACAC	0.1
GATGACCA	0.08
GATGACCC	0.1
GATGACGA	0.11
GATGACGC	0.11
GATGACTA	0.11
GATGAGAA	0.11
GATGAGAC	0.11
GATGAGCA	0.1
GATGAGCC	0.11
GATGAGGA	0.12
GATGAGGC	0.1
GATGAGTA	0.12
GATGATAA	0.1
GATGATAC	0.11
GATGATCA	0.1
GATGATCC	0.1
GATGATGA	0.1
GATGATGC	0.09
GATGATTA	0.1
GATGCAAA	0.12
GATGCAAC	0.12
GATGCACA	0.1
GATGCACC	0.09
GATGCAGA	0.1
GATGCAGC	0.11
GATGCATA	0.11
GATGCATC	0.12
GATGCCAA	0.1
GATGCCAC	0.1
GATGCCCA	0.1
GATGCCCC	0.11
GATGCCGA	0.1
GATGCCGC	0.1
GATGCCTA	0.11
GATGCGAA	0.13
GATGCGAC	0.12
GATGCGCA	0.11
GATGCGCC	0.1
GATGCGGA	0.11
GATGCGGC	0.1
GATGCGTA	0.11
GATGCTAA	0.11
GATGCTAC	0.11
GATGCTCA	0.11
GATGCTCC	0.11
GATGCTGA	0.11
GATGCTGC	0.1
GATGCTTA	0.11
GATGGAAA	0.11
GATGGAAC	0.11
GATGGACA	0.1
GATGGACC	0.12
GATGGAGA	0.11
GATGGAGC	0.11
GATGGATA	0.12
GATGGCAA	0.1
GATGGCAC	0.1
GATGGCCA	0.1
GATGGCCC	0.1
GATGGCGA	0.1
GATGGCGC	0.09
GATGGCTA	0.1
GATGGGAA	0.1
GATGGGAC	0.09
GATGGGCA	0.09
GATGGGCC	0.1
GATGGGGA	0.11
GATGGGGC	0.11
GATGGGTA	0.12
GATGGTAA	0.11
GATGGTAC	0.1
GATGGTCA	0.1
GATGGTCC	0.1
GATGGTGA	0.1
GATGGTGC	0.09
GATGGTTA	0.1
GATGTAAA	0.11
GATGTAAC	0.1
GATGTACA	0.12
GATGTACC	0.1
GATGTAGA	0.12
GATGTAGC	0.1
GATGTATA	0.1
GATGTCAA	0.12
GATGTCAC	0.11
GATGTCCA	0.12
GATGTCCC	0.11
GATGTCGA	0.12
GATGTCGC	0.1
GATGTCTA	0.1
GATGTGAA	0.11
GATGTGAC	0.13
GATGTGCA	0.1
GATGTGCC	0.11
GATGTGGA	0.14
GATGTGGC	0.1
GATGTGTA	0.12
GATGTTAA	0.12
GATGTTAC	0.11
GATGTTCA	0.09
GATGTTCC	0.13
GATGTTGA	0.11
GATGTTGC	0.13
GATGTTTA	0.11
GATTAAAA	0.12
GATTAAAC	0.12
GATTAACA	0.1
GATTAACC	0.1
GATTAAGA	0.13
GATTAAGC	0.1
GATTAATA	0.11
GATTAATC	0.12
GATTACAA	0.12
GATTACAC	0.1
GATTACCA	0.1
GATTACCC	0.1
GATTACGA	0.11
GATTACGC	0.1
GATTACTA	0.1
GATTAGAA	0.11
GATTAGAC	0.1
GATTAGCA	0.11
GATTAGCC	0.09
GATTAGGA	0.12
GATTAGGC	0.13
GATTAGTA	0.1
GATTATAA	0.1
GATTATAC	0.11
GATTATCA	0.1
GATTATCC	0.12
GATTATGA	0.1
GATTATGC	0.11
GATTATTA	0.11
GATTCAAA	0.11
GATTCAAC	0.1
GATTCACA	0.1
GATTCACC	0.1
GATTCAGA	0.1
GATTCAGC	0.1
GATTCATA	0.1
GATTCCAA	0.1
GATTCCAC	0.11
GATTCCCA	0.11
GATTCCCC	0.11
GATTCCGA	0.11
GATTCCGC	0.12
GATTCCTA	0.11
GATTCGAA	0.11
GATTCGAC	0.11
GATTCGCA	0.1
GATTCGCC	0.09
GATTCGGA	0.14
GATTCGGC	0.1
GATTCGTA	0.11
GATTCTAA	0.1
GATTCTAC	0.11
GATTCTCA	0.1
GATTCTCC	0.1
GATTCTGA	0.09
GATTCTGC	0.1
GATTCTTA	0.11
GATTGAAA	0.1
GATTGAAC	0.11
GATTGACA	0.11
GATTGACC	0.1
GATTGAGA	0.11
GATTGAGC	0.1
GATTGATA	0.1
GATTGCAA	0.11
GATTGCAC	0.1
GATTGCCA	0.1
GATTGCCC	0.1
GATTGCGA	0.09
GATTGCGC	0.1
GATTGCTA	0.09
GATTGGAA	0.11
GATTGGAC	0.1
GATTGGCA	0.09
GATTGGCC	0.1
GATTGGGA	0.11
GATTGGGC	0.11
GATTGGTA	0.1
GATTGTAA	0.1
GATTGTAC	0.09
GATTGTCA	0.1
GATTGTCC	0.11
GATTGTGA	0.12
GATTGTGC	0.09
GATTGTTA	0.1
GATTTAAA	0.12
GATTTAAC	0.1
GATTTACA	0.09
GATTTACC	0.15
GATTTAGA	0.11
GATTTAGC	0.11
GATTTATA	0.11
GATTTCAA	0.11
GATTTCAC	0.1
GATTTCCA	0.1
GATTTCCC	0.14
GATTTCGA	0.1
GATTTCGC	0.12
GATTTCTA	0.11
GATTTGAA	0.12
GATTTGAC	0.11
GATTTGCA	0.1
GATTTGCC	0.12
GATTTGGA	0.11
GATTTGGC	0.11
GATTTGTA	0.13
GATTTTAA	0.12
GATTTTAC	0.12
GATTTTCA	0.12
GATTTTCC	0.12
GATTTTGA	0.12
GATTTTGC	0.11
GATTTTTA	0.11
GCAAAAAA	0.11
GCAAAAAC	0.12
GCAAAACA	0.1
GCAAAACC	0.1
GCAAAAGA	0.09
GCAAAAGC	0.11
GCAAAATA	0.12
GCAAACAA	0.12
GCAAACAC	0.1
GCAAACCA	0.1
GCAAACCC	0.1
GCAAACGA	0.1
GCAAACGC	0.1
GCAAACTA	0.11
GCAAAGAA	0.11
GCAAAGAC	0.09
GCAAAGCA	0.09
GCAAAGCC	0.08
GCAAAGGA	0.11
GCAAAGGC	0.1
GCAAAGTA	0.1
GCAAATAA	0.11
GCAAATAC	0.11
GCAAATCA	0.1
GCAAATCC	0.11
GCAAATGA	0.1
GCAAATGC	0.1
GCAAATTA	0.13
GCAACAAA	0.11
GCAACAAC	0.11
GCAACACA	0.09
GCAACACC	0.1
GCAACAGA	0.1
GCAACAGC	0.09
GCAACATA	0.11
GCAACCAA	0.11
GCAACCAC	0.1
GCAACCCA	0.1
GCAACCCC	0.1
GCAACCGA	0.11
GCAACCGC	0.09
GCAACCTA	0.1
GCAACGAA	0.1
GCAACGAC	0.1
GCAACGCA	0.1
GCAACGCC	0.09
GCAACGGA	0.15
GCAACGGC	0.09
GCAACGTA	0.1
GCAACTAA	0.12
GCAACTAC	0.1
GCAACTCA	0.1
GCAACTCC	0.1
GCAACTGA	0.12
GCAACTGC	0.11
GCAACTTA	0.1
GCAAGAAA	0.1
GCAAGAAC	0.11
GCAAGACA	0.09
GCAAGACC	0.11
GCAAGAGA	0.08
GCAAGAGC	0.1
GCAAGATA	0.1
GCAAGCAA	0.1
GCAAGCAC	0.09
GCAAGCCA	0.1
GCAAGCCC	0.09
GCAAGCGA	0.1
GCAAGCGC	0.1
GCAAGCTA	0.09
GCAAGGAA	0.17
GCAAGGAC	0.1
GCAAGGCA	0.1
GCAAGGCC	0.09
GCAAGGGA	0.1
GCAAGGGC	0.1
GCAAGGTA	0.1
GCAAGTAA	0.11
GCAAGTAC	0.09
GCAAGTCA	0.09
GCAAGTCC	0.09
GCAAGTGA	0.09
GCAAGTGC	0.09
GCAAGTTA	0.09
GCAATAAA	0.14
GCAATAAC	0.1
GCAATACA	0.11
GCAATACC	0.1
GCAATAGA	0.09
GCAATAGC	0.1
GCAATATA	0.11
GCAATCAA	0.1
GCAATCAC	0.1
GCAATCCA	0.09
GCAATCCC	0.1
GCAATCGA	0.1
GCAATCGC	0.1
GCAATCTA	0.11
GCAATGAA	0.09
GCAATGAC	0.1
GCAATGCA	0.09
GCAATGCC	0.11
GCAATGGA	0.1
GCAATGGC	0.1
GCAATGTA	0.1
GCAATTAA	0.1
GCAATTAC	0.1
GCAATTCA	0.1
GCAATTCC	0.11
GCAATTGA	0.11
GCAATTGC	0.11
GCAATTTA	0.1
GCACAAAA	0.11
GCACAAAC	0.11
GCACAACA	0.11
GCACAACC	0.1
GCACAAGA	0.1
GCACAAGC	0.1
GCACAATA	0.1
GCACACAA	0.1
GCACACAC	0.11
GCACACCA	0.09
GCACACCC	0.09
GCACACGA	0.1
GCACACGC	0.1
GCACACTA	0.1
GCACAGAA	0.1
GCACAGAC	0.1
GCACAGCA	0.1
GCACAGCC	0.1
GCACAGGA	0.15
GCACAGGC	0.09
GCACAGTA	0.09
GCACATAA	0.1
GCACATAC	0.11
GCACATCA	0.09
GCACATCC	0.15
GCACATGA	0.09
GCACATGC	0.11
GCACATTA	0.09
GCACCAAA	0.11
GCACCAAC	0.11
GCACCACA	0.1
GCACCACC	0.12
GCACCAGA	0.1
GCACCAGC	0.1
GCACCATA	0.09
GCACCCAA	0.1
GCACCCAC	0.09
GCACCCCA	0.11
GCACCCCC	0.1
GCACCCGA	0.1
GCACCCGC	0.1
GCACCCTA	0.09
GCACCGAA	0.09
GCACCGAC	0.12
GCACCGCA	0.1
GCACCGCC	0.1
GCACCGGA	0.2
GCACCGGC	0.1
GCACCGTA	0.11
GCACCTAA	0.11
GCACCTAC	0.09
GCACCTCA	0.1
GCACCTCC	0.1
GCACCTGA	0.09
GCACCTGC	0.1
GCACCTTA	0.1
GCACGAAA	0.1
GCACGAAC	0.1
GCACGACA	0.09
GCACGACC	0.1
GCACGAGA	0.1
GCACGAGC	0.09
GCACGATA	0.1
GCACGCAA	0.09
GCACGCAC	0.09
GCACGCCA	0.09
GCACGCCC	0.11
GCACGCGA	0.11
GCACGCGC	0.11
GCACGCTA	0.11
GCACGGAA	0.14
GCACGGAC	0.12
GCACGGCA	0.09
GCACGGCC	0.09
GCACGGGA	0.12
GCACGGGC	0.08
GCACGGTA	0.09
GCACGTAA	0.09
GCACGTAC	0.09
GCACGTCA	0.09
GCACGTCC	0.11
GCACGTGA	0.09
GCACGTGC	0.11
GCACGTTA	0.09
GCACTAAA	0.1
GCACTAAC	0.1
GCACTACA	0.09
GCACTACC	0.1
GCACTAGA	0.1
GCACTAGC	0.1
GCACTATA	0.09
GCACTCAA	0.1
GCACTCAC	0.09
GCACTCCA	0.09
GCACTCCC	0.1
GCACTCGA	0.11
GCACTCGC	0.09
GCACTCTA	0.11
GCACTGAA	0.1
GCACTGAC	0.1
GCACTGCA	0.09
GCACTGCC	0.11
GCACTGGA	0.1
GCACTGGC	0.09
GCACTGTA	0.09
GCACTTAA	0.11
GCACTTAC	0.1
GCACTTCA	0.09
GCACTTCC	0.27
GCACTTGA	0.1
GCACTTTA	0.11
GCAGAAAA	0.12
GCAGAAAC	0.09
GCAGAACA	0.1
GCAGAACC	0.09
GCAGAAGA	0.11
GCAGAAGC	0.09
GCAGAATA	0.1
GCAGACAA	0.11
GCAGACAC	0.11
GCAGACCA	0.1
GCAGACCC	0.1
GCAGACGA	0.1
GCAGACGC	0.1
GCAGACTA	0.09
GCAGAGAA	0.12
GCAGAGAC	0.09
GCAGAGCA	0.11
GCAGAGCC	0.1
GCAGAGGA	0.11
GCAGAGGC	0.09
GCAGAGTA	0.1
GCAGATAA	0.1
GCAGATAC	0.1
GCAGATCA	0.08
GCAGATCC	0.09
GCAGATGA	0.09
GCAGATGC	0.09
GCAGATTA	0.1
GCAGCAAA	0.1
GCAGCAAC	0.1
GCAGCACA	0.11
GCAGCACC	0.09
GCAGCAGA	0.09
GCAGCAGC	0.09
GCAGCATA	0.09
GCAGCCAA	0.09
GCAGCCAC	0.1
GCAGCCCA	0.1
GCAGCCCC	0.1
GCAGCCGA	0.1
GCAGCCGC	0.1
GCAGCCTA	0.11
GCAGCGAA	0.1
GCAGCGAC	0.1
GCAGCGCA	0.09
GCAGCGCC	0.1
GCAGCGGA	0.15
GCAGCGGC	0.1
GCAGCGTA	0.09
GCAGCTAA	0.09
GCAGCTAC	0.1
GCAGCTCA	0.1
GCAGCTCC	0.09
GCAGCTGA	0.1
GCAGCTGC	0.11
GCAGCTTA	0.1
GCAGGAAA	0.31
GCAGGAAC	0.15
GCAGGACA	0.13
GCAGGACC	0.09
GCAGGAGA	0.11
GCAGGAGC	0.09
GCAGGATA	0.21
GCAGGCAA	0.1
GCAGGCAC	0.09
GCAGGCCA	0.09
GCAGGCCC	0.08
GCAGGCGA	0.1
GCAGGCGC	0.1
GCAGGCTA	0.11
GCAGGGAA	0.12
GCAGGGAC	0.1
GCAGGGCA	0.09
GCAGGGCC	0.1
GCAGGGGA	0.11
GCAGGGGC	0.1
GCAGGGTA	0.1
GCAGGTAA	0.11
GCAGGTAC	0.09
GCAGGTCA	0.08
GCAGGTCC	0.1
GCAGGTGA	0.09
GCAGGTTA	0.09
GCAGTAAA	0.12
GCAGTAAC	0.09
GCAGTACA	0.1
GCAGTACC	0.1
GCAGTAGA	0.09
GCAGTAGC	0.1
GCAGTATA	0.1
GCAGTCAA	0.1
GCAGTCAC	0.09
GCAGTCCA	0.1
GCAGTCCC	0.1
GCAGTCGA	0.09
GCAGTCGC	0.1
GCAGTCTA	0.1
GCAGTGAA	0.11
GCAGTGAC	0.1
GCAGTGCA	0.1
GCAGTGCC	0.1
GCAGTGGA	0.11
GCAGTGGC	0.1
GCAGTGTA	0.08
GCAGTTAA	0.09
GCAGTTAC	0.1
GCAGTTCA	0.1
GCAGTTCC	0.12
GCAGTTGA	0.11
GCAGTTTA	0.1
GCATAAAA	0.11
GCATAAAC	0.11
GCATAACA	0.11
GCATAACC	0.11
GCATAAGA	0.09
GCATAAGC	0.09
GCATAATA	0.13
GCATACAA	0.11
GCATACAC	0.09
GCATACCA	0.1
GCATACCC	0.1
GCATACGA	0.09
GCATACGC	0.1
GCATACTA	0.1
GCATAGAA	0.11
GCATAGAC	0.09
GCATAGCA	0.1
GCATAGCC	0.09
GCATAGGA	0.11
GCATAGGC	0.09
GCATAGTA	0.11
GCATATAA	0.13
GCATATAC	0.09
GCATATCA	0.1
GCATATCC	0.17
GCATATGA	0.1
GCATATGC	0.1
GCATATTA	0.09
GCATCAAA	0.1
GCATCAAC	0.1
GCATCACA	0.09
GCATCACC	0.1
GCATCAGA	0.1
GCATCAGC	0.1
GCATCATA	0.11
GCATCCAA	0.1
GCATCCAC	0.1
GCATCCCA	0.11
GCATCCCC	0.12
GCATCCGA	0.16
GCATCCGC	0.34
GCATCCTA	0.14
GCATCGAA	0.1
GCATCGAC	0.1
GCATCGCA	0.09
GCATCGCC	0.1
GCATCGGA	0.1
GCATCGGC	0.1
GCATCGTA	0.12
GCATCTAA	0.11
GCATCTAC	0.09
GCATCTCA	0.1
GCATCTCC	0.09
GCATCTGA	0.09
GCATCTTA	0.09
GCATGAAA	0.13
GCATGAAC	0.09
GCATGACA	0.1
GCATGACC	0.09
GCATGAGA	0.1
GCATGAGC	0.08
GCATGATA	0.1
GCATGCAA	0.09
GCATGCAC	0.08
GCATGCCA	0.09
GCATGCCC	0.1
GCATGCGA	0.09
GCATGCGC	0.09
GCATGCTA	0.09
GCATGGAA	0.1
GCATGGAC	0.1
GCATGGCA	0.1
GCATGGCC	0.09
GCATGGGA	0.1
GCATGGGC	0.08
GCATGGTA	0.1
GCATGTAA	0.1
GCATGTAC	0.09
GCATGTCA	0.1
GCATGTCC	0.09
GCATGTGA	0.09
GCATGTTA	0.09
GCATTAAA	0.1
GCATTAAC	0.11
GCATTACA	0.1
GCATTACC	0.1
GCATTAGA	0.1
GCATTAGC	0.09
GCATTATA	0.1
GCATTCAA	0.1
GCATTCAC	0.11
GCATTCCA	0.09
GCATTCCC	0.1
GCATTCGA	0.1
GCATTCGC	0.1
GCATTCTA	0.1
GCATTGAA	0.1
GCATTGAC	0.11
GCATTGCA	0.1
GCATTGCC	0.1
GCATTGGA	0.1
GCATTGGC	0.1
GCATTGTA	0.1
GCATTTAA	0.11
GCATTTAC	0.09
GCATTTCA	0.11
GCATTTCC	0.28
GCATTTGA	0.09
GCATTTTA	0.11
GCCAAAAA	0.11
GCCAAAAC	0.09
GCCAAACA	0.11
GCCAAACC	0.11
GCCAAAGA	0.1
GCCAAAGC	0.09
GCCAAATA	0.1
GCCAACAA	0.1
GCCAACAC	0.1
GCCAACCA	0.1
GCCAACCC	0.1
GCCAACGA	0.1
GCCAACGC	0.08
GCCAACTA	0.1
GCCAAGAA	0.11
GCCAAGAC	0.1
GCCAAGCA	0.1
GCCAAGCC	0.1
GCCAAGGA	0.11
GCCAAGGC	0.09
GCCAAGTA	0.1
GCCAATAA	0.11
GCCAATAC	0.11
GCCAATCA	0.1
GCCAATCC	0.1
GCCAATGA	0.1
GCCAATTA	0.1
GCCACAAA	0.1
GCCACAAC	0.11
GCCACACA	0.11
GCCACACC	0.1
GCCACAGA	0.09
GCCACAGC	0.09
GCCACATA	0.1
GCCACCAA	0.1
GCCACCAC	0.1
GCCACCCA	0.09
GCCACCCC	0.1
GCCACCGA	0.1
GCCACCGC	0.09
GCCACCTA	0.08
GCCACGAA	0.09
GCCACGAC	0.11
GCCACGCA	0.09
GCCACGCC	0.1
GCCACGGA	0.11
GCCACGGC	0.1
GCCACGTA	0.09
GCCACTAA	0.09
GCCACTAC	0.1
GCCACTCA	0.1
GCCACTCC	0.09
GCCACTGA	0.12
GCCACTTA	0.08
GCCAGAAA	0.12
GCCAGAAC	0.1
GCCAGACA	0.11
GCCAGACC	0.1
GCCAGAGA	0.11
GCCAGAGC	0.09
GCCAGATA	0.1
GCCAGCAA	0.09
GCCAGCAC	0.1
GCCAGCCA	0.09
GCCAGCCC	0.09
GCCAGCGA	0.1
GCCAGCGC	0.09
GCCAGCTA	0.1
GCCAGGAA	0.15
GCCAGGAC	0.1
GCCAGGCA	0.1
GCCAGGCC	0.1
GCCAGGGA	0.1
GCCAGGGC	0.09
GCCAGGTA	0.1
GCCAGTAA	0.1
GCCAGTAC	0.1
GCCAGTCA	0.08
GCCAGTCC	0.09
GCCAGTGA	0.1
GCCAGTTA	0.1
GCCATAAA	0.1
GCCATAAC	0.1
GCCATACA	0.09
GCCATACC	0.1
GCCATAGA	0.09
GCCATAGC	0.08
GCCATATA	0.1
GCCATCAA	0.09
GCCATCAC	0.1
GCCATCCA	0.1
GCCATCCC	0.1
GCCATCGA	0.09
GCCATCGC	0.09
GCCATCTA	0.09
GCCATGAA	0.1
GCCATGAC	0.09
GCCATGCA	0.1
GCCATGCC	0.09
GCCATGGA	0.1
GCCATGGC	0.08
GCCATGTA	0.1
GCCATTAA	0.12
GCCATTAC	0.1
GCCATTCA	0.1
GCCATTCC	0.1
GCCATTGA	0.1
GCCATTTA	0.1
GCCCAAAA	0.1
GCCCAAAC	0.1
GCCCAACA	0.11
GCCCAACC	0.09
GCCCAAGA	0.11
GCCCAAGC	0.11
GCCCAATA	0.08
GCCCACAA	0.1
GCCCACAC	0.09
GCCCACCA	0.11
GCCCACCC	0.11
GCCCACGA	0.1
GCCCACGC	0.09
GCCCACTA	0.1
GCCCAGAA	0.12
GCCCAGAC	0.09
GCCCAGCA	0.09
GCCCAGCC	0.09
GCCCAGGA	0.1
GCCCAGGC	0.1
GCCCAGTA	0.1
GCCCATAA	0.09
GCCCATAC	0.1
GCCCATCA	0.09
GCCCATCC	0.12
GCCCATGA	0.1
GCCCATTA	0.09
GCCCCAAA	0.1
GCCCCAAC	0.1
GCCCCACA	0.09
GCCCCACC	0.1
GCCCCAGA	0.11
GCCCCAGC	0.1
GCCCCATA	0.1
GCCCCCAA	0.11
GCCCCCAC	0.1
GCCCCCCA	0.1
GCCCCCCC	0.12
GCCCCCGA	0.1
GCCCCCGC	0.09
GCCCCCTA	0.1
GCCCCGAA	0.1
GCCCCGAC	0.1
GCCCCGCA	0.09
GCCCCGCC	0.11
GCCCCGGA	0.16
GCCCCGGC	0.09
GCCCCGTA	0.09
GCCCCTAA	0.09
GCCCCTAC	0.1
GCCCCTCA	0.09
GCCCCTCC	0.1
GCCCCTGA	0.09
GCCCCTTA	0.11
GCCCGAAA	0.1
GCCCGAAC	0.09
GCCCGACA	0.1
GCCCGACC	0.09
GCCCGAGA	0.1
GCCCGAGC	0.1
GCCCGATA	0.1
GCCCGCAA	0.1
GCCCGCAC	0.08
GCCCGCCA	0.09
GCCCGCCC	0.09
GCCCGCGA	0.09
GCCCGCGC	0.1
GCCCGCTA	0.08
GCCCGGAA	0.2
GCCCGGAC	0.12
GCCCGGCA	0.1
GCCCGGCC	0.09
GCCCGGGA	0.12
GCCCGGGC	0.09
GCCCGGTA	0.11
GCCCGTAA	0.1
GCCCGTAC	0.09
GCCCGTCA	0.09
GCCCGTCC	0.1
GCCCGTGA	0.1
GCCCGTTA	0.09
GCCCTAAA	0.1
GCCCTAAC	0.11
GCCCTACA	0.11
GCCCTACC	0.1
GCCCTAGA	0.08
GCCCTAGC	0.1
GCCCTATA	0.1
GCCCTCAA	0.1
GCCCTCAC	0.1
GCCCTCCA	0.09
GCCCTCCC	0.1
GCCCTCGA	0.08
GCCCTCGC	0.09
GCCCTCTA	0.09
GCCCTGAA	0.11
GCCCTGAC	0.09
GCCCTGCA	0.09
GCCCTGCC	0.09
GCCCTGGA	0.1
GCCCTGTA	0.1
GCCCTTAA	0.1
GCCCTTAC	0.11
GCCCTTCA	0.1
GCCCTTCC	0.14
GCCCTTGA	0.1
GCCCTTTA	0.09
GCCGAAAA	0.12
GCCGAAAC	0.1
GCCGAACA	0.09
GCCGAACC	0.1
GCCGAAGA	0.1
GCCGAAGC	0.11
GCCGAATA	0.1
GCCGACAA	0.1
GCCGACAC	0.09
GCCGACCA	0.1
GCCGACCC	0.11
GCCGACGA	0.09
GCCGACGC	0.11
GCCGACTA	0.1
GCCGAGAA	0.11
GCCGAGAC	0.09
GCCGAGCA	0.1
GCCGAGCC	0.1
GCCGAGGA	0.1
GCCGAGGC	0.1
GCCGAGTA	0.09
GCCGATAA	0.09
GCCGATAC	0.1
GCCGATCA	0.09
GCCGATCC	0.1
GCCGATGA	0.09
GCCGATTA	0.1
GCCGCAAA	0.09
GCCGCAAC	0.09
GCCGCACA	0.1
GCCGCACC	0.09
GCCGCAGA	0.1
GCCGCAGC	0.1
GCCGCATA	0.1
GCCGCCAA	0.1
GCCGCCAC	0.08
GCCGCCCA	0.09
GCCGCCCC	0.11
GCCGCCGA	0.08
GCCGCCGC	0.11
GCCGCCTA	0.09
GCCGCGAA	0.09
GCCGCGAC	0.09
GCCGCGCA	0.1
GCCGCGCC	0.09
GCCGCGGA	0.09
GCCGCGGC	0.1
GCCGCGTA	0.08
GCCGCTAA	0.1
GCCGCTAC	0.11
GCCGCTCA	0.1
GCCGCTCC	0.09
GCCGCTGA	0.1
GCCGCTTA	0.1
GCCGGAAA	0.59
GCCGGAAC	0.29
GCCGGACA	0.14
GCCGGACC	0.11
GCCGGAGA	0.11
GCCGGAGC	0.1
GCCGGATA	0.49
GCCGGCAA	0.11
GCCGGCAC	0.11
GCCGGCCA	0.11
GCCGGCCC	0.11
GCCGGCGA	0.11
GCCGGCGC	0.1
GCCGGCTA	0.09
GCCGGGAA	0.13
GCCGGGAC	0.1
GCCGGGCA	0.09
GCCGGGCC	0.09
GCCGGGGA	0.1
GCCGGGTA	0.1
GCCGGTAA	0.11
GCCGGTAC	0.09
GCCGGTCA	0.1
GCCGGTCC	0.11
GCCGGTGA	0.1
GCCGGTTA	0.1
GCCGTAAA	0.11
GCCGTAAC	0.1
GCCGTACA	0.09
GCCGTACC	0.09
GCCGTAGA	0.11
GCCGTAGC	0.1
GCCGTATA	0.12
GCCGTCAA	0.1
GCCGTCAC	0.09
GCCGTCCA	0.1
GCCGTCCC	0.1
GCCGTCGA	0.09
GCCGTCGC	0.09
GCCGTCTA	0.1
GCCGTGAA	0.1
GCCGTGAC	0.1
GCCGTGCA	0.09
GCCGTGCC	0.08
GCCGTGGA	0.09
GCCGTGTA	0.09
GCCGTTAA	0.11
GCCGTTAC	0.1
GCCGTTCA	0.11
GCCGTTCC	0.1
GCCGTTGA	0.1
GCCGTTTA	0.1
GCCTAAAA	0.11
GCCTAAAC	0.1
GCCTAACA	0.1
GCCTAACC	0.1
GCCTAAGA	0.1
GCCTAAGC	0.1
GCCTAATA	0.09
GCCTACAA	0.11
GCCTACAC	0.08
GCCTACCA	0.09
GCCTACCC	0.1
GCCTACGA	0.1
GCCTACGC	0.09
GCCTACTA	0.1
GCCTAGAA	0.11
GCCTAGAC	0.1
GCCTAGCA	0.09
GCCTAGCC	0.11
GCCTAGGA	0.1
GCCTAGGC	0.08
GCCTAGTA	0.09
GCCTATAA	0.1
GCCTATAC	0.11
GCCTATCA	0.1
GCCTATCC	0.11
GCCTATGA	0.1
GCCTATTA	0.1
GCCTCAAA	0.11
GCCTCAAC	0.11
GCCTCACA	0.11
GCCTCACC	0.1
GCCTCAGA	0.11
GCCTCAGC	0.09
GCCTCATA	0.1
GCCTCCAA	0.1
GCCTCCAC	0.09
GCCTCCCA	0.09
GCCTCCCC	0.11
GCCTCCGA	0.1
GCCTCCGC	0.09
GCCTCCTA	0.1
GCCTCGAA	0.11
GCCTCGAC	0.09
GCCTCGCA	0.1
GCCTCGCC	0.1
GCCTCGGA	0.1
GCCTCGTA	0.09
GCCTCTAA	0.08
GCCTCTAC	0.11
GCCTCTCA	0.09
GCCTCTCC	0.1
GCCTCTGA	0.1
GCCTCTTA	0.11
GCCTGAAA	0.12
GCCTGAAC	0.1
GCCTGACA	0.09
GCCTGACC	0.1
GCCTGAGA	0.1
GCCTGAGC	0.08
GCCTGATA	0.1
GCCTGCAA	0.09
GCCTGCAC	0.09
GCCTGCCA	0.08
GCCTGCCC	0.1
GCCTGCGA	0.08
GCCTGCGC	0.09
GCCTGCTA	0.09
GCCTGGAA	0.09
GCCTGGAC	0.09
GCCTGGCA	0.09
GCCTGGCC	0.08
GCCTGGGA	0.1
GCCTGGTA	0.1
GCCTGTAA	0.1
GCCTGTAC	0.1
GCCTGTCA	0.1
GCCTGTCC	0.11
GCCTGTGA	0.1
GCCTGTTA	0.1
GCCTTAAA	0.11
GCCTTAAC	0.09
GCCTTACA	0.1
GCCTTACC	0.09
GCCTTAGA	0.09
GCCTTAGC	0.08
GCCTTATA	0.1
GCCTTCAA	0.11
GCCTTCAC	0.11
GCCTTCCA	0.11
GCCTTCCC	0.11
GCCTTCGA	0.1
GCCTTCGC	0.1
GCCTTCTA	0.1
GCCTTGAA	0.08
GCCTTGAC	0.11
GCCTTGCA	0.1
GCCTTGCC	0.1
GCCTTGGA	0.09
GCCTTGTA	0.1
GCCTTTAA	0.12
GCCTTTAC	0.1
GCCTTTCA	0.09
GCCTTTCC	0.13
GCCTTTGA	0.11
GCCTTTTA	0.09
GCGAAAAA	0.11
GCGAAAAC	0.12
GCGAAACA	0.11
GCGAAACC	0.11
GCGAAAGA	0.1
GCGAAAGC	0.09
GCGAAATA	0.11
GCGAACAA	0.11
GCGAACAC	0.09
GCGAACCA	0.11
GCGAACCC	0.1
GCGAACGA	0.11
GCGAACGC	0.09
GCGAACTA	0.09
GCGAAGAA	0.11
GCGAAGAC	0.1
GCGAAGCA	0.1
GCGAAGCC	0.09
GCGAAGGA	0.1
GCGAAGTA	0.1
GCGAATAA	0.09
GCGAATAC	0.1
GCGAATCA	0.11
GCGAATCC	0.1
GCGAATGA	0.11
GCGAATTA	0.1
GCGACAAA	0.1
GCGACAAC	0.1
GCGACACA	0.09
GCGACACC	0.1
GCGACAGA	0.11
GCGACAGC	0.09
GCGACATA	0.1
GCGACCAA	0.1
GCGACCAC	0.1
GCGACCCA	0.09
GCGACCCC	0.1
GCGACCGA	0.08
GCGACCGC	0.09
GCGACCTA	0.09
GCGACGAA	0.1
GCGACGAC	0.1
GCGACGCA	0.09
GCGACGCC	0.09
GCGACGGA	0.14
GCGACGTA	0.1
GCGACTAA	0.1
GCGACTAC	0.1
GCGACTCA	0.09
GCGACTCC	0.09
GCGACTGA	0.09
GCGACTTA	0.09
GCGAGAAA	0.1
GCGAGAAC	0.1
GCGAGACA	0.09
GCGAGACC	0.09
GCGAGAGA	0.1
GCGAGAGC	0.11
GCGAGATA	0.1
GCGAGCAA	0.09
GCGAGCAC	0.08
GCGAGCCA	0.08
GCGAGCCC	0.1
GCGAGCGA	0.13
GCGAGCGC	0.09
GCGAGCTA	0.11
GCGAGGAA	0.13
GCGAGGAC	0.09
GCGAGGCA	0.1
GCGAGGCC	0.1
GCGAGGGA	0.1
GCGAGGTA	0.1
GCGAGTAA	0.1
GCGAGTAC	0.1
GCGAGTCA	0.09
GCGAGTCC	0.09
GCGAGTGA	0.1
GCGAGTTA	0.11
GCGATAAA	0.1
GCGATAAC	0.11
GCGATACA	0.1
GCGATACC	0.09
GCGATAGA	0.11
GCGATAGC	0.1
GCGATATA	0.1
GCGATCAA	0.1
GCGATCAC	0.09
GCGATCCA	0.09
GCGATCCC	0.1
GCGATCGA	0.1
GCGATCGC	0.11
GCGATCTA	0.1
GCGATGAA	0.1
GCGATGAC	0.1
GCGATGCA	0.08
GCGATGCC	0.09
GCGATGGA	0.09
GCGATGTA	0.1
GCGATTAA	0.12
GCGATTAC	0.08
GCGATTCA	0.09
GCGATTCC	0.11
GCGATTGA	0.09
GCGATTTA	0.11
GCGCAAAA	0.11
GCGCAAAC	0.1
GCGCAACA	0.09
GCGCAACC	0.09
GCGCAAGA	0.09
GCGCAAGC	0.09
GCGCAATA	0.1
GCGCACAA	0.09
GCGCACAC	0.11
GCGCACCA	0.11
GCGCACCC	0.09
GCGCACGA	0.09
GCGCACGC	0.11
GCGCACTA	0.09
GCGCAGAA	0.09
GCGCAGAC	0.11
GCGCAGCA	0.09
GCGCAGCC	0.1
GCGCAGGA	0.11
GCGCAGTA	0.09
GCGCATAA	0.1
GCGCATAC	0.09
GCGCATCA	0.09
GCGCATCC	0.15
GCGCATGA	0.1
GCGCATTA	0.11
GCGCCAAA	0.11
GCGCCAAC	0.09
GCGCCACA	0.08
GCGCCACC	0.09
GCGCCAGA	0.1
GCGCCAGC	0.09
GCGCCATA	0.09
GCGCCCAA	0.09
GCGCCCAC	0.1
GCGCCCCA	0.1
GCGCCCCC	0.11
GCGCCCGA	0.09
GCGCCCGC	0.1
GCGCCCTA	0.09
GCGCCGAA	0.1
GCGCCGAC	0.08
GCGCCGCA	0.09
GCGCCGCC	0.1
GCGCCGGA	0.14
GCGCCGTA	0.1
GCGCCTAA	0.1
GCGCCTAC	0.09
GCGCCTCA	0.08
GCGCCTCC	0.11
GCGCCTGA	0.1
GCGCCTTA	0.09
GCGCGAAA	0.11
GCGCGAAC	0.1
GCGCGACA	0.12
GCGCGACC	0.1
GCGCGAGA	0.1
GCGCGAGC	0.09
GCGCGATA	0.1
GCGCGCAA	0.09
GCGCGCAC	0.08
GCGCGCCA	0.09
GCGCGCCC	0.1
GCGCGCGA	0.1
GCGCGCGC	0.1
GCGCGCTA	0.1
GCGCGGAA	0.15
GCGCGGAC	0.1
GCGCGGCA	0.09
GCGCGGCC	0.1
GCGCGGGA	0.09
GCGCGGTA	0.1
GCGCGTAA	0.1
GCGCGTAC	0.1
GCGCGTCA	0.09
GCGCGTCC	0.1
GCGCGTGA	0.1
GCGCGTTA	0.1
GCGCTAAA	0.09
GCGCTAAC	0.09
GCGCTACA	0.1
GCGCTACC	0.09
GCGCTAGA	0.08
GCGCTAGC	0.08
GCGCTATA	0.11
GCGCTCAA	0.1
GCGCTCAC	0.1
GCGCTCCA	0.1
GCGCTCCC	0.1
GCGCTCGA	0.09
GCGCTCTA	0.1
GCGCTGAA	0.1
GCGCTGAC	0.09
GCGCTGCA	0.08
GCGCTGCC	0.09
GCGCTGGA	0.1
GCGCTGTA	0.08
GCGCTTAA	0.1
GCGCTTAC	0.1
GCGCTTCA	0.09
GCGCTTCC	0.19
GCGCTTGA	0.08
GCGCTTTA	0.11
GCGGAAAA	0.18
GCGGAAAC	0.43
GCGGAACA	0.13
GCGGAACC	0.15
GCGGAAGA	0.27
GCGGAAGC	0.55
GCGGAATA	0.11
GCGGACAA	0.11
GCGGACAC	0.12
GCGGACCA	0.11
GCGGACCC	0.09
GCGGACGA	0.11
GCGGACGC	0.14
GCGGACTA	0.1
GCGGAGAA	0.1
GCGGAGAC	0.11
GCGGAGCA	0.1
GCGGAGCC	0.1
GCGGAGGA	0.11
GCGGAGTA	0.1
GCGGATAA	0.14
GCGGATAC	0.28
GCGGATCA	0.1
GCGGATCC	0.12
GCGGATGA	0.17
GCGGATTA	0.11
GCGGCAAA	0.1
GCGGCAAC	0.1
GCGGCACA	0.09
GCGGCACC	0.1
GCGGCAGA	0.1
GCGGCAGC	0.09
GCGGCATA	0.11
GCGGCCAA	0.1
GCGGCCAC	0.08
GCGGCCCA	0.1
GCGGCCCC	0.1
GCGGCCGA	0.1
GCGGCCGC	0.09
GCGGCCTA	0.09
GCGGCGAA	0.1
GCGGCGAC	0.1
GCGGCGCA	0.08
GCGGCGCC	0.1
GCGGCGGA	0.13
GCGGCGTA	0.1
GCGGCTAA	0.11
GCGGCTAC	0.09
GCGGCTCA	0.09
GCGGCTCC	0.08
GCGGCTGA	0.09
GCGGCTTA	0.09
GCGGGAAA	0.16
GCGGGAAC	0.1
GCGGGACA	0.11
GCGGGACC	0.1
GCGGGAGA	0.12
GCGGGAGC	0.1
GCGGGATA	0.1
GCGGGCAA	0.09
GCGGGCAC	0.09
GCGGGCCA	0.09
GCGGGCCC	0.09
GCGGGCGA	0.1
GCGGGCTA	0.09
GCGGGGAA	0.12
GCGGGGAC	0.1
GCGGGGCA	0.1
GCGGGGCC	0.09
GCGGGGGA	0.11
GCGGGGTA	0.09
GCGGGTAA	0.1
GCGGGTAC	0.1
GCGGGTCA	0.09
GCGGGTCC	0.09
GCGGGTGA	0.1
GCGGGTTA	0.11
GCGGTAAA	0.1
GCGGTAAC	0.11
GCGGTACA	0.08
GCGGTACC	0.09
GCGGTAGA	0.09
GCGGTAGC	0.1
GCGGTATA	0.1
GCGGTCAA	0.11
GCGGTCAC	0.11
GCGGTCCA	0.09
GCGGTCCC	0.1
GCGGTCGA	0.13
GCGGTCTA	0.1
GCGGTGAA	0.11
GCGGTGAC	0.11
GCGGTGCA	0.1
GCGGTGCC	0.1
GCGGTGGA	0.1
GCGGTGTA	0.09
GCGGTTAA	0.1
GCGGTTAC	0.1
GCGGTTCA	0.1
GCGGTTCC	0.11
GCGGTTGA	0.1
GCGGTTTA	0.1
GCGTAAAA	0.1
GCGTAAAC	0.11
GCGTAACA	0.11
GCGTAACC	0.09
GCGTAAGA	0.11
GCGTAAGC	0.09
GCGTAATA	0.11
GCGTACAA	0.09
GCGTACAC	0.09
GCGTACCA	0.1
GCGTACCC	0.11
GCGTACGA	0.09
GCGTACGC	0.09
GCGTACTA	0.08
GCGTAGAA	0.11
GCGTAGAC	0.09
GCGTAGCA	0.1
GCGTAGCC	0.09
GCGTAGGA	0.11
GCGTAGTA	0.09
GCGTATAA	0.11
GCGTATAC	0.09
GCGTATCA	0.08
GCGTATCC	0.14
GCGTATGA	0.08
GCGTATTA	0.11
GCGTCAAA	0.1
GCGTCAAC	0.09
GCGTCACA	0.11
GCGTCACC	0.09
GCGTCAGA	0.09
GCGTCAGC	0.09
GCGTCATA	0.09
GCGTCCAA	0.1
GCGTCCAC	0.09
GCGTCCCA	0.09
GCGTCCCC	0.1
GCGTCCGA	0.09
GCGTCCTA	0.1
GCGTCGAA	0.11
GCGTCGAC	0.09
GCGTCGCA	0.08
GCGTCGCC	0.1
GCGTCGGA	0.11
GCGTCGTA	0.09
GCGTCTAA	0.09
GCGTCTAC	0.09
GCGTCTCA	0.1
GCGTCTCC	0.08
GCGTCTGA	0.09
GCGTCTTA	0.11
GCGTGAAA	0.11
GCGTGAAC	0.1
GCGTGACA	0.1
GCGTGACC	0.1
GCGTGAGA	0.1
GCGTGAGC	0.08
GCGTGATA	0.09
GCGTGCAA	0.09
GCGTGCAC	0.09
GCGTGCCA	0.09
GCGTGCCC	0.09
GCGTGCGA	0.11
GCGTGCTA	0.1
GCGTGGAA	0.11
GCGTGGAC	0.09
GCGTGGCA	0.09
GCGTGGCC	0.1
GCGTGGGA	0.09
GCGTGGTA	0.09
GCGTGTAA	0.09
GCGTGTAC	0.08
GCGTGTCA	0.1
GCGTGTCC	0.1
GCGTGTGA	0.09
GCGTGTTA	0.09
GCGTTAAA	0.12
GCGTTAAC	0.08
GCGTTACA	0.11
GCGTTACC	0.09
GCGTTAGA	0.1
GCGTTAGC	0.1
GCGTTATA	0.1
GCGTTCAA	0.08
GCGTTCAC	0.1
GCGTTCCA	0.09
GCGTTCCC	0.1
GCGTTCGA	0.1
GCGTTCTA	0.1
GCGTTGAA	0.11
GCGTTGAC	0.1
GCGTTGCA	0.11
GCGTTGCC	0.11
GCGTTGGA	0.1
GCGTTGTA	0.1
GCGTTTAA	0.11
GCGTTTAC	0.08
GCGTTTCA	0.09
GCGTTTCC	0.21
GCGTTTGA	0.1
GCGTTTTA	0.09
GCTAAAAA	0.11
GCTAAAAC	0.11
GCTAAACA	0.1
GCTAAACC	0.09
GCTAAAGA	0.11
GCTAAAGC	0.1
GCTAAATA	0.11
GCTAACAA	0.11
GCTAACAC	0.09
GCTAACCA	0.09
GCTAACCC	0.09
GCTAACGA	0.09
GCTAACTA	0.1
GCTAAGAA	0.1
GCTAAGAC	0.09
GCTAAGCA	0.09
GCTAAGCC	0.1
GCTAAGGA	0.1
GCTAAGTA	0.11
GCTAATAA	0.1
GCTAATAC	0.1
GCTAATCA	0.1
GCTAATCC	0.1
GCTAATGA	0.1
GCTAATTA	0.09
GCTACAAA	0.11
GCTACAAC	0.11
GCTACACA	0.1
GCTACACC	0.1
GCTACAGA	0.11
GCTACAGC	0.09
GCTACATA	0.1
GCTACCAA	0.1
GCTACCAC	0.1
GCTACCCA	0.09
GCTACCCC	0.09
GCTACCGA	0.1
GCTACCTA	0.09
GCTACGAA	0.11
GCTACGAC	0.09
GCTACGCA	0.1
GCTACGCC	0.09
GCTACGGA	0.12
GCTACGTA	0.1
GCTACTAA	0.12
GCTACTAC	0.11
GCTACTCA	0.1
GCTACTCC	0.12
GCTACTGA	0.1
GCTACTTA	0.09
GCTAGAAA	0.1
GCTAGAAC	0.1
GCTAGACA	0.1
GCTAGACC	0.09
GCTAGAGA	0.1
GCTAGAGC	0.08
GCTAGATA	0.11
GCTAGCAA	0.09
GCTAGCAC	0.09
GCTAGCCA	0.09
GCTAGCCC	0.1
GCTAGCGA	0.09
GCTAGCTA	0.09
GCTAGGAA	0.11
GCTAGGAC	0.1
GCTAGGCA	0.1
GCTAGGCC	0.09
GCTAGGGA	0.09
GCTAGGTA	0.1
GCTAGTAA	0.1
GCTAGTAC	0.09
GCTAGTCA	0.09
GCTAGTCC	0.09
GCTAGTGA	0.1
GCTAGTTA	0.1
GCTATAAA	0.1
GCTATAAC	0.09
GCTATACA	0.1
GCTATACC	0.09
GCTATAGA	0.11
GCTATAGC	0.1
GCTATATA	0.1
GCTATCAA	0.1
GCTATCAC	0.11
GCTATCCA	0.1
GCTATCCC	0.11
GCTATCGA	0.1
GCTATCTA	0.09
GCTATGAA	0.1
GCTATGAC	0.09
GCTATGCA	0.09
GCTATGCC	0.11
GCTATGGA	0.11
GCTATGTA	0.1
GCTATTAA	0.11
GCTATTAC	0.1
GCTATTCA	0.11
GCTATTCC	0.1
GCTATTGA	0.1
GCTATTTA	0.1
GCTCAAAA	0.12
GCTCAAAC	0.1
GCTCAACA	0.1
GCTCAACC	0.09
GCTCAAGA	0.1
GCTCAAGC	0.1
GCTCAATA	0.1
GCTCACAA	0.08
GCTCACAC	0.09
GCTCACCA	0.09
GCTCACCC	0.1
GCTCACGA	0.1
GCTCACTA	0.09
GCTCAGAA	0.1
GCTCAGAC	0.1
GCTCAGCA	0.1
GCTCAGCC	0.09
GCTCAGGA	0.12
GCTCAGTA	0.09
GCTCATAA	0.11
GCTCATAC	0.11
GCTCATCA	0.1
GCTCATCC	0.1
GCTCATGA	0.09
GCTCATTA	0.12
GCTCCAAA	0.11
GCTCCAAC	0.09
GCTCCACA	0.1
GCTCCACC	0.09
GCTCCAGA	0.1
GCTCCAGC	0.09
GCTCCATA	0.11
GCTCCCAA	0.09
GCTCCCAC	0.09
GCTCCCCA	0.1
GCTCCCCC	0.09
GCTCCCGA	0.09
GCTCCCTA	0.1
GCTCCGAA	0.1
GCTCCGAC	0.09
GCTCCGCA	0.1
GCTCCGCC	0.1
GCTCCGGA	0.15
GCTCCGTA	0.1
GCTCCTAA	0.09
GCTCCTAC	0.09
GCTCCTCA	0.1
GCTCCTCC	0.09
GCTCCTGA	0.1
GCTCCTTA	0.11
GCTCGAAA	0.11
GCTCGAAC	0.09
GCTCGACA	0.08
GCTCGACC	0.1
GCTCGAGA	0.09
GCTCGAGC	0.1
GCTCGATA	0.1
GCTCGCAA	0.11
GCTCGCAC	0.11
GCTCGCCA	0.09
GCTCGCCC	0.11
GCTCGCGA	0.1
GCTCGCTA	0.1
GCTCGGAA	0.1
GCTCGGAC	0.08
GCTCGGCA	0.1
GCTCGGCC	0.09
GCTCGGGA	0.1
GCTCGGTA	0.1
GCTCGTAA	0.09
GCTCGTAC	0.09
GCTCGTCA	0.09
GCTCGTCC	0.11
GCTCGTGA	0.08
GCTCGTTA	0.1
GCTCTAAA	0.11
GCTCTAAC	0.11
GCTCTACA	0.1
GCTCTACC	0.1
GCTCTAGA	0.1
GCTCTATA	0.1
GCTCTCAA	0.09
GCTCTCAC	0.1
GCTCTCCA	0.09
GCTCTCCC	0.09
GCTCTCGA	0.1
GCTCTCTA	0.09
GCTCTGAA	0.11
GCTCTGAC	0.09
GCTCTGCA	0.1
GCTCTGCC	0.09
GCTCTGGA	0.1
GCTCTGTA	0.1
GCTCTTAA	0.11
GCTCTTAC	0.09
GCTCTTCA	0.09
GCTCTTCC	0.16
GCTCTTGA	0.12
GCTCTTTA	0.1
GCTGAAAA	0.11
GCTGAAAC	0.11
GCTGAACA	0.1
GCTGAACC	0.1
GCTGAAGA	0.11
GCTGAAGC	0.1
GCTGAATA	0.1
GCTGACAA	0.1
GCTGACAC	0.09
GCTGACCA	0.1
GCTGACCC	0.09
GCTGACGA	0.09
GCTGACTA	0.1
GCTGAGAA	0.11
GCTGAGAC	0.1
GCTGAGCA	0.07
GCTGAGCC	0.09
GCTGAGGA	0.12
GCTGAGTA	0.08
GCTGATAA	0.11
GCTGATAC	0.11
GCTGATCA	0.09
GCTGATCC	0.1
GCTGATGA	0.1
GCTGATTA	0.1
GCTGCAAA	0.11
GCTGCAAC	0.11
GCTGCACA	0.08
GCTGCACC	0.09
GCTGCAGA	0.1
GCTGCAGC	0.09
GCTGCATA	0.1
GCTGCCAA	0.09
GCTGCCAC	0.09
GCTGCCCA	0.09
GCTGCCCC	0.11
GCTGCCGA	0.11
GCTGCCTA	0.09
GCTGCGAA	0.09
GCTGCGAC	0.09
GCTGCGCA	0.12
GCTGCGCC	0.09
GCTGCGGA	0.12
GCTGCGTA	0.09
GCTGCTAA	0.1
GCTGCTAC	0.09
GCTGCTCA	0.09
GCTGCTCC	0.09
GCTGCTGA	0.09
GCTGCTTA	0.1
GCTGGAAA	0.12
GCTGGAAC	0.11
GCTGGACA	0.1
GCTGGACC	0.1
GCTGGAGA	0.1
GCTGGATA	0.1
GCTGGCAA	0.1
GCTGGCAC	0.09
GCTGGCCA	0.08
GCTGGCCC	0.09
GCTGGCGA	0.09
GCTGGCTA	0.09
GCTGGGAA	0.1
GCTGGGAC	0.09
GCTGGGCA	0.1
GCTGGGCC	0.09
GCTGGGGA	0.1
GCTGGGTA	0.09
GCTGGTAA	0.11
GCTGGTAC	0.09
GCTGGTCA	0.09
GCTGGTCC	0.09
GCTGGTGA	0.11
GCTGGTTA	0.1
GCTGTAAA	0.12
GCTGTAAC	0.1
GCTGTACA	0.08
GCTGTACC	0.1
GCTGTAGA	0.1
GCTGTATA	0.09
GCTGTCAA	0.1
GCTGTCAC	0.09
GCTGTCCA	0.1
GCTGTCCC	0.1
GCTGTCGA	0.09
GCTGTCTA	0.1
GCTGTGAA	0.1
GCTGTGAC	0.1
GCTGTGCA	0.09
GCTGTGCC	0.1
GCTGTGGA	0.1
GCTGTGTA	0.09
GCTGTTAA	0.1
GCTGTTAC	0.09
GCTGTTCA	0.1
GCTGTTCC	0.1
GCTGTTGA	0.11
GCTGTTTA	0.11
GCTTAAAA	0.11
GCTTAAAC	0.11
GCTTAACA	0.11
GCTTAACC	0.1
GCTTAAGA	0.1
GCTTAAGC	0.1
GCTTAATA	0.1
GCTTACAA	0.09
GCTTACAC	0.11
GCTTACCA	0.11
GCTTACCC	0.11
GCTTACGA	0.1
GCTTACTA	0.11
GCTTAGAA	0.11
GCTTAGAC	0.09
GCTTAGCA	0.11
GCTTAGCC	0.09
GCTTAGGA	0.12
GCTTAGTA	0.09
GCTTATAA	0.09
GCTTATAC	0.1
GCTTATCA	0.1
GCTTATCC	0.14
GCTTATGA	0.1
GCTTATTA	0.11
GCTTCAAA	0.11
GCTTCAAC	0.11
GCTTCACA	0.1
GCTTCACC	0.1
GCTTCAGA	0.1
GCTTCATA	0.12
GCTTCCAA	0.1
GCTTCCAC	0.11
GCTTCCCA	0.11
GCTTCCCC	0.13
GCTTCCGA	0.19
GCTTCCTA	0.16
GCTTCGAA	0.1
GCTTCGAC	0.1
GCTTCGCA	0.1
GCTTCGCC	0.1
GCTTCGGA	0.12
GCTTCGTA	0.1
GCTTCTAA	0.1
GCTTCTAC	0.09
GCTTCTCA	0.1
GCTTCTCC	0.09
GCTTCTGA	0.11
GCTTCTTA	0.09
GCTTGAAA	0.12
GCTTGAAC	0.1
GCTTGACA	0.1
GCTTGACC	0.1
GCTTGAGA	0.1
GCTTGATA	0.1
GCTTGCAA	0.1
GCTTGCAC	0.09
GCTTGCCA	0.1
GCTTGCCC	0.1
GCTTGCGA	0.1
GCTTGCTA	0.1
GCTTGGAA	0.09
GCTTGGAC	0.1
GCTTGGCA	0.08
GCTTGGCC	0.1
GCTTGGGA	0.1
GCTTGGTA	0.1
GCTTGTAA	0.1
GCTTGTAC	0.1
GCTTGTCA	0.1
GCTTGTCC	0.08
GCTTGTGA	0.1
GCTTGTTA	0.1
GCTTTAAA	0.1
GCTTTAAC	0.13
GCTTTACA	0.1
GCTTTACC	0.1
GCTTTAGA	0.1
GCTTTATA	0.09
GCTTTCAA	0.12
GCTTTCAC	0.09
GCTTTCCA	0.11
GCTTTCCC	0.11
GCTTTCGA	0.1
GCTTTCTA	0.12
GCTTTGAA	0.12
GCTTTGAC	0.1
GCTTTGCA	0.09
GCTTTGCC	0.1
GCTTTGGA	0.11
GCTTTGTA	0.1
GCTTTTAA	0.11
GCTTTTAC	0.11
GCTTTTCA	0.11
GCTTTTCC	0.12
GCTTTTGA	0.11
GCTTTTTA	0.1
GGAAAAAA	0.16
GGAAAAAC	0.13
GGAAAACA	0.13
GGAAAACC	0.12
GGAAAAGA	0.16
GGAAAATA	0.13
GGAAACAA	0.15
GGAAACAC	0.17
GGAAACCA	0.16
GGAAACCC	0.17
GGAAACGA	0.19
GGAAACTA	0.15
GGAAAGAA	0.15
GGAAAGAC	0.13
GGAAAGCA	0.14
GGAAAGCC	0.12
GGAAAGGA	0.15
GGAAAGTA	0.11
GGAAATAA	0.22
GGAAATAC	0.22
GGAAATCA	0.18
GGAAATCC	0.19
GGAAATGA	0.27
GGAAATTA	0.21
GGAACAAA	0.13
GGAACAAC	0.13
GGAACACA	0.12
GGAACACC	0.11
GGAACAGA	0.12
GGAACATA	0.1
GGAACCAA	0.13
GGAACCAC	0.1
GGAACCCA	0.11
GGAACCCC	0.1
GGAACCGA	0.12
GGAACCTA	0.11
GGAACGAA	0.1
GGAACGAC	0.1
GGAACGCA	0.1
GGAACGCC	0.1
GGAACGGA	0.15
GGAACGTA	0.1
GGAACTAA	0.15
GGAACTAC	0.13
GGAACTCA	0.14
GGAACTCC	0.12
GGAACTGA	0.12
GGAACTTA	0.13
GGAAGAAA	0.15
GGAAGAAC	0.14
GGAAGACA	0.15
GGAAGACC	0.14
GGAAGAGA	0.17
GGAAGATA	0.13
GGAAGCAA	0.17
GGAAGCAC	0.15
GGAAGCCA	0.16
GGAAGCCC	0.13
GGAAGCGA	0.16
GGAAGCTA	0.16
GGAAGGAA	0.23
GGAAGGAC	0.14
GGAAGGCA	0.13
GGAAGGCC	0.12
GGAAGGGA	0.16
GGAAGGTA	0.13
GGAAGTAA	0.35
GGAAGTAC	0.29
GGAAGTCA	0.29
GGAAGTCC	0.22
GGAAGTGA	0.45
GGAAGTTA	0.23
GGAATAAA	0.14
GGAATAAC	0.11
GGAATACA	0.11
GGAATACC	0.1
GGAATAGA	0.11
GGAATATA	0.11
GGAATCAA	0.11
GGAATCAC	0.11
GGAATCCA	0.1
GGAATCCC	0.1
GGAATCGA	0.12
GGAATCTA	0.11
GGAATGAA	0.12
GGAATGAC	0.11
GGAATGCA	0.1
GGAATGCC	0.09
GGAATGGA	0.1
GGAATGTA	0.11
GGAATTAA	0.13
GGAATTAC	0.12
GGAATTCA	0.11
GGAATTCC	0.14
GGAATTGA	0.14
GGAATTTA	0.12
GGACAAAA	0.12
GGACAAAC	0.1
GGACAACA	0.1
GGACAACC	0.1
GGACAAGA	0.11
GGACAATA	0.11
GGACACAA	0.11
GGACACAC	0.1
GGACACCA	0.11
GGACACCC	0.11
GGACACGA	0.11
GGACACTA	0.1
GGACAGAA	0.11
GGACAGAC	0.1
GGACAGCA	0.1
GGACAGCC	0.11
GGACAGGA	0.16
GGACAGTA	0.12
GGACATAA	0.11
GGACATAC	0.1
GGACATCA	0.12
GGACATCC	0.18
GGACATGA	0.11
GGACATTA	0.13
GGACCAAA	0.11
GGACCAAC	0.09
GGACCACA	0.11
GGACCACC	0.09
GGACCAGA	0.1
GGACCATA	0.09
GGACCCAA	0.1
GGACCCAC	0.1
GGACCCCA	0.09
GGACCCCC	0.1
GGACCCGA	0.1
GGACCCTA	0.09
GGACCGAA	0.12
GGACCGAC	0.11
GGACCGCA	0.11
GGACCGCC	0.09
GGACCGGA	0.3
GGACCGTA	0.1
GGACCTAA	0.1
GGACCTAC	0.1
GGACCTCA	0.1
GGACCTCC	0.11
GGACCTGA	0.1
GGACCTTA	0.1
GGACGAAA	0.12
GGACGAAC	0.11
GGACGACA	0.11
GGACGACC	0.1
GGACGAGA	0.11
GGACGATA	0.1
GGACGCAA	0.11
GGACGCAC	0.1
GGACGCCA	0.1
GGACGCCC	0.11
GGACGCGA	0.11
GGACGCTA	0.1
GGACGGAA	0.29
GGACGGAC	0.13
GGACGGCA	0.11
GGACGGCC	0.1
GGACGGGA	0.12
GGACGGTA	0.09
GGACGTAA	0.14
GGACGTAC	0.11
GGACGTCA	0.13
GGACGTCC	0.16
GGACGTGA	0.12
GGACGTTA	0.12
GGACTAAA	0.1
GGACTAAC	0.1
GGACTACA	0.1
GGACTACC	0.12
GGACTAGA	0.11
GGACTATA	0.11
GGACTCAA	0.09
GGACTCAC	0.09
GGACTCCA	0.09
GGACTCCC	0.09
GGACTCGA	0.08
GGACTCTA	0.09
GGACTGAA	0.11
GGACTGAC	0.1
GGACTGCA	0.08
GGACTGCC	0.09
GGACTGGA	0.1
GGACTGTA	0.11
GGACTTAA	0.09
GGACTTAC	0.1
GGACTTCA	0.11
GGACTTGA	0.1
GGACTTTA	0.1
GGAGAAAA	0.11
GGAGAAAC	0.11
GGAGAACA	0.11
GGAGAACC	0.11
GGAGAAGA	0.12
GGAGAATA	0.11
GGAGACAA	0.11
GGAGACAC	0.1
GGAGACCA	0.11
GGAGACCC	0.1
GGAGACGA	0.1
GGAGACTA	0.1
GGAGAGAA	0.11
GGAGAGAC	0.11
GGAGAGCA	0.09
GGAGAGCC	0.09
GGAGAGGA	0.13
GGAGAGTA	0.12
GGAGATAA	0.12
GGAGATAC	0.09
GGAGATCA	0.1
GGAGATCC	0.12
GGAGATGA	0.11
GGAGATTA	0.1
GGAGCAAA	0.1
GGAGCAAC	0.1
GGAGCACA	0.1
GGAGCACC	0.11
GGAGCAGA	0.1
GGAGCATA	0.09
GGAGCCAA	0.1
GGAGCCAC	0.09
GGAGCCCA	0.09
GGAGCCCC	0.09
GGAGCCGA	0.1
GGAGCCTA	0.09
GGAGCGAA	0.11
GGAGCGAC	0.1
GGAGCGCA	0.09
GGAGCGCC	0.09
GGAGCGGA	0.15
GGAGCGTA	0.1
GGAGCTAA	0.1
GGAGCTAC	0.09
GGAGCTCA	0.09
GGAGCTCC	0.09
GGAGCTGA	0.09
GGAGCTTA	0.09
GGAGGAAA	0.19
GGAGGAAC	0.11
GGAGGACA	0.12
GGAGGACC	0.1
GGAGGAGA	0.1
GGAGGATA	0.16
GGAGGCAA	0.09
GGAGGCAC	0.09
GGAGGCCA	0.1
GGAGGCCC	0.1
GGAGGCGA	0.11
GGAGGCTA	0.1
GGAGGGAA	0.13
GGAGGGAC	0.1
GGAGGGCA	0.09
GGAGGGCC	0.1
GGAGGGGA	0.13
GGAGGGTA	0.1
GGAGGTAA	0.11
GGAGGTAC	0.1
GGAGGTCA	0.1
GGAGGTGA	0.12
GGAGGTTA	0.1
GGAGTAAA	0.11
GGAGTAAC	0.09
GGAGTACA	0.11
GGAGTACC	0.09
GGAGTAGA	0.11
GGAGTATA	0.09
GGAGTCAA	0.1
GGAGTCAC	0.1
GGAGTCCA	0.09
GGAGTCCC	0.09
GGAGTCGA	0.11
GGAGTCTA	0.09
GGAGTGAA	0.12
GGAGTGAC	0.09
GGAGTGCA	0.09
GGAGTGCC	0.1
GGAGTGGA	0.13
GGAGTGTA	0.1
GGAGTTAA	0.11
GGAGTTAC	0.11
GGAGTTCA	0.11
GGAGTTGA	0.1
GGAGTTTA	0.11
GGATAAAA	0.16
GGATAAAC	0.12
GGATAACA	0.12
GGATAACC	0.11
GGATAAGA	0.12
GGATAATA	0.12
GGATACAA	0.13
GGATACAC	0.13
GGATACCA	0.11
GGATACCC	0.13
GGATACGA	0.14
GGATACTA	0.14
GGATAGAA	0.13
GGATAGAC	0.1
GGATAGCA	0.12
GGATAGCC	0.11
GGATAGGA	0.12
GGATAGTA	0.11
GGATATAA	0.19
GGATATAC	0.15
GGATATCA	0.15
GGATATCC	0.16
GGATATGA	0.17
GGATATTA	0.18
GGATCAAA	0.1
GGATCAAC	0.12
GGATCACA	0.1
GGATCACC	0.1
GGATCAGA	0.1
GGATCATA	0.1
GGATCCAA	0.1
GGATCCAC	0.11
GGATCCCA	0.09
GGATCCCC	0.11
GGATCCGA	0.1
GGATCCTA	0.1
GGATCGAA	0.11
GGATCGAC	0.1
GGATCGCA	0.1
GGATCGCC	0.1
GGATCGGA	0.11
GGATCGTA	0.1
GGATCTAA	0.11
GGATCTAC	0.11
GGATCTCA	0.11
GGATCTGA	0.12
GGATCTTA	0.12
GGATGAAA	0.12
GGATGAAC	0.14
GGATGACA	0.12
GGATGACC	0.12
GGATGAGA	0.11
GGATGATA	0.12
GGATGCAA	0.13
GGATGCAC	0.13
GGATGCCA	0.11
GGATGCCC	0.16
GGATGCGA	0.14
GGATGCTA	0.14
GGATGGAA	0.13
GGATGGAC	0.13
GGATGGCA	0.13
GGATGGCC	0.11
GGATGGGA	0.12
GGATGGTA	0.13
GGATGTAA	0.19
GGATGTAC	0.17
GGATGTCA	0.18
GGATGTGA	0.22
GGATGTTA	0.19
GGATTAAA	0.14
GGATTAAC	0.1
GGATTACA	0.1
GGATTACC	0.1
GGATTAGA	0.11
GGATTATA	0.11
GGATTCAA	0.1
GGATTCAC	0.11
GGATTCCA	0.12
GGATTCCC	0.1
GGATTCGA	0.11
GGATTCTA	0.11
GGATTGAA	0.1
GGATTGAC	0.1
GGATTGCA	0.1
GGATTGCC	0.1
GGATTGGA	0.12
GGATTGTA	0.11
GGATTTAA	0.12
GGATTTAC	0.12
GGATTTCA	0.11
GGATTTGA	0.11
GGATTTTA	0.14
GGCAAAAA	0.11
GGCAAAAC	0.09
GGCAAACA	0.11
GGCAAACC	0.09
GGCAAAGA	0.11
GGCAAATA	0.11
GGCAACAA	0.1
GGCAACAC	0.12
GGCAACCA	0.11
GGCAACCC	0.09
GGCAACGA	0.1
GGCAACTA	0.1
GGCAAGAA	0.11
GGCAAGAC	0.09
GGCAAGCA	0.1
GGCAAGCC	0.1
GGCAAGGA	0.1
GGCAAGTA	0.09
GGCAATAA	0.11
GGCAATAC	0.1
GGCAATCA	0.11
GGCAATGA	0.1
GGCAATTA	0.09
GGCACAAA	0.1
GGCACAAC	0.1
GGCACACA	0.09
GGCACACC	0.09
GGCACAGA	0.1
GGCACATA	0.1
GGCACCAA	0.11
GGCACCAC	0.09
GGCACCCA	0.11
GGCACCCC	0.1
GGCACCGA	0.11
GGCACCTA	0.09
GGCACGAA	0.09
GGCACGAC	0.1
GGCACGCA	0.1
GGCACGCC	0.09
GGCACGGA	0.13
GGCACGTA	0.1
GGCACTAA	0.1
GGCACTAC	0.09
GGCACTCA	0.08
GGCACTGA	0.1
GGCACTTA	0.1
GGCAGAAA	0.1
GGCAGAAC	0.09
GGCAGACA	0.11
GGCAGACC	0.1
GGCAGAGA	0.12
GGCAGATA	0.09
GGCAGCAA	0.1
GGCAGCAC	0.09
GGCAGCCA	0.1
GGCAGCCC	0.1
GGCAGCGA	0.11
GGCAGCTA	0.1
GGCAGGAA	0.2
GGCAGGAC	0.12
GGCAGGCA	0.1
GGCAGGCC	0.08
GGCAGGGA	0.11
GGCAGGTA	0.11
GGCAGTAA	0.1
GGCAGTAC	0.1
GGCAGTCA	0.12
GGCAGTGA	0.1
GGCAGTTA	0.09
GGCATAAA	0.11
GGCATAAC	0.11
GGCATACA	0.1
GGCATACC	0.1
GGCATAGA	0.1
GGCATATA	0.12
GGCATCAA	0.1
GGCATCAC	0.09
GGCATCCA	0.1
GGCATCCC	0.11
GGCATCGA	0.11
GGCATCTA	0.11
GGCATGAA	0.11
GGCATGAC	0.09
GGCATGCA	0.09
GGCATGCC	0.11
GGCATGGA	0.1
GGCATGTA	0.09
GGCATTAA	0.1
GGCATTAC	0.1
GGCATTCA	0.12
GGCATTGA	0.1
GGCATTTA	0.1
GGCCAAAA	0.1
GGCCAAAC	0.09
GGCCAACA	0.1
GGCCAACC	0.1
GGCCAAGA	0.1
GGCCAATA	0.09
GGCCACAA	0.09
GGCCACAC	0.09
GGCCACCA	0.1
GGCCACCC	0.08
GGCCACGA	0.11
GGCCACTA	0.09
GGCCAGAA	0.13
GGCCAGAC	0.09
GGCCAGCA	0.1
GGCCAGCC	0.09
GGCCAGGA	0.13
GGCCAGTA	0.11
GGCCATAA	0.09
GGCCATAC	0.1
GGCCATCA	0.1
GGCCATGA	0.11
GGCCATTA	0.1
GGCCCAAA	0.1
GGCCCAAC	0.1
GGCCCACA	0.09
GGCCCACC	0.1
GGCCCAGA	0.1
GGCCCATA	0.09
GGCCCCAA	0.1
GGCCCCAC	0.08
GGCCCCCA	0.09
GGCCCCCC	0.11
GGCCCCGA	0.1
GGCCCCTA	0.08
GGCCCGAA	0.1
GGCCCGAC	0.09
GGCCCGCA	0.09
GGCCCGCC	0.09
GGCCCGGA	0.12
GGCCCGTA	0.1
GGCCCTAA	0.11
GGCCCTAC	0.09
GGCCCTCA	0.09
GGCCCTGA	0.09
GGCCCTTA	0.11
GGCCGAAA	0.1
GGCCGAAC	0.08
GGCCGACA	0.09
GGCCGACC	0.09
GGCCGAGA	0.1
GGCCGATA	0.09
GGCCGCAA	0.09
GGCCGCAC	0.1
GGCCGCCA	0.09
GGCCGCCC	0.1
GGCCGCGA	0.09
GGCCGCTA	0.08
GGCCGGAA	0.38
GGCCGGAC	0.15
GGCCGGCA	0.11
GGCCGGCC	0.1
GGCCGGGA	0.13
GGCCGGTA	0.11
GGCCGTAA	0.1
GGCCGTAC	0.09
GGCCGTCA	0.09
GGCCGTGA	0.09
GGCCGTTA	0.12
GGCCTAAA	0.09
GGCCTAAC	0.1
GGCCTACA	0.08
GGCCTACC	0.08
GGCCTAGA	0.09
GGCCTATA	0.1
GGCCTCAA	0.11
GGCCTCAC	0.1
GGCCTCCA	0.1
GGCCTCCC	0.11
GGCCTCGA	0.09
GGCCTCTA	0.08
GGCCTGAA	0.09
GGCCTGAC	0.1
GGCCTGCA	0.09
GGCCTGGA	0.1
GGCCTGTA	0.1
GGCCTTAA	0.1
GGCCTTAC	0.1
GGCCTTCA	0.12
GGCCTTGA	0.1
GGCCTTTA	0.11
GGCGAAAA	0.1
GGCGAAAC	0.1
GGCGAACA	0.1
GGCGAACC	0.1
GGCGAAGA	0.1
GGCGAATA	0.1
GGCGACAA	0.11
GGCGACAC	0.09
GGCGACCA	0.1
GGCGACCC	0.1
GGCGACGA	0.09
GGCGACTA	0.1
GGCGAGAA	0.11
GGCGAGAC	0.1
GGCGAGCA	0.1
GGCGAGCC	0.1
GGCGAGGA	0.11
GGCGAGTA	0.1
GGCGATAA	0.11
GGCGATAC	0.1
GGCGATCA	0.09
GGCGATGA	0.09
GGCGATTA	0.09
GGCGCAAA	0.08
GGCGCAAC	0.09
GGCGCACA	0.11
GGCGCACC	0.1
GGCGCAGA	0.08
GGCGCATA	0.09
GGCGCCAA	0.09
GGCGCCAC	0.08
GGCGCCCA	0.09
GGCGCCCC	0.1
GGCGCCGA	0.09
GGCGCCTA	0.1
GGCGCGAA	0.11
GGCGCGAC	0.11
GGCGCGCA	0.09
GGCGCGCC	0.09
GGCGCGGA	0.11
GGCGCGTA	0.1
GGCGCTAA	0.1
GGCGCTAC	0.09
GGCGCTCA	0.1
GGCGCTGA	0.09
GGCGCTTA	0.09
GGCGGAAA	0.42
GGCGGAAC	0.16
GGCGGACA	0.13
GGCGGACC	0.1
GGCGGAGA	0.11
GGCGGATA	0.26
GGCGGCAA	0.1
GGCGGCAC	0.09
GGCGGCCA	0.1
GGCGGCCC	0.1
GGCGGCGA	0.1
GGCGGCTA	0.1
GGCGGGAA	0.16
GGCGGGAC	0.1
GGCGGGCA	0.09
GGCGGGGA	0.12
GGCGGGTA	0.11
GGCGGTAA	0.11
GGCGGTAC	0.08
GGCGGTCA	0.11
GGCGGTGA	0.1
GGCGGTTA	0.1
GGCGTAAA	0.11
GGCGTAAC	0.12
GGCGTACA	0.09
GGCGTACC	0.11
GGCGTAGA	0.09
GGCGTATA	0.1
GGCGTCAA	0.09
GGCGTCAC	0.11
GGCGTCCA	0.1
GGCGTCCC	0.09
GGCGTCGA	0.09
GGCGTCTA	0.09
GGCGTGAA	0.11
GGCGTGAC	0.09
GGCGTGCA	0.09
GGCGTGGA	0.12
GGCGTGTA	0.1
GGCGTTAA	0.09
GGCGTTAC	0.11
GGCGTTCA	0.09
GGCGTTGA	0.1
GGCGTTTA	0.1
GGCTAAAA	0.11
GGCTAAAC	0.1
GGCTAACA	0.1
GGCTAACC	0.09
GGCTAAGA	0.09
GGCTAATA	0.1
GGCTACAA	0.11
GGCTACAC	0.09
GGCTACCA	0.1
GGCTACCC	0.09
GGCTACGA	0.1
GGCTACTA	0.1
GGCTAGAA	0.09
GGCTAGAC	0.1
GGCTAGCA	0.1
GGCTAGCC	0.09
GGCTAGGA	0.11
GGCTAGTA	0.1
GGCTATAA	0.11
GGCTATAC	0.09
GGCTATCA	0.1
GGCTATGA	0.09
GGCTATTA	0.1
GGCTCAAA	0.1
GGCTCAAC	0.1
GGCTCACA	0.1
GGCTCACC	0.08
GGCTCAGA	0.1
GGCTCATA	0.1
GGCTCCAA	0.09
GGCTCCAC	0.1
GGCTCCCA	0.08
GGCTCCCC	0.1
GGCTCCGA	0.09
GGCTCCTA	0.09
GGCTCGAA	0.09
GGCTCGAC	0.09
GGCTCGCA	0.1
GGCTCGGA	0.1
GGCTCGTA	0.11
GGCTCTAA	0.1
GGCTCTAC	0.1
GGCTCTCA	0.09
GGCTCTGA	0.11
GGCTCTTA	0.1
GGCTGAAA	0.11
GGCTGAAC	0.1
GGCTGACA	0.1
GGCTGACC	0.1
GGCTGAGA	0.1
GGCTGATA	0.1
GGCTGCAA	0.11
GGCTGCAC	0.09
GGCTGCCA	0.1
GGCTGCCC	0.09
GGCTGCGA	0.1
GGCTGCTA	0.1
GGCTGGAA	0.11
GGCTGGAC	0.09
GGCTGGCA	0.09
GGCTGGGA	0.1
GGCTGGTA	0.1
GGCTGTAA	0.09
GGCTGTAC	0.08
GGCTGTCA	0.09
GGCTGTGA	0.1
GGCTGTTA	0.11
GGCTTAAA	0.11
GGCTTAAC	0.12
GGCTTACA	0.1
GGCTTACC	0.11
GGCTTAGA	0.11
GGCTTATA	0.11
GGCTTCAA	0.09
GGCTTCAC	0.09
GGCTTCCA	0.1
GGCTTCCC	0.14
GGCTTCGA	0.1
GGCTTCTA	0.11
GGCTTGAA	0.1
GGCTTGAC	0.1
GGCTTGCA	0.1
GGCTTGGA	0.1
GGCTTGTA	0.1
GGCTTTAA	0.1
GGCTTTAC	0.11
GGCTTTCA	0.11
GGCTTTGA	0.11
GGCTTTTA	0.1
GGGAAAAA	0.15
GGGAAAAC	0.11
GGGAAACA	0.13
GGGAAACC	0.13
GGGAAAGA	0.14
GGGAAATA	0.18
GGGAACAA	0.12
GGGAACAC	0.1
GGGAACCA	0.1
GGGAACCC	0.1
GGGAACGA	0.1
GGGAACTA	0.13
GGGAAGAA	0.13
GGGAAGAC	0.13
GGGAAGCA	0.13
GGGAAGGA	0.15
GGGAAGTA	0.25
GGGAATAA	0.12
GGGAATAC	0.12
GGGAATCA	0.1
GGGAATGA	0.11
GGGAATTA	0.14
GGGACAAA	0.1
GGGACAAC	0.11
GGGACACA	0.1
GGGACACC	0.1
GGGACAGA	0.11
GGGACATA	0.11
GGGACCAA	0.08
GGGACCAC	0.09
GGGACCCA	0.08
GGGACCCC	0.08
GGGACCGA	0.11
GGGACCTA	0.09
GGGACGAA	0.11
GGGACGAC	0.11
GGGACGCA	0.09
GGGACGGA	0.13
GGGACGTA	0.11
GGGACTAA	0.09
GGGACTAC	0.11
GGGACTCA	0.09
GGGACTGA	0.09
GGGACTTA	0.1
GGGAGAAA	0.1
GGGAGAAC	0.1
GGGAGACA	0.12
GGGAGACC	0.08
GGGAGAGA	0.1
GGGAGATA	0.09
GGGAGCAA	0.09
GGGAGCAC	0.12
GGGAGCCA	0.1
GGGAGCCC	0.1
GGGAGCGA	0.09
GGGAGCTA	0.1
GGGAGGAA	0.16
GGGAGGAC	0.1
GGGAGGCA	0.09
GGGAGGGA	0.1
GGGAGGTA	0.1
GGGAGTAA	0.12
GGGAGTAC	0.12
GGGAGTCA	0.11
GGGAGTGA	0.11
GGGAGTTA	0.11
GGGATAAA	0.14
GGGATAAC	0.1
GGGATACA	0.13
GGGATACC	0.1
GGGATAGA	0.09
GGGATATA	0.13
GGGATCAA	0.11
GGGATCAC	0.1
GGGATCCA	0.09
GGGATCCC	0.12
GGGATCGA	0.11
GGGATCTA	0.1
GGGATGAA	0.1
GGGATGAC	0.12
GGGATGCA	0.12
GGGATGGA	0.13
GGGATGTA	0.14
GGGATTAA	0.11
GGGATTAC	0.08
GGGATTCA	0.09
GGGATTGA	0.1
GGGATTTA	0.12
GGGCAAAA	0.12
GGGCAAAC	0.09
GGGCAACA	0.11
GGGCAACC	0.1
GGGCAAGA	0.11
GGGCAATA	0.1
GGGCACAA	0.1
GGGCACAC	0.09
GGGCACCA	0.1
GGGCACCC	0.09
GGGCACGA	0.1
GGGCACTA	0.09
GGGCAGAA	0.1
GGGCAGAC	0.1
GGGCAGCA	0.1
GGGCAGGA	0.13
GGGCAGTA	0.1
GGGCATAA	0.11
GGGCATAC	0.1
GGGCATCA	0.09
GGGCATGA	0.1
GGGCATTA	0.09
GGGCCAAA	0.09
GGGCCAAC	0.1
GGGCCACA	0.09
GGGCCACC	0.09
GGGCCAGA	0.09
GGGCCATA	0.1
GGGCCCAA	0.09
GGGCCCAC	0.09
GGGCCCCA	0.1
GGGCCCCC	0.08
GGGCCCGA	0.09
GGGCCCTA	0.08
GGGCCGAA	0.11
GGGCCGAC	0.1
GGGCCGCA	0.09
GGGCCGGA	0.24
GGGCCGTA	0.09
GGGCCTAA	0.1
GGGCCTAC	0.08
GGGCCTCA	0.09
GGGCCTGA	0.1
GGGCCTTA	0.09
GGGCGAAA	0.1
GGGCGAAC	0.09
GGGCGACA	0.09
GGGCGACC	0.1
GGGCGAGA	0.11
GGGCGATA	0.1
GGGCGCAA	0.09
GGGCGCAC	0.09
GGGCGCCA	0.09
GGGCGCCC	0.11
GGGCGCGA	0.11
GGGCGCTA	0.09
GGGCGGAA	0.25
GGGCGGAC	0.12
GGGCGGCA	0.1
GGGCGGGA	0.11
GGGCGGTA	0.1
GGGCGTAA	0.11
GGGCGTAC	0.1
GGGCGTCA	0.09
GGGCGTGA	0.1
GGGCGTTA	0.1
GGGCTAAA	0.11
GGGCTAAC	0.09
GGGCTACA	0.1
GGGCTACC	0.09
GGGCTAGA	0.1
GGGCTATA	0.09
GGGCTCAA	0.1
GGGCTCAC	0.11
GGGCTCCA	0.1
GGGCTCGA	0.09
GGGCTCTA	0.08
GGGCTGAA	0.09
GGGCTGAC	0.09
GGGCTGCA	0.1
GGGCTGGA	0.11
GGGCTGTA	0.1
GGGCTTAA	0.11
GGGCTTAC	0.1
GGGCTTCA	0.09
GGGCTTGA	0.09
GGGCTTTA	0.08
GGGGAAAA	0.14
GGGGAAAC	0.12
GGGGAACA	0.11
GGGGAACC	0.09
GGGGAAGA	0.13
GGGGAATA	0.12
GGGGACAA	0.1
GGGGACAC	0.1
GGGGACCA	0.08
GGGGACCC	0.08
GGGGACGA	0.13
GGGGACTA	0.09
GGGGAGAA	0.1
GGGGAGAC	0.09
GGGGAGCA	0.09
GGGGAGGA	0.12
GGGGAGTA	0.11
GGGGATAA	0.12
GGGGATAC	0.1
GGGGATCA	0.1
GGGGATGA	0.11
GGGGATTA	0.1
GGGGCAAA	0.11
GGGGCAAC	0.09
GGGGCACA	0.1
GGGGCACC	0.09
GGGGCAGA	0.12
GGGGCATA	0.1
GGGGCCAA	0.1
GGGGCCAC	0.1
GGGGCCCA	0.1
GGGGCCCC	0.09
GGGGCCGA	0.1
GGGGCCTA	0.08
GGGGCGAA	0.11
GGGGCGAC	0.09
GGGGCGCA	0.08
GGGGCGGA	0.12
GGGGCGTA	0.11
GGGGCTAA	0.11
GGGGCTAC	0.09
GGGGCTCA	0.1
GGGGCTGA	0.08
GGGGCTTA	0.11
GGGGGAAA	0.16
GGGGGAAC	0.1
GGGGGACA	0.12
GGGGGACC	0.08
GGGGGAGA	0.14
GGGGGATA	0.12
GGGGGCAA	0.11
GGGGGCAC	0.11
GGGGGCCA	0.11
GGGGGCGA	0.11
GGGGGCTA	0.09
GGGGGGAA	0.14
GGGGGGAC	0.11
GGGGGGCA	0.11
GGGGGGGA	0.1
GGGGGGTA	0.1
GGGGGTAA	0.12
GGGGGTAC	0.1
GGGGGTCA	0.1
GGGGGTGA	0.1
GGGGGTTA	0.1
GGGGTAAA	0.11
GGGGTAAC	0.11
GGGGTACA	0.12
GGGGTACC	0.09
GGGGTAGA	0.13
GGGGTATA	0.12
GGGGTCAA	0.1
GGGGTCAC	0.1
GGGGTCCA	0.09
GGGGTCGA	0.1
GGGGTCTA	0.11
GGGGTGAA	0.1
GGGGTGAC	0.12
GGGGTGCA	0.1
GGGGTGGA	0.1
GGGGTGTA	0.1
GGGGTTAA	0.1
GGGGTTAC	0.09
GGGGTTCA	0.09
GGGGTTGA	0.1
GGGGTTTA	0.1
GGGTAAAA	0.12
GGGTAAAC	0.1
GGGTAACA	0.11
GGGTAACC	0.1
GGGTAAGA	0.11
GGGTAATA	0.1
GGGTACAA	0.11
GGGTACAC	0.09
GGGTACCA	0.11
GGGTACCC	0.09
GGGTACGA	0.1
GGGTACTA	0.1
GGGTAGAA	0.12
GGGTAGAC	0.1
GGGTAGCA	0.1
GGGTAGGA	0.12
GGGTAGTA	0.1
GGGTATAA	0.11
GGGTATAC	0.11
GGGTATCA	0.1
GGGTATGA	0.11
GGGTATTA	0.11
GGGTCAAA	0.11
GGGTCAAC	0.11
GGGTCACA	0.09
GGGTCACC	0.09
GGGTCAGA	0.09
GGGTCATA	0.12
GGGTCCAA	0.1
GGGTCCAC	0.11
GGGTCCCA	0.08
GGGTCCGA	0.1
GGGTCCTA	0.1
GGGTCGAA	0.1
GGGTCGAC	0.09
GGGTCGCA	0.09
GGGTCGGA	0.11
GGGTCGTA	0.1
GGGTCTAA	0.11
GGGTCTAC	0.09
GGGTCTCA	0.09
GGGTCTGA	0.11
GGGTCTTA	0.1
GGGTGAAA	0.12
GGGTGAAC	0.11
GGGTGACA	0.11
GGGTGACC	0.11
GGGTGAGA	0.11
GGGTGATA	0.11
GGGTGCAA	0.1
GGGTGCAC	0.1
GGGTGCCA	0.1
GGGTGCGA	0.11
GGGTGCTA	0.09
GGGTGGAA	0.1
GGGTGGAC	0.12
GGGTGGCA	0.09
GGGTGGGA	0.11
GGGTGGTA	0.1
GGGTGTAA	0.11
GGGTGTAC	0.1
GGGTGTCA	0.1
GGGTGTGA	0.1
GGGTGTTA	0.1
GGGTTAAA	0.11
GGGTTAAC	0.11
GGGTTACA	0.08
GGGTTACC	0.1
GGGTTAGA	0.09
GGGTTATA	0.1
GGGTTCAA	0.1
GGGTTCAC	0.09
GGGTTCCA	0.1
GGGTTCGA	0.09
GGGTTCTA	0.1
GGGTTGAA	0.1
GGGTTGAC	0.11
GGGTTGCA	0.11
GGGTTGGA	0.11
GGGTTGTA	0.1
GGGTTTAA	0.11
GGGTTTAC	0.1
GGGTTTCA	0.11
GGGTTTGA	0.11
GGGTTTTA	0.1
GGTAAAAA	0.11
GGTAAAAC	0.11
GGTAAACA	0.11
GGTAAACC	0.1
GGTAAAGA	0.12
GGTAAATA	0.12
GGTAACAA	0.12
GGTAACAC	0.1
GGTAACCA	0.09
GGTAACGA	0.11
GGTAACTA	0.12
GGTAAGAA	0.1
GGTAAGAC	0.1
GGTAAGCA	0.1
GGTAAGGA	0.12
GGTAAGTA	0.13
GGTAATAA	0.11
GGTAATAC	0.11
GGTAATCA	0.1
GGTAATGA	0.11
GGTAATTA	0.11
GGTACAAA	0.11
GGTACAAC	0.12
GGTACACA	0.1
GGTACACC	0.09
GGTACAGA	0.1
GGTACATA	0.1
GGTACCAA	0.1
GGTACCAC	0.11
GGTACCCA	0.09
GGTACCGA	0.09
GGTACCTA	0.1
GGTACGAA	0.1
GGTACGAC	0.08
GGTACGCA	0.11
GGTACGGA	0.1
GGTACGTA	0.1
GGTACTAA	0.11
GGTACTAC	0.09
GGTACTCA	0.1
GGTACTGA	0.11
GGTACTTA	0.1
GGTAGAAA	0.11
GGTAGAAC	0.1
GGTAGACA	0.11
GGTAGACC	0.1
GGTAGAGA	0.11
GGTAGATA	0.1
GGTAGCAA	0.1
GGTAGCAC	0.1
GGTAGCCA	0.09
GGTAGCGA	0.09
GGTAGCTA	0.1
GGTAGGAA	0.15
GGTAGGAC	0.11
GGTAGGCA	0.1
GGTAGGGA	0.1
GGTAGGTA	0.1
GGTAGTAA	0.12
GGTAGTAC	0.09
GGTAGTCA	0.1
GGTAGTGA	0.1
GGTAGTTA	0.11
GGTATAAA	0.12
GGTATAAC	0.11
GGTATACA	0.11
GGTATACC	0.1
GGTATAGA	0.12
GGTATATA	0.1
GGTATCAA	0.12
GGTATCAC	0.09
GGTATCCA	0.11
GGTATCGA	0.09
GGTATCTA	0.1
GGTATGAA	0.1
GGTATGAC	0.11
GGTATGCA	0.09
GGTATGGA	0.11
GGTATGTA	0.11
GGTATTAA	0.11
GGTATTAC	0.12
GGTATTCA	0.11
GGTATTGA	0.11
GGTATTTA	0.11
GGTCAAAA	0.12
GGTCAAAC	0.1
GGTCAACA	0.1
GGTCAACC	0.1
GGTCAAGA	0.08
GGTCAATA	0.1
GGTCACAA	0.1
GGTCACAC	0.09
GGTCACCA	0.09
GGTCACGA	0.09
GGTCACTA	0.11
GGTCAGAA	0.1
GGTCAGAC	0.1
GGTCAGCA	0.1
GGTCAGGA	0.11
GGTCAGTA	0.09
GGTCATAA	0.12
GGTCATAC	0.09
GGTCATCA	0.09
GGTCATGA	0.11
GGTCATTA	0.11
GGTCCAAA	0.12
GGTCCAAC	0.09
GGTCCACA	0.09
GGTCCACC	0.1
GGTCCAGA	0.09
GGTCCATA	0.11
GGTCCCAA	0.08
GGTCCCAC	0.11
GGTCCCCA	0.08
GGTCCCGA	0.09
GGTCCCTA	0.1
GGTCCGAA	0.1
GGTCCGAC	0.09
GGTCCGCA	0.09
GGTCCGGA	0.14
GGTCCGTA	0.12
GGTCCTAA	0.09
GGTCCTAC	0.09
GGTCCTCA	0.1
GGTCCTGA	0.1
GGTCCTTA	0.11
GGTCGAAA	0.09
GGTCGAAC	0.1
GGTCGACA	0.1
GGTCGACC	0.11
GGTCGAGA	0.09
GGTCGATA	0.11
GGTCGCAA	0.12
GGTCGCAC	0.1
GGTCGCCA	0.11
GGTCGCGA	0.11
GGTCGCTA	0.08
GGTCGGAA	0.15
GGTCGGAC	0.1
GGTCGGCA	0.1
GGTCGGGA	0.11
GGTCGGTA	0.1
GGTCGTAA	0.11
GGTCGTAC	0.09
GGTCGTCA	0.11
GGTCGTGA	0.09
GGTCGTTA	0.11
GGTCTAAA	0.11
GGTCTAAC	0.1
GGTCTACA	0.1
GGTCTAGA	0.09
GGTCTATA	0.1
GGTCTCAA	0.1
GGTCTCAC	0.09
GGTCTCCA	0.11
GGTCTCGA	0.1
GGTCTCTA	0.1
GGTCTGAA	0.1
GGTCTGAC	0.11
GGTCTGCA	0.1
GGTCTGGA	0.11
GGTCTGTA	0.1
GGTCTTAA	0.1
GGTCTTAC	0.09
GGTCTTCA	0.1
GGTCTTGA	0.09
GGTCTTTA	0.1
GGTGAAAA	0.11
GGTGAAAC	0.1
GGTGAACA	0.1
GGTGAACC	0.09
GGTGAAGA	0.09
GGTGAATA	0.11
GGTGACAA	0.1
GGTGACAC	0.11
GGTGACCA	0.11
GGTGACGA	0.09
GGTGACTA	0.11
GGTGAGAA	0.1
GGTGAGAC	0.11
GGTGAGCA	0.1
GGTGAGGA	0.1
GGTGAGTA	0.1
GGTGATAA	0.1
GGTGATAC	0.08
GGTGATCA	0.09
GGTGATGA	0.1
GGTGATTA	0.12
GGTGCAAA	0.1
GGTGCAAC	0.1
GGTGCACA	0.09
GGTGCACC	0.1
GGTGCAGA	0.11
GGTGCATA	0.11
GGTGCCAA	0.1
GGTGCCAC	0.09
GGTGCCCA	0.11
GGTGCCGA	0.11
GGTGCCTA	0.11
GGTGCGAA	0.12
GGTGCGAC	0.1
GGTGCGCA	0.09
GGTGCGGA	0.11
GGTGCGTA	0.1
GGTGCTAA	0.11
GGTGCTAC	0.1
GGTGCTCA	0.1
GGTGCTGA	0.1
GGTGCTTA	0.1
GGTGGAAA	0.11
GGTGGAAC	0.1
GGTGGACA	0.1
GGTGGAGA	0.09
GGTGGATA	0.11
GGTGGCAA	0.1
GGTGGCAC	0.09
GGTGGCCA	0.08
GGTGGCGA	0.11
GGTGGCTA	0.1
GGTGGGAA	0.11
GGTGGGAC	0.1
GGTGGGCA	0.1
GGTGGGGA	0.11
GGTGGGTA	0.11
GGTGGTAA	0.11
GGTGGTAC	0.09
GGTGGTCA	0.09
GGTGGTGA	0.1
GGTGGTTA	0.11
GGTGTAAA	0.11
GGTGTAAC	0.09
GGTGTACA	0.09
GGTGTAGA	0.1
GGTGTATA	0.11
GGTGTCAA	0.09
GGTGTCAC	0.11
GGTGTCCA	0.1
GGTGTCGA	0.09
GGTGTCTA	0.1
GGTGTGAA	0.11
GGTGTGAC	0.11
GGTGTGCA	0.08
GGTGTGGA	0.12
GGTGTGTA	0.11
GGTGTTAA	0.1
GGTGTTAC	0.11
GGTGTTCA	0.1
GGTGTTGA	0.1
GGTGTTTA	0.1
GGTTAAAA	0.1
GGTTAAAC	0.13
GGTTAACA	0.11
GGTTAACC	0.12
GGTTAAGA	0.1
GGTTAATA	0.11
GGTTACAA	0.12
GGTTACAC	0.1
GGTTACCA	0.1
GGTTACGA	0.11
GGTTACTA	0.11
GGTTAGAA	0.08
GGTTAGAC	0.1
GGTTAGCA	0.1
GGTTAGGA	0.1
GGTTAGTA	0.12
GGTTATAA	0.1
GGTTATAC	0.1
GGTTATCA	0.1
GGTTATGA	0.12
GGTTATTA	0.13
GGTTCAAA	0.11
GGTTCAAC	0.09
GGTTCACA	0.09
GGTTCAGA	0.11
GGTTCATA	0.11
GGTTCCAA	0.11
GGTTCCAC	0.11
GGTTCCCA	0.1
GGTTCCGA	0.11
GGTTCCTA	0.11
GGTTCGAA	0.09
GGTTCGAC	0.09
GGTTCGCA	0.1
GGTTCGGA	0.1
GGTTCGTA	0.1
GGTTCTAA	0.1
GGTTCTAC	0.11
GGTTCTCA	0.11
GGTTCTGA	0.1
GGTTCTTA	0.11
GGTTGAAA	0.09
GGTTGAAC	0.1
GGTTGACA	0.1
GGTTGAGA	0.1
GGTTGATA	0.1
GGTTGCAA	0.1
GGTTGCAC	0.1
GGTTGCCA	0.1
GGTTGCGA	0.12
GGTTGCTA	0.09
GGTTGGAA	0.11
GGTTGGAC	0.1
GGTTGGCA	0.11
GGTTGGGA	0.11
GGTTGGTA	0.11
GGTTGTAA	0.11
GGTTGTAC	0.11
GGTTGTCA	0.09
GGTTGTGA	0.11
GGTTGTTA	0.11
GGTTTAAA	0.12
GGTTTAAC	0.11
GGTTTACA	0.1
GGTTTAGA	0.11
GGTTTATA	0.1
GGTTTCAA	0.12
GGTTTCAC	0.11
GGTTTCCA	0.12
GGTTTCGA	0.1
GGTTTCTA	0.11
GGTTTGAA	0.1
GGTTTGAC	0.09
GGTTTGCA	0.11
GGTTTGGA	0.11
GGTTTGTA	0.12
GGTTTTAA	0.11
GGTTTTAC	0.1
GGTTTTCA	0.11
GGTTTTGA	0.1
GGTTTTTA	0.11
GTAAAAAA	0.12
GTAAAAAC	0.11
GTAAAACA	0.1
GTAAAAGA	0.11
GTAAAATA	0.11
GTAAACAA	0.11
GTAAACAC	0.09
GTAAACCA	0.12
GTAAACGA	0.11
GTAAACTA	0.1
GTAAAGAA	0.11
GTAAAGAC	0.11
GTAAAGCA	0.11
GTAAAGGA	0.12
GTAAAGTA	0.09
GTAAATAA	0.11
GTAAATAC	0.1
GTAAATCA	0.12
GTAAATGA	0.11
GTAAATTA	0.11
GTAACAAA	0.12
GTAACAAC	0.11
GTAACACA	0.12
GTAACAGA	0.12
GTAACATA	0.1
GTAACCAA	0.1
GTAACCAC	0.09
GTAACCCA	0.12
GTAACCGA	0.11
GTAACCTA	0.12
GTAACGAA	0.09
GTAACGAC	0.11
GTAACGCA	0.1
GTAACGGA	0.13
GTAACGTA	0.1
GTAACTAA	0.12
GTAACTAC	0.09
GTAACTCA	0.08
GTAACTGA	0.09
GTAACTTA	0.11
GTAAGAAA	0.12
GTAAGAAC	0.1
GTAAGACA	0.09
GTAAGAGA	0.12
GTAAGATA	0.12
GTAAGCAA	0.11
GTAAGCAC	0.1
GTAAGCCA	0.11
GTAAGCGA	0.11
GTAAGCTA	0.09
GTAAGGAA	0.13
GTAAGGAC	0.11
GTAAGGCA	0.1
GTAAGGGA	0.11
GTAAGGTA	0.12
GTAAGTAA	0.12
GTAAGTAC	0.09
GTAAGTCA	0.09
GTAAGTGA	0.12
GTAAGTTA	0.1
GTAATAAA	0.11
GTAATAAC	0.1
GTAATACA	0.11
GTAATAGA	0.12
GTAATATA	0.1
GTAATCAA	0.1
GTAATCAC	0.1
GTAATCCA	0.1
GTAATCGA	0.11
GTAATCTA	0.1
GTAATGAA	0.09
GTAATGAC	0.11
GTAATGCA	0.1
GTAATGGA	0.11
GTAATGTA	0.09
GTAATTAA	0.12
GTAATTAC	0.11
GTAATTCA	0.11
GTAATTGA	0.11
GTAATTTA	0.13
GTACAAAA	0.11
GTACAAAC	0.1
GTACAACA	0.11
GTACAAGA	0.1
GTACAATA	0.1
GTACACAA	0.1
GTACACAC	0.1
GTACACCA	0.09
GTACACGA	0.09
GTACACTA	0.1
GTACAGAA	0.1
GTACAGAC	0.09
GTACAGCA	0.09
GTACAGGA	0.12
GTACAGTA	0.1
GTACATAA	0.09
GTACATAC	0.1
GTACATCA	0.1
GTACATGA	0.1
GTACATTA	0.11
GTACCAAA	0.1
GTACCAAC	0.1
GTACCACA	0.11
GTACCAGA	0.1
GTACCATA	0.09
GTACCCAA	0.1
GTACCCAC	0.11
GTACCCCA	0.1
GTACCCGA	0.1
GTACCCTA	0.11
GTACCGAA	0.11
GTACCGAC	0.11
GTACCGCA	0.09
GTACCGGA	0.33
GTACCGTA	0.1
GTACCTAA	0.1
GTACCTAC	0.1
GTACCTCA	0.09
GTACCTGA	0.1
GTACCTTA	0.1
GTACGAAA	0.1
GTACGAAC	0.11
GTACGACA	0.12
GTACGAGA	0.11
GTACGATA	0.09
GTACGCAA	0.1
GTACGCAC	0.1
GTACGCCA	0.09
GTACGCGA	0.09
GTACGCTA	0.1
GTACGGAA	0.16
GTACGGAC	0.1
GTACGGCA	0.1
GTACGGGA	0.11
GTACGGTA	0.09
GTACGTAA	0.09
GTACGTAC	0.09
GTACGTCA	0.09
GTACGTGA	0.11
GTACGTTA	0.1
GTACTAAA	0.11
GTACTAAC	0.12
GTACTACA	0.09
GTACTAGA	0.1
GTACTATA	0.1
GTACTCAA	0.1
GTACTCAC	0.09
GTACTCCA	0.1
GTACTCGA	0.1
GTACTCTA	0.1
GTACTGAA	0.12
GTACTGAC	0.09
GTACTGCA	0.11
GTACTGGA	0.1
GTACTGTA	0.09
GTACTTAA	0.1
GTACTTCA	0.11
GTACTTGA	0.1
GTACTTTA	0.1
GTAGAAAA	0.13
GTAGAAAC	0.11
GTAGAACA	0.1
GTAGAAGA	0.09
GTAGAATA	0.12
GTAGACAA	0.1
GTAGACAC	0.1
GTAGACCA	0.1
GTAGACGA	0.09
GTAGACTA	0.09
GTAGAGAA	0.11
GTAGAGAC	0.1
GTAGAGCA	0.1
GTAGAGGA	0.12
GTAGAGTA	0.11
GTAGATAA	0.1
GTAGATAC	0.09
GTAGATCA	0.1
GTAGATGA	0.11
GTAGATTA	0.11
GTAGCAAA	0.1
GTAGCAAC	0.1
GTAGCACA	0.1
GTAGCAGA	0.09
GTAGCATA	0.1
GTAGCCAA	0.1
GTAGCCAC	0.09
GTAGCCCA	0.1
GTAGCCGA	0.1
GTAGCCTA	0.1
GTAGCGAA	0.09
GTAGCGAC	0.09
GTAGCGCA	0.1
GTAGCGGA	0.19
GTAGCGTA	0.09
GTAGCTAA	0.09
GTAGCTAC	0.11
GTAGCTCA	0.1
GTAGCTGA	0.09
GTAGCTTA	0.09
GTAGGAAA	0.18
GTAGGAAC	0.1
GTAGGACA	0.11
GTAGGAGA	0.11
GTAGGATA	0.11
GTAGGCAA	0.1
GTAGGCAC	0.11
GTAGGCCA	0.1
GTAGGCGA	0.09
GTAGGCTA	0.1
GTAGGGAA	0.14
GTAGGGAC	0.09
GTAGGGCA	0.1
GTAGGGGA	0.12
GTAGGGTA	0.09
GTAGGTAA	0.1
GTAGGTCA	0.11
GTAGGTGA	0.1
GTAGGTTA	0.1
GTAGTAAA	0.11
GTAGTAAC	0.11
GTAGTACA	0.1
GTAGTAGA	0.11
GTAGTATA	0.1
GTAGTCAA	0.1
GTAGTCAC	0.09
GTAGTCCA	0.11
GTAGTCGA	0.1
GTAGTCTA	0.1
GTAGTGAA	0.11
GTAGTGAC	0.09
GTAGTGCA	0.1
GTAGTGGA	0.1
GTAGTGTA	0.11
GTAGTTAA	0.11
GTAGTTCA	0.11
GTAGTTGA	0.12
GTAGTTTA	0.11
GTATAAAA	0.13
GTATAAAC	0.1
GTATAACA	0.11
GTATAAGA	0.1
GTATAATA	0.12
GTATACAA	0.11
GTATACAC	0.1
GTATACCA	0.09
GTATACGA	0.11
GTATACTA	0.1
GTATAGAA	0.1
GTATAGAC	0.09
GTATAGCA	0.11
GTATAGGA	0.12
GTATAGTA	0.12
GTATATAA	0.1
GTATATAC	0.08
GTATATCA	0.11
GTATATGA	0.12
GTATATTA	0.11
GTATCAAA	0.12
GTATCAAC	0.11
GTATCACA	0.09
GTATCAGA	0.11
GTATCATA	0.11
GTATCCAA	0.12
GTATCCAC	0.11
GTATCCCA	0.12
GTATCCGA	0.14
GTATCCTA	0.13
GTATCGAA	0.11
GTATCGAC	0.09
GTATCGCA	0.1
GTATCGGA	0.11
GTATCGTA	0.1
GTATCTAA	0.12
GTATCTCA	0.11
GTATCTGA	0.1
GTATCTTA	0.12
GTATGAAA	0.12
GTATGAAC	0.11
GTATGACA	0.1
GTATGAGA	0.11
GTATGATA	0.12
GTATGCAA	0.11
GTATGCAC	0.1
GTATGCCA	0.1
GTATGCGA	0.09
GTATGCTA	0.1
GTATGGAA	0.12
GTATGGAC	0.1
GTATGGCA	0.1
GTATGGGA	0.1
GTATGGTA	0.1
GTATGTAA	0.12
GTATGTCA	0.11
GTATGTGA	0.11
GTATGTTA	0.1
GTATTAAA	0.13
GTATTAAC	0.11
GTATTACA	0.11
GTATTAGA	0.12
GTATTATA	0.11
GTATTCAA	0.11
GTATTCAC	0.11
GTATTCCA	0.1
GTATTCGA	0.1
GTATTCTA	0.11
GTATTGAA	0.13
GTATTGAC	0.09
GTATTGCA	0.1
GTATTGGA	0.11
GTATTGTA	0.1
GTATTTAA	0.13
GTATTTCA	0.11
GTATTTGA	0.1
GTATTTTA	0.12
GTCAAAAA	0.12
GTCAAAAC	0.1
GTCAAACA	0.1
GTCAAAGA	0.11
GTCAAATA	0.12
GTCAACAA	0.12
GTCAACAC	0.1
GTCAACCA	0.11
GTCAACGA	0.1
GTCAACTA	0.12
GTCAAGAA	0.1
GTCAAGAC	0.09
GTCAAGCA	0.1
GTCAAGGA	0.09
GTCAAGTA	0.09
GTCAATAA	0.09
GTCAATCA	0.09
GTCAATGA	0.09
GTCAATTA	0.11
GTCACAAA	0.11
GTCACAAC	0.11
GTCACACA	0.1
GTCACAGA	0.11
GTCACATA	0.09
GTCACCAA	0.09
GTCACCAC	0.1
GTCACCCA	0.11
GTCACCGA	0.11
GTCACCTA	0.09
GTCACGAA	0.09
GTCACGAC	0.1
GTCACGCA	0.1
GTCACGGA	0.13
GTCACGTA	0.09
GTCACTAA	0.12
GTCACTCA	0.12
GTCACTGA	0.1
GTCACTTA	0.11
GTCAGAAA	0.11
GTCAGAAC	0.09
GTCAGACA	0.1
GTCAGAGA	0.08
GTCAGATA	0.1
GTCAGCAA	0.1
GTCAGCAC	0.09
GTCAGCCA	0.09
GTCAGCGA	0.1
GTCAGCTA	0.09
GTCAGGAA	0.15
GTCAGGAC	0.09
GTCAGGCA	0.1
GTCAGGGA	0.09
GTCAGGTA	0.11
GTCAGTAA	0.1
GTCAGTCA	0.1
GTCAGTGA	0.1
GTCAGTTA	0.1
GTCATAAA	0.12
GTCATAAC	0.12
GTCATACA	0.1
GTCATAGA	0.1
GTCATATA	0.13
GTCATCAA	0.11
GTCATCAC	0.09
GTCATCCA	0.09
GTCATCGA	0.09
GTCATCTA	0.1
GTCATGAA	0.1
GTCATGAC	0.1
GTCATGCA	0.1
GTCATGGA	0.1
GTCATGTA	0.1
GTCATTAA	0.12
GTCATTCA	0.11
GTCATTGA	0.11
GTCATTTA	0.1
GTCCAAAA	0.11
GTCCAAAC	0.11
GTCCAACA	0.09
GTCCAAGA	0.1
GTCCAATA	0.11
GTCCACAA	0.1
GTCCACAC	0.1
GTCCACCA	0.1
GTCCACGA	0.09
GTCCACTA	0.1
GTCCAGAA	0.1
GTCCAGAC	0.08
GTCCAGCA	0.11
GTCCAGGA	0.11
GTCCAGTA	0.09
GTCCATAA	0.1
GTCCATCA	0.11
GTCCATGA	0.09
GTCCATTA	0.1
GTCCCAAA	0.1
GTCCCAAC	0.1
GTCCCACA	0.11
GTCCCAGA	0.08
GTCCCATA	0.09
GTCCCCAA	0.09
GTCCCCAC	0.09
GTCCCCCA	0.1
GTCCCCGA	0.1
GTCCCCTA	0.1
GTCCCGAA	0.11
GTCCCGAC	0.1
GTCCCGCA	0.11
GTCCCGGA	0.13
GTCCCGTA	0.1
GTCCCTAA	0.1
GTCCCTCA	0.1
GTCCCTGA	0.09
GTCCCTTA	0.11
GTCCGAAA	0.11
GTCCGAAC	0.09
GTCCGACA	0.11
GTCCGAGA	0.11
GTCCGATA	0.11
GTCCGCAA	0.11
GTCCGCAC	0.1
GTCCGCCA	0.11
GTCCGCGA	0.11
GTCCGCTA	0.14
GTCCGGAA	0.39
GTCCGGAC	0.17
GTCCGGCA	0.14
GTCCGGGA	0.14
GTCCGGTA	0.2
GTCCGTAA	0.1
GTCCGTCA	0.11
GTCCGTGA	0.1
GTCCGTTA	0.12
GTCCTAAA	0.1
GTCCTAAC	0.1
GTCCTACA	0.09
GTCCTAGA	0.1
GTCCTATA	0.1
GTCCTCAA	0.11
GTCCTCAC	0.1
GTCCTCCA	0.1
GTCCTCGA	0.1
GTCCTCTA	0.1
GTCCTGAA	0.1
GTCCTGCA	0.09
GTCCTGGA	0.1
GTCCTGTA	0.12
GTCCTTAA	0.13
GTCCTTCA	0.1
GTCCTTGA	0.1
GTCCTTTA	0.1
GTCGAAAA	0.12
GTCGAAAC	0.1
GTCGAACA	0.1
GTCGAAGA	0.12
GTCGAATA	0.13
GTCGACAA	0.09
GTCGACAC	0.1
GTCGACCA	0.09
GTCGACGA	0.1
GTCGACTA	0.1
GTCGAGAA	0.11
GTCGAGAC	0.09
GTCGAGCA	0.07
GTCGAGGA	0.08
GTCGAGTA	0.1
GTCGATAA	0.1
GTCGATCA	0.1
GTCGATGA	0.1
GTCGATTA	0.09
GTCGCAAA	0.1
GTCGCAAC	0.1
GTCGCACA	0.1
GTCGCAGA	0.1
GTCGCATA	0.09
GTCGCCAA	0.1
GTCGCCAC	0.1
GTCGCCCA	0.09
GTCGCCGA	0.11
GTCGCCTA	0.1
GTCGCGAA	0.11
GTCGCGAC	0.11
GTCGCGCA	0.09
GTCGCGGA	0.11
GTCGCGTA	0.09
GTCGCTAA	0.1
GTCGCTCA	0.1
GTCGCTGA	0.08
GTCGCTTA	0.1
GTCGGAAA	0.19
GTCGGAAC	0.11
GTCGGACA	0.11
GTCGGAGA	0.1
GTCGGATA	0.13
GTCGGCAA	0.09
GTCGGCAC	0.09
GTCGGCCA	0.09
GTCGGCGA	0.1
GTCGGCTA	0.1
GTCGGGAA	0.12
GTCGGGCA	0.11
GTCGGGGA	0.1
GTCGGGTA	0.09
GTCGGTAA	0.1
GTCGGTCA	0.1
GTCGGTGA	0.1
GTCGGTTA	0.1
GTCGTAAA	0.12
GTCGTAAC	0.11
GTCGTACA	0.09
GTCGTAGA	0.1
GTCGTATA	0.11
GTCGTCAA	0.11
GTCGTCAC	0.09
GTCGTCCA	0.1
GTCGTCGA	0.09
GTCGTCTA	0.1
GTCGTGAA	0.1
GTCGTGCA	0.11
GTCGTGGA	0.09
GTCGTGTA	0.09
GTCGTTAA	0.11
GTCGTTCA	0.1
GTCGTTGA	0.11
GTCGTTTA	0.12
GTCTAAAA	0.12
GTCTAAAC	0.1
GTCTAACA	0.1
GTCTAAGA	0.1
GTCTAATA	0.1
GTCTACAA	0.1
GTCTACAC	0.09
GTCTACCA	0.09
GTCTACGA	0.08
GTCTACTA	0.11
GTCTAGAA	0.11
GTCTAGAC	0.09
GTCTAGCA	0.1
GTCTAGGA	0.11
GTCTAGTA	0.1
GTCTATAA	0.11
GTCTATCA	0.1
GTCTATGA	0.11
GTCTATTA	0.1
GTCTCAAA	0.11
GTCTCAAC	0.09
GTCTCACA	0.09
GTCTCAGA	0.1
GTCTCATA	0.1
GTCTCCAA	0.11
GTCTCCAC	0.11
GTCTCCCA	0.1
GTCTCCGA	0.1
GTCTCCTA	0.11
GTCTCGAA	0.1
GTCTCGCA	0.09
GTCTCGGA	0.11
GTCTCGTA	0.1
GTCTCTAA	0.1
GTCTCTCA	0.09
GTCTCTGA	0.1
GTCTCTTA	0.12
GTCTGAAA	0.1
GTCTGAAC	0.09
GTCTGACA	0.1
GTCTGAGA	0.1
GTCTGATA	0.12
GTCTGCAA	0.09
GTCTGCAC	0.09
GTCTGCCA	0.09
GTCTGCGA	0.09
GTCTGCTA	0.11
GTCTGGAA	0.1
GTCTGGCA	0.1
GTCTGGGA	0.11
GTCTGGTA	0.09
GTCTGTAA	0.1
GTCTGTCA	0.1
GTCTGTGA	0.1
GTCTGTTA	0.11
GTCTTAAA	0.1
GTCTTAAC	0.09
GTCTTACA	0.09
GTCTTAGA	0.1
GTCTTATA	0.11
GTCTTCAA	0.1
GTCTTCAC	0.09
GTCTTCCA	0.11
GTCTTCGA	0.1
GTCTTCTA	0.1
GTCTTGAA	0.11
GTCTTGCA	0.09
GTCTTGGA	0.1
GTCTTGTA	0.12
GTCTTTAA	0.11
GTCTTTCA	0.1
GTCTTTGA	0.1
GTCTTTTA	0.11
GTGAAAAA	0.13
GTGAAAAC	0.11
GTGAAACA	0.12
GTGAAAGA	0.13
GTGAAATA	0.11
GTGAACAA	0.1
GTGAACAC	0.09
GTGAACCA	0.11
GTGAACGA	0.1
GTGAACTA	0.12
GTGAAGAA	0.12
GTGAAGCA	0.11
GTGAAGGA	0.1
GTGAAGTA	0.1
GTGAATAA	0.11
GTGAATCA	0.1
GTGAATGA	0.11
GTGAATTA	0.1
GTGACAAA	0.1
GTGACAAC	0.1
GTGACACA	0.1
GTGACAGA	0.1
GTGACATA	0.11
GTGACCAA	0.12
GTGACCAC	0.09
GTGACCCA	0.09
GTGACCGA	0.09
GTGACCTA	0.1
GTGACGAA	0.11
GTGACGCA	0.11
GTGACGGA	0.13
GTGACGTA	0.1
GTGACTAA	0.1
GTGACTCA	0.1
GTGACTGA	0.09
GTGACTTA	0.09
GTGAGAAA	0.11
GTGAGAAC	0.09
GTGAGACA	0.1
GTGAGAGA	0.11
GTGAGATA	0.11
GTGAGCAA	0.11
GTGAGCAC	0.09
GTGAGCCA	0.08
GTGAGCGA	0.1
GTGAGCTA	0.09
GTGAGGAA	0.13
GTGAGGCA	0.1
GTGAGGGA	0.11
GTGAGGTA	0.11
GTGAGTAA	0.11
GTGAGTCA	0.09
GTGAGTGA	0.1
GTGAGTTA	0.1
GTGATAAA	0.1
GTGATAAC	0.1
GTGATACA	0.09
GTGATAGA	0.11
GTGATATA	0.09
GTGATCAA	0.09
GTGATCAC	0.09
GTGATCCA	0.09
GTGATCGA	0.11
GTGATCTA	0.11
GTGATGAA	0.11
GTGATGCA	0.11
GTGATGGA	0.11
GTGATGTA	0.1
GTGATTAA	0.12
GTGATTCA	0.1
GTGATTGA	0.12
GTGATTTA	0.12
GTGCAAAA	0.11
GTGCAAAC	0.09
GTGCAACA	0.1
GTGCAAGA	0.09
GTGCAATA	0.1
GTGCACAA	0.11
GTGCACAC	0.08
GTGCACCA	0.1
GTGCACGA	0.09
GTGCACTA	0.09
GTGCAGAA	0.11
GTGCAGCA	0.09
GTGCAGGA	0.12
GTGCAGTA	0.11
GTGCATAA	0.1
GTGCATCA	0.09
GTGCATGA	0.1
GTGCATTA	0.11
GTGCCAAA	0.1
GTGCCAAC	0.1
GTGCCACA	0.09
GTGCCAGA	0.09
GTGCCATA	0.1
GTGCCCAA	0.1
GTGCCCAC	0.09
GTGCCCCA	0.1
GTGCCCGA	0.09
GTGCCCTA	0.09
GTGCCGAA	0.12
GTGCCGCA	0.1
GTGCCGGA	0.18
GTGCCGTA	0.1
GTGCCTAA	0.1
GTGCCTCA	0.09
GTGCCTGA	0.09
GTGCCTTA	0.1
GTGCGAAA	0.11
GTGCGAAC	0.1
GTGCGACA	0.1
GTGCGAGA	0.11
GTGCGATA	0.1
GTGCGCAA	0.09
GTGCGCAC	0.1
GTGCGCCA	0.1
GTGCGCGA	0.1
GTGCGCTA	0.08
GTGCGGAA	0.2
GTGCGGCA	0.09
GTGCGGGA	0.12
GTGCGGTA	0.1
GTGCGTAA	0.09
GTGCGTCA	0.1
GTGCGTGA	0.1
GTGCGTTA	0.11
GTGCTAAA	0.11
GTGCTAAC	0.11
GTGCTACA	0.1
GTGCTAGA	0.12
GTGCTATA	0.11
GTGCTCAA	0.1
GTGCTCCA	0.09
GTGCTCGA	0.09
GTGCTCTA	0.1
GTGCTGAA	0.11
GTGCTGCA	0.09
GTGCTGGA	0.1
GTGCTGTA	0.09
GTGCTTAA	0.11
GTGCTTCA	0.1
GTGCTTGA	0.11
GTGCTTTA	0.1
GTGGAAAA	0.12
GTGGAAAC	0.14
GTGGAACA	0.11
GTGGAAGA	0.12
GTGGAATA	0.1
GTGGACAA	0.11
GTGGACAC	0.1
GTGGACCA	0.1
GTGGACGA	0.1
GTGGACTA	0.11
GTGGAGAA	0.11
GTGGAGCA	0.08
GTGGAGGA	0.11
GTGGAGTA	0.1
GTGGATAA	0.11
GTGGATCA	0.1
GTGGATGA	0.08
GTGGATTA	0.1
GTGGCAAA	0.1
GTGGCAAC	0.09
GTGGCACA	0.09
GTGGCAGA	0.1
GTGGCATA	0.1
GTGGCCAA	0.1
GTGGCCAC	0.1
GTGGCCCA	0.1
GTGGCCGA	0.09
GTGGCCTA	0.09
GTGGCGAA	0.12
GTGGCGCA	0.08
GTGGCGGA	0.13
GTGGCGTA	0.11
GTGGCTAA	0.1
GTGGCTCA	0.1
GTGGCTGA	0.09
GTGGCTTA	0.11
GTGGGAAA	0.12
GTGGGAAC	0.08
GTGGGACA	0.11
GTGGGAGA	0.09
GTGGGATA	0.12
GTGGGCAA	0.1
GTGGGCCA	0.1
GTGGGCGA	0.1
GTGGGCTA	0.1
GTGGGGAA	0.12
GTGGGGCA	0.09
GTGGGGGA	0.13
GTGGGGTA	0.12
GTGGGTAA	0.11
GTGGGTCA	0.1
GTGGGTGA	0.12
GTGGGTTA	0.1
GTGGTAAA	0.11
GTGGTAAC	0.1
GTGGTACA	0.1
GTGGTAGA	0.09
GTGGTATA	0.1
GTGGTCAA	0.09
GTGGTCCA	0.09
GTGGTCGA	0.1
GTGGTCTA	0.1
GTGGTGAA	0.09
GTGGTGCA	0.1
GTGGTGGA	0.11
GTGGTGTA	0.1
GTGGTTAA	0.11
GTGGTTCA	0.1
GTGGTTGA	0.09
GTGGTTTA	0.12
GTGTAAAA	0.13
GTGTAAAC	0.12
GTGTAACA	0.09
GTGTAAGA	0.1
GTGTAATA	0.1
GTGTACAA	0.12
GTGTACAC	0.09
GTGTACCA	0.09
GTGTACGA	0.1
GTGTACTA	0.1
GTGTAGAA	0.12
GTGTAGCA	0.09
GTGTAGGA	0.11
GTGTAGTA	0.11
GTGTATAA	0.1
GTGTATCA	0.1
GTGTATGA	0.1
GTGTATTA	0.11
GTGTCAAA	0.1
GTGTCAAC	0.09
GTGTCACA	0.11
GTGTCAGA	0.11
GTGTCATA	0.11
GTGTCCAA	0.1
GTGTCCCA	0.11
GTGTCCGA	0.12
GTGTCCTA	0.11
GTGTCGAA	0.1
GTGTCGCA	0.1
GTGTCGGA	0.1
GTGTCGTA	0.11
GTGTCTAA	0.1
GTGTCTCA	0.1
GTGTCTGA	0.09
GTGTCTTA	0.1
GTGTGAAA	0.1
GTGTGAAC	0.1
GTGTGACA	0.09
GTGTGAGA	0.11
GTGTGATA	0.1
GTGTGCAA	0.1
GTGTGCCA	0.1
GTGTGCGA	0.1
GTGTGCTA	0.1
GTGTGGAA	0.12
GTGTGGCA	0.09
GTGTGGGA	0.1
GTGTGGTA	0.11
GTGTGTAA	0.11
GTGTGTCA	0.1
GTGTGTGA	0.1
GTGTGTTA	0.11
GTGTTAAA	0.11
GTGTTAAC	0.09
GTGTTACA	0.1
GTGTTAGA	0.11
GTGTTATA	0.1
GTGTTCAA	0.11
GTGTTCCA	0.11
GTGTTCGA	0.11
GTGTTCTA	0.1
GTGTTGAA	0.11
GTGTTGCA	0.1
GTGTTGGA	0.09
GTGTTGTA	0.1
GTGTTTAA	0.12
GTGTTTCA	0.11
GTGTTTGA	0.11
GTGTTTTA	0.11
GTTAAAAA	0.12
GTTAAAAC	0.12
GTTAAACA	0.11
GTTAAAGA	0.12
GTTAAATA	0.13
GTTAACAA	0.1
GTTAACCA	0.09
GTTAACGA	0.12
GTTAACTA	0.11
GTTAAGAA	0.11
GTTAAGCA	0.11
GTTAAGGA	0.11
GTTAAGTA	0.11
GTTAATAA	0.12
GTTAATCA	0.11
GTTAATGA	0.1
GTTAATTA	0.11
GTTACAAA	0.12
GTTACAAC	0.12
GTTACACA	0.09
GTTACAGA	0.1
GTTACATA	0.1
GTTACCAA	0.11
GTTACCCA	0.11
GTTACCGA	0.1
GTTACCTA	0.12
GTTACGAA	0.1
GTTACGCA	0.09
GTTACGGA	0.11
GTTACGTA	0.11
GTTACTAA	0.1
GTTACTCA	0.12
GTTACTGA	0.11
GTTACTTA	0.11
GTTAGAAA	0.1
GTTAGAAC	0.09
GTTAGACA	0.1
GTTAGAGA	0.1
GTTAGATA	0.13
GTTAGCAA	0.11
GTTAGCCA	0.1
GTTAGCGA	0.09
GTTAGCTA	0.09
GTTAGGAA	0.13
GTTAGGCA	0.1
GTTAGGGA	0.11
GTTAGGTA	0.11
GTTAGTAA	0.1
GTTAGTCA	0.1
GTTAGTGA	0.12
GTTAGTTA	0.12
GTTATAAA	0.12
GTTATAAC	0.1
GTTATACA	0.1
GTTATAGA	0.11
GTTATATA	0.09
GTTATCAA	0.1
GTTATCCA	0.11
GTTATCGA	0.09
GTTATCTA	0.1
GTTATGAA	0.1
GTTATGCA	0.1
GTTATGGA	0.11
GTTATGTA	0.1
GTTATTAA	0.11
GTTATTCA	0.11
GTTATTGA	0.11
GTTATTTA	0.12
GTTCAAAA	0.11
GTTCAAAC	0.11
GTTCAACA	0.12
GTTCAAGA	0.1
GTTCAATA	0.11
GTTCACAA	0.1
GTTCACCA	0.09
GTTCACGA	0.1
GTTCACTA	0.1
GTTCAGAA	0.12
GTTCAGCA	0.09
GTTCAGGA	0.12
GTTCAGTA	0.12
GTTCATAA	0.11
GTTCATCA	0.1
GTTCATGA	0.11
GTTCATTA	0.12
GTTCCAAA	0.11
GTTCCAAC	0.11
GTTCCACA	0.11
GTTCCAGA	0.11
GTTCCATA	0.11
GTTCCCAA	0.11
GTTCCCCA	0.09
GTTCCCGA	0.1
GTTCCCTA	0.1
GTTCCGAA	0.13
GTTCCGCA	0.11
GTTCCGGA	0.34
GTTCCGTA	0.13
GTTCCTAA	0.12
GTTCCTCA	0.13
GTTCCTGA	0.11
GTTCCTTA	0.12
GTTCGAAA	0.1
GTTCGAAC	0.09
GTTCGACA	0.1
GTTCGAGA	0.11
GTTCGATA	0.09
GTTCGCAA	0.1
GTTCGCCA	0.11
GTTCGCGA	0.1
GTTCGCTA	0.1
GTTCGGAA	0.14
GTTCGGCA	0.1
GTTCGGGA	0.09
GTTCGGTA	0.11
GTTCGTAA	0.1
GTTCGTCA	0.1
GTTCGTGA	0.1
GTTCGTTA	0.1
GTTCTAAA	0.12
GTTCTACA	0.1
GTTCTAGA	0.11
GTTCTATA	0.09
GTTCTCAA	0.11
GTTCTCCA	0.11
GTTCTCGA	0.1
GTTCTCTA	0.1
GTTCTGAA	0.11
GTTCTGCA	0.1
GTTCTGGA	0.12
GTTCTGTA	0.11
GTTCTTAA	0.11
GTTCTTCA	0.1
GTTCTTGA	0.12
GTTCTTTA	0.11
GTTGAAAA	0.13
GTTGAAAC	0.1
GTTGAACA	0.1
GTTGAAGA	0.1
GTTGAATA	0.11
GTTGACAA	0.12
GTTGACCA	0.1
GTTGACGA	0.11
GTTGACTA	0.1
GTTGAGAA	0.12
GTTGAGCA	0.09
GTTGAGGA	0.12
GTTGAGTA	0.1
GTTGATAA	0.11
GTTGATCA	0.11
GTTGATGA	0.11
GTTGATTA	0.11
GTTGCAAA	0.1
GTTGCAAC	0.09
GTTGCACA	0.1
GTTGCAGA	0.1
GTTGCATA	0.1
GTTGCCAA	0.1
GTTGCCCA	0.11
GTTGCCGA	0.1
GTTGCCTA	0.11
GTTGCGAA	0.11
GTTGCGCA	0.09
GTTGCGGA	0.13
GTTGCGTA	0.11
GTTGCTAA	0.1
GTTGCTCA	0.11
GTTGCTGA	0.11
GTTGCTTA	0.11
GTTGGAAA	0.1
GTTGGACA	0.09
GTTGGAGA	0.09
GTTGGATA	0.11
GTTGGCAA	0.11
GTTGGCCA	0.11
GTTGGCGA	0.11
GTTGGCTA	0.12
GTTGGGAA	0.12
GTTGGGCA	0.1
GTTGGGGA	0.1
GTTGGGTA	0.09
GTTGGTAA	0.12
GTTGGTCA	0.11
GTTGGTGA	0.1
GTTGGTTA	0.1
GTTGTAAA	0.1
GTTGTACA	0.11
GTTGTAGA	0.11
GTTGTATA	0.1
GTTGTCAA	0.1
GTTGTCCA	0.09
GTTGTCGA	0.1
GTTGTCTA	0.1
GTTGTGAA	0.1
GTTGTGCA	0.1
GTTGTGGA	0.1
GTTGTGTA	0.1
GTTGTTAA	0.11
GTTGTTCA	0.1
GTTGTTGA	0.11
GTTGTTTA	0.1
GTTTAAAA	0.11
GTTTAAAC	0.1
GTTTAACA	0.11
GTTTAAGA	0.11
GTTTAATA	0.13
GTTTACAA	0.1
GTTTACCA	0.1
GTTTACGA	0.09
GTTTACTA	0.09
GTTTAGAA	0.1
GTTTAGCA	0.1
GTTTAGGA	0.11
GTTTAGTA	0.1
GTTTATAA	0.12
GTTTATCA	0.12
GTTTATGA	0.12
GTTTATTA	0.11
GTTTCAAA	0.13
GTTTCACA	0.11
GTTTCAGA	0.1
GTTTCATA	0.11
GTTTCCAA	0.1
GTTTCCCA	0.11
GTTTCCGA	0.24
GTTTCCTA	0.19
GTTTCGAA	0.12
GTTTCGCA	0.09
GTTTCGGA	0.13
GTTTCGTA	0.11
GTTTCTAA	0.11
GTTTCTCA	0.1
GTTTCTGA	0.11
GTTTCTTA	0.11
GTTTGAAA	0.12
GTTTGACA	0.11
GTTTGAGA	0.1
GTTTGATA	0.12
GTTTGCAA	0.11
GTTTGCCA	0.11
GTTTGCGA	0.11
GTTTGCTA	0.1
GTTTGGAA	0.11
GTTTGGCA	0.09
GTTTGGGA	0.1
GTTTGGTA	0.1
GTTTGTAA	0.1
GTTTGTCA	0.1
GTTTGTGA	0.11
GTTTGTTA	0.11
GTTTTAAA	0.12
GTTTTACA	0.11
GTTTTAGA	0.11
GTTTTATA	0.12
GTTTTCAA	0.14
GTTTTCCA	0.12
GTTTTCGA	0.09
GTTTTCTA	0.11
GTTTTGAA	0.11
GTTTTGCA	0.11
GTTTTGGA	0.12
GTTTTGTA	0.11
GTTTTTAA	0.12
GTTTTTCA	0.13
GTTTTTGA	0.11
GTTTTTTA	0.12
TAAAAAAA	0.13
TAAAAACA	0.11
TAAAAAGA	0.12
TAAAAATA	0.12
TAAAACAA	0.11
TAAAACCA	0.1
TAAAACGA	0.11
TAAAACTA	0.13
TAAAAGAA	0.12
TAAAAGCA	0.13
TAAAAGGA	0.14
TAAAAGTA	0.12
TAAAATAA	0.13
TAAAATCA	0.12
TAAAATGA	0.11
TAAAATTA	0.13
TAAACAAA	0.12
TAAACACA	0.11
TAAACAGA	0.12
TAAACATA	0.11
TAAACCAA	0.12
TAAACCCA	0.11
TAAACCGA	0.11
TAAACCTA	0.1
TAAACGAA	0.1
TAAACGCA	0.09
TAAACGGA	0.15
TAAACGTA	0.1
TAAACTAA	0.11
TAAACTCA	0.12
TAAACTGA	0.11
TAAACTTA	0.1
TAAAGAAA	0.13
TAAAGACA	0.11
TAAAGAGA	0.12
TAAAGATA	0.11
TAAAGCAA	0.1
TAAAGCCA	0.11
TAAAGCGA	0.11
TAAAGCTA	0.09
TAAAGGAA	0.18
TAAAGGCA	0.12
TAAAGGGA	0.1
TAAAGGTA	0.12
TAAAGTAA	0.11
TAAAGTCA	0.1
TAAAGTGA	0.11
TAAAGTTA	0.11
TAAATAAA	0.12
TAAATACA	0.13
TAAATAGA	0.1
TAAATATA	0.12
TAAATCAA	0.12
TAAATCCA	0.11
TAAATCGA	0.11
TAAATCTA	0.11
TAAATGAA	0.11
TAAATGCA	0.11
TAAATGGA	0.1
TAAATGTA	0.11
TAAATTAA	0.11
TAAATTCA	0.11
TAAATTGA	0.12
TAAATTTA	0.12
TAACAAAA	0.12
TAACAACA	0.11
TAACAAGA	0.13
TAACAATA	0.12
TAACACAA	0.1
TAACACCA	0.11
TAACACGA	0.1
TAACACTA	0.1
TAACAGAA	0.12
TAACAGCA	0.1
TAACAGGA	0.15
TAACAGTA	0.11
TAACATAA	0.11
TAACATCA	0.1
TAACATGA	0.11
TAACATTA	0.11
TAACCAAA	0.13
TAACCACA	0.11
TAACCAGA	0.1
TAACCATA	0.1
TAACCCAA	0.13
TAACCCCA	0.09
TAACCCGA	0.1
TAACCCTA	0.09
TAACCGAA	0.13
TAACCGCA	0.1
TAACCGGA	0.28
TAACCGTA	0.09
TAACCTAA	0.12
TAACCTCA	0.11
TAACCTGA	0.1
TAACCTTA	0.11
TAACGAAA	0.11
TAACGACA	0.1
TAACGAGA	0.11
TAACGATA	0.12
TAACGCAA	0.11
TAACGCCA	0.1
TAACGCGA	0.09
TAACGCTA	0.1
TAACGGAA	0.21
TAACGGCA	0.08
TAACGGGA	0.12
TAACGGTA	0.1
TAACGTAA	0.09
TAACGTCA	0.09
TAACGTGA	0.1
TAACGTTA	0.11
TAACTAAA	0.12
TAACTACA	0.11
TAACTAGA	0.1
TAACTATA	0.11
TAACTCAA	0.09
TAACTCCA	0.1
TAACTCGA	0.11
TAACTCTA	0.1
TAACTGAA	0.1
TAACTGCA	0.1
TAACTGGA	0.1
TAACTGTA	0.1
TAACTTAA	0.12
TAACTTCA	0.1
TAACTTGA	0.1
TAAGAAAA	0.14
TAAGAACA	0.12
TAAGAAGA	0.11
TAAGAATA	0.11
TAAGACAA	0.09
TAAGACCA	0.1
TAAGACGA	0.1
TAAGACTA	0.09
TAAGAGAA	0.12
TAAGAGCA	0.11
TAAGAGGA	0.13
TAAGAGTA	0.1
TAAGATAA	0.1
TAAGATCA	0.1
TAAGATGA	0.12
TAAGATTA	0.1
TAAGCAAA	0.11
TAAGCACA	0.1
TAAGCAGA	0.1
TAAGCATA	0.1
TAAGCCAA	0.11
TAAGCCCA	0.1
TAAGCCGA	0.11
TAAGCCTA	0.11
TAAGCGAA	0.11
TAAGCGCA	0.09
TAAGCGGA	0.14
TAAGCGTA	0.09
TAAGCTAA	0.1
TAAGCTCA	0.09
TAAGCTGA	0.1
TAAGCTTA	0.1
TAAGGAAA	0.16
TAAGGACA	0.11
TAAGGAGA	0.1
TAAGGATA	0.13
TAAGGCAA	0.11
TAAGGCCA	0.09
TAAGGCGA	0.11
TAAGGCTA	0.11
TAAGGGAA	0.13
TAAGGGCA	0.1
TAAGGGGA	0.1
TAAGGGTA	0.1
TAAGGTAA	0.11
TAAGGTCA	0.1
TAAGGTGA	0.09
TAAGTAAA	0.11
TAAGTACA	0.11
TAAGTAGA	0.11
TAAGTATA	0.09
TAAGTCAA	0.09
TAAGTCCA	0.1
TAAGTCGA	0.1
TAAGTCTA	0.1
TAAGTGAA	0.11
TAAGTGCA	0.11
TAAGTGGA	0.11
TAAGTGTA	0.1
TAAGTTAA	0.12
TAAGTTCA	0.11
TAAGTTGA	0.1
TAATAAAA	0.14
TAATAACA	0.09
TAATAAGA	0.11
TAATAATA	0.12
TAATACAA	0.12
TAATACCA	0.11
TAATACGA	0.12
TAATACTA	0.11
TAATAGAA	0.1
TAATAGCA	0.12
TAATAGGA	0.11
TAATAGTA	0.12
TAATATAA	0.12
TAATATCA	0.11
TAATATGA	0.13
TAATATTA	0.12
TAATCAAA	0.13
TAATCACA	0.11
TAATCAGA	0.1
TAATCATA	0.11
TAATCCAA	0.1
TAATCCCA	0.11
TAATCCGA	0.1
TAATCCTA	0.11
TAATCGAA	0.12
TAATCGCA	0.1
TAATCGGA	0.12
TAATCGTA	0.11
TAATCTAA	0.11
TAATCTCA	0.1
TAATCTGA	0.11
TAATGAAA	0.12
TAATGACA	0.1
TAATGAGA	0.11
TAATGATA	0.11
TAATGCAA	0.09
TAATGCCA	0.11
TAATGCGA	0.09
TAATGCTA	0.12
TAATGGAA	0.12
TAATGGCA	0.12
TAATGGGA	0.12
TAATGGTA	0.1
TAATGTAA	0.1
TAATGTCA	0.11
TAATGTGA	0.11
TAATTAAA	0.11
TAATTACA	0.11
TAATTAGA	0.12
TAATTATA	0.12
TAATTCAA	0.12
TAATTCCA	0.11
TAATTCGA	0.1
TAATTCTA	0.12
TAATTGAA	0.11
TAATTGCA	0.11
TAATTGGA	0.1
TAATTGTA	0.1
TAATTTAA	0.13
TAATTTCA	0.12
TAATTTGA	0.11
TACAAAAA	0.12
TACAAACA	0.1
TACAAAGA	0.12
TACAAATA	0.12
TACAACAA	0.11
TACAACCA	0.12
TACAACGA	0.12
TACAACTA	0.09
TACAAGAA	0.11
TACAAGCA	0.1
TACAAGGA	0.12
TACAAGTA	0.09
TACAATAA	0.11
TACAATCA	0.1
TACAATGA	0.11
TACACAAA	0.11
TACACACA	0.1
TACACAGA	0.1
TACACATA	0.1
TACACCAA	0.11
TACACCCA	0.12
TACACCGA	0.11
TACACCTA	0.1
TACACGAA	0.12
TACACGCA	0.09
TACACGGA	0.13
TACACGTA	0.09
TACACTAA	0.09
TACACTCA	0.11
TACACTGA	0.1
TACAGAAA	0.12
TACAGACA	0.12
TACAGAGA	0.09
TACAGATA	0.1
TACAGCAA	0.11
TACAGCCA	0.1
TACAGCGA	0.08
TACAGCTA	0.09
TACAGGAA	0.34
TACAGGCA	0.11
TACAGGGA	0.1
TACAGGTA	0.1
TACAGTAA	0.1
TACAGTCA	0.09
TACAGTGA	0.12
TACATAAA	0.1
TACATACA	0.11
TACATAGA	0.1
TACATATA	0.09
TACATCAA	0.11
TACATCCA	0.12
TACATCGA	0.1
TACATCTA	0.11
TACATGAA	0.09
TACATGCA	0.1
TACATGGA	0.11
TACATGTA	0.1
TACATTAA	0.11
TACATTCA	0.12
TACATTGA	0.11
TACCAAAA	0.13
TACCAACA	0.12
TACCAAGA	0.12
TACCAATA	0.1
TACCACAA	0.12
TACCACCA	0.09
TACCACGA	0.1
TACCACTA	0.09
TACCAGAA	0.11
TACCAGCA	0.1
TACCAGGA	0.13
TACCAGTA	0.09
TACCATAA	0.12
TACCATCA	0.11
TACCATGA	0.09
TACCCAAA	0.1
TACCCACA	0.12
TACCCAGA	0.09
TACCCATA	0.1
TACCCCAA	0.1
TACCCCCA	0.1
TACCCCGA	0.11
TACCCCTA	0.11
TACCCGAA	0.11
TACCCGCA	0.11
TACCCGGA	0.16
TACCCGTA	0.09
TACCCTAA	0.11
TACCCTCA	0.11
TACCCTGA	0.09
TACCGAAA	0.12
TACCGACA	0.14
TACCGAGA	0.1
TACCGATA	0.11
TACCGCAA	0.11
TACCGCCA	0.11
TACCGCGA	0.1
TACCGCTA	0.1
TACCGGAA	0.66
TACCGGCA	0.12
TACCGGGA	0.15
TACCGGTA	0.14
TACCGTAA	0.11
TACCGTCA	0.11
TACCGTGA	0.11
TACCTAAA	0.11
TACCTACA	0.12
TACCTAGA	0.11
TACCTATA	0.1
TACCTCAA	0.1
TACCTCCA	0.1
TACCTCGA	0.09
TACCTCTA	0.1
TACCTGAA	0.11
TACCTGCA	0.1
TACCTGGA	0.11
TACCTTAA	0.11
TACCTTCA	0.09
TACCTTGA	0.12
TACGAAAA	0.11
TACGAACA	0.11
TACGAAGA	0.1
TACGAATA	0.12
TACGACAA	0.12
TACGACCA	0.11
TACGACGA	0.1
TACGACTA	0.1
TACGAGAA	0.11
TACGAGCA	0.11
TACGAGGA	0.11
TACGAGTA	0.11
TACGATAA	0.1
TACGATCA	0.1
TACGATGA	0.1
TACGCAAA	0.09
TACGCACA	0.09
TACGCAGA	0.1
TACGCATA	0.1
TACGCCAA	0.1
TACGCCCA	0.1
TACGCCGA	0.1
TACGCCTA	0.1
TACGCGAA	0.12
TACGCGCA	0.11
TACGCGGA	0.12
TACGCGTA	0.09
TACGCTAA	0.1
TACGCTCA	0.1
TACGCTGA	0.1
TACGGAAA	0.2
TACGGACA	0.1
TACGGAGA	0.1
TACGGATA	0.15
TACGGCAA	0.11
TACGGCCA	0.1
TACGGCGA	0.1
TACGGCTA	0.08
TACGGGAA	0.13
TACGGGCA	0.1
TACGGGGA	0.1
TACGGTAA	0.11
TACGGTCA	0.11
TACGGTGA	0.12
TACGTAAA	0.11
TACGTACA	0.1
TACGTAGA	0.1
TACGTATA	0.1
TACGTCAA	0.1
TACGTCCA	0.09
TACGTCGA	0.1
TACGTCTA	0.1
TACGTGAA	0.1
TACGTGCA	0.09
TACGTGGA	0.12
TACGTTAA	0.09
TACGTTCA	0.09
TACGTTGA	0.09
TACTAAAA	0.11
TACTAACA	0.11
TACTAAGA	0.11
TACTAATA	0.13
TACTACAA	0.1
TACTACCA	0.1
TACTACGA	0.1
TACTACTA	0.11
TACTAGAA	0.11
TACTAGCA	0.1
TACTAGGA	0.1
TACTAGTA	0.1
TACTATAA	0.11
TACTATCA	0.11
TACTATGA	0.11
TACTCAAA	0.11
TACTCACA	0.1
TACTCAGA	0.11
TACTCATA	0.1
TACTCCAA	0.1
TACTCCCA	0.13
TACTCCGA	0.11
TACTCCTA	0.1
TACTCGAA	0.09
TACTCGCA	0.09
TACTCGGA	0.1
TACTCTAA	0.11
TACTCTCA	0.11
TACTCTGA	0.12
TACTGAAA	0.11
TACTGACA	0.1
TACTGAGA	0.1
TACTGATA	0.12
TACTGCAA	0.11
TACTGCCA	0.1
TACTGCGA	0.1
TACTGCTA	0.09
TACTGGAA	0.11
TACTGGCA	0.09
TACTGGGA	0.12
TACTGTAA	0.1
TACTGTCA	0.09
TACTGTGA	0.1
TACTTAAA	0.11
TACTTACA	0.1
TACTTAGA	0.09
TACTTATA	0.1
TACTTCAA	0.11
TACTTCCA	0.13
TACTTCGA	0.11
TACTTCTA	0.1
TACTTGAA	0.11
TACTTGCA	0.09
TACTTGGA	0.1
TACTTTAA	0.1
TACTTTCA	0.11
TACTTTGA	0.1
TAGAAAAA	0.12
TAGAAACA	0.11
TAGAAAGA	0.11
TAGAAATA	0.11
TAGAACAA	0.11
TAGAACCA	0.11
TAGAACGA	0.1
TAGAACTA	0.1
TAGAAGAA	0.13
TAGAAGCA	0.11
TAGAAGGA	0.11
TAGAATAA	0.13
TAGAATCA	0.1
TAGAATGA	0.12
TAGACAAA	0.11
TAGACACA	0.1
TAGACAGA	0.09
TAGACATA	0.1
TAGACCAA	0.13
TAGACCCA	0.09
TAGACCGA	0.09
TAGACCTA	0.1
TAGACGAA	0.09
TAGACGCA	0.1
TAGACGGA	0.14
TAGACTAA	0.1
TAGACTCA	0.09
TAGACTGA	0.1
TAGAGAAA	0.1
TAGAGACA	0.11
TAGAGAGA	0.11
TAGAGATA	0.11
TAGAGCAA	0.1
TAGAGCCA	0.09
TAGAGCGA	0.1
TAGAGCTA	0.09
TAGAGGAA	0.18
TAGAGGCA	0.11
TAGAGGGA	0.1
TAGAGTAA	0.11
TAGAGTCA	0.09
TAGAGTGA	0.1
TAGATAAA	0.11
TAGATACA	0.11
TAGATAGA	0.11
TAGATATA	0.11
TAGATCAA	0.1
TAGATCCA	0.1
TAGATCGA	0.09
TAGATCTA	0.09
TAGATGAA	0.1
TAGATGCA	0.1
TAGATGGA	0.11
TAGATTAA	0.12
TAGATTCA	0.11
TAGATTGA	0.11
TAGCAAAA	0.11
TAGCAACA	0.09
TAGCAAGA	0.1
TAGCAATA	0.1
TAGCACAA	0.11
TAGCACCA	0.11
TAGCACGA	0.1
TAGCACTA	0.1
TAGCAGAA	0.1
TAGCAGCA	0.09
TAGCAGGA	0.13
TAGCATAA	0.12
TAGCATCA	0.11
TAGCATGA	0.09
TAGCCAAA	0.11
TAGCCACA	0.09
TAGCCAGA	0.09
TAGCCATA	0.1
TAGCCCAA	0.1
TAGCCCCA	0.1
TAGCCCGA	0.09
TAGCCCTA	0.11
TAGCCGAA	0.09
TAGCCGCA	0.1
TAGCCGGA	0.12
TAGCCTAA	0.09
TAGCCTCA	0.1
TAGCCTGA	0.09
TAGCGAAA	0.1
TAGCGACA	0.09
TAGCGAGA	0.1
TAGCGATA	0.1
TAGCGCAA	0.1
TAGCGCCA	0.09
TAGCGCGA	0.1
TAGCGCTA	0.1
TAGCGGAA	0.26
TAGCGGCA	0.11
TAGCGGGA	0.12
TAGCGTAA	0.11
TAGCGTCA	0.09
TAGCGTGA	0.1
TAGCTAAA	0.11
TAGCTACA	0.1
TAGCTAGA	0.1
TAGCTATA	0.09
TAGCTCAA	0.11
TAGCTCCA	0.11
TAGCTCGA	0.1
TAGCTGAA	0.11
TAGCTGCA	0.08
TAGCTGGA	0.1
TAGCTTAA	0.1
TAGCTTCA	0.1
TAGCTTGA	0.09
TAGGAAAA	0.14
TAGGAACA	0.11
TAGGAAGA	0.13
TAGGAATA	0.11
TAGGACAA	0.12
TAGGACCA	0.08
TAGGACGA	0.1
TAGGACTA	0.1
TAGGAGAA	0.1
TAGGAGCA	0.09
TAGGAGGA	0.13
TAGGATAA	0.11
TAGGATCA	0.1
TAGGATGA	0.12
TAGGCAAA	0.1
TAGGCACA	0.11
TAGGCAGA	0.09
TAGGCATA	0.1
TAGGCCAA	0.1
TAGGCCCA	0.1
TAGGCCGA	0.09
TAGGCCTA	0.1
TAGGCGAA	0.1
TAGGCGCA	0.1
TAGGCGGA	0.16
TAGGCTAA	0.09
TAGGCTCA	0.09
TAGGCTGA	0.09
TAGGGAAA	0.13
TAGGGACA	0.1
TAGGGAGA	0.1
TAGGGATA	0.09
TAGGGCAA	0.11
TAGGGCCA	0.09
TAGGGCGA	0.1
TAGGGGAA	0.15
TAGGGGCA	0.09
TAGGGGGA	0.1
TAGGGTAA	0.12
TAGGGTCA	0.09
TAGGGTGA	0.11
TAGGTAAA	0.1
TAGGTACA	0.09
TAGGTAGA	0.1
TAGGTATA	0.1
TAGGTCAA	0.11
TAGGTCCA	0.1
TAGGTCGA	0.09
TAGGTGAA	0.11
TAGGTGCA	0.1
TAGGTGGA	0.1
TAGGTTAA	0.11
TAGGTTCA	0.1
TAGGTTGA	0.1
TAGTAAAA	0.12
TAGTAACA	0.12
TAGTAAGA	0.1
TAGTAATA	0.09
TAGTACAA	0.1
TAGTACCA	0.09
TAGTACGA	0.09
TAGTACTA	0.09
TAGTAGAA	0.1
TAGTAGCA	0.1
TAGTAGGA	0.1
TAGTATAA	0.11
TAGTATCA	0.1
TAGTATGA	0.1
TAGTCAAA	0.09
TAGTCACA	0.1
TAGTCAGA	0.1
TAGTCATA	0.1
TAGTCCAA	0.1
TAGTCCCA	0.1
TAGTCCGA	0.09
TAGTCGAA	0.12
TAGTCGCA	0.1
TAGTCGGA	0.12
TAGTCTAA	0.09
TAGTCTCA	0.1
TAGTCTGA	0.09
TAGTGAAA	0.12
TAGTGACA	0.09
TAGTGAGA	0.11
TAGTGATA	0.1
TAGTGCAA	0.1
TAGTGCCA	0.09
TAGTGCGA	0.11
TAGTGGAA	0.12
TAGTGGCA	0.1
TAGTGGGA	0.12
TAGTGTAA	0.1
TAGTGTCA	0.1
TAGTGTGA	0.1
TAGTTAAA	0.12
TAGTTACA	0.1
TAGTTAGA	0.1
TAGTTATA	0.12
TAGTTCAA	0.09
TAGTTCCA	0.12
TAGTTCGA	0.1
TAGTTGAA	0.11
TAGTTGCA	0.1
TAGTTGGA	0.1
TAGTTTAA	0.11
TAGTTTCA	0.11
TAGTTTGA	0.1
TATAAAAA	0.15
TATAAACA	0.1
TATAAAGA	0.12
TATAAATA	0.12
TATAACAA	0.12
TATAACCA	0.11
TATAACGA	0.1
TATAAGAA	0.11
TATAAGCA	0.11
TATAAGGA	0.12
TATAATAA	0.12
TATAATCA	0.12
TATAATGA	0.11
TATACAAA	0.12
TATACACA	0.1
TATACAGA	0.12
TATACATA	0.12
TATACCAA	0.11
TATACCCA	0.12
TATACCGA	0.1
TATACGAA	0.11
TATACGCA	0.1
TATACGGA	0.12
TATACTAA	0.11
TATACTCA	0.1
TATACTGA	0.13
TATAGAAA	0.1
TATAGACA	0.11
TATAGAGA	0.12
TATAGATA	0.11
TATAGCAA	0.11
TATAGCCA	0.1
TATAGCGA	0.09
TATAGGAA	0.13
TATAGGCA	0.1
TATAGGGA	0.12
TATAGTAA	0.11
TATAGTCA	0.09
TATAGTGA	0.1
TATATAAA	0.12
TATATACA	0.1
TATATAGA	0.12
TATATATA	0.1
TATATCAA	0.12
TATATCCA	0.12
TATATCGA	0.09
TATATGAA	0.11
TATATGCA	0.1
TATATGGA	0.13
TATATTAA	0.12
TATATTCA	0.11
TATATTGA	0.12
TATCAAAA	0.11
TATCAACA	0.1
TATCAAGA	0.12
TATCAATA	0.11
TATCACAA	0.11
TATCACCA	0.1
TATCACGA	0.1
TATCAGAA	0.12
TATCAGCA	0.1
TATCAGGA	0.12
TATCATAA	0.11
TATCATCA	0.11
TATCATGA	0.1
TATCCAAA	0.11
TATCCACA	0.12
TATCCAGA	0.12
TATCCATA	0.1
TATCCCAA	0.12
TATCCCCA	0.11
TATCCCGA	0.11
TATCCGAA	0.11
TATCCGCA	0.18
TATCCGGA	0.42
TATCCTAA	0.13
TATCCTCA	0.13
TATCCTGA	0.19
TATCGAAA	0.1
TATCGACA	0.11
TATCGAGA	0.1
TATCGATA	0.09
TATCGCAA	0.1
TATCGCCA	0.11
TATCGCGA	0.09
TATCGGAA	0.13
TATCGGCA	0.1
TATCGGGA	0.11
TATCGTAA	0.1
TATCGTCA	0.1
TATCGTGA	0.11
TATCTAAA	0.12
TATCTACA	0.1
TATCTAGA	0.09
TATCTCAA	0.11
TATCTCCA	0.1
TATCTCGA	0.1
TATCTGAA	0.1
TATCTGCA	0.1
TATCTGGA	0.11
TATCTTAA	0.13
TATCTTCA	0.11
TATCTTGA	0.11
TATGAAAA	0.11
TATGAACA	0.1
TATGAAGA	0.12
TATGAATA	0.1
TATGACAA	0.11
TATGACCA	0.1
TATGACGA	0.11
TATGAGAA	0.1
TATGAGCA	0.09
TATGAGGA	0.11
TATGATAA	0.12
TATGATCA	0.1
TATGATGA	0.1
TATGCAAA	0.1
TATGCACA	0.1
TATGCAGA	0.1
TATGCATA	0.1
TATGCCAA	0.11
TATGCCCA	0.09
TATGCCGA	0.1
TATGCGAA	0.09
TATGCGCA	0.1
TATGCGGA	0.14
TATGCTAA	0.1
TATGCTCA	0.1
TATGCTGA	0.11
TATGGAAA	0.12
TATGGACA	0.11
TATGGAGA	0.12
TATGGCAA	0.1
TATGGCCA	0.11
TATGGCGA	0.1
TATGGGAA	0.11
TATGGGCA	0.1
TATGGGGA	0.12
TATGGTAA	0.12
TATGGTCA	0.09
TATGGTGA	0.1
TATGTAAA	0.11
TATGTACA	0.1
TATGTAGA	0.11
TATGTCAA	0.12
TATGTCCA	0.09
TATGTCGA	0.09
TATGTGAA	0.1
TATGTGCA	0.1
TATGTGGA	0.11
TATGTTAA	0.11
TATGTTCA	0.12
TATGTTGA	0.1
TATTAAAA	0.14
TATTAACA	0.1
TATTAAGA	0.12
TATTAATA	0.1
TATTACAA	0.11
TATTACCA	0.11
TATTACGA	0.12
TATTAGAA	0.11
TATTAGCA	0.11
TATTAGGA	0.12
TATTATAA	0.11
TATTATCA	0.11
TATTATGA	0.1
TATTCAAA	0.12
TATTCACA	0.12
TATTCAGA	0.1
TATTCCAA	0.12
TATTCCCA	0.11
TATTCCGA	0.11
TATTCGAA	0.1
TATTCGCA	0.09
TATTCGGA	0.1
TATTCTAA	0.13
TATTCTCA	0.1
TATTCTGA	0.1
TATTGAAA	0.12
TATTGACA	0.09
TATTGAGA	0.11
TATTGCAA	0.11
TATTGCCA	0.1
TATTGCGA	0.1
TATTGGAA	0.12
TATTGGCA	0.1
TATTGGGA	0.12
TATTGTAA	0.11
TATTGTCA	0.11
TATTGTGA	0.11
TATTTAAA	0.12
TATTTACA	0.09
TATTTAGA	0.1
TATTTCAA	0.11
TATTTCCA	0.13
TATTTCGA	0.11
TATTTGAA	0.11
TATTTGCA	0.1
TATTTGGA	0.12
TATTTTAA	0.12
TATTTTCA	0.11
TATTTTGA	0.13
TCAAAAAA	0.12
TCAAAACA	0.12
TCAAAAGA	0.11
TCAAACAA	0.11
TCAAACCA	0.12
TCAAACGA	0.11
TCAAAGAA	0.11
TCAAAGCA	0.11
TCAAAGGA	0.11
TCAAATAA	0.12
TCAAATCA	0.12
TCAAATGA	0.11
TCAACAAA	0.12
TCAACACA	0.12
TCAACAGA	0.11
TCAACCAA	0.11
TCAACCCA	0.1
TCAACCGA	0.1
TCAACGAA	0.1
TCAACGCA	0.1
TCAACGGA	0.13
TCAACTAA	0.1
TCAACTCA	0.1
TCAACTGA	0.1
TCAAGAAA	0.12
TCAAGACA	0.11
TCAAGAGA	0.1
TCAAGCAA	0.1
TCAAGCCA	0.09
TCAAGCGA	0.11
TCAAGGAA	0.12
TCAAGGCA	0.1
TCAAGGGA	0.1
TCAAGTAA	0.13
TCAAGTCA	0.1
TCAAGTGA	0.09
TCAATAAA	0.12
TCAATACA	0.1
TCAATAGA	0.11
TCAATCAA	0.1
TCAATCCA	0.1
TCAATCGA	0.1
TCAATGAA	0.09
TCAATGCA	0.1
TCAATGGA	0.1
TCAATTAA	0.12
TCAATTCA	0.12
TCAATTGA	0.14
TCACAAAA	0.11
TCACAACA	0.11
TCACAAGA	0.09
TCACACAA	0.1
TCACACCA	0.12
TCACACGA	0.09
TCACAGAA	0.1
TCACAGCA	0.12
TCACAGGA	0.14
TCACATAA	0.09
TCACATCA	0.1
TCACATGA	0.09
TCACCAAA	0.13
TCACCACA	0.12
TCACCAGA	0.08
TCACCCAA	0.11
TCACCCCA	0.11
TCACCCGA	0.1
TCACCGAA	0.11
TCACCGCA	0.11
TCACCGGA	0.18
TCACCTAA	0.1
TCACCTCA	0.11
TCACCTGA	0.09
TCACGAAA	0.12
TCACGACA	0.12
TCACGAGA	0.09
TCACGCAA	0.1
TCACGCCA	0.11
TCACGCGA	0.1
TCACGGAA	0.15
TCACGGCA	0.09
TCACGGGA	0.09
TCACGTAA	0.09
TCACGTCA	0.11
TCACGTGA	0.08
TCACTAAA	0.11
TCACTACA	0.11
TCACTAGA	0.11
TCACTCAA	0.1
TCACTCCA	0.1
TCACTCGA	0.1
TCACTGAA	0.11
TCACTGCA	0.11
TCACTGGA	0.11
TCACTTAA	0.11
TCACTTCA	0.11
TCAGAAAA	0.11
TCAGAACA	0.11
TCAGAAGA	0.11
TCAGACAA	0.1
TCAGACCA	0.11
TCAGACGA	0.1
TCAGAGAA	0.08
TCAGAGCA	0.11
TCAGAGGA	0.12
TCAGATAA	0.11
TCAGATCA	0.1
TCAGATGA	0.09
TCAGCAAA	0.11
TCAGCACA	0.09
TCAGCAGA	0.09
TCAGCCAA	0.09
TCAGCCCA	0.08
TCAGCCGA	0.09
TCAGCGAA	0.1
TCAGCGCA	0.09
TCAGCGGA	0.15
TCAGCTAA	0.11
TCAGCTCA	0.09
TCAGCTGA	0.11
TCAGGAAA	0.26
TCAGGACA	0.1
TCAGGAGA	0.11
TCAGGCAA	0.09
TCAGGCCA	0.1
TCAGGCGA	0.1
TCAGGGAA	0.11
TCAGGGCA	0.1
TCAGGGGA	0.1
TCAGGTAA	0.12
TCAGGTCA	0.12
TCAGTAAA	0.1
TCAGTACA	0.1
TCAGTAGA	0.1
TCAGTCAA	0.11
TCAGTCCA	0.1
TCAGTCGA	0.1
TCAGTGAA	0.1
TCAGTGCA	0.09
TCAGTGGA	0.11
TCAGTTAA	0.11
TCAGTTCA	0.11
TCATAAAA	0.12
TCATAACA	0.11
TCATAAGA	0.1
TCATACAA	0.12
TCATACCA	0.1
TCATACGA	0.1
TCATAGAA	0.12
TCATAGCA	0.12
TCATAGGA	0.11
TCATATAA	0.11
TCATATCA	0.12
TCATATGA	0.11
TCATCAAA	0.11
TCATCACA	0.09
TCATCAGA	0.1
TCATCCAA	0.1
TCATCCCA	0.1
TCATCCGA	0.12
TCATCGAA	0.11
TCATCGCA	0.1
TCATCGGA	0.11
TCATCTAA	0.09
TCATCTCA	0.11
TCATGAAA	0.1
TCATGACA	0.11
TCATGAGA	0.11
TCATGCAA	0.11
TCATGCCA	0.11
TCATGCGA	0.09
TCATGGAA	0.12
TCATGGCA	0.09
TCATGGGA	0.1
TCATGTAA	0.1
TCATGTCA	0.09
TCATTAAA	0.11
TCATTACA	0.11
TCATTAGA	0.11
TCATTCAA	0.12
TCATTCCA	0.11
TCATTCGA	0.09
TCATTGAA	0.11
TCATTGCA	0.1
TCATTGGA	0.1
TCATTTAA	0.1
TCATTTCA	0.11
TCCAAAAA	0.13
TCCAAACA	0.11
TCCAAAGA	0.12
TCCAACAA	0.11
TCCAACCA	0.1
TCCAACGA	0.1
TCCAAGAA	0.12
TCCAAGCA	0.09
TCCAAGGA	0.1
TCCAATAA	0.11
TCCAATCA	0.11
TCCACAAA	0.12
TCCACACA	0.11
TCCACAGA	0.11
TCCACCAA	0.1
TCCACCCA	0.09
TCCACCGA	0.1
TCCACGAA	0.09
TCCACGCA	0.11
TCCACGGA	0.12
TCCACTAA	0.11
TCCACTCA	0.1
TCCAGAAA	0.12
TCCAGACA	0.1
TCCAGAGA	0.1
TCCAGCAA	0.1
TCCAGCCA	0.1
TCCAGCGA	0.12
TCCAGGAA	0.18
TCCAGGCA	0.09
TCCAGGGA	0.1
TCCAGTAA	0.1
TCCAGTCA	0.09
TCCATAAA	0.1
TCCATACA	0.11
TCCATAGA	0.1
TCCATCAA	0.12
TCCATCCA	0.1
TCCATCGA	0.12
TCCATGAA	0.1
TCCATGCA	0.1
TCCATGGA	0.08
TCCATTAA	0.12
TCCATTCA	0.11
TCCCAAAA	0.11
TCCCAACA	0.11
TCCCAAGA	0.1
TCCCACAA	0.11
TCCCACCA	0.1
TCCCACGA	0.11
TCCCAGAA	0.1
TCCCAGCA	0.11
TCCCAGGA	0.11
TCCCATAA	0.12
TCCCATCA	0.09
TCCCCAAA	0.1
TCCCCACA	0.09
TCCCCAGA	0.11
TCCCCCAA	0.14
TCCCCCCA	0.11
TCCCCCGA	0.1
TCCCCGAA	0.11
TCCCCGCA	0.11
TCCCCGGA	0.15
TCCCCTAA	0.11
TCCCCTCA	0.12
TCCCGAAA	0.11
TCCCGACA	0.13
TCCCGAGA	0.12
TCCCGCAA	0.11
TCCCGCCA	0.14
TCCCGCGA	0.1
TCCCGGAA	0.32
TCCCGGCA	0.11
TCCCGGGA	0.12
TCCCGTAA	0.11
TCCCGTCA	0.12
TCCCTAAA	0.12
TCCCTACA	0.1
TCCCTAGA	0.1
TCCCTCAA	0.1
TCCCTCCA	0.1
TCCCTCGA	0.1
TCCCTGAA	0.1
TCCCTGCA	0.12
TCCCTTAA	0.11
TCCCTTCA	0.11
TCCGAAAA	0.12
TCCGAACA	0.11
TCCGAAGA	0.1
TCCGACAA	0.14
TCCGACCA	0.12
TCCGACGA	0.12
TCCGAGAA	0.11
TCCGAGCA	0.1
TCCGAGGA	0.12
TCCGATAA	0.11
TCCGATCA	0.11
TCCGCAAA	0.12
TCCGCACA	0.12
TCCGCAGA	0.13
TCCGCCAA	0.13
TCCGCCCA	0.12
TCCGCCGA	0.14
TCCGCGAA	0.11
TCCGCGCA	0.11
TCCGCGGA	0.11
TCCGCTAA	0.14
TCCGCTCA	0.15
TCCGGAAA	0.53
TCCGGACA	0.18
TCCGGAGA	0.16
TCCGGCAA	0.15
TCCGGCCA	0.21
TCCGGCGA	0.14
TCCGGGAA	0.15
TCCGGGCA	0.14
TCCGGTAA	0.21
TCCGGTCA	0.33
TCCGTAAA	0.12
TCCGTACA	0.11
TCCGTAGA	0.12
TCCGTCAA	0.13
TCCGTCCA	0.13
TCCGTCGA	0.12
TCCGTGAA	0.11
TCCGTGCA	0.13
TCCGTTAA	0.12
TCCGTTCA	0.14
TCCTAAAA	0.12
TCCTAACA	0.11
TCCTAAGA	0.11
TCCTACAA	0.12
TCCTACCA	0.1
TCCTACGA	0.1
TCCTAGAA	0.13
TCCTAGCA	0.1
TCCTAGGA	0.1
TCCTATAA	0.11
TCCTATCA	0.11
TCCTCAAA	0.13
TCCTCACA	0.11
TCCTCAGA	0.11
TCCTCCAA	0.11
TCCTCCCA	0.11
TCCTCCGA	0.11
TCCTCGAA	0.1
TCCTCGCA	0.11
TCCTCTAA	0.11
TCCTCTCA	0.13
TCCTGAAA	0.12
TCCTGACA	0.11
TCCTGAGA	0.11
TCCTGCAA	0.12
TCCTGCCA	0.13
TCCTGCGA	0.12
TCCTGGAA	0.12
TCCTGGCA	0.11
TCCTGTAA	0.13
TCCTGTCA	0.17
TCCTTAAA	0.13
TCCTTACA	0.11
TCCTTAGA	0.11
TCCTTCAA	0.13
TCCTTCCA	0.12
TCCTTCGA	0.11
TCCTTGAA	0.11
TCCTTGCA	0.12
TCCTTTAA	0.13
TCCTTTCA	0.15
TCGAAAAA	0.12
TCGAAACA	0.12
TCGAAAGA	0.11
TCGAACAA	0.1
TCGAACCA	0.1
TCGAACGA	0.1
TCGAAGAA	0.1
TCGAAGCA	0.09
TCGAATAA	0.11
TCGAATCA	0.1
TCGACAAA	0.1
TCGACACA	0.1
TCGACAGA	0.09
TCGACCAA	0.1
TCGACCCA	0.1
TCGACCGA	0.09
TCGACGAA	0.12
TCGACGCA	0.09
TCGACTAA	0.1
TCGACTCA	0.09
TCGAGAAA	0.11
TCGAGACA	0.1
TCGAGAGA	0.1
TCGAGCAA	0.11
TCGAGCCA	0.09
TCGAGCGA	0.09
TCGAGGAA	0.13
TCGAGGCA	0.1
TCGAGTAA	0.12
TCGAGTCA	0.09
TCGATAAA	0.11
TCGATACA	0.11
TCGATAGA	0.09
TCGATCAA	0.1
TCGATCCA	0.1
TCGATCGA	0.08
TCGATGAA	0.11
TCGATGCA	0.1
TCGATTAA	0.12
TCGATTCA	0.1
TCGCAAAA	0.1
TCGCAACA	0.11
TCGCAAGA	0.08
TCGCACAA	0.1
TCGCACCA	0.1
TCGCACGA	0.09
TCGCAGAA	0.1
TCGCAGCA	0.09
TCGCATAA	0.1
TCGCATCA	0.11
TCGCCAAA	0.13
TCGCCACA	0.1
TCGCCAGA	0.11
TCGCCCAA	0.09
TCGCCCCA	0.1
TCGCCCGA	0.09
TCGCCGAA	0.12
TCGCCGCA	0.1
TCGCCTAA	0.1
TCGCCTCA	0.13
TCGCGAAA	0.12
TCGCGACA	0.1
TCGCGAGA	0.1
TCGCGCAA	0.11
TCGCGCCA	0.1
TCGCGCGA	0.1
TCGCGGAA	0.14
TCGCGGCA	0.09
TCGCGTAA	0.1
TCGCGTCA	0.1
TCGCTAAA	0.11
TCGCTACA	0.09
TCGCTAGA	0.1
TCGCTCAA	0.11
TCGCTCCA	0.1
TCGCTGAA	0.1
TCGCTGCA	0.1
TCGCTTAA	0.11
TCGCTTCA	0.11
TCGGAAAA	0.12
TCGGAACA	0.12
TCGGAAGA	0.14
TCGGACAA	0.1
TCGGACCA	0.1
TCGGACGA	0.1
TCGGAGAA	0.11
TCGGAGCA	0.1
TCGGATAA	0.12
TCGGATCA	0.1
TCGGCAAA	0.1
TCGGCACA	0.09
TCGGCAGA	0.1
TCGGCCAA	0.1
TCGGCCCA	0.09
TCGGCCGA	0.09
TCGGCGAA	0.11
TCGGCGCA	0.09
TCGGCTAA	0.08
TCGGCTCA	0.1
TCGGGAAA	0.15
TCGGGACA	0.11
TCGGGAGA	0.1
TCGGGCAA	0.1
TCGGGCCA	0.09
TCGGGGAA	0.11
TCGGGGCA	0.11
TCGGGTAA	0.09
TCGGGTCA	0.1
TCGGTAAA	0.1
TCGGTACA	0.1
TCGGTAGA	0.1
TCGGTCAA	0.08
TCGGTCCA	0.09
TCGGTGAA	0.1
TCGGTGCA	0.11
TCGGTTAA	0.12
TCGGTTCA	0.09
TCGTAAAA	0.1
TCGTAACA	0.11
TCGTAAGA	0.1
TCGTACAA	0.11
TCGTACCA	0.11
TCGTACGA	0.09
TCGTAGAA	0.1
TCGTAGCA	0.1
TCGTATAA	0.11
TCGTATCA	0.08
TCGTCAAA	0.13
TCGTCACA	0.1
TCGTCAGA	0.1
TCGTCCAA	0.11
TCGTCCCA	0.1
TCGTCGAA	0.12
TCGTCGCA	0.1
TCGTCTAA	0.1
TCGTCTCA	0.1
TCGTGAAA	0.11
TCGTGACA	0.12
TCGTGAGA	0.11
TCGTGCAA	0.11
TCGTGCCA	0.09
TCGTGGAA	0.1
TCGTGGCA	0.1
TCGTGTAA	0.1
TCGTGTCA	0.09
TCGTTAAA	0.11
TCGTTACA	0.1
TCGTTAGA	0.1
TCGTTCAA	0.11
TCGTTCCA	0.09
TCGTTGAA	0.11
TCGTTGCA	0.09
TCGTTTAA	0.11
TCGTTTCA	0.11
TCTAAAAA	0.12
TCTAAACA	0.1
TCTAAAGA	0.11
TCTAACAA	0.12
TCTAACCA	0.1
TCTAAGAA	0.12
TCTAAGCA	0.1
TCTAATAA	0.1
TCTAATCA	0.1
TCTACAAA	0.11
TCTACACA	0.11
TCTACAGA	0.09
TCTACCAA	0.1
TCTACCCA	0.11
TCTACGAA	0.1
TCTACGCA	0.1
TCTACTAA	0.12
TCTACTCA	0.12
TCTAGAAA	0.11
TCTAGACA	0.09
TCTAGAGA	0.1
TCTAGCAA	0.1
TCTAGCCA	0.09
TCTAGGAA	0.13
TCTAGGCA	0.11
TCTAGTAA	0.11
TCTAGTCA	0.11
TCTATAAA	0.12
TCTATACA	0.09
TCTATAGA	0.1
TCTATCAA	0.1
TCTATCCA	0.11
TCTATGAA	0.1
TCTATGCA	0.1
TCTATTAA	0.1
TCTATTCA	0.12
TCTCAAAA	0.12
TCTCAACA	0.1
TCTCAAGA	0.11
TCTCACAA	0.12
TCTCACCA	0.11
TCTCAGAA	0.11
TCTCAGCA	0.1
TCTCATAA	0.11
TCTCATCA	0.1
TCTCCAAA	0.12
TCTCCACA	0.11
TCTCCAGA	0.11
TCTCCCAA	0.11
TCTCCCCA	0.1
TCTCCGAA	0.11
TCTCCGCA	0.11
TCTCCTAA	0.13
TCTCCTCA	0.1
TCTCGAAA	0.11
TCTCGACA	0.11
TCTCGAGA	0.08
TCTCGCAA	0.09
TCTCGCCA	0.09
TCTCGGAA	0.13
TCTCGGCA	0.1
TCTCGTAA	0.11
TCTCGTCA	0.13
TCTCTAAA	0.11
TCTCTACA	0.11
TCTCTCAA	0.12
TCTCTCCA	0.1
TCTCTGAA	0.1
TCTCTGCA	0.09
TCTCTTAA	0.12
TCTCTTCA	0.1
TCTGAAAA	0.11
TCTGAACA	0.1
TCTGAAGA	0.09
TCTGACAA	0.1
TCTGACCA	0.1
TCTGAGAA	0.11
TCTGAGCA	0.09
TCTGATAA	0.12
TCTGATCA	0.11
TCTGCAAA	0.11
TCTGCACA	0.11
TCTGCAGA	0.1
TCTGCCAA	0.09
TCTGCCCA	0.11
TCTGCGAA	0.09
TCTGCGCA	0.1
TCTGCTAA	0.1
TCTGCTCA	0.1
TCTGGAAA	0.11
TCTGGACA	0.1
TCTGGCAA	0.1
TCTGGCCA	0.1
TCTGGGAA	0.12
TCTGGGCA	0.1
TCTGGTAA	0.12
TCTGGTCA	0.09
TCTGTAAA	0.11
TCTGTACA	0.11
TCTGTCAA	0.12
TCTGTCCA	0.11
TCTGTGAA	0.12
TCTGTGCA	0.1
TCTGTTAA	0.11
TCTGTTCA	0.1
TCTTAAAA	0.11
TCTTAACA	0.11
TCTTAAGA	0.11
TCTTACAA	0.1
TCTTACCA	0.1
TCTTAGAA	0.13
TCTTAGCA	0.1
TCTTATAA	0.11
TCTTATCA	0.1
TCTTCAAA	0.1
TCTTCACA	0.1
TCTTCCAA	0.11
TCTTCCCA	0.11
TCTTCGAA	0.1
TCTTCGCA	0.11
TCTTCTAA	0.11
TCTTCTCA	0.12
TCTTGAAA	0.12
TCTTGACA	0.11
TCTTGCAA	0.11
TCTTGCCA	0.1
TCTTGGAA	0.11
TCTTGGCA	0.12
TCTTGTAA	0.1
TCTTGTCA	0.1
TCTTTAAA	0.12
TCTTTACA	0.13
TCTTTCAA	0.1
TCTTTCCA	0.11
TCTTTGAA	0.12
TCTTTGCA	0.09
TCTTTTAA	0.12
TCTTTTCA	0.11
TGAAAAAA	0.13
TGAAAACA	0.11
TGAAACAA	0.11
TGAAACCA	0.13
TGAAAGAA	0.12
TGAAAGCA	0.12
TGAAATAA	0.12
TGAAATCA	0.1
TGAACAAA	0.11
TGAACACA	0.11
TGAACCAA	0.11
TGAACCCA	0.1
TGAACGAA	0.1
TGAACGCA	0.1
TGAACTAA	0.11
TGAACTCA	0.1
TGAAGAAA	0.13
TGAAGACA	0.09
TGAAGCAA	0.12
TGAAGCCA	0.1
TGAAGGAA	0.15
TGAAGGCA	0.11
TGAAGTAA	0.1
TGAAGTCA	0.1
TGAATAAA	0.13
TGAATACA	0.11
TGAATCAA	0.12
TGAATCCA	0.11
TGAATGAA	0.12
TGAATGCA	0.11
TGAATTAA	0.12
TGAATTCA	0.09
TGACAAAA	0.12
TGACAACA	0.1
TGACACAA	0.11
TGACACCA	0.11
TGACAGAA	0.12
TGACAGCA	0.11
TGACATAA	0.12
TGACATCA	0.11
TGACCAAA	0.12
TGACCACA	0.1
TGACCCAA	0.1
TGACCCCA	0.1
TGACCGAA	0.09
TGACCGCA	0.09
TGACCTAA	0.11
TGACCTCA	0.1
TGACGAAA	0.1
TGACGACA	0.1
TGACGCAA	0.1
TGACGCCA	0.1
TGACGGAA	0.15
TGACGGCA	0.09
TGACGTAA	0.09
TGACGTCA	0.11
TGACTAAA	0.11
TGACTACA	0.11
TGACTCAA	0.1
TGACTCCA	0.1
TGACTGAA	0.11
TGACTGCA	0.1
TGACTTAA	0.1
TGAGAAAA	0.12
TGAGAACA	0.1
TGAGACAA	0.12
TGAGACCA	0.1
TGAGAGAA	0.11
TGAGAGCA	0.1
TGAGATAA	0.12
TGAGATCA	0.1
TGAGCAAA	0.1
TGAGCACA	0.09
TGAGCCAA	0.1
TGAGCCCA	0.11
TGAGCGAA	0.1
TGAGCGCA	0.1
TGAGCTAA	0.09
TGAGCTCA	0.11
TGAGGAAA	0.16
TGAGGACA	0.1
TGAGGCAA	0.1
TGAGGCCA	0.1
TGAGGGAA	0.12
TGAGGGCA	0.11
TGAGGTAA	0.11
TGAGTAAA	0.11
TGAGTACA	0.1
TGAGTCAA	0.1
TGAGTCCA	0.11
TGAGTGAA	0.11
TGAGTGCA	0.11
TGAGTTAA	0.1
TGATAAAA	0.12
TGATAACA	0.11
TGATACAA	0.11
TGATACCA	0.11
TGATAGAA	0.11
TGATAGCA	0.1
TGATATAA	0.1
TGATATCA	0.1
TGATCAAA	0.09
TGATCACA	0.1
TGATCCAA	0.1
TGATCCCA	0.1
TGATCGAA	0.1
TGATCGCA	0.09
TGATCTAA	0.1
TGATGAAA	0.11
TGATGACA	0.1
TGATGCAA	0.1
TGATGCCA	0.09
TGATGGAA	0.12
TGATGGCA	0.08
TGATGTAA	0.1
TGATTAAA	0.12
TGATTACA	0.12
TGATTCAA	0.12
TGATTCCA	0.1
TGATTGAA	0.1
TGATTGCA	0.12
TGATTTAA	0.12
TGCAAAAA	0.11
TGCAAACA	0.09
TGCAACAA	0.1
TGCAACCA	0.1
TGCAAGAA	0.11
TGCAAGCA	0.1
TGCAATAA	0.11
TGCACAAA	0.11
TGCACACA	0.1
TGCACCAA	0.12
TGCACCCA	0.1
TGCACGAA	0.1
TGCACGCA	0.09
TGCACTAA	0.11
TGCAGAAA	0.1
TGCAGACA	0.11
TGCAGCAA	0.09
TGCAGCCA	0.1
TGCAGGAA	0.2
TGCAGGCA	0.09
TGCAGTAA	0.1
TGCATAAA	0.12
TGCATACA	0.1
TGCATCAA	0.1
TGCATCCA	0.1
TGCATGAA	0.11
TGCATGCA	0.09
TGCATTAA	0.1
TGCCAAAA	0.12
TGCCAACA	0.1
TGCCACAA	0.1
TGCCACCA	0.11
TGCCAGAA	0.09
TGCCAGCA	0.1
TGCCATAA	0.11
TGCCCAAA	0.1
TGCCCACA	0.1
TGCCCCAA	0.1
TGCCCCCA	0.11
TGCCCGAA	0.09
TGCCCGCA	0.1
TGCCCTAA	0.1
TGCCGAAA	0.12
TGCCGACA	0.09
TGCCGCAA	0.1
TGCCGCCA	0.1
TGCCGGAA	0.41
TGCCGGCA	0.12
TGCCGTAA	0.1
TGCCTAAA	0.1
TGCCTACA	0.1
TGCCTCAA	0.11
TGCCTCCA	0.09
TGCCTGAA	0.09
TGCCTTAA	0.11
TGCGAAAA	0.12
TGCGAACA	0.09
TGCGACAA	0.1
TGCGACCA	0.1
TGCGAGAA	0.1
TGCGAGCA	0.09
TGCGATAA	0.1
TGCGCAAA	0.1
TGCGCACA	0.1
TGCGCCAA	0.11
TGCGCCCA	0.09
TGCGCGAA	0.11
TGCGCGCA	0.09
TGCGCTAA	0.09
TGCGGAAA	0.27
TGCGGACA	0.13
TGCGGCAA	0.1
TGCGGCCA	0.09
TGCGGGAA	0.13
TGCGGTAA	0.1
TGCGTAAA	0.1
TGCGTACA	0.09
TGCGTCAA	0.11
TGCGTCCA	0.09
TGCGTGAA	0.11
TGCGTTAA	0.09
TGCTAAAA	0.12
TGCTAACA	0.11
TGCTACAA	0.1
TGCTACCA	0.1
TGCTAGAA	0.1
TGCTAGCA	0.09
TGCTATAA	0.1
TGCTCAAA	0.1
TGCTCACA	0.09
TGCTCCAA	0.12
TGCTCCCA	0.12
TGCTCGAA	0.1
TGCTCTAA	0.1
TGCTGAAA	0.13
TGCTGACA	0.09
TGCTGCAA	0.09
TGCTGCCA	0.1
TGCTGGAA	0.12
TGCTGTAA	0.09
TGCTTAAA	0.11
TGCTTACA	0.1
TGCTTCAA	0.11
TGCTTCCA	0.13
TGCTTGAA	0.11
TGCTTTAA	0.11
TGGAAAAA	0.11
TGGAAACA	0.11
TGGAACAA	0.1
TGGAACCA	0.11
TGGAAGAA	0.13
TGGAATAA	0.1
TGGACAAA	0.11
TGGACACA	0.09
TGGACCAA	0.11
TGGACCCA	0.11
TGGACGAA	0.11
TGGACTAA	0.1
TGGAGAAA	0.1
TGGAGACA	0.11
TGGAGCAA	0.1
TGGAGCCA	0.09
TGGAGGAA	0.15
TGGAGTAA	0.1
TGGATAAA	0.11
TGGATACA	0.1
TGGATCAA	0.11
TGGATCCA	0.1
TGGATGAA	0.1
TGGATTAA	0.11
TGGCAAAA	0.11
TGGCAACA	0.1
TGGCACAA	0.1
TGGCACCA	0.09
TGGCAGAA	0.11
TGGCATAA	0.11
TGGCCAAA	0.09
TGGCCACA	0.09
TGGCCCAA	0.09
TGGCCCCA	0.1
TGGCCGAA	0.1
TGGCCTAA	0.1
TGGCGAAA	0.1
TGGCGACA	0.1
TGGCGCAA	0.1
TGGCGCCA	0.08
TGGCGGAA	0.26
TGGCGTAA	0.11
TGGCTAAA	0.11
TGGCTACA	0.11
TGGCTCAA	0.11
TGGCTGAA	0.11
TGGCTTAA	0.11
TGGGAAAA	0.11
TGGGAACA	0.1
TGGGACAA	0.1
TGGGACCA	0.1
TGGGAGAA	0.11
TGGGATAA	0.12
TGGGCAAA	0.09
TGGGCACA	0.09
TGGGCCAA	0.08
TGGGCCCA	0.09
TGGGCGAA	0.09
TGGGCTAA	0.09
TGGGGAAA	0.12
TGGGGACA	0.1
TGGGGCAA	0.09
TGGGGGAA	0.14
TGGGGTAA	0.1
TGGGTAAA	0.1
TGGGTACA	0.1
TGGGTCAA	0.1
TGGGTGAA	0.12
TGGGTTAA	0.11
TGGTAAAA	0.12
TGGTAACA	0.12
TGGTACAA	0.11
TGGTACCA	0.09
TGGTAGAA	0.11
TGGTATAA	0.11
TGGTCAAA	0.11
TGGTCACA	0.11
TGGTCCAA	0.1
TGGTCGAA	0.1
TGGTCTAA	0.1
TGGTGAAA	0.11
TGGTGACA	0.1
TGGTGCAA	0.1
TGGTGGAA	0.12
TGGTGTAA	0.1
TGGTTAAA	0.12
TGGTTACA	0.09
TGGTTCAA	0.1
TGGTTGAA	0.1
TGGTTTAA	0.12
TGTAAAAA	0.12
TGTAAACA	0.11
TGTAACAA	0.1
TGTAAGAA	0.11
TGTAATAA	0.11
TGTACAAA	0.11
TGTACACA	0.1
TGTACCAA	0.1
TGTACGAA	0.1
TGTACTAA	0.1
TGTAGAAA	0.12
TGTAGACA	0.11
TGTAGCAA	0.1
TGTAGGAA	0.13
TGTAGTAA	0.11
TGTATAAA	0.1
TGTATACA	0.1
TGTATCAA	0.11
TGTATGAA	0.12
TGTATTAA	0.12
TGTCAAAA	0.12
TGTCAACA	0.1
TGTCACAA	0.11
TGTCAGAA	0.1
TGTCATAA	0.11
TGTCCAAA	0.11
TGTCCACA	0.11
TGTCCCAA	0.1
TGTCCGAA	0.12
TGTCCTAA	0.12
TGTCGAAA	0.12
TGTCGACA	0.09
TGTCGCAA	0.1
TGTCGGAA	0.13
TGTCGTAA	0.1
TGTCTAAA	0.1
TGTCTCAA	0.1
TGTCTGAA	0.09
TGTCTTAA	0.1
TGTGAAAA	0.11
TGTGAACA	0.11
TGTGACAA	0.1
TGTGAGAA	0.12
TGTGATAA	0.12
TGTGCAAA	0.11
TGTGCACA	0.1
TGTGCCAA	0.11
TGTGCGAA	0.1
TGTGCTAA	0.12
TGTGGAAA	0.13
TGTGGCAA	0.11
TGTGGGAA	0.11
TGTGGTAA	0.11
TGTGTAAA	0.11
TGTGTCAA	0.09
TGTGTGAA	0.1
TGTGTTAA	0.11
TGTTAAAA	0.12
TGTTAACA	0.09
TGTTACAA	0.11
TGTTAGAA	0.11
TGTTATAA	0.11
TGTTCAAA	0.12
TGTTCCAA	0.09
TGTTCGAA	0.09
TGTTCTAA	0.11
TGTTGAAA	0.11
TGTTGCAA	0.12
TGTTGGAA	0.12
TGTTGTAA	0.11
TGTTTAAA	0.11
TGTTTCAA	0.12
TGTTTGAA	0.1
TGTTTTAA	0.13
TTAAAAAA	0.14
TTAAACAA	0.12
TTAAAGAA	0.12
TTAAATAA	0.14
TTAACAAA	0.11
TTAACCAA	0.11
TTAACGAA	0.11
TTAACTAA	0.12
TTAAGAAA	0.12
TTAAGCAA	0.11
TTAAGGAA	0.16
TTAAGTAA	0.12
TTAATAAA	0.12
TTAATCAA	0.13
TTAATGAA	0.13
TTAATTAA	0.11
TTACAAAA	0.12
TTACACAA	0.12
TTACAGAA	0.11
TTACATAA	0.1
TTACCAAA	0.13
TTACCCAA	0.1
TTACCGAA	0.11
TTACCTAA	0.12
TTACGAAA	0.1
TTACGCAA	0.1
TTACGGAA	0.14
TTACGTAA	0.11
TTACTAAA	0.1
TTACTCAA	0.11
TTACTGAA	0.11
TTAGAAAA	0.12
TTAGACAA	0.11
TTAGAGAA	0.1
TTAGATAA	0.12
TTAGCAAA	0.11
TTAGCCAA	0.09
TTAGCGAA	0.11
TTAGCTAA	0.11
TTAGGAAA	0.16
TTAGGCAA	0.1
TTAGGGAA	0.12
TTAGTAAA	0.1
TTAGTCAA	0.1
TTAGTGAA	0.12
TTATAAAA	0.13
TTATACAA	0.12
TTATAGAA	0.1
TTATATAA	0.11
TTATCAAA	0.11
TTATCCAA	0.12
TTATCGAA	0.11
TTATGAAA	0.11
TTATGCAA	0.1
TTATGGAA	0.12
TTATTAAA	0.13
TTATTCAA	0.12
TTATTGAA	0.12
TTCAAAAA	0.12
TTCAACAA	0.1
TTCAAGAA	0.13
TTCACAAA	0.11
TTCACCAA	0.11
TTCACGAA	0.1
TTCAGAAA	0.11
TTCAGCAA	0.1
TTCAGGAA	0.17
TTCATAAA	0.12
TTCATCAA	0.13
TTCATGAA	0.1
TTCCAAAA	0.12
TTCCACAA	0.11
TTCCAGAA	0.14
TTCCCAAA	0.11
TTCCCCAA	0.1
TTCCCGAA	0.14
TTCCGAAA	0.14
TTCCGCAA	0.2
TTCCGGAA	0.76
TTCCTAAA	0.13
TTCCTCAA	0.16
TTCGAAAA	0.11
TTCGACAA	0.11
TTCGAGAA	0.11
TTCGCAAA	0.1
TTCGCCAA	0.13
TTCGCGAA	0.11
TTCGGAAA	0.14
TTCGGCAA	0.1
TTCGTAAA	0.1
TTCGTCAA	0.1
TTCTAAAA	0.11
TTCTACAA	0.11
TTCTAGAA	0.13
TTCTCAAA	0.12
TTCTCCAA	0.11
TTCTGAAA	0.11
TTCTGCAA	0.1
TTCTTAAA	0.11
TTCTTCAA	0.11
TTGAAAAA	0.13
TTGAACAA	0.1
TTGACAAA	0.11
TTGACCAA	0.1
TTGAGAAA	0.11
TTGAGCAA	0.1
TTGATAAA	0.12
TTGATCAA	0.1
TTGCAAAA	0.11
TTGCACAA	0.12
TTGCCAAA	0.11
TTGCCCAA	0.1
TTGCGAAA	0.11
TTGCGCAA	0.1
TTGCTAAA	0.09
TTGGAAAA	0.11
TTGGACAA	0.1
TTGGCAAA	0.11
TTGGCCAA	0.08
TTGGGAAA	0.12
TTGGTAAA	0.12
TTGTAAAA	0.11
TTGTACAA	0.1
TTGTCAAA	0.12
TTGTGAAA	0.09
TTGTTAAA	0.11
TTTAAAAA	0.11
TTTACAAA	0.1
TTTAGAAA	0.11
TTTATAAA	0.13
TTTCAAAA	0.13
TTTCCAAA	0.13
TTTCGAAA	0.12
TTTGAAAA	0.12
TTTGCAAA	0.09
TTTTAAAA	0.12
TTTTTTTT	0.15
GTTTTTTT	0.11
CTTTTTTT	0.13
ATTTTTTT	0.12
TGTTTTTT	0.12
GGTTTTTT	0.12
CGTTTTTT	0.12
AGTTTTTT	0.12
TCTTTTTT	0.13
GCTTTTTT	0.11
CCTTTTTT	0.14
ACTTTTTT	0.11
TATTTTTT	0.14
GATTTTTT	0.12
CATTTTTT	0.13
AATTTTTT	0.12
TTGTTTTT	0.14
GTGTTTTT	0.11
CTGTTTTT	0.12
ATGTTTTT	0.1
TGGTTTTT	0.12
GGGTTTTT	0.12
CGGTTTTT	0.12
AGGTTTTT	0.12
TCGTTTTT	0.13
GCGTTTTT	0.11
CCGTTTTT	0.1
ACGTTTTT	0.1
TAGTTTTT	0.12
GAGTTTTT	0.12
CAGTTTTT	0.11
AAGTTTTT	0.13
TTCTTTTT	0.13
GTCTTTTT	0.12
CTCTTTTT	0.11
ATCTTTTT	0.12
TGCTTTTT	0.11
GGCTTTTT	0.12
CGCTTTTT	0.13
AGCTTTTT	0.11
TCCTTTTT	0.12
GCCTTTTT	0.11
CCCTTTTT	0.13
ACCTTTTT	0.1
TACTTTTT	0.12
GACTTTTT	0.1
CACTTTTT	0.12
AACTTTTT	0.11
TTATTTTT	0.14
GTATTTTT	0.12
CTATTTTT	0.12
ATATTTTT	0.14
TGATTTTT	0.1
GGATTTTT	0.12
CGATTTTT	0.11
AGATTTTT	0.12
TCATTTTT	0.13
GCATTTTT	0.1
CCATTTTT	0.12
ACATTTTT	0.11
TAATTTTT	0.13
GAATTTTT	0.13
CAATTTTT	0.12
AAATTTTT	0.13
TTTGTTTT	0.12
GTTGTTTT	0.12
CTTGTTTT	0.11
ATTGTTTT	0.11
TGTGTTTT	0.12
GGTGTTTT	0.1
CGTGTTTT	0.1
AGTGTTTT	0.11
TCTGTTTT	0.11
GCTGTTTT	0.11
CCTGTTTT	0.12
ACTGTTTT	0.12
TATGTTTT	0.12
GATGTTTT	0.1
CATGTTTT	0.1
AATGTTTT	0.1
TTGGTTTT	0.11
GTGGTTTT	0.11
CTGGTTTT	0.11
ATGGTTTT	0.11
TGGGTTTT	0.11
GGGGTTTT	0.09
CGGGTTTT	0.11
AGGGTTTT	0.11
TCGGTTTT	0.12
GCGGTTTT	0.1
CCGGTTTT	0.13
ACGGTTTT	0.11
TAGGTTTT	0.1
GAGGTTTT	0.11
CAGGTTTT	0.09
AAGGTTTT	0.1
TTCGTTTT	0.12
GTCGTTTT	0.12
CTCGTTTT	0.1
ATCGTTTT	0.1
TGCGTTTT	0.09
GGCGTTTT	0.12
CGCGTTTT	0.1
AGCGTTTT	0.11
TCCGTTTT	0.14
GCCGTTTT	0.11
CCCGTTTT	0.12
ACCGTTTT	0.11
TACGTTTT	0.11
GACGTTTT	0.1
CACGTTTT	0.1
AACGTTTT	0.13
TTAGTTTT	0.13
GTAGTTTT	0.13
CTAGTTTT	0.1
ATAGTTTT	0.12
TGAGTTTT	0.13
GGAGTTTT	0.11
CGAGTTTT	0.1
AGAGTTTT	0.11
TCAGTTTT	0.11
GCAGTTTT	0.11
CCAGTTTT	0.1
ACAGTTTT	0.1
TAAGTTTT	0.12
GAAGTTTT	0.14
CAAGTTTT	0.1
AAAGTTTT	0.11
TTTCTTTT	0.13
GTTCTTTT	0.12
CTTCTTTT	0.11
ATTCTTTT	0.13
TGTCTTTT	0.12
GGTCTTTT	0.1
CGTCTTTT	0.11
AGTCTTTT	0.1
TCTCTTTT	0.14
GCTCTTTT	0.09
CCTCTTTT	0.11
ACTCTTTT	0.1
TATCTTTT	0.11
GATCTTTT	0.11
CATCTTTT	0.11
AATCTTTT	0.11
TTGCTTTT	0.11
GTGCTTTT	0.11
CTGCTTTT	0.11
ATGCTTTT	0.11
TGGCTTTT	0.14
GGGCTTTT	0.11
CGGCTTTT	0.12
AGGCTTTT	0.11
TCGCTTTT	0.12
GCGCTTTT	0.11
CCGCTTTT	0.12
ACGCTTTT	0.1
TAGCTTTT	0.11
GAGCTTTT	0.11
CAGCTTTT	0.1
AAGCTTTT	0.1
TTCCTTTT	0.18
GTCCTTTT	0.11
CTCCTTTT	0.11
ATCCTTTT	0.14
TGCCTTTT	0.12
GGCCTTTT	0.1
CGCCTTTT	0.1
AGCCTTTT	0.1
TCCCTTTT	0.12
GCCCTTTT	0.11
CCCCTTTT	0.11
ACCCTTTT	0.11
TACCTTTT	0.1
GACCTTTT	0.09
CACCTTTT	0.11
AACCTTTT	0.1
TTACTTTT	0.12
GTACTTTT	0.12
CTACTTTT	0.13
ATACTTTT	0.13
TGACTTTT	0.11
GGACTTTT	0.1
CGACTTTT	0.1
AGACTTTT	0.11
TCACTTTT	0.13
GCACTTTT	0.09
CCACTTTT	0.11
ACACTTTT	0.1
TAACTTTT	0.11
GAACTTTT	0.11
CAACTTTT	0.09
AAACTTTT	0.11
TTTATTTT	0.13
GTTATTTT	0.12
CTTATTTT	0.12
ATTATTTT	0.12
TGTATTTT	0.12
GGTATTTT	0.12
CGTATTTT	0.1
AGTATTTT	0.11
TCTATTTT	0.12
GCTATTTT	0.1
CCTATTTT	0.12
ACTATTTT	0.11
TATATTTT	0.13
GATATTTT	0.13
CATATTTT	0.12
AATATTTT	0.11
TTGATTTT	0.11
GTGATTTT	0.11
CTGATTTT	0.12
ATGATTTT	0.12
TGGATTTT	0.12
GGGATTTT	0.13
CGGATTTT	0.18
AGGATTTT	0.12
TCGATTTT	0.1
GCGATTTT	0.11
CCGATTTT	0.11
ACGATTTT	0.11
TAGATTTT	0.1
GAGATTTT	0.1
CAGATTTT	0.12
AAGATTTT	0.11
TTCATTTT	0.1
GTCATTTT	0.11
CTCATTTT	0.12
ATCATTTT	0.14
TGCATTTT	0.12
GGCATTTT	0.11
CGCATTTT	0.11
AGCATTTT	0.11
TCCATTTT	0.11
GCCATTTT	0.11
CCCATTTT	0.1
ACCATTTT	0.12
TACATTTT	0.12
GACATTTT	0.11
CACATTTT	0.09
AACATTTT	0.1
TTAATTTT	0.11
GTAATTTT	0.11
CTAATTTT	0.12
ATAATTTT	0.13
TGAATTTT	0.12
GGAATTTT	0.12
CGAATTTT	0.12
AGAATTTT	0.11
TCAATTTT	0.14
GCAATTTT	0.1
CCAATTTT	0.12
ACAATTTT	0.12
TAAATTTT	0.13
GAAATTTT	0.1
CAAATTTT	0.12
TTTTGTTT	0.12
GTTTGTTT	0.11
CTTTGTTT	0.11
ATTTGTTT	0.12
TGTTGTTT	0.12
GGTTGTTT	0.11
CGTTGTTT	0.11
AGTTGTTT	0.1
TCTTGTTT	0.14
GCTTGTTT	0.1
CCTTGTTT	0.1
ACTTGTTT	0.11
TATTGTTT	0.12
GATTGTTT	0.1
CATTGTTT	0.11
AATTGTTT	0.11
TTGTGTTT	0.12
GTGTGTTT	0.1
CTGTGTTT	0.12
ATGTGTTT	0.12
TGGTGTTT	0.1
GGGTGTTT	0.11
CGGTGTTT	0.11
AGGTGTTT	0.1
TCGTGTTT	0.09
GCGTGTTT	0.1
CCGTGTTT	0.1
ACGTGTTT	0.08
TAGTGTTT	0.1
GAGTGTTT	0.11
CAGTGTTT	0.12
AAGTGTTT	0.11
TTCTGTTT	0.13
GTCTGTTT	0.1
CTCTGTTT	0.1
ATCTGTTT	0.13
TGCTGTTT	0.1
GGCTGTTT	0.11
CGCTGTTT	0.11
AGCTGTTT	0.09
TCCTGTTT	0.23
GCCTGTTT	0.11
CCCTGTTT	0.1
ACCTGTTT	0.1
TACTGTTT	0.11
GACTGTTT	0.09
CACTGTTT	0.12
AACTGTTT	0.1
TTATGTTT	0.1
GTATGTTT	0.1
CTATGTTT	0.11
ATATGTTT	0.13
TGATGTTT	0.1
GGATGTTT	0.23
CGATGTTT	0.1
AGATGTTT	0.11
TCATGTTT	0.11
GCATGTTT	0.09
CCATGTTT	0.1
ACATGTTT	0.09
TAATGTTT	0.1
GAATGTTT	0.1
CAATGTTT	0.09
AAATGTTT	0.12
TTTGGTTT	0.12
GTTGGTTT	0.12
CTTGGTTT	0.11
ATTGGTTT	0.12
TGTGGTTT	0.11
GGTGGTTT	0.11
CGTGGTTT	0.1
AGTGGTTT	0.12
TCTGGTTT	0.11
GCTGGTTT	0.12
CCTGGTTT	0.11
ACTGGTTT	0.1
TATGGTTT	0.11
GATGGTTT	0.13
CATGGTTT	0.11
AATGGTTT	0.11
TTGGGTTT	0.12
GTGGGTTT	0.11
CTGGGTTT	0.12
ATGGGTTT	0.11
TGGGGTTT	0.1
GGGGGTTT	0.1
CGGGGTTT	0.13
AGGGGTTT	0.09
TCGGGTTT	0.12
GCGGGTTT	0.11
CCGGGTTT	0.12
ACGGGTTT	0.11
TAGGGTTT	0.09
GAGGGTTT	0.11
CAGGGTTT	0.11
AAGGGTTT	0.1
TTCGGTTT	0.12
GTCGGTTT	0.1
CTCGGTTT	0.11
ATCGGTTT	0.11
TGCGGTTT	0.1
GGCGGTTT	0.1
CGCGGTTT	0.11
AGCGGTTT	0.08
TCCGGTTT	0.23
GCCGGTTT	0.11
CCCGGTTT	0.12
ACCGGTTT	0.1
TACGGTTT	0.1
GACGGTTT	0.1
CACGGTTT	0.11
AACGGTTT	0.1
TTAGGTTT	0.11
GTAGGTTT	0.1
CTAGGTTT	0.1
ATAGGTTT	0.1
TGAGGTTT	0.11
GGAGGTTT	0.1
CGAGGTTT	0.1
AGAGGTTT	0.11
TCAGGTTT	0.11
GCAGGTTT	0.11
CCAGGTTT	0.1
ACAGGTTT	0.1
TAAGGTTT	0.1
GAAGGTTT	0.11
CAAGGTTT	0.09
AAAGGTTT	0.11
TTTCGTTT	0.11
GTTCGTTT	0.11
CTTCGTTT	0.11
ATTCGTTT	0.11
TGTCGTTT	0.1
GGTCGTTT	0.11
CGTCGTTT	0.12
AGTCGTTT	0.1
TCTCGTTT	0.12
GCTCGTTT	0.09
CCTCGTTT	0.1
ACTCGTTT	0.1
TATCGTTT	0.09
GATCGTTT	0.11
CATCGTTT	0.12
AATCGTTT	0.11
TTGCGTTT	0.09
GTGCGTTT	0.1
CTGCGTTT	0.1
ATGCGTTT	0.09
TGGCGTTT	0.1
GGGCGTTT	0.11
CGGCGTTT	0.1
AGGCGTTT	0.11
TCGCGTTT	0.1
GCGCGTTT	0.1
CCGCGTTT	0.12
ACGCGTTT	0.09
TAGCGTTT	0.1
GAGCGTTT	0.1
CAGCGTTT	0.09
AAGCGTTT	0.11
TTCCGTTT	0.24
GTCCGTTT	0.12
CTCCGTTT	0.1
ATCCGTTT	0.16
TGCCGTTT	0.11
GGCCGTTT	0.11
CGCCGTTT	0.12
AGCCGTTT	0.09
TCCCGTTT	0.13
GCCCGTTT	0.1
CCCCGTTT	0.1
ACCCGTTT	0.1
TACCGTTT	0.12
GACCGTTT	0.09
CACCGTTT	0.1
AACCGTTT	0.1
TTACGTTT	0.1
GTACGTTT	0.1
CTACGTTT	0.1
ATACGTTT	0.1
TGACGTTT	0.1
GGACGTTT	0.12
CGACGTTT	0.11
AGACGTTT	0.11
TCACGTTT	0.11
GCACGTTT	0.1
CCACGTTT	0.1
ACACGTTT	0.11
TAACGTTT	0.12
GAACGTTT	0.11
CAACGTTT	0.1
TTTAGTTT	0.12
GTTAGTTT	0.12
CTTAGTTT	0.14
ATTAGTTT	0.12
TGTAGTTT	0.11
GGTAGTTT	0.13
CGTAGTTT	0.11
AGTAGTTT	0.12
TCTAGTTT	0.1
GCTAGTTT	0.1
CCTAGTTT	0.09
ACTAGTTT	0.11
TATAGTTT	0.12
GATAGTTT	0.1
CATAGTTT	0.11
AATAGTTT	0.11
TTGAGTTT	0.12
GTGAGTTT	0.11
CTGAGTTT	0.11
ATGAGTTT	0.11
TGGAGTTT	0.12
GGGAGTTT	0.1
CGGAGTTT	0.11
AGGAGTTT	0.11
TCGAGTTT	0.1
GCGAGTTT	0.1
CCGAGTTT	0.1
ACGAGTTT	0.1
TAGAGTTT	0.12
GAGAGTTT	0.11
CAGAGTTT	0.11
AAGAGTTT	0.1
TTCAGTTT	0.12
GTCAGTTT	0.11
CTCAGTTT	0.11
ATCAGTTT	0.11
TGCAGTTT	0.11
GGCAGTTT	0.11
CGCAGTTT	0.09
AGCAGTTT	0.1
TCCAGTTT	0.1
GCCAGTTT	0.1
CCCAGTTT	0.11
ACCAGTTT	0.11
TACAGTTT	0.1
GACAGTTT	0.1
CACAGTTT	0.09
AACAGTTT	0.11
TTAAGTTT	0.12
GTAAGTTT	0.1
CTAAGTTT	0.11
ATAAGTTT	0.1
TGAAGTTT	0.11
GGAAGTTT	0.28
CGAAGTTT	0.12
AGAAGTTT	0.12
TCAAGTTT	0.1
GCAAGTTT	0.11
CCAAGTTT	0.11
ACAAGTTT	0.1
TAAAGTTT	0.11
GAAAGTTT	0.11
CAAAGTTT	0.1
TTTTCTTT	0.12
GTTTCTTT	0.11
CTTTCTTT	0.13
ATTTCTTT	0.14
TGTTCTTT	0.12
GGTTCTTT	0.12
CGTTCTTT	0.12
AGTTCTTT	0.11
TCTTCTTT	0.11
GCTTCTTT	0.11
CCTTCTTT	0.12
ACTTCTTT	0.11
TATTCTTT	0.12
GATTCTTT	0.12
CATTCTTT	0.1
AATTCTTT	0.1
TTGTCTTT	0.12
GTGTCTTT	0.11
CTGTCTTT	0.11
ATGTCTTT	0.09
TGGTCTTT	0.1
GGGTCTTT	0.1
CGGTCTTT	0.1
AGGTCTTT	0.11
TCGTCTTT	0.11
GCGTCTTT	0.11
CCGTCTTT	0.1
ACGTCTTT	0.11
TAGTCTTT	0.11
GAGTCTTT	0.1
CAGTCTTT	0.09
AAGTCTTT	0.1
TTCTCTTT	0.12
GTCTCTTT	0.13
CTCTCTTT	0.1
ATCTCTTT	0.1
TGCTCTTT	0.11
GGCTCTTT	0.08
CGCTCTTT	0.1
AGCTCTTT	0.1
TCCTCTTT	0.13
GCCTCTTT	0.1
CCCTCTTT	0.11
ACCTCTTT	0.11
TACTCTTT	0.12
GACTCTTT	0.08
CACTCTTT	0.11
AACTCTTT	0.12
TTATCTTT	0.13
GTATCTTT	0.1
CTATCTTT	0.11
ATATCTTT	0.13
TGATCTTT	0.11
GGATCTTT	0.12
CGATCTTT	0.1
AGATCTTT	0.1
TCATCTTT	0.11
GCATCTTT	0.1
CCATCTTT	0.11
ACATCTTT	0.11
TAATCTTT	0.11
GAATCTTT	0.1
CAATCTTT	0.11
AAATCTTT	0.12
TTTGCTTT	0.12
GTTGCTTT	0.09
CTTGCTTT	0.11
ATTGCTTT	0.11
TGTGCTTT	0.11
GGTGCTTT	0.1
CGTGCTTT	0.1
AGTGCTTT	0.1
TCTGCTTT	0.13
GCTGCTTT	0.11
CCTGCTTT	0.11
ACTGCTTT	0.1
TATGCTTT	0.11
GATGCTTT	0.11
CATGCTTT	0.1
AATGCTTT	0.1
TTGGCTTT	0.12
GTGGCTTT	0.13
CTGGCTTT	0.09
ATGGCTTT	0.13
TGGGCTTT	0.09
GGGGCTTT	0.1
CGGGCTTT	0.1
AGGGCTTT	0.1
TCGGCTTT	0.1
GCGGCTTT	0.11
CCGGCTTT	0.12
ACGGCTTT	0.11
TAGGCTTT	0.11
GAGGCTTT	0.11
CAGGCTTT	0.08
AAGGCTTT	0.1
TTCGCTTT	0.11
GTCGCTTT	0.12
CTCGCTTT	0.12
ATCGCTTT	0.11
TGCGCTTT	0.1
GGCGCTTT	0.11
CGCGCTTT	0.1
AGCGCTTT	0.11
TCCGCTTT	0.13
GCCGCTTT	0.1
CCCGCTTT	0.1
ACCGCTTT	0.11
TACGCTTT	0.1
GACGCTTT	0.1
CACGCTTT	0.09
AACGCTTT	0.1
TTAGCTTT	0.1
GTAGCTTT	0.11
CTAGCTTT	0.1
ATAGCTTT	0.09
TGAGCTTT	0.11
GGAGCTTT	0.09
CGAGCTTT	0.1
AGAGCTTT	0.1
TCAGCTTT	0.1
GCAGCTTT	0.1
CCAGCTTT	0.12
ACAGCTTT	0.09
TAAGCTTT	0.1
GAAGCTTT	0.11
CAAGCTTT	0.09
TTTCCTTT	0.28
GTTCCTTT	0.13
CTTCCTTT	0.26
ATTCCTTT	0.12
TGTCCTTT	0.12
GGTCCTTT	0.11
CGTCCTTT	0.12
AGTCCTTT	0.1
TCTCCTTT	0.09
GCTCCTTT	0.11
CCTCCTTT	0.12
ACTCCTTT	0.11
TATCCTTT	0.18
GATCCTTT	0.11
CATCCTTT	0.17
AATCCTTT	0.1
TTGCCTTT	0.1
GTGCCTTT	0.1
CTGCCTTT	0.13
ATGCCTTT	0.11
TGGCCTTT	0.1
GGGCCTTT	0.11
CGGCCTTT	0.1
AGGCCTTT	0.1
TCGCCTTT	0.1
GCGCCTTT	0.09
CCGCCTTT	0.12
ACGCCTTT	0.1
TAGCCTTT	0.09
GAGCCTTT	0.1
CAGCCTTT	0.11
AAGCCTTT	0.1
TTCCCTTT	0.13
GTCCCTTT	0.09
CTCCCTTT	0.1
ATCCCTTT	0.12
TGCCCTTT	0.1
GGCCCTTT	0.09
CGCCCTTT	0.1
AGCCCTTT	0.11
TCCCCTTT	0.12
GCCCCTTT	0.11
CCCCCTTT	0.14
ACCCCTTT	0.1
TACCCTTT	0.11
GACCCTTT	0.1
CACCCTTT	0.11
AACCCTTT	0.1
TTACCTTT	0.1
GTACCTTT	0.09
CTACCTTT	0.11
ATACCTTT	0.11
TGACCTTT	0.1
GGACCTTT	0.1
CGACCTTT	0.11
AGACCTTT	0.11
TCACCTTT	0.1
GCACCTTT	0.1
CCACCTTT	0.1
ACACCTTT	0.12
TAACCTTT	0.1
GAACCTTT	0.1
CAACCTTT	0.11
TTTACTTT	0.12
GTTACTTT	0.12
CTTACTTT	0.1
ATTACTTT	0.11
TGTACTTT	0.11
GGTACTTT	0.11
CGTACTTT	0.11
AGTACTTT	0.09
TCTACTTT	0.09
GCTACTTT	0.09
CCTACTTT	0.13
ACTACTTT	0.09
TATACTTT	0.11
GATACTTT	0.12
CATACTTT	0.09
AATACTTT	0.11
TTGACTTT	0.11
GTGACTTT	0.11
CTGACTTT	0.1
ATGACTTT	0.11
TGGACTTT	0.1
GGGACTTT	0.1
CGGACTTT	0.11
AGGACTTT	0.1
TCGACTTT	0.1
GCGACTTT	0.11
CCGACTTT	0.1
ACGACTTT	0.1
TAGACTTT	0.1
GAGACTTT	0.1
CAGACTTT	0.09
AAGACTTT	0.1
TTCACTTT	0.12
GTCACTTT	0.1
CTCACTTT	0.11
ATCACTTT	0.13
TGCACTTT	0.09
GGCACTTT	0.1
CGCACTTT	0.1
AGCACTTT	0.08
TCCACTTT	0.11
GCCACTTT	0.1
CCCACTTT	0.1
ACCACTTT	0.1
TACACTTT	0.1
GACACTTT	0.1
CACACTTT	0.11
AACACTTT	0.1
TTAACTTT	0.11
GTAACTTT	0.1
CTAACTTT	0.11
ATAACTTT	0.11
TGAACTTT	0.1
GGAACTTT	0.12
CGAACTTT	0.1
AGAACTTT	0.11
TCAACTTT	0.11
GCAACTTT	0.1
CCAACTTT	0.1
ACAACTTT	0.1
TAAACTTT	0.11
GAAACTTT	0.11
CAAACTTT	0.11
TTTTATTT	0.13
GTTTATTT	0.12
CTTTATTT	0.11
ATTTATTT	0.12
TGTTATTT	0.12
GGTTATTT	0.12
CGTTATTT	0.11
AGTTATTT	0.12
TCTTATTT	0.11
GCTTATTT	0.12
CCTTATTT	0.12
ACTTATTT	0.11
TATTATTT	0.14
GATTATTT	0.11
CATTATTT	0.12
AATTATTT	0.12
TTGTATTT	0.12
GTGTATTT	0.12
CTGTATTT	0.13
ATGTATTT	0.12
TGGTATTT	0.12
GGGTATTT	0.11
CGGTATTT	0.14
AGGTATTT	0.11
TCGTATTT	0.11
GCGTATTT	0.11
CCGTATTT	0.11
ACGTATTT	0.1
TAGTATTT	0.12
GAGTATTT	0.09
CAGTATTT	0.12
AAGTATTT	0.11
TTCTATTT	0.11
GTCTATTT	0.1
CTCTATTT	0.12
ATCTATTT	0.12
TGCTATTT	0.11
GGCTATTT	0.1
CGCTATTT	0.11
AGCTATTT	0.09
TCCTATTT	0.14
GCCTATTT	0.11
CCCTATTT	0.12
ACCTATTT	0.1
TACTATTT	0.1
GACTATTT	0.1
CACTATTT	0.11
AACTATTT	0.11
TTATATTT	0.14
GTATATTT	0.11
CTATATTT	0.12
ATATATTT	0.12
TGATATTT	0.1
GGATATTT	0.15
CGATATTT	0.11
AGATATTT	0.12
TCATATTT	0.11
GCATATTT	0.09
CCATATTT	0.11
ACATATTT	0.12
TAATATTT	0.11
GAATATTT	0.12
CAATATTT	0.11
TTTGATTT	0.13
GTTGATTT	0.11
CTTGATTT	0.1
ATTGATTT	0.12
TGTGATTT	0.1
GGTGATTT	0.14
CGTGATTT	0.1
AGTGATTT	0.12
TCTGATTT	0.1
GCTGATTT	0.11
CCTGATTT	0.11
ACTGATTT	0.1
TATGATTT	0.11
GATGATTT	0.1
CATGATTT	0.1
AATGATTT	0.11
TTGGATTT	0.12
GTGGATTT	0.11
CTGGATTT	0.12
ATGGATTT	0.12
TGGGATTT	0.13
GGGGATTT	0.1
CGGGATTT	0.14
AGGGATTT	0.11
TCGGATTT	0.11
GCGGATTT	0.12
CCGGATTT	0.25
ACGGATTT	0.12
TAGGATTT	0.12
GAGGATTT	0.11
CAGGATTT	0.14
AAGGATTT	0.1
TTCGATTT	0.11
GTCGATTT	0.09
CTCGATTT	0.12
ATCGATTT	0.09
TGCGATTT	0.11
GGCGATTT	0.12
CGCGATTT	0.11
AGCGATTT	0.11
TCCGATTT	0.11
GCCGATTT	0.1
CCCGATTT	0.1
ACCGATTT	0.09
TACGATTT	0.11
GACGATTT	0.11
CACGATTT	0.1
AACGATTT	0.11
TTAGATTT	0.12
GTAGATTT	0.12
CTAGATTT	0.09
ATAGATTT	0.1
TGAGATTT	0.11
GGAGATTT	0.1
CGAGATTT	0.1
AGAGATTT	0.12
TCAGATTT	0.11
GCAGATTT	0.1
CCAGATTT	0.11
ACAGATTT	0.12
TAAGATTT	0.11
GAAGATTT	0.12
CAAGATTT	0.1
TTTCATTT	0.12
GTTCATTT	0.1
CTTCATTT	0.11
ATTCATTT	0.1
TGTCATTT	0.11
GGTCATTT	0.1
CGTCATTT	0.1
AGTCATTT	0.1
TCTCATTT	0.11
GCTCATTT	0.1
CCTCATTT	0.13
ACTCATTT	0.12
TATCATTT	0.12
GATCATTT	0.11
CATCATTT	0.11
AATCATTT	0.13
TTGCATTT	0.11
GTGCATTT	0.12
CTGCATTT	0.1
ATGCATTT	0.12
TGGCATTT	0.11
GGGCATTT	0.11
CGGCATTT	0.11
AGGCATTT	0.12
TCGCATTT	0.11
GCGCATTT	0.11
CCGCATTT	0.1
ACGCATTT	0.1
TAGCATTT	0.11
GAGCATTT	0.11
CAGCATTT	0.1
AAGCATTT	0.1
TTCCATTT	0.13
GTCCATTT	0.1
CTCCATTT	0.1
ATCCATTT	0.1
TGCCATTT	0.1
GGCCATTT	0.1
CGCCATTT	0.11
AGCCATTT	0.1
TCCCATTT	0.11
GCCCATTT	0.1
CCCCATTT	0.11
ACCCATTT	0.1
TACCATTT	0.12
GACCATTT	0.11
CACCATTT	0.1
AACCATTT	0.11
TTACATTT	0.12
GTACATTT	0.1
CTACATTT	0.11
ATACATTT	0.11
TGACATTT	0.1
GGACATTT	0.12
CGACATTT	0.11
AGACATTT	0.1
TCACATTT	0.1
GCACATTT	0.1
CCACATTT	0.13
ACACATTT	0.11
TAACATTT	0.11
GAACATTT	0.1
CAACATTT	0.1
TTTAATTT	0.12
GTTAATTT	0.1
CTTAATTT	0.11
ATTAATTT	0.13
TGTAATTT	0.12
GGTAATTT	0.12
CGTAATTT	0.11
AGTAATTT	0.13
TCTAATTT	0.12
GCTAATTT	0.11
CCTAATTT	0.12
ACTAATTT	0.11
TATAATTT	0.11
GATAATTT	0.12
CATAATTT	0.12
AATAATTT	0.12
TTGAATTT	0.11
GTGAATTT	0.13
CTGAATTT	0.11
ATGAATTT	0.1
TGGAATTT	0.12
GGGAATTT	0.11
CGGAATTT	0.14
AGGAATTT	0.11
TCGAATTT	0.12
GCGAATTT	0.11
CCGAATTT	0.11
ACGAATTT	0.13
TAGAATTT	0.11
GAGAATTT	0.1
CAGAATTT	0.12
AAGAATTT	0.1
TTCAATTT	0.12
GTCAATTT	0.12
CTCAATTT	0.09
ATCAATTT	0.12
TGCAATTT	0.11
GGCAATTT	0.1
CGCAATTT	0.1
AGCAATTT	0.1
TCCAATTT	0.1
GCCAATTT	0.1
CCCAATTT	0.11
ACCAATTT	0.12
TACAATTT	0.12
GACAATTT	0.12
CACAATTT	0.1
AACAATTT	0.11
TTAAATTT	0.12
GTAAATTT	0.12
CTAAATTT	0.12
ATAAATTT	0.11
TGAAATTT	0.1
GGAAATTT	0.17
CGAAATTT	0.1
AGAAATTT	0.1
TCAAATTT	0.12
GCAAATTT	0.1
CCAAATTT	0.1
ACAAATTT	0.11
TAAAATTT	0.1
GAAAATTT	0.12
CAAAATTT	0.12
TTTTTGTT	0.14
GTTTTGTT	0.12
CTTTTGTT	0.1
ATTTTGTT	0.13
TGTTTGTT	0.12
GGTTTGTT	0.11
CGTTTGTT	0.1
AGTTTGTT	0.12
TCTTTGTT	0.12
GCTTTGTT	0.11
CCTTTGTT	0.11
ACTTTGTT	0.1
TATTTGTT	0.12
GATTTGTT	0.1
CATTTGTT	0.13
AATTTGTT	0.12
TTGTTGTT	0.13
GTGTTGTT	0.11
CTGTTGTT	0.11
ATGTTGTT	0.11
TGGTTGTT	0.12
GGGTTGTT	0.12
CGGTTGTT	0.11
AGGTTGTT	0.11
TCGTTGTT	0.11
GCGTTGTT	0.1
CCGTTGTT	0.11
ACGTTGTT	0.11
TAGTTGTT	0.11
GAGTTGTT	0.1
CAGTTGTT	0.1
AAGTTGTT	0.11
TTCTTGTT	0.15
GTCTTGTT	0.11
CTCTTGTT	0.13
ATCTTGTT	0.11
TGCTTGTT	0.09
GGCTTGTT	0.09
CGCTTGTT	0.12
AGCTTGTT	0.11
TCCTTGTT	0.12
GCCTTGTT	0.1
CCCTTGTT	0.1
ACCTTGTT	0.12
TACTTGTT	0.1
GACTTGTT	0.1
CACTTGTT	0.12
AACTTGTT	0.09
TTATTGTT	0.1
GTATTGTT	0.11
CTATTGTT	0.11
ATATTGTT	0.14
TGATTGTT	0.09
GGATTGTT	0.12
CGATTGTT	0.1
AGATTGTT	0.1
TCATTGTT	0.11
GCATTGTT	0.09
CCATTGTT	0.1
ACATTGTT	0.12
TAATTGTT	0.12
GAATTGTT	0.11
CAATTGTT	0.1
TTTGTGTT	0.11
GTTGTGTT	0.11
CTTGTGTT	0.1
ATTGTGTT	0.12
TGTGTGTT	0.09
GGTGTGTT	0.11
CGTGTGTT	0.1
AGTGTGTT	0.11
TCTGTGTT	0.11
GCTGTGTT	0.11
CCTGTGTT	0.09
ACTGTGTT	0.1
TATGTGTT	0.09
GATGTGTT	0.12
CATGTGTT	0.09
AATGTGTT	0.12
TTGGTGTT	0.11
GTGGTGTT	0.11
CTGGTGTT	0.1
ATGGTGTT	0.1
TGGGTGTT	0.1
GGGGTGTT	0.1
CGGGTGTT	0.11
AGGGTGTT	0.1
TCGGTGTT	0.1
GCGGTGTT	0.11
CCGGTGTT	0.12
ACGGTGTT	0.09
TAGGTGTT	0.09
GAGGTGTT	0.1
CAGGTGTT	0.1
AAGGTGTT	0.1
TTCGTGTT	0.11
GTCGTGTT	0.1
CTCGTGTT	0.1
ATCGTGTT	0.1
TGCGTGTT	0.1
GGCGTGTT	0.09
CGCGTGTT	0.09
AGCGTGTT	0.1
TCCGTGTT	0.13
GCCGTGTT	0.1
CCCGTGTT	0.11
ACCGTGTT	0.1
TACGTGTT	0.1
GACGTGTT	0.11
CACGTGTT	0.08
AACGTGTT	0.09
TTAGTGTT	0.1
GTAGTGTT	0.11
CTAGTGTT	0.09
ATAGTGTT	0.11
TGAGTGTT	0.11
GGAGTGTT	0.1
CGAGTGTT	0.1
AGAGTGTT	0.1
TCAGTGTT	0.11
GCAGTGTT	0.11
CCAGTGTT	0.1
ACAGTGTT	0.09
TAAGTGTT	0.1
GAAGTGTT	0.1
CAAGTGTT	0.1
TTTCTGTT	0.12
GTTCTGTT	0.1
CTTCTGTT	0.13
ATTCTGTT	0.12
TGTCTGTT	0.11
GGTCTGTT	0.11
CGTCTGTT	0.1
AGTCTGTT	0.1
TCTCTGTT	0.11
GCTCTGTT	0.11
CCTCTGTT	0.1
ACTCTGTT	0.1
TATCTGTT	0.12
GATCTGTT	0.11
CATCTGTT	0.11
AATCTGTT	0.13
TTGCTGTT	0.1
GTGCTGTT	0.11
CTGCTGTT	0.09
ATGCTGTT	0.09
TGGCTGTT	0.11
GGGCTGTT	0.11
CGGCTGTT	0.11
AGGCTGTT	0.1
TCGCTGTT	0.09
GCGCTGTT	0.09
CCGCTGTT	0.1
ACGCTGTT	0.09
TAGCTGTT	0.1
GAGCTGTT	0.09
CAGCTGTT	0.09
AAGCTGTT	0.09
TTCCTGTT	0.28
GTCCTGTT	0.15
CTCCTGTT	0.1
ATCCTGTT	0.24
TGCCTGTT	0.11
GGCCTGTT	0.09
CGCCTGTT	0.09
AGCCTGTT	0.1
TCCCTGTT	0.13
GCCCTGTT	0.09
CCCCTGTT	0.11
ACCCTGTT	0.1
TACCTGTT	0.11
GACCTGTT	0.09
CACCTGTT	0.09
AACCTGTT	0.1
TTACTGTT	0.1
GTACTGTT	0.1
CTACTGTT	0.11
ATACTGTT	0.11
TGACTGTT	0.1
GGACTGTT	0.09
CGACTGTT	0.09
AGACTGTT	0.09
TCACTGTT	0.1
GCACTGTT	0.1
CCACTGTT	0.11
ACACTGTT	0.09
TAACTGTT	0.12
GAACTGTT	0.1
CAACTGTT	0.1
TTTATGTT	0.11
GTTATGTT	0.1
CTTATGTT	0.11
ATTATGTT	0.11
TGTATGTT	0.1
GGTATGTT	0.1
CGTATGTT	0.11
AGTATGTT	0.1
TCTATGTT	0.12
GCTATGTT	0.1
CCTATGTT	0.11
ACTATGTT	0.1
TATATGTT	0.09
GATATGTT	0.12
CATATGTT	0.1
AATATGTT	0.1
TTGATGTT	0.11
GTGATGTT	0.11
CTGATGTT	0.11
ATGATGTT	0.1
TGGATGTT	0.11
GGGATGTT	0.14
CGGATGTT	0.54
AGGATGTT	0.32
TCGATGTT	0.1
GCGATGTT	0.1
CCGATGTT	0.1
ACGATGTT	0.11
TAGATGTT	0.11
GAGATGTT	0.11
CAGATGTT	0.09
AAGATGTT	0.1
TTCATGTT	0.1
GTCATGTT	0.1
CTCATGTT	0.11
ATCATGTT	0.11
TGCATGTT	0.1
GGCATGTT	0.09
CGCATGTT	0.09
AGCATGTT	0.08
TCCATGTT	0.11
GCCATGTT	0.09
CCCATGTT	0.11
ACCATGTT	0.09
TACATGTT	0.11
GACATGTT	0.09
CACATGTT	0.09
TTAATGTT	0.11
GTAATGTT	0.1
CTAATGTT	0.11
ATAATGTT	0.12
TGAATGTT	0.1
GGAATGTT	0.1
CGAATGTT	0.1
AGAATGTT	0.11
TCAATGTT	0.1
GCAATGTT	0.09
CCAATGTT	0.09
ACAATGTT	0.1
TAAATGTT	0.14
GAAATGTT	0.1
CAAATGTT	0.1
TTTTGGTT	0.13
GTTTGGTT	0.11
CTTTGGTT	0.12
ATTTGGTT	0.12
TGTTGGTT	0.11
GGTTGGTT	0.09
CGTTGGTT	0.11
AGTTGGTT	0.11
TCTTGGTT	0.11
GCTTGGTT	0.1
CCTTGGTT	0.12
ACTTGGTT	0.09
TATTGGTT	0.11
GATTGGTT	0.12
CATTGGTT	0.11
AATTGGTT	0.1
TTGTGGTT	0.1
GTGTGGTT	0.11
CTGTGGTT	0.09
ATGTGGTT	0.11
TGGTGGTT	0.11
GGGTGGTT	0.1
CGGTGGTT	0.1
AGGTGGTT	0.1
TCGTGGTT	0.1
GCGTGGTT	0.1
CCGTGGTT	0.09
ACGTGGTT	0.09
TAGTGGTT	0.12
GAGTGGTT	0.12
CAGTGGTT	0.11
AAGTGGTT	0.1
TTCTGGTT	0.12
GTCTGGTT	0.1
CTCTGGTT	0.1
ATCTGGTT	0.11
TGCTGGTT	0.11
GGCTGGTT	0.1
CGCTGGTT	0.11
AGCTGGTT	0.11
TCCTGGTT	0.14
GCCTGGTT	0.12
CCCTGGTT	0.11
ACCTGGTT	0.09
TACTGGTT	0.1
GACTGGTT	0.08
CACTGGTT	0.1
AACTGGTT	0.12
TTATGGTT	0.11
GTATGGTT	0.1
CTATGGTT	0.1
ATATGGTT	0.13
TGATGGTT	0.11
GGATGGTT	0.13
CGATGGTT	0.1
AGATGGTT	0.1
TCATGGTT	0.1
GCATGGTT	0.11
CCATGGTT	0.11
ACATGGTT	0.1
TAATGGTT	0.12
GAATGGTT	0.12
CAATGGTT	0.1
TTTGGGTT	0.11
GTTGGGTT	0.12
CTTGGGTT	0.11
ATTGGGTT	0.11
TGTGGGTT	0.1
GGTGGGTT	0.1
CGTGGGTT	0.1
AGTGGGTT	0.11
TCTGGGTT	0.11
GCTGGGTT	0.09
CCTGGGTT	0.1
ACTGGGTT	0.1
TATGGGTT	0.12
GATGGGTT	0.1
CATGGGTT	0.1
AATGGGTT	0.1
TTGGGGTT	0.1
GTGGGGTT	0.1
CTGGGGTT	0.09
ATGGGGTT	0.1
TGGGGGTT	0.1
GGGGGGTT	0.1
CGGGGGTT	0.1
AGGGGGTT	0.1
TCGGGGTT	0.1
GCGGGGTT	0.11
CCGGGGTT	0.14
ACGGGGTT	0.1
TAGGGGTT	0.09
GAGGGGTT	0.09
CAGGGGTT	0.09
AAGGGGTT	0.1
TTCGGGTT	0.1
GTCGGGTT	0.11
CTCGGGTT	0.11
ATCGGGTT	0.09
TGCGGGTT	0.1
GGCGGGTT	0.1
CGCGGGTT	0.11
AGCGGGTT	0.12
TCCGGGTT	0.16
GCCGGGTT	0.1
CCCGGGTT	0.11
ACCGGGTT	0.11
TACGGGTT	0.09
GACGGGTT	0.1
CACGGGTT	0.08
AACGGGTT	0.08
TTAGGGTT	0.1
GTAGGGTT	0.1
CTAGGGTT	0.08
ATAGGGTT	0.09
TGAGGGTT	0.11
GGAGGGTT	0.1
CGAGGGTT	0.09
AGAGGGTT	0.09
TCAGGGTT	0.1
GCAGGGTT	0.09
CCAGGGTT	0.11
ACAGGGTT	0.09
TAAGGGTT	0.12
GAAGGGTT	0.11
CAAGGGTT	0.1
TTTCGGTT	0.11
GTTCGGTT	0.12
CTTCGGTT	0.1
ATTCGGTT	0.11
TGTCGGTT	0.12
GGTCGGTT	0.11
CGTCGGTT	0.11
AGTCGGTT	0.1
TCTCGGTT	0.11
GCTCGGTT	0.1
CCTCGGTT	0.1
ACTCGGTT	0.09
TATCGGTT	0.11
GATCGGTT	0.1
CATCGGTT	0.1
AATCGGTT	0.11
TTGCGGTT	0.1
GTGCGGTT	0.1
CTGCGGTT	0.12
ATGCGGTT	0.1
TGGCGGTT	0.1
GGGCGGTT	0.1
CGGCGGTT	0.11
AGGCGGTT	0.1
TCGCGGTT	0.12
GCGCGGTT	0.09
CCGCGGTT	0.1
ACGCGGTT	0.1
TAGCGGTT	0.09
GAGCGGTT	0.09
CAGCGGTT	0.1
AAGCGGTT	0.09
TTCCGGTT	0.59
GTCCGGTT	0.16
CTCCGGTT	0.14
ATCCGGTT	0.54
TGCCGGTT	0.11
GGCCGGTT	0.1
CGCCGGTT	0.11
AGCCGGTT	0.08
TCCCGGTT	0.13
GCCCGGTT	0.11
CCCCGGTT	0.12
ACCCGGTT	0.11
TACCGGTT	0.13
GACCGGTT	0.11
CACCGGTT	0.1
TTACGGTT	0.11
GTACGGTT	0.1
CTACGGTT	0.08
ATACGGTT	0.09
TGACGGTT	0.11
GGACGGTT	0.11
CGACGGTT	0.09
AGACGGTT	0.1
TCACGGTT	0.1
GCACGGTT	0.1
CCACGGTT	0.1
ACACGGTT	0.09
TAACGGTT	0.1
GAACGGTT	0.11
CAACGGTT	0.1
TTTAGGTT	0.12
GTTAGGTT	0.1
CTTAGGTT	0.1
ATTAGGTT	0.1
TGTAGGTT	0.1
GGTAGGTT	0.1
CGTAGGTT	0.1
AGTAGGTT	0.11
TCTAGGTT	0.11
GCTAGGTT	0.09
CCTAGGTT	0.09
ACTAGGTT	0.1
TATAGGTT	0.12
GATAGGTT	0.11
CATAGGTT	0.1
AATAGGTT	0.11
TTGAGGTT	0.1
GTGAGGTT	0.11
CTGAGGTT	0.1
ATGAGGTT	0.11
TGGAGGTT	0.1
GGGAGGTT	0.1
CGGAGGTT	0.11
AGGAGGTT	0.1
TCGAGGTT	0.1
GCGAGGTT	0.1
CCGAGGTT	0.1
ACGAGGTT	0.09
TAGAGGTT	0.1
GAGAGGTT	0.1
CAGAGGTT	0.11
AAGAGGTT	0.11
TTCAGGTT	0.11
GTCAGGTT	0.11
CTCAGGTT	0.1
ATCAGGTT	0.11
TGCAGGTT	0.09
GGCAGGTT	0.1
CGCAGGTT	0.09
AGCAGGTT	0.1
TCCAGGTT	0.11
GCCAGGTT	0.09
CCCAGGTT	0.09
ACCAGGTT	0.1
TACAGGTT	0.09
GACAGGTT	0.1
CACAGGTT	0.11
TTAAGGTT	0.12
GTAAGGTT	0.12
CTAAGGTT	0.08
ATAAGGTT	0.11
TGAAGGTT	0.1
GGAAGGTT	0.12
CGAAGGTT	0.09
AGAAGGTT	0.1
TCAAGGTT	0.1
GCAAGGTT	0.08
CCAAGGTT	0.09
ACAAGGTT	0.09
TAAAGGTT	0.1
GAAAGGTT	0.11
CAAAGGTT	0.1
TTTTCGTT	0.13
GTTTCGTT	0.11
CTTTCGTT	0.1
ATTTCGTT	0.1
TGTTCGTT	0.1
GGTTCGTT	0.11
CGTTCGTT	0.1
AGTTCGTT	0.09
TCTTCGTT	0.11
GCTTCGTT	0.11
CCTTCGTT	0.1
ACTTCGTT	0.09
TATTCGTT	0.11
GATTCGTT	0.1
CATTCGTT	0.1
AATTCGTT	0.11
TTGTCGTT	0.11
GTGTCGTT	0.1
CTGTCGTT	0.1
ATGTCGTT	0.1
TGGTCGTT	0.12
GGGTCGTT	0.12
CGGTCGTT	0.09
AGGTCGTT	0.11
TCGTCGTT	0.12
GCGTCGTT	0.1
CCGTCGTT	0.11
ACGTCGTT	0.1
TAGTCGTT	0.1
GAGTCGTT	0.09
CAGTCGTT	0.1
AAGTCGTT	0.1
TTCTCGTT	0.11
GTCTCGTT	0.1
CTCTCGTT	0.11
ATCTCGTT	0.12
TGCTCGTT	0.1
GGCTCGTT	0.09
CGCTCGTT	0.09
AGCTCGTT	0.1
TCCTCGTT	0.11
GCCTCGTT	0.1
CCCTCGTT	0.1
ACCTCGTT	0.09
TACTCGTT	0.1
GACTCGTT	0.1
CACTCGTT	0.09
AACTCGTT	0.09
TTATCGTT	0.11
GTATCGTT	0.1
CTATCGTT	0.11
ATATCGTT	0.11
TGATCGTT	0.09
GGATCGTT	0.1
CGATCGTT	0.1
AGATCGTT	0.09
TCATCGTT	0.1
GCATCGTT	0.09
CCATCGTT	0.11
ACATCGTT	0.11
TAATCGTT	0.11
GAATCGTT	0.11
CAATCGTT	0.09
TTTGCGTT	0.1
GTTGCGTT	0.11
CTTGCGTT	0.1
ATTGCGTT	0.11
TGTGCGTT	0.12
GGTGCGTT	0.1
CGTGCGTT	0.11
AGTGCGTT	0.11
TCTGCGTT	0.11
GCTGCGTT	0.1
CCTGCGTT	0.09
ACTGCGTT	0.09
TATGCGTT	0.11
GATGCGTT	0.11
CATGCGTT	0.09
AATGCGTT	0.09
TTGGCGTT	0.1
GTGGCGTT	0.1
CTGGCGTT	0.09
ATGGCGTT	0.09
TGGGCGTT	0.09
GGGGCGTT	0.11
CGGGCGTT	0.1
AGGGCGTT	0.1
TCGGCGTT	0.1
GCGGCGTT	0.1
CCGGCGTT	0.11
ACGGCGTT	0.1
TAGGCGTT	0.1
GAGGCGTT	0.09
CAGGCGTT	0.1
AAGGCGTT	0.11
TTCGCGTT	0.12
GTCGCGTT	0.09
CTCGCGTT	0.1
ATCGCGTT	0.1
TGCGCGTT	0.09
GGCGCGTT	0.11
CGCGCGTT	0.09
AGCGCGTT	0.11
TCCGCGTT	0.13
GCCGCGTT	0.11
CCCGCGTT	0.1
ACCGCGTT	0.09
TACGCGTT	0.09
GACGCGTT	0.1
CACGCGTT	0.08
TTAGCGTT	0.09
GTAGCGTT	0.1
CTAGCGTT	0.1
ATAGCGTT	0.1
TGAGCGTT	0.09
GGAGCGTT	0.09
CGAGCGTT	0.1
AGAGCGTT	0.09
TCAGCGTT	0.1
GCAGCGTT	0.09
CCAGCGTT	0.09
ACAGCGTT	0.1
TAAGCGTT	0.1
GAAGCGTT	0.11
CAAGCGTT	0.1
TTTCCGTT	0.48
GTTCCGTT	0.16
CTTCCGTT	0.51
ATTCCGTT	0.13
TGTCCGTT	0.13
GGTCCGTT	0.1
CGTCCGTT	0.17
AGTCCGTT	0.1
TCTCCGTT	0.13
GCTCCGTT	0.1
CCTCCGTT	0.1
ACTCCGTT	0.09
TATCCGTT	0.32
GATCCGTT	0.13
CATCCGTT	0.36
AATCCGTT	0.12
TTGCCGTT	0.09
GTGCCGTT	0.1
CTGCCGTT	0.1
ATGCCGTT	0.11
TGGCCGTT	0.11
GGGCCGTT	0.11
CGGCCGTT	0.11
AGGCCGTT	0.1
TCGCCGTT	0.11
GCGCCGTT	0.09
CCGCCGTT	0.12
ACGCCGTT	0.1
TAGCCGTT	0.09
GAGCCGTT	0.08
CAGCCGTT	0.11
AAGCCGTT	0.09
TTCCCGTT	0.18
GTCCCGTT	0.1
CTCCCGTT	0.11
ATCCCGTT	0.12
TGCCCGTT	0.1
GGCCCGTT	0.09
CGCCCGTT	0.09
AGCCCGTT	0.09
TCCCCGTT	0.11
GCCCCGTT	0.12
CCCCCGTT	0.12
ACCCCGTT	0.1
TACCCGTT	0.12
GACCCGTT	0.1
CACCCGTT	0.09
TTACCGTT	0.11
GTACCGTT	0.12
CTACCGTT	0.11
ATACCGTT	0.11
TGACCGTT	0.11
GGACCGTT	0.09
CGACCGTT	0.09
AGACCGTT	0.09
TCACCGTT	0.1
GCACCGTT	0.1
CCACCGTT	0.09
ACACCGTT	0.09
TAACCGTT	0.11
GAACCGTT	0.09
CAACCGTT	0.11
TTTACGTT	0.09
GTTACGTT	0.11
CTTACGTT	0.09
ATTACGTT	0.09
TGTACGTT	0.1
GGTACGTT	0.09
CGTACGTT	0.09
AGTACGTT	0.09
TCTACGTT	0.11
GCTACGTT	0.09
CCTACGTT	0.1
ACTACGTT	0.1
TATACGTT	0.1
GATACGTT	0.1
CATACGTT	0.09
AATACGTT	0.1
TTGACGTT	0.11
GTGACGTT	0.1
CTGACGTT	0.09
ATGACGTT	0.11
TGGACGTT	0.1
GGGACGTT	0.1
CGGACGTT	0.15
AGGACGTT	0.13
TCGACGTT	0.1
GCGACGTT	0.1
CCGACGTT	0.11
ACGACGTT	0.09
TAGACGTT	0.1
GAGACGTT	0.09
CAGACGTT	0.09
AAGACGTT	0.09
TTCACGTT	0.1
GTCACGTT	0.11
CTCACGTT	0.09
ATCACGTT	0.1
TGCACGTT	0.09
GGCACGTT	0.09
CGCACGTT	0.1
AGCACGTT	0.1
TCCACGTT	0.1
GCCACGTT	0.09
CCCACGTT	0.11
ACCACGTT	0.08
TACACGTT	0.1
GACACGTT	0.1
CACACGTT	0.1
TTAACGTT	0.1
GTAACGTT	0.1
CTAACGTT	0.09
ATAACGTT	0.1
TGAACGTT	0.08
GGAACGTT	0.11
CGAACGTT	0.11
AGAACGTT	0.09
TCAACGTT	0.1
GCAACGTT	0.1
CCAACGTT	0.09
ACAACGTT	0.1
TAAACGTT	0.1
GAAACGTT	0.12
CAAACGTT	0.1
TTTTAGTT	0.12
GTTTAGTT	0.12
CTTTAGTT	0.12
ATTTAGTT	0.11
TGTTAGTT	0.1
GGTTAGTT	0.12
CGTTAGTT	0.11
AGTTAGTT	0.12
TCTTAGTT	0.13
GCTTAGTT	0.12
CCTTAGTT	0.11
ACTTAGTT	0.11
TATTAGTT	0.12
GATTAGTT	0.11
CATTAGTT	0.11
AATTAGTT	0.11
TTGTAGTT	0.11
GTGTAGTT	0.09
CTGTAGTT	0.1
ATGTAGTT	0.12
TGGTAGTT	0.1
GGGTAGTT	0.11
CGGTAGTT	0.11
AGGTAGTT	0.13
TCGTAGTT	0.11
GCGTAGTT	0.09
CCGTAGTT	0.1
ACGTAGTT	0.1
TAGTAGTT	0.11
GAGTAGTT	0.11
CAGTAGTT	0.12
AAGTAGTT	0.1
TTCTAGTT	0.09
GTCTAGTT	0.1
CTCTAGTT	0.1
ATCTAGTT	0.11
TGCTAGTT	0.12
GGCTAGTT	0.1
CGCTAGTT	0.11
AGCTAGTT	0.1
TCCTAGTT	0.12
GCCTAGTT	0.09
CCCTAGTT	0.1
ACCTAGTT	0.11
TACTAGTT	0.11
GACTAGTT	0.09
CACTAGTT	0.11
TTATAGTT	0.11
GTATAGTT	0.12
CTATAGTT	0.11
ATATAGTT	0.1
TGATAGTT	0.1
GGATAGTT	0.11
CGATAGTT	0.09
AGATAGTT	0.12
TCATAGTT	0.08
GCATAGTT	0.1
CCATAGTT	0.1
ACATAGTT	0.1
TAATAGTT	0.1
GAATAGTT	0.1
CAATAGTT	0.11
TTTGAGTT	0.11
GTTGAGTT	0.11
CTTGAGTT	0.1
ATTGAGTT	0.11
TGTGAGTT	0.12
GGTGAGTT	0.11
CGTGAGTT	0.1
AGTGAGTT	0.1
TCTGAGTT	0.12
GCTGAGTT	0.09
CCTGAGTT	0.11
ACTGAGTT	0.1
TATGAGTT	0.11
GATGAGTT	0.1
CATGAGTT	0.09
AATGAGTT	0.11
TTGGAGTT	0.11
GTGGAGTT	0.11
CTGGAGTT	0.1
ATGGAGTT	0.11
TGGGAGTT	0.1
GGGGAGTT	0.11
CGGGAGTT	0.12
AGGGAGTT	0.1
TCGGAGTT	0.11
GCGGAGTT	0.1
CCGGAGTT	0.12
ACGGAGTT	0.09
TAGGAGTT	0.11
GAGGAGTT	0.11
CAGGAGTT	0.1
AAGGAGTT	0.11
TTCGAGTT	0.1
GTCGAGTT	0.1
CTCGAGTT	0.09
ATCGAGTT	0.11
TGCGAGTT	0.09
GGCGAGTT	0.11
CGCGAGTT	0.11
AGCGAGTT	0.11
TCCGAGTT	0.1
GCCGAGTT	0.1
CCCGAGTT	0.1
ACCGAGTT	0.09
TACGAGTT	0.1
GACGAGTT	0.1
CACGAGTT	0.09
TTAGAGTT	0.12
GTAGAGTT	0.09
CTAGAGTT	0.1
ATAGAGTT	0.12
TGAGAGTT	0.1
GGAGAGTT	0.1
CGAGAGTT	0.1
AGAGAGTT	0.11
TCAGAGTT	0.12
GCAGAGTT	0.1
CCAGAGTT	0.11
ACAGAGTT	0.1
TAAGAGTT	0.12
GAAGAGTT	0.11
CAAGAGTT	0.1
TTTCAGTT	0.12
GTTCAGTT	0.11
CTTCAGTT	0.11
ATTCAGTT	0.1
TGTCAGTT	0.1
GGTCAGTT	0.11
CGTCAGTT	0.1
AGTCAGTT	0.1
TCTCAGTT	0.11
GCTCAGTT	0.09
CCTCAGTT	0.12
ACTCAGTT	0.1
TATCAGTT	0.12
GATCAGTT	0.1
CATCAGTT	0.12
AATCAGTT	0.1
TTGCAGTT	0.13
GTGCAGTT	0.1
CTGCAGTT	0.1
ATGCAGTT	0.11
TGGCAGTT	0.1
GGGCAGTT	0.08
CGGCAGTT	0.12
AGGCAGTT	0.11
TCGCAGTT	0.1
GCGCAGTT	0.1
CCGCAGTT	0.1
ACGCAGTT	0.09
TAGCAGTT	0.11
GAGCAGTT	0.1
CAGCAGTT	0.11
AAGCAGTT	0.11
TTCCAGTT	0.12
GTCCAGTT	0.09
CTCCAGTT	0.1
ATCCAGTT	0.1
TGCCAGTT	0.11
GGCCAGTT	0.09
CGCCAGTT	0.1
AGCCAGTT	0.09
TCCCAGTT	0.12
GCCCAGTT	0.1
CCCCAGTT	0.12
ACCCAGTT	0.1
TACCAGTT	0.1
GACCAGTT	0.09
CACCAGTT	0.09
TTACAGTT	0.1
GTACAGTT	0.1
CTACAGTT	0.09
ATACAGTT	0.11
TGACAGTT	0.1
GGACAGTT	0.1
CGACAGTT	0.1
AGACAGTT	0.1
TCACAGTT	0.1
GCACAGTT	0.09
CCACAGTT	0.1
ACACAGTT	0.1
TAACAGTT	0.09
GAACAGTT	0.11
CAACAGTT	0.11
TTTAAGTT	0.13
GTTAAGTT	0.1
CTTAAGTT	0.12
ATTAAGTT	0.12
TGTAAGTT	0.1
GGTAAGTT	0.11
CGTAAGTT	0.11
AGTAAGTT	0.09
TCTAAGTT	0.11
GCTAAGTT	0.1
CCTAAGTT	0.09
ACTAAGTT	0.1
TATAAGTT	0.12
GATAAGTT	0.12
CATAAGTT	0.1
AATAAGTT	0.11
TTGAAGTT	0.1
GTGAAGTT	0.11
CTGAAGTT	0.1
ATGAAGTT	0.1
TGGAAGTT	0.13
GGGAAGTT	0.19
CGGAAGTT	0.59
AGGAAGTT	0.43
TCGAAGTT	0.11
GCGAAGTT	0.11
CCGAAGTT	0.12
ACGAAGTT	0.1
TAGAAGTT	0.1
GAGAAGTT	0.1
CAGAAGTT	0.11
AAGAAGTT	0.12
TTCAAGTT	0.11
GTCAAGTT	0.11
CTCAAGTT	0.09
ATCAAGTT	0.12
TGCAAGTT	0.09
GGCAAGTT	0.1
CGCAAGTT	0.1
AGCAAGTT	0.1
TCCAAGTT	0.11
GCCAAGTT	0.11
CCCAAGTT	0.12
ACCAAGTT	0.1
TACAAGTT	0.1
GACAAGTT	0.11
CACAAGTT	0.11
TTAAAGTT	0.12
GTAAAGTT	0.11
CTAAAGTT	0.1
ATAAAGTT	0.11
TGAAAGTT	0.11
GGAAAGTT	0.12
CGAAAGTT	0.09
AGAAAGTT	0.11
TCAAAGTT	0.1
GCAAAGTT	0.1
CCAAAGTT	0.11
ACAAAGTT	0.11
TAAAAGTT	0.12
GAAAAGTT	0.11
CAAAAGTT	0.12
TTTTTCTT	0.14
GTTTTCTT	0.12
CTTTTCTT	0.15
ATTTTCTT	0.12
TGTTTCTT	0.13
GGTTTCTT	0.12
CGTTTCTT	0.1
AGTTTCTT	0.11
TCTTTCTT	0.13
GCTTTCTT	0.11
CCTTTCTT	0.12
ACTTTCTT	0.11
TATTTCTT	0.12
GATTTCTT	0.12
CATTTCTT	0.13
AATTTCTT	0.11
TTGTTCTT	0.14
GTGTTCTT	0.12
CTGTTCTT	0.11
ATGTTCTT	0.12
TGGTTCTT	0.11
GGGTTCTT	0.1
CGGTTCTT	0.12
AGGTTCTT	0.11
TCGTTCTT	0.12
GCGTTCTT	0.11
CCGTTCTT	0.1
ACGTTCTT	0.11
TAGTTCTT	0.1
GAGTTCTT	0.11
CAGTTCTT	0.1
AAGTTCTT	0.12
TTCTTCTT	0.13
GTCTTCTT	0.11
CTCTTCTT	0.11
ATCTTCTT	0.1
TGCTTCTT	0.11
GGCTTCTT	0.11
CGCTTCTT	0.1
AGCTTCTT	0.09
TCCTTCTT	0.14
GCCTTCTT	0.1
CCCTTCTT	0.09
ACCTTCTT	0.09
TACTTCTT	0.1
GACTTCTT	0.1
CACTTCTT	0.09
TTATTCTT	0.12
GTATTCTT	0.12
CTATTCTT	0.1
ATATTCTT	0.11
TGATTCTT	0.11
GGATTCTT	0.13
CGATTCTT	0.1
AGATTCTT	0.11
TCATTCTT	0.09
GCATTCTT	0.12
CCATTCTT	0.11
ACATTCTT	0.11
TAATTCTT	0.11
GAATTCTT	0.09
CAATTCTT	0.13
TTTGTCTT	0.1
GTTGTCTT	0.1
CTTGTCTT	0.11
ATTGTCTT	0.12
TGTGTCTT	0.11
GGTGTCTT	0.1
CGTGTCTT	0.1
AGTGTCTT	0.11
TCTGTCTT	0.1
GCTGTCTT	0.11
CCTGTCTT	0.12
ACTGTCTT	0.11
TATGTCTT	0.11
GATGTCTT	0.1
CATGTCTT	0.09
AATGTCTT	0.1
TTGGTCTT	0.11
GTGGTCTT	0.1
CTGGTCTT	0.1
ATGGTCTT	0.12
TGGGTCTT	0.11
GGGGTCTT	0.1
CGGGTCTT	0.09
AGGGTCTT	0.09
TCGGTCTT	0.1
GCGGTCTT	0.1
CCGGTCTT	0.13
ACGGTCTT	0.09
TAGGTCTT	0.11
GAGGTCTT	0.09
CAGGTCTT	0.1
AAGGTCTT	0.11
TTCGTCTT	0.11
GTCGTCTT	0.11
CTCGTCTT	0.1
ATCGTCTT	0.11
TGCGTCTT	0.11
GGCGTCTT	0.12
CGCGTCTT	0.12
AGCGTCTT	0.09
TCCGTCTT	0.14
GCCGTCTT	0.1
CCCGTCTT	0.1
ACCGTCTT	0.1
TACGTCTT	0.11
GACGTCTT	0.12
CACGTCTT	0.11
TTAGTCTT	0.12
GTAGTCTT	0.09
CTAGTCTT	0.09
ATAGTCTT	0.1
TGAGTCTT	0.09
GGAGTCTT	0.1
CGAGTCTT	0.1
AGAGTCTT	0.1
TCAGTCTT	0.1
GCAGTCTT	0.09
CCAGTCTT	0.09
ACAGTCTT	0.09
TAAGTCTT	0.09
GAAGTCTT	0.1
CAAGTCTT	0.1
TTTCTCTT	0.12
GTTCTCTT	0.12
CTTCTCTT	0.11
ATTCTCTT	0.12
TGTCTCTT	0.14
GGTCTCTT	0.12
CGTCTCTT	0.1
AGTCTCTT	0.1
TCTCTCTT	0.12
GCTCTCTT	0.1
CCTCTCTT	0.11
ACTCTCTT	0.1
TATCTCTT	0.12
GATCTCTT	0.1
CATCTCTT	0.1
AATCTCTT	0.1
TTGCTCTT	0.12
GTGCTCTT	0.1
CTGCTCTT	0.11
ATGCTCTT	0.1
TGGCTCTT	0.11
GGGCTCTT	0.1
CGGCTCTT	0.1
AGGCTCTT	0.1
TCGCTCTT	0.1
GCGCTCTT	0.09
CCGCTCTT	0.12
ACGCTCTT	0.09
TAGCTCTT	0.1
GAGCTCTT	0.1
CAGCTCTT	0.09
AAGCTCTT	0.12
TTCCTCTT	0.17
GTCCTCTT	0.12
CTCCTCTT	0.1
ATCCTCTT	0.14
TGCCTCTT	0.12
GGCCTCTT	0.1
CGCCTCTT	0.11
AGCCTCTT	0.1
TCCCTCTT	0.1
GCCCTCTT	0.11
CCCCTCTT	0.1
ACCCTCTT	0.1
TACCTCTT	0.11
GACCTCTT	0.1
CACCTCTT	0.1
TTACTCTT	0.13
GTACTCTT	0.1
CTACTCTT	0.11
ATACTCTT	0.09
TGACTCTT	0.1
GGACTCTT	0.1
CGACTCTT	0.11
AGACTCTT	0.1
TCACTCTT	0.11
GCACTCTT	0.09
CCACTCTT	0.1
ACACTCTT	0.1
TAACTCTT	0.12
GAACTCTT	0.1
CAACTCTT	0.11
TTTATCTT	0.13
GTTATCTT	0.11
CTTATCTT	0.1
ATTATCTT	0.11
TGTATCTT	0.12
GGTATCTT	0.12
CGTATCTT	0.12
AGTATCTT	0.09
TCTATCTT	0.11
GCTATCTT	0.11
CCTATCTT	0.1
ACTATCTT	0.11
TATATCTT	0.13
GATATCTT	0.09
CATATCTT	0.11
AATATCTT	0.11
TTGATCTT	0.1
GTGATCTT	0.11
CTGATCTT	0.11
ATGATCTT	0.1
TGGATCTT	0.11
GGGATCTT	0.1
CGGATCTT	0.15
AGGATCTT	0.11
TCGATCTT	0.11
GCGATCTT	0.09
CCGATCTT	0.1
ACGATCTT	0.09
TAGATCTT	0.1
GAGATCTT	0.09
CAGATCTT	0.1
TTCATCTT	0.11
GTCATCTT	0.11
CTCATCTT	0.11
ATCATCTT	0.11
TGCATCTT	0.1
GGCATCTT	0.1
CGCATCTT	0.11
AGCATCTT	0.1
TCCATCTT	0.11
GCCATCTT	0.12
CCCATCTT	0.1
ACCATCTT	0.1
TACATCTT	0.1
GACATCTT	0.1
CACATCTT	0.11
TTAATCTT	0.09
GTAATCTT	0.09
CTAATCTT	0.11
ATAATCTT	0.12
TGAATCTT	0.1
GGAATCTT	0.11
CGAATCTT	0.11
AGAATCTT	0.11
TCAATCTT	0.11
GCAATCTT	0.11
CCAATCTT	0.1
ACAATCTT	0.11
TAAATCTT	0.12
GAAATCTT	0.11
CAAATCTT	0.09
TTTTGCTT	0.11
GTTTGCTT	0.11
CTTTGCTT	0.12
ATTTGCTT	0.1
TGTTGCTT	0.1
GGTTGCTT	0.1
CGTTGCTT	0.11
AGTTGCTT	0.11
TCTTGCTT	0.1
GCTTGCTT	0.11
CCTTGCTT	0.1
ACTTGCTT	0.09
TATTGCTT	0.09
GATTGCTT	0.11
CATTGCTT	0.09
AATTGCTT	0.11
TTGTGCTT	0.12
GTGTGCTT	0.11
CTGTGCTT	0.11
ATGTGCTT	0.1
TGGTGCTT	0.11
GGGTGCTT	0.1
CGGTGCTT	0.1
AGGTGCTT	0.1
TCGTGCTT	0.11
GCGTGCTT	0.1
CCGTGCTT	0.11
ACGTGCTT	0.1
TAGTGCTT	0.11
GAGTGCTT	0.11
CAGTGCTT	0.09
AAGTGCTT	0.1
TTCTGCTT	0.12
GTCTGCTT	0.13
CTCTGCTT	0.13
ATCTGCTT	0.11
TGCTGCTT	0.1
GGCTGCTT	0.1
CGCTGCTT	0.11
AGCTGCTT	0.1
TCCTGCTT	0.12
GCCTGCTT	0.08
CCCTGCTT	0.1
ACCTGCTT	0.1
TACTGCTT	0.1
GACTGCTT	0.09
CACTGCTT	0.11
TTATGCTT	0.1
GTATGCTT	0.1
CTATGCTT	0.09
ATATGCTT	0.12
TGATGCTT	0.1
GGATGCTT	0.14
CGATGCTT	0.09
AGATGCTT	0.09
TCATGCTT	0.1
GCATGCTT	0.1
CCATGCTT	0.08
ACATGCTT	0.09
TAATGCTT	0.09
GAATGCTT	0.1
CAATGCTT	0.1
TTTGGCTT	0.12
GTTGGCTT	0.11
CTTGGCTT	0.12
ATTGGCTT	0.11
TGTGGCTT	0.12
GGTGGCTT	0.12
CGTGGCTT	0.12
AGTGGCTT	0.1
TCTGGCTT	0.12
GCTGGCTT	0.1
CCTGGCTT	0.09
ACTGGCTT	0.09
TATGGCTT	0.09
GATGGCTT	0.11
CATGGCTT	0.09
AATGGCTT	0.1
TTGGGCTT	0.09
GTGGGCTT	0.09
CTGGGCTT	0.1
ATGGGCTT	0.09
TGGGGCTT	0.08
GGGGGCTT	0.11
CGGGGCTT	0.11
AGGGGCTT	0.1
TCGGGCTT	0.1
GCGGGCTT	0.1
CCGGGCTT	0.11
ACGGGCTT	0.11
TAGGGCTT	0.1
GAGGGCTT	0.09
CAGGGCTT	0.1
AAGGGCTT	0.1
TTCGGCTT	0.12
GTCGGCTT	0.1
CTCGGCTT	0.11
ATCGGCTT	0.1
TGCGGCTT	0.1
GGCGGCTT	0.09
CGCGGCTT	0.1
AGCGGCTT	0.11
TCCGGCTT	0.2
GCCGGCTT	0.11
CCCGGCTT	0.1
ACCGGCTT	0.12
TACGGCTT	0.11
GACGGCTT	0.12
CACGGCTT	0.1
TTAGGCTT	0.11
GTAGGCTT	0.1
CTAGGCTT	0.11
ATAGGCTT	0.1
TGAGGCTT	0.1
GGAGGCTT	0.1
CGAGGCTT	0.09
AGAGGCTT	0.11
TCAGGCTT	0.1
GCAGGCTT	0.08
CCAGGCTT	0.1
ACAGGCTT	0.08
TAAGGCTT	0.1
GAAGGCTT	0.1
CAAGGCTT	0.1
TTTCGCTT	0.11
GTTCGCTT	0.09
CTTCGCTT	0.1
ATTCGCTT	0.12
TGTCGCTT	0.11
GGTCGCTT	0.11
CGTCGCTT	0.11
AGTCGCTT	0.11
TCTCGCTT	0.11
GCTCGCTT	0.11
CCTCGCTT	0.11
ACTCGCTT	0.11
TATCGCTT	0.1
GATCGCTT	0.11
CATCGCTT	0.1
AATCGCTT	0.1
TTGCGCTT	0.11
GTGCGCTT	0.09
CTGCGCTT	0.1
ATGCGCTT	0.09
TGGCGCTT	0.1
GGGCGCTT	0.09
CGGCGCTT	0.11
AGGCGCTT	0.1
TCGCGCTT	0.11
GCGCGCTT	0.1
CCGCGCTT	0.09
ACGCGCTT	0.1
TAGCGCTT	0.1
GAGCGCTT	0.09
CAGCGCTT	0.11
TTCCGCTT	0.29
GTCCGCTT	0.12
CTCCGCTT	0.11
ATCCGCTT	0.18
TGCCGCTT	0.09
GGCCGCTT	0.1
CGCCGCTT	0.09
AGCCGCTT	0.11
TCCCGCTT	0.12
GCCCGCTT	0.09
CCCCGCTT	0.11
ACCCGCTT	0.09
TACCGCTT	0.12
GACCGCTT	0.09
CACCGCTT	0.09
TTACGCTT	0.12
GTACGCTT	0.09
CTACGCTT	0.1
ATACGCTT	0.09
TGACGCTT	0.09
GGACGCTT	0.12
CGACGCTT	0.09
AGACGCTT	0.1
TCACGCTT	0.1
GCACGCTT	0.1
CCACGCTT	0.09
ACACGCTT	0.08
TAACGCTT	0.09
GAACGCTT	0.11
CAACGCTT	0.1
TTTAGCTT	0.1
GTTAGCTT	0.09
CTTAGCTT	0.1
ATTAGCTT	0.11
TGTAGCTT	0.1
GGTAGCTT	0.1
CGTAGCTT	0.11
AGTAGCTT	0.11
TCTAGCTT	0.11
GCTAGCTT	0.08
CCTAGCTT	0.1
ACTAGCTT	0.1
TATAGCTT	0.11
GATAGCTT	0.1
CATAGCTT	0.09
AATAGCTT	0.1
TTGAGCTT	0.09
GTGAGCTT	0.1
CTGAGCTT	0.09
ATGAGCTT	0.12
TGGAGCTT	0.1
GGGAGCTT	0.1
CGGAGCTT	0.12
AGGAGCTT	0.08
TCGAGCTT	0.1
GCGAGCTT	0.1
CCGAGCTT	0.1
ACGAGCTT	0.09
TAGAGCTT	0.1
GAGAGCTT	0.1
CAGAGCTT	0.1
TTCAGCTT	0.11
GTCAGCTT	0.09
CTCAGCTT	0.09
ATCAGCTT	0.1
TGCAGCTT	0.1
GGCAGCTT	0.09
CGCAGCTT	0.11
AGCAGCTT	0.1
TCCAGCTT	0.11
GCCAGCTT	0.11
CCCAGCTT	0.1
ACCAGCTT	0.1
TACAGCTT	0.11
GACAGCTT	0.09
CACAGCTT	0.09
TTAAGCTT	0.11
GTAAGCTT	0.1
CTAAGCTT	0.11
ATAAGCTT	0.1
TGAAGCTT	0.1
GGAAGCTT	0.16
CGAAGCTT	0.11
AGAAGCTT	0.1
TCAAGCTT	0.11
GCAAGCTT	0.09
CCAAGCTT	0.1
ACAAGCTT	0.1
TAAAGCTT	0.1
GAAAGCTT	0.1
CAAAGCTT	0.09
TTTTCCTT	0.17
GTTTCCTT	0.25
CTTTCCTT	0.13
ATTTCCTT	0.39
TGTTCCTT	0.11
GGTTCCTT	0.12
CGTTCCTT	0.12
AGTTCCTT	0.14
TCTTCCTT	0.15
GCTTCCTT	0.23
CCTTCCTT	0.13
ACTTCCTT	0.39
TATTCCTT	0.12
GATTCCTT	0.1
CATTCCTT	0.11
AATTCCTT	0.11
TTGTCCTT	0.1
GTGTCCTT	0.1
CTGTCCTT	0.12
ATGTCCTT	0.13
TGGTCCTT	0.1
GGGTCCTT	0.1
CGGTCCTT	0.13
AGGTCCTT	0.09
TCGTCCTT	0.11
GCGTCCTT	0.11
CCGTCCTT	0.12
ACGTCCTT	0.14
TAGTCCTT	0.1
GAGTCCTT	0.09
CAGTCCTT	0.09
AAGTCCTT	0.1
TTCTCCTT	0.12
GTCTCCTT	0.09
CTCTCCTT	0.09
ATCTCCTT	0.09
TGCTCCTT	0.11
GGCTCCTT	0.1
CGCTCCTT	0.11
AGCTCCTT	0.09
TCCTCCTT	0.13
GCCTCCTT	0.09
CCCTCCTT	0.12
ACCTCCTT	0.11
TACTCCTT	0.13
GACTCCTT	0.09
CACTCCTT	0.09
TTATCCTT	0.12
GTATCCTT	0.12
CTATCCTT	0.12
ATATCCTT	0.17
TGATCCTT	0.11
GGATCCTT	0.11
CGATCCTT	0.1
AGATCCTT	0.11
TCATCCTT	0.11
GCATCCTT	0.15
CCATCCTT	0.12
ACATCCTT	0.22
TAATCCTT	0.11
GAATCCTT	0.1
CAATCCTT	0.1
TTTGCCTT	0.12
GTTGCCTT	0.12
CTTGCCTT	0.1
ATTGCCTT	0.11
TGTGCCTT	0.11
GGTGCCTT	0.1
CGTGCCTT	0.1
AGTGCCTT	0.09
TCTGCCTT	0.1
GCTGCCTT	0.1
CCTGCCTT	0.12
ACTGCCTT	0.11
TATGCCTT	0.1
GATGCCTT	0.1
CATGCCTT	0.11
AATGCCTT	0.11
TTGGCCTT	0.1
GTGGCCTT	0.09
CTGGCCTT	0.1
ATGGCCTT	0.09
TGGGCCTT	0.1
GGGGCCTT	0.09
CGGGCCTT	0.1
AGGGCCTT	0.11
TCGGCCTT	0.11
GCGGCCTT	0.1
CCGGCCTT	0.13
ACGGCCTT	0.1
TAGGCCTT	0.1
GAGGCCTT	0.09
CAGGCCTT	0.09
TTCGCCTT	0.1
GTCGCCTT	0.1
CTCGCCTT	0.11
ATCGCCTT	0.09
TGCGCCTT	0.1
GGCGCCTT	0.09
CGCGCCTT	0.09
AGCGCCTT	0.11
TCCGCCTT	0.14
GCCGCCTT	0.1
CCCGCCTT	0.11
ACCGCCTT	0.1
TACGCCTT	0.1
GACGCCTT	0.09
CACGCCTT	0.09
TTAGCCTT	0.11
GTAGCCTT	0.09
CTAGCCTT	0.09
ATAGCCTT	0.09
TGAGCCTT	0.08
GGAGCCTT	0.08
CGAGCCTT	0.1
AGAGCCTT	0.09
TCAGCCTT	0.1
GCAGCCTT	0.09
CCAGCCTT	0.1
ACAGCCTT	0.1
TAAGCCTT	0.09
GAAGCCTT	0.11
CAAGCCTT	0.1
TTTCCCTT	0.15
GTTCCCTT	0.11
CTTCCCTT	0.17
ATTCCCTT	0.1
TGTCCCTT	0.1
GGTCCCTT	0.09
CGTCCCTT	0.1
AGTCCCTT	0.1
TCTCCCTT	0.08
GCTCCCTT	0.1
CCTCCCTT	0.11
ACTCCCTT	0.1
TATCCCTT	0.13
GATCCCTT	0.1
CATCCCTT	0.13
AATCCCTT	0.11
TTGCCCTT	0.11
GTGCCCTT	0.1
CTGCCCTT	0.09
ATGCCCTT	0.1
TGGCCCTT	0.1
GGGCCCTT	0.08
CGGCCCTT	0.11
AGGCCCTT	0.1
TCGCCCTT	0.11
GCGCCCTT	0.1
CCGCCCTT	0.1
ACGCCCTT	0.09
TAGCCCTT	0.11
GAGCCCTT	0.1
CAGCCCTT	0.11
TTCCCCTT	0.15
GTCCCCTT	0.11
CTCCCCTT	0.1
ATCCCCTT	0.12
TGCCCCTT	0.1
GGCCCCTT	0.11
CGCCCCTT	0.09
AGCCCCTT	0.11
TCCCCCTT	0.12
GCCCCCTT	0.11
CCCCCCTT	0.1
ACCCCCTT	0.11
TACCCCTT	0.12
GACCCCTT	0.1
CACCCCTT	0.1
TTACCCTT	0.1
GTACCCTT	0.1
CTACCCTT	0.11
ATACCCTT	0.11
TGACCCTT	0.12
GGACCCTT	0.1
CGACCCTT	0.1
AGACCCTT	0.1
TCACCCTT	0.1
GCACCCTT	0.09
CCACCCTT	0.11
ACACCCTT	0.1
TAACCCTT	0.11
GAACCCTT	0.1
CAACCCTT	0.1
TTTACCTT	0.12
GTTACCTT	0.1
CTTACCTT	0.11
ATTACCTT	0.11
TGTACCTT	0.11
GGTACCTT	0.1
CGTACCTT	0.09
AGTACCTT	0.1
TCTACCTT	0.12
GCTACCTT	0.09
CCTACCTT	0.12
ACTACCTT	0.13
TATACCTT	0.1
GATACCTT	0.11
CATACCTT	0.1
AATACCTT	0.1
TTGACCTT	0.1
GTGACCTT	0.1
CTGACCTT	0.1
ATGACCTT	0.1
TGGACCTT	0.1
GGGACCTT	0.09
CGGACCTT	0.1
AGGACCTT	0.09
TCGACCTT	0.09
GCGACCTT	0.1
CCGACCTT	0.1
ACGACCTT	0.11
TAGACCTT	0.09
GAGACCTT	0.11
CAGACCTT	0.12
TTCACCTT	0.09
GTCACCTT	0.1
CTCACCTT	0.09
ATCACCTT	0.11
TGCACCTT	0.11
GGCACCTT	0.1
CGCACCTT	0.09
AGCACCTT	0.09
TCCACCTT	0.11
GCCACCTT	0.12
CCCACCTT	0.09
ACCACCTT	0.11
TACACCTT	0.1
GACACCTT	0.1
CACACCTT	0.1
TTAACCTT	0.1
GTAACCTT	0.1
CTAACCTT	0.11
ATAACCTT	0.1
TGAACCTT	0.09
GGAACCTT	0.11
CGAACCTT	0.1
AGAACCTT	0.1
TCAACCTT	0.1
GCAACCTT	0.11
CCAACCTT	0.11
ACAACCTT	0.1
TAAACCTT	0.1
GAAACCTT	0.11
CAAACCTT	0.1
TTTTACTT	0.14
GTTTACTT	0.11
CTTTACTT	0.12
ATTTACTT	0.13
TGTTACTT	0.11
GGTTACTT	0.12
CGTTACTT	0.12
AGTTACTT	0.12
TCTTACTT	0.1
GCTTACTT	0.11
CCTTACTT	0.12
ACTTACTT	0.1
TATTACTT	0.11
GATTACTT	0.11
CATTACTT	0.11
AATTACTT	0.12
TTGTACTT	0.1
GTGTACTT	0.11
CTGTACTT	0.11
ATGTACTT	0.11
TGGTACTT	0.11
GGGTACTT	0.1
CGGTACTT	0.1
AGGTACTT	0.1
TCGTACTT	0.1
GCGTACTT	0.1
CCGTACTT	0.11
ACGTACTT	0.1
TAGTACTT	0.11
GAGTACTT	0.1
CAGTACTT	0.09
TTCTACTT	0.11
GTCTACTT	0.1
CTCTACTT	0.11
ATCTACTT	0.11
TGCTACTT	0.09
GGCTACTT	0.09
CGCTACTT	0.09
AGCTACTT	0.1
TCCTACTT	0.1
GCCTACTT	0.12
CCCTACTT	0.1
ACCTACTT	0.12
TACTACTT	0.11
GACTACTT	0.09
CACTACTT	0.1
TTATACTT	0.12
GTATACTT	0.1
CTATACTT	0.1
ATATACTT	0.1
TGATACTT	0.1
GGATACTT	0.13
CGATACTT	0.11
AGATACTT	0.11
TCATACTT	0.11
GCATACTT	0.08
CCATACTT	0.11
ACATACTT	0.1
TAATACTT	0.11
GAATACTT	0.1
CAATACTT	0.1
TTTGACTT	0.09
GTTGACTT	0.1
CTTGACTT	0.1
ATTGACTT	0.1
TGTGACTT	0.1
GGTGACTT	0.1
CGTGACTT	0.09
AGTGACTT	0.11
TCTGACTT	0.1
GCTGACTT	0.09
CCTGACTT	0.11
ACTGACTT	0.11
TATGACTT	0.12
GATGACTT	0.12
CATGACTT	0.1
AATGACTT	0.1
TTGGACTT	0.13
GTGGACTT	0.1
CTGGACTT	0.1
ATGGACTT	0.09
TGGGACTT	0.1
GGGGACTT	0.1
CGGGACTT	0.1
AGGGACTT	0.1
TCGGACTT	0.1
GCGGACTT	0.12
CCGGACTT	0.12
ACGGACTT	0.1
TAGGACTT	0.1
GAGGACTT	0.1
CAGGACTT	0.1
TTCGACTT	0.1
GTCGACTT	0.09
CTCGACTT	0.1
ATCGACTT	0.1
TGCGACTT	0.1
GGCGACTT	0.1
CGCGACTT	0.09
AGCGACTT	0.1
TCCGACTT	0.1
GCCGACTT	0.1
CCCGACTT	0.1
ACCGACTT	0.11
TACGACTT	0.11
GACGACTT	0.1
CACGACTT	0.09
TTAGACTT	0.11
GTAGACTT	0.1
CTAGACTT	0.1
ATAGACTT	0.11
TGAGACTT	0.09
GGAGACTT	0.1
CGAGACTT	0.1
AGAGACTT	0.11
TCAGACTT	0.09
GCAGACTT	0.08
CCAGACTT	0.09
ACAGACTT	0.11
TAAGACTT	0.08
GAAGACTT	0.11
CAAGACTT	0.1
TTTCACTT	0.1
GTTCACTT	0.11
CTTCACTT	0.1
ATTCACTT	0.12
TGTCACTT	0.11
GGTCACTT	0.1
CGTCACTT	0.1
AGTCACTT	0.1
TCTCACTT	0.1
GCTCACTT	0.11
CCTCACTT	0.1
ACTCACTT	0.1
TATCACTT	0.1
GATCACTT	0.09
CATCACTT	0.12
AATCACTT	0.11
TTGCACTT	0.1
GTGCACTT	0.09
CTGCACTT	0.09
ATGCACTT	0.1
TGGCACTT	0.12
GGGCACTT	0.1
CGGCACTT	0.1
AGGCACTT	0.09
TCGCACTT	0.09
GCGCACTT	0.1
CCGCACTT	0.11
ACGCACTT	0.11
TAGCACTT	0.1
GAGCACTT	0.08
CAGCACTT	0.12
TTCCACTT	0.1
GTCCACTT	0.11
CTCCACTT	0.13
ATCCACTT	0.1
TGCCACTT	0.1
GGCCACTT	0.08
CGCCACTT	0.1
AGCCACTT	0.1
TCCCACTT	0.11
GCCCACTT	0.11
CCCCACTT	0.1
ACCCACTT	0.1
TACCACTT	0.11
GACCACTT	0.1
CACCACTT	0.1
TTACACTT	0.1
GTACACTT	0.09
CTACACTT	0.1
ATACACTT	0.1
TGACACTT	0.1
GGACACTT	0.11
CGACACTT	0.1
AGACACTT	0.1
TCACACTT	0.09
GCACACTT	0.11
CCACACTT	0.12
ACACACTT	0.11
TAACACTT	0.1
GAACACTT	0.09
CAACACTT	0.11
TTTAACTT	0.12
GTTAACTT	0.11
CTTAACTT	0.1
ATTAACTT	0.1
TGTAACTT	0.1
GGTAACTT	0.1
CGTAACTT	0.11
AGTAACTT	0.11
TCTAACTT	0.12
GCTAACTT	0.11
CCTAACTT	0.11
ACTAACTT	0.11
TATAACTT	0.1
GATAACTT	0.11
CATAACTT	0.1
AATAACTT	0.11
TTGAACTT	0.12
GTGAACTT	0.1
CTGAACTT	0.11
ATGAACTT	0.1
TGGAACTT	0.1
GGGAACTT	0.13
CGGAACTT	0.23
AGGAACTT	0.13
TCGAACTT	0.11
GCGAACTT	0.1
CCGAACTT	0.12
ACGAACTT	0.1
TAGAACTT	0.13
GAGAACTT	0.12
CAGAACTT	0.1
TTCAACTT	0.1
GTCAACTT	0.1
CTCAACTT	0.11
ATCAACTT	0.11
TGCAACTT	0.1
GGCAACTT	0.09
CGCAACTT	0.1
AGCAACTT	0.1
TCCAACTT	0.1
GCCAACTT	0.11
CCCAACTT	0.1
ACCAACTT	0.11
TACAACTT	0.1
GACAACTT	0.11
CACAACTT	0.1
TTAAACTT	0.11
GTAAACTT	0.1
CTAAACTT	0.11
ATAAACTT	0.11
TGAAACTT	0.11
GGAAACTT	0.16
CGAAACTT	0.12
AGAAACTT	0.12
TCAAACTT	0.1
GCAAACTT	0.11
CCAAACTT	0.11
ACAAACTT	0.11
TAAAACTT	0.12
GAAAACTT	0.11
CAAAACTT	0.1
TTTTTATT	0.13
GTTTTATT	0.12
CTTTTATT	0.12
ATTTTATT	0.13
TGTTTATT	0.11
GGTTTATT	0.12
CGTTTATT	0.14
AGTTTATT	0.11
TCTTTATT	0.1
GCTTTATT	0.11
CCTTTATT	0.11
ACTTTATT	0.12
TATTTATT	0.12
GATTTATT	0.12
CATTTATT	0.12
AATTTATT	0.11
TTGTTATT	0.11
GTGTTATT	0.1
CTGTTATT	0.13
ATGTTATT	0.1
TGGTTATT	0.13
GGGTTATT	0.11
CGGTTATT	0.12
AGGTTATT	0.1
TCGTTATT	0.1
GCGTTATT	0.1
CCGTTATT	0.12
ACGTTATT	0.1
TAGTTATT	0.11
GAGTTATT	0.11
CAGTTATT	0.11
TTCTTATT	0.11
GTCTTATT	0.11
CTCTTATT	0.12
ATCTTATT	0.12
TGCTTATT	0.11
GGCTTATT	0.11
CGCTTATT	0.1
AGCTTATT	0.1
TCCTTATT	0.14
GCCTTATT	0.1
CCCTTATT	0.12
ACCTTATT	0.1
TACTTATT	0.12
GACTTATT	0.08
CACTTATT	0.1
TTATTATT	0.11
GTATTATT	0.11
CTATTATT	0.1
ATATTATT	0.13
TGATTATT	0.1
GGATTATT	0.11
CGATTATT	0.11
AGATTATT	0.11
TCATTATT	0.1
GCATTATT	0.12
CCATTATT	0.12
ACATTATT	0.11
TAATTATT	0.11
GAATTATT	0.11
CAATTATT	0.1
TTTGTATT	0.13
GTTGTATT	0.12
CTTGTATT	0.12
ATTGTATT	0.11
TGTGTATT	0.1
GGTGTATT	0.12
CGTGTATT	0.1
AGTGTATT	0.1
TCTGTATT	0.11
GCTGTATT	0.11
CCTGTATT	0.12
ACTGTATT	0.1
TATGTATT	0.12
GATGTATT	0.11
CATGTATT	0.1
AATGTATT	0.11
TTGGTATT	0.1
GTGGTATT	0.1
CTGGTATT	0.1
ATGGTATT	0.11
TGGGTATT	0.11
GGGGTATT	0.11
CGGGTATT	0.11
AGGGTATT	0.1
TCGGTATT	0.1
GCGGTATT	0.1
CCGGTATT	0.14
ACGGTATT	0.12
TAGGTATT	0.11
GAGGTATT	0.1
CAGGTATT	0.11
TTCGTATT	0.12
GTCGTATT	0.11
CTCGTATT	0.11
ATCGTATT	0.1
TGCGTATT	0.1
GGCGTATT	0.1
CGCGTATT	0.11
AGCGTATT	0.1
TCCGTATT	0.14
GCCGTATT	0.1
CCCGTATT	0.1
ACCGTATT	0.1
TACGTATT	0.11
GACGTATT	0.1
CACGTATT	0.09
TTAGTATT	0.1
GTAGTATT	0.1
CTAGTATT	0.1
ATAGTATT	0.1
TGAGTATT	0.11
GGAGTATT	0.09
CGAGTATT	0.08
AGAGTATT	0.11
TCAGTATT	0.1
GCAGTATT	0.1
CCAGTATT	0.11
ACAGTATT	0.12
TAAGTATT	0.11
GAAGTATT	0.11
CAAGTATT	0.11
TTTCTATT	0.11
GTTCTATT	0.11
CTTCTATT	0.11
ATTCTATT	0.11
TGTCTATT	0.1
GGTCTATT	0.1
CGTCTATT	0.1
AGTCTATT	0.1
TCTCTATT	0.1
GCTCTATT	0.1
CCTCTATT	0.11
ACTCTATT	0.1
TATCTATT	0.12
GATCTATT	0.12
CATCTATT	0.1
AATCTATT	0.11
TTGCTATT	0.1
GTGCTATT	0.11
CTGCTATT	0.1
ATGCTATT	0.1
TGGCTATT	0.1
GGGCTATT	0.09
CGGCTATT	0.09
AGGCTATT	0.09
TCGCTATT	0.11
GCGCTATT	0.1
CCGCTATT	0.1
ACGCTATT	0.11
TAGCTATT	0.11
GAGCTATT	0.09
CAGCTATT	0.09
TTCCTATT	0.17
GTCCTATT	0.09
CTCCTATT	0.09
ATCCTATT	0.13
TGCCTATT	0.11
GGCCTATT	0.11
CGCCTATT	0.11
AGCCTATT	0.1
TCCCTATT	0.1
GCCCTATT	0.1
CCCCTATT	0.11
ACCCTATT	0.1
TACCTATT	0.11
GACCTATT	0.08
CACCTATT	0.09
TTACTATT	0.1
GTACTATT	0.09
CTACTATT	0.12
ATACTATT	0.12
TGACTATT	0.11
GGACTATT	0.1
CGACTATT	0.1
AGACTATT	0.11
TCACTATT	0.1
GCACTATT	0.1
CCACTATT	0.11
ACACTATT	0.1
TAACTATT	0.11
GAACTATT	0.12
CAACTATT	0.11
TTTATATT	0.13
GTTATATT	0.11
CTTATATT	0.12
ATTATATT	0.1
TGTATATT	0.11
GGTATATT	0.12
CGTATATT	0.08
AGTATATT	0.1
TCTATATT	0.11
GCTATATT	0.1
CCTATATT	0.11
ACTATATT	0.11
TATATATT	0.11
GATATATT	0.11
CATATATT	0.11
TTGATATT	0.11
GTGATATT	0.11
CTGATATT	0.12
ATGATATT	0.11
TGGATATT	0.13
GGGATATT	0.14
CGGATATT	0.36
AGGATATT	0.16
TCGATATT	0.11
GCGATATT	0.12
CCGATATT	0.11
ACGATATT	0.11
TAGATATT	0.11
GAGATATT	0.12
CAGATATT	0.11
TTCATATT	0.11
GTCATATT	0.12
CTCATATT	0.09
ATCATATT	0.1
TGCATATT	0.09
GGCATATT	0.08
CGCATATT	0.09
AGCATATT	0.09
TCCATATT	0.12
GCCATATT	0.09
CCCATATT	0.11
ACCATATT	0.12
TACATATT	0.12
GACATATT	0.11
CACATATT	0.1
TTAATATT	0.12
GTAATATT	0.1
CTAATATT	0.1
ATAATATT	0.12
TGAATATT	0.09
GGAATATT	0.14
CGAATATT	0.11
AGAATATT	0.11
TCAATATT	0.11
GCAATATT	0.1
CCAATATT	0.11
ACAATATT	0.11
TAAATATT	0.12
GAAATATT	0.11
CAAATATT	0.11
TTTTGATT	0.13
GTTTGATT	0.13
CTTTGATT	0.11
ATTTGATT	0.12
TGTTGATT	0.12
GGTTGATT	0.1
CGTTGATT	0.1
AGTTGATT	0.11
TCTTGATT	0.12
GCTTGATT	0.09
CCTTGATT	0.12
ACTTGATT	0.1
TATTGATT	0.12
GATTGATT	0.11
CATTGATT	0.1
AATTGATT	0.13
TTGTGATT	0.11
GTGTGATT	0.11
CTGTGATT	0.08
ATGTGATT	0.11
TGGTGATT	0.12
GGGTGATT	0.12
CGGTGATT	0.1
AGGTGATT	0.11
TCGTGATT	0.1
GCGTGATT	0.1
CCGTGATT	0.1
ACGTGATT	0.1
TAGTGATT	0.1
GAGTGATT	0.1
CAGTGATT	0.1
TTCTGATT	0.1
GTCTGATT	0.1
CTCTGATT	0.11
ATCTGATT	0.1
TGCTGATT	0.11
GGCTGATT	0.08
CGCTGATT	0.1
AGCTGATT	0.09
TCCTGATT	0.13
GCCTGATT	0.1
CCCTGATT	0.09
ACCTGATT	0.1
TACTGATT	0.11
GACTGATT	0.1
CACTGATT	0.1
TTATGATT	0.12
GTATGATT	0.09
CTATGATT	0.11
ATATGATT	0.11
TGATGATT	0.1
GGATGATT	0.11
CGATGATT	0.09
AGATGATT	0.1
TCATGATT	0.11
GCATGATT	0.11
CCATGATT	0.1
ACATGATT	0.09
TAATGATT	0.1
GAATGATT	0.11
CAATGATT	0.1
TTTGGATT	0.13
GTTGGATT	0.1
CTTGGATT	0.1
ATTGGATT	0.11
TGTGGATT	0.11
GGTGGATT	0.1
CGTGGATT	0.11
AGTGGATT	0.1
TCTGGATT	0.13
GCTGGATT	0.1
CCTGGATT	0.12
ACTGGATT	0.1
TATGGATT	0.11
GATGGATT	0.12
CATGGATT	0.11
AATGGATT	0.1
TTGGGATT	0.1
GTGGGATT	0.1
CTGGGATT	0.12
ATGGGATT	0.11
TGGGGATT	0.1
GGGGGATT	0.1
CGGGGATT	0.14
AGGGGATT	0.09
TCGGGATT	0.11
GCGGGATT	0.11
CCGGGATT	0.15
ACGGGATT	0.12
TAGGGATT	0.09
GAGGGATT	0.11
CAGGGATT	0.1
TTCGGATT	0.11
GTCGGATT	0.11
CTCGGATT	0.1
ATCGGATT	0.1
TGCGGATT	0.12
GGCGGATT	0.12
CGCGGATT	0.1
AGCGGATT	0.12
TCCGGATT	0.22
GCCGGATT	0.16
CCCGGATT	0.14
ACCGGATT	0.24
TACGGATT	0.11
GACGGATT	0.11
CACGGATT	0.09
TTAGGATT	0.11
GTAGGATT	0.1
CTAGGATT	0.11
ATAGGATT	0.1
TGAGGATT	0.1
GGAGGATT	0.1
CGAGGATT	0.09
AGAGGATT	0.11
TCAGGATT	0.12
GCAGGATT	0.11
CCAGGATT	0.13
ACAGGATT	0.13
TAAGGATT	0.12
GAAGGATT	0.1
CAAGGATT	0.1
TTTCGATT	0.12
GTTCGATT	0.1
CTTCGATT	0.1
ATTCGATT	0.11
TGTCGATT	0.13
GGTCGATT	0.09
CGTCGATT	0.1
AGTCGATT	0.1
TCTCGATT	0.11
GCTCGATT	0.1
CCTCGATT	0.1
ACTCGATT	0.09
TATCGATT	0.1
GATCGATT	0.1
CATCGATT	0.1
TTGCGATT	0.11
GTGCGATT	0.1
CTGCGATT	0.1
ATGCGATT	0.1
TGGCGATT	0.1
GGGCGATT	0.09
CGGCGATT	0.11
AGGCGATT	0.11
TCGCGATT	0.11
GCGCGATT	0.1
CCGCGATT	0.11
ACGCGATT	0.1
TAGCGATT	0.09
GAGCGATT	0.1
CAGCGATT	0.08
TTCCGATT	0.18
GTCCGATT	0.11
CTCCGATT	0.1
ATCCGATT	0.14
TGCCGATT	0.11
GGCCGATT	0.1
CGCCGATT	0.1
AGCCGATT	0.11
TCCCGATT	0.12
GCCCGATT	0.1
CCCCGATT	0.09
ACCCGATT	0.11
TACCGATT	0.09
GACCGATT	0.11
CACCGATT	0.09
TTACGATT	0.12
GTACGATT	0.09
CTACGATT	0.1
ATACGATT	0.1
TGACGATT	0.1
GGACGATT	0.1
CGACGATT	0.1
AGACGATT	0.1
TCACGATT	0.1
GCACGATT	0.1
CCACGATT	0.1
ACACGATT	0.11
TAACGATT	0.11
GAACGATT	0.1
CAACGATT	0.09
TTTAGATT	0.12
GTTAGATT	0.11
CTTAGATT	0.11
ATTAGATT	0.13
TGTAGATT	0.1
GGTAGATT	0.12
CGTAGATT	0.1
AGTAGATT	0.12
TCTAGATT	0.11
GCTAGATT	0.09
CCTAGATT	0.11
ACTAGATT	0.11
TATAGATT	0.12
GATAGATT	0.1
CATAGATT	0.11
TTGAGATT	0.1
GTGAGATT	0.11
CTGAGATT	0.1
ATGAGATT	0.1
TGGAGATT	0.11
GGGAGATT	0.1
CGGAGATT	0.11
AGGAGATT	0.1
TCGAGATT	0.1
GCGAGATT	0.1
CCGAGATT	0.11
ACGAGATT	0.1
TAGAGATT	0.11
GAGAGATT	0.12
CAGAGATT	0.1
TTCAGATT	0.12
GTCAGATT	0.1
CTCAGATT	0.1
ATCAGATT	0.1
TGCAGATT	0.09
GGCAGATT	0.1
CGCAGATT	0.1
AGCAGATT	0.1
TCCAGATT	0.1
GCCAGATT	0.1
CCCAGATT	0.11
ACCAGATT	0.09
TACAGATT	0.11
GACAGATT	0.11
CACAGATT	0.11
TTAAGATT	0.11
GTAAGATT	0.1
CTAAGATT	0.1
ATAAGATT	0.11
TGAAGATT	0.14
GGAAGATT	0.13
CGAAGATT	0.1
AGAAGATT	0.11
TCAAGATT	0.09
GCAAGATT	0.09
CCAAGATT	0.09
ACAAGATT	0.1
TAAAGATT	0.11
GAAAGATT	0.11
CAAAGATT	0.12
TTTTCATT	0.13
GTTTCATT	0.11
CTTTCATT	0.1
ATTTCATT	0.1
TGTTCATT	0.12
GGTTCATT	0.11
CGTTCATT	0.1
AGTTCATT	0.11
TCTTCATT	0.13
GCTTCATT	0.1
CCTTCATT	0.11
ACTTCATT	0.1
TATTCATT	0.1
GATTCATT	0.11
CATTCATT	0.11
AATTCATT	0.1
TTGTCATT	0.11
GTGTCATT	0.12
CTGTCATT	0.1
ATGTCATT	0.11
TGGTCATT	0.11
GGGTCATT	0.1
CGGTCATT	0.1
AGGTCATT	0.1
TCGTCATT	0.11
GCGTCATT	0.1
CCGTCATT	0.1
ACGTCATT	0.1
TAGTCATT	0.1
GAGTCATT	0.1
CAGTCATT	0.1
TTCTCATT	0.11
GTCTCATT	0.11
CTCTCATT	0.11
ATCTCATT	0.11
TGCTCATT	0.11
GGCTCATT	0.09
CGCTCATT	0.11
AGCTCATT	0.11
TCCTCATT	0.12
GCCTCATT	0.1
CCCTCATT	0.11
ACCTCATT	0.11
TACTCATT	0.12
GACTCATT	0.1
CACTCATT	0.12
TTATCATT	0.12
GTATCATT	0.1
CTATCATT	0.1
ATATCATT	0.11
TGATCATT	0.1
GGATCATT	0.11
CGATCATT	0.09
AGATCATT	0.1
TCATCATT	0.1
GCATCATT	0.1
CCATCATT	0.11
ACATCATT	0.11
TAATCATT	0.1
GAATCATT	0.1
CAATCATT	0.11
TTTGCATT	0.12
GTTGCATT	0.09
CTTGCATT	0.1
ATTGCATT	0.09
TGTGCATT	0.1
GGTGCATT	0.11
CGTGCATT	0.11
AGTGCATT	0.11
TCTGCATT	0.09
GCTGCATT	0.09
CCTGCATT	0.13
ACTGCATT	0.11
TATGCATT	0.11
GATGCATT	0.09
CATGCATT	0.11
TTGGCATT	0.11
GTGGCATT	0.09
CTGGCATT	0.11
ATGGCATT	0.09
TGGGCATT	0.11
GGGGCATT	0.1
CGGGCATT	0.1
AGGGCATT	0.1
TCGGCATT	0.09
GCGGCATT	0.08
CCGGCATT	0.11
ACGGCATT	0.11
TAGGCATT	0.13
GAGGCATT	0.1
CAGGCATT	0.1
TTCGCATT	0.1
GTCGCATT	0.09
CTCGCATT	0.11
ATCGCATT	0.09
TGCGCATT	0.11
GGCGCATT	0.1
CGCGCATT	0.11
AGCGCATT	0.09
TCCGCATT	0.12
GCCGCATT	0.09
CCCGCATT	0.11
ACCGCATT	0.1
TACGCATT	0.1
GACGCATT	0.1
CACGCATT	0.1
TTAGCATT	0.11
GTAGCATT	0.11
CTAGCATT	0.09
ATAGCATT	0.1
TGAGCATT	0.09
GGAGCATT	0.11
CGAGCATT	0.1
AGAGCATT	0.1
TCAGCATT	0.1
GCAGCATT	0.09
CCAGCATT	0.09
ACAGCATT	0.1
TAAGCATT	0.09
GAAGCATT	0.11
CAAGCATT	0.1
TTTCCATT	0.12
GTTCCATT	0.1
CTTCCATT	0.12
ATTCCATT	0.11
TGTCCATT	0.1
GGTCCATT	0.09
CGTCCATT	0.11
AGTCCATT	0.1
TCTCCATT	0.1
GCTCCATT	0.09
CCTCCATT	0.11
ACTCCATT	0.1
TATCCATT	0.12
GATCCATT	0.11
CATCCATT	0.1
TTGCCATT	0.1
GTGCCATT	0.11
CTGCCATT	0.09
ATGCCATT	0.11
TGGCCATT	0.11
GGGCCATT	0.08
CGGCCATT	0.12
AGGCCATT	0.09
TCGCCATT	0.11
GCGCCATT	0.11
CCGCCATT	0.11
ACGCCATT	0.09
TAGCCATT	0.09
GAGCCATT	0.1
CAGCCATT	0.09
TTCCCATT	0.12
GTCCCATT	0.09
CTCCCATT	0.12
ATCCCATT	0.12
TGCCCATT	0.1
GGCCCATT	0.09
CGCCCATT	0.1
AGCCCATT	0.08
TCCCCATT	0.11
GCCCCATT	0.1
CCCCCATT	0.12
ACCCCATT	0.09
TACCCATT	0.12
GACCCATT	0.09
CACCCATT	0.1
TTACCATT	0.11
GTACCATT	0.11
CTACCATT	0.1
ATACCATT	0.1
TGACCATT	0.12
GGACCATT	0.1
CGACCATT	0.11
AGACCATT	0.11
TCACCATT	0.1
GCACCATT	0.12
CCACCATT	0.1
ACACCATT	0.11
TAACCATT	0.12
GAACCATT	0.1
CAACCATT	0.11
TTTACATT	0.12
GTTACATT	0.1
CTTACATT	0.1
ATTACATT	0.11
TGTACATT	0.11
GGTACATT	0.12
CGTACATT	0.09
AGTACATT	0.1
TCTACATT	0.11
GCTACATT	0.11
CCTACATT	0.09
ACTACATT	0.11
TATACATT	0.1
GATACATT	0.11
CATACATT	0.09
TTGACATT	0.09
GTGACATT	0.1
CTGACATT	0.11
ATGACATT	0.13
TGGACATT	0.1
GGGACATT	0.11
CGGACATT	0.15
AGGACATT	0.1
TCGACATT	0.11
GCGACATT	0.09
CCGACATT	0.12
ACGACATT	0.1
TAGACATT	0.11
GAGACATT	0.1
CAGACATT	0.11
TTCACATT	0.12
GTCACATT	0.09
CTCACATT	0.1
ATCACATT	0.1
TGCACATT	0.09
GGCACATT	0.1
CGCACATT	0.09
AGCACATT	0.1
TCCACATT	0.12
GCCACATT	0.09
CCCACATT	0.11
ACCACATT	0.11
TACACATT	0.1
GACACATT	0.1
CACACATT	0.11
TTAACATT	0.11
GTAACATT	0.11
CTAACATT	0.1
ATAACATT	0.11
TGAACATT	0.1
GGAACATT	0.1
CGAACATT	0.1
AGAACATT	0.1
TCAACATT	0.11
GCAACATT	0.1
CCAACATT	0.1
ACAACATT	0.11
TAAACATT	0.1
GAAACATT	0.11
CAAACATT	0.1
TTTTAATT	0.11
GTTTAATT	0.11
CTTTAATT	0.11
ATTTAATT	0.12
TGTTAATT	0.11
GGTTAATT	0.11
CGTTAATT	0.11
AGTTAATT	0.09
TCTTAATT	0.11
GCTTAATT	0.1
CCTTAATT	0.12
ACTTAATT	0.12
TATTAATT	0.12
GATTAATT	0.11
CATTAATT	0.12
TTGTAATT	0.11
GTGTAATT	0.12
CTGTAATT	0.11
ATGTAATT	0.11
TGGTAATT	0.12
GGGTAATT	0.11
CGGTAATT	0.12
AGGTAATT	0.1
TCGTAATT	0.11
GCGTAATT	0.1
CCGTAATT	0.1
ACGTAATT	0.09
TAGTAATT	0.13
GAGTAATT	0.13
CAGTAATT	0.09
TTCTAATT	0.1
GTCTAATT	0.12
CTCTAATT	0.11
ATCTAATT	0.12
TGCTAATT	0.09
GGCTAATT	0.12
CGCTAATT	0.1
AGCTAATT	0.09
TCCTAATT	0.12
GCCTAATT	0.11
CCCTAATT	0.11
ACCTAATT	0.11
TACTAATT	0.1
GACTAATT	0.12
CACTAATT	0.09
TTATAATT	0.11
GTATAATT	0.12
CTATAATT	0.1
ATATAATT	0.11
TGATAATT	0.11
GGATAATT	0.11
CGATAATT	0.11
AGATAATT	0.1
TCATAATT	0.12
GCATAATT	0.1
CCATAATT	0.11
ACATAATT	0.1
TAATAATT	0.11
GAATAATT	0.11
CAATAATT	0.1
TTTGAATT	0.14
GTTGAATT	0.11
CTTGAATT	0.1
ATTGAATT	0.11
TGTGAATT	0.11
GGTGAATT	0.11
CGTGAATT	0.11
AGTGAATT	0.11
TCTGAATT	0.11
GCTGAATT	0.1
CCTGAATT	0.12
ACTGAATT	0.1
TATGAATT	0.13
GATGAATT	0.11
CATGAATT	0.1
TTGGAATT	0.12
GTGGAATT	0.13
CTGGAATT	0.11
ATGGAATT	0.11
TGGGAATT	0.11
GGGGAATT	0.11
CGGGAATT	0.13
AGGGAATT	0.14
TCGGAATT	0.11
GCGGAATT	0.15
CCGGAATT	0.25
ACGGAATT	0.14
TAGGAATT	0.12
GAGGAATT	0.11
CAGGAATT	0.11
TTCGAATT	0.11
GTCGAATT	0.1
CTCGAATT	0.11
ATCGAATT	0.11
TGCGAATT	0.11
GGCGAATT	0.11
CGCGAATT	0.1
AGCGAATT	0.1
TCCGAATT	0.11
GCCGAATT	0.11
CCCGAATT	0.1
ACCGAATT	0.11
TACGAATT	0.11
GACGAATT	0.1
CACGAATT	0.1
TTAGAATT	0.12
GTAGAATT	0.11
CTAGAATT	0.11
ATAGAATT	0.1
TGAGAATT	0.1
GGAGAATT	0.11
CGAGAATT	0.1
AGAGAATT	0.11
TCAGAATT	0.11
GCAGAATT	0.1
CCAGAATT	0.1
ACAGAATT	0.11
TAAGAATT	0.1
GAAGAATT	0.13
CAAGAATT	0.11
TTTCAATT	0.12
GTTCAATT	0.1
CTTCAATT	0.11
ATTCAATT	0.11
TGTCAATT	0.11
GGTCAATT	0.11
CGTCAATT	0.11
AGTCAATT	0.12
TCTCAATT	0.11
GCTCAATT	0.1
CCTCAATT	0.1
ACTCAATT	0.11
TATCAATT	0.12
GATCAATT	0.12
CATCAATT	0.12
TTGCAATT	0.1
GTGCAATT	0.1
CTGCAATT	0.1
ATGCAATT	0.12
TGGCAATT	0.11
GGGCAATT	0.11
CGGCAATT	0.09
AGGCAATT	0.1
TCGCAATT	0.1
GCGCAATT	0.12
CCGCAATT	0.09
ACGCAATT	0.11
TAGCAATT	0.11
GAGCAATT	0.1
CAGCAATT	0.11
TTCCAATT	0.11
GTCCAATT	0.1
CTCCAATT	0.1
ATCCAATT	0.1
TGCCAATT	0.11
GGCCAATT	0.09
CGCCAATT	0.11
AGCCAATT	0.1
TCCCAATT	0.11
GCCCAATT	0.1
CCCCAATT	0.1
ACCCAATT	0.12
TACCAATT	0.1
GACCAATT	0.11
CACCAATT	0.12
TTACAATT	0.1
GTACAATT	0.11
CTACAATT	0.11
ATACAATT	0.12
TGACAATT	0.1
GGACAATT	0.11
CGACAATT	0.11
AGACAATT	0.12
TCACAATT	0.11
GCACAATT	0.1
CCACAATT	0.11
ACACAATT	0.1
TAACAATT	0.12
GAACAATT	0.11
CAACAATT	0.1
TTTAAATT	0.12
GTTAAATT	0.1
CTTAAATT	0.11
ATTAAATT	0.12
TGTAAATT	0.1
GGTAAATT	0.1
CGTAAATT	0.12
AGTAAATT	0.13
TCTAAATT	0.11
GCTAAATT	0.11
CCTAAATT	0.1
ACTAAATT	0.11
TATAAATT	0.11
GATAAATT	0.11
CATAAATT	0.12
TTGAAATT	0.13
GTGAAATT	0.1
CTGAAATT	0.1
ATGAAATT	0.1
TGGAAATT	0.11
GGGAAATT	0.15
CGGAAATT	0.44
AGGAAATT	0.3
TCGAAATT	0.1
GCGAAATT	0.1
CCGAAATT	0.1
ACGAAATT	0.11
TAGAAATT	0.1
GAGAAATT	0.11
CAGAAATT	0.11
TTCAAATT	0.12
GTCAAATT	0.11
CTCAAATT	0.12
ATCAAATT	0.1
TGCAAATT	0.11
GGCAAATT	0.11
CGCAAATT	0.1
AGCAAATT	0.11
TCCAAATT	0.11
GCCAAATT	0.11
CCCAAATT	0.1
ACCAAATT	0.1
TACAAATT	0.11
GACAAATT	0.11
CACAAATT	0.1
TTAAAATT	0.12
GTAAAATT	0.11
CTAAAATT	0.1
ATAAAATT	0.14
TGAAAATT	0.12
GGAAAATT	0.13
CGAAAATT	0.11
AGAAAATT	0.11
TCAAAATT	0.12
GCAAAATT	0.11
CCAAAATT	0.1
ACAAAATT	0.11
TAAAAATT	0.14
GAAAAATT	0.13
CAAAAATT	0.12
TTTTTTGT	0.14
GTTTTTGT	0.11
CTTTTTGT	0.12
ATTTTTGT	0.12
TGTTTTGT	0.11
GGTTTTGT	0.12
CGTTTTGT	0.13
AGTTTTGT	0.12
TCTTTTGT	0.13
GCTTTTGT	0.1
CCTTTTGT	0.1
ACTTTTGT	0.11
TATTTTGT	0.13
GATTTTGT	0.12
CATTTTGT	0.15
TTGTTTGT	0.11
GTGTTTGT	0.11
CTGTTTGT	0.12
ATGTTTGT	0.1
TGGTTTGT	0.12
GGGTTTGT	0.11
CGGTTTGT	0.11
AGGTTTGT	0.11
TCGTTTGT	0.12
GCGTTTGT	0.1
CCGTTTGT	0.11
ACGTTTGT	0.09
TAGTTTGT	0.12
GAGTTTGT	0.11
CAGTTTGT	0.1
TTCTTTGT	0.15
GTCTTTGT	0.11
CTCTTTGT	0.1
ATCTTTGT	0.12
TGCTTTGT	0.11
GGCTTTGT	0.1
CGCTTTGT	0.1
AGCTTTGT	0.11
TCCTTTGT	0.15
GCCTTTGT	0.11
CCCTTTGT	0.1
ACCTTTGT	0.1
TACTTTGT	0.11
GACTTTGT	0.08
CACTTTGT	0.1
TTATTTGT	0.11
GTATTTGT	0.11
CTATTTGT	0.12
ATATTTGT	0.11
TGATTTGT	0.11
GGATTTGT	0.11
CGATTTGT	0.1
AGATTTGT	0.11
TCATTTGT	0.11
GCATTTGT	0.11
CCATTTGT	0.1
ACATTTGT	0.12
TAATTTGT	0.12
GAATTTGT	0.13
CAATTTGT	0.1
TTTGTTGT	0.11
GTTGTTGT	0.11
CTTGTTGT	0.11
ATTGTTGT	0.11
TGTGTTGT	0.1
GGTGTTGT	0.1
CGTGTTGT	0.11
AGTGTTGT	0.11
TCTGTTGT	0.11
GCTGTTGT	0.1
CCTGTTGT	0.11
ACTGTTGT	0.11
TATGTTGT	0.1
GATGTTGT	0.14
CATGTTGT	0.09
TTGGTTGT	0.11
GTGGTTGT	0.11
CTGGTTGT	0.11
ATGGTTGT	0.11
TGGGTTGT	0.11
GGGGTTGT	0.11
CGGGTTGT	0.1
AGGGTTGT	0.1
TCGGTTGT	0.1
GCGGTTGT	0.11
CCGGTTGT	0.12
ACGGTTGT	0.09
TAGGTTGT	0.09
GAGGTTGT	0.11
CAGGTTGT	0.11
TTCGTTGT	0.12
GTCGTTGT	0.1
CTCGTTGT	0.1
ATCGTTGT	0.11
TGCGTTGT	0.1
GGCGTTGT	0.1
CGCGTTGT	0.1
AGCGTTGT	0.09
TCCGTTGT	0.13
GCCGTTGT	0.09
CCCGTTGT	0.11
ACCGTTGT	0.09
TACGTTGT	0.1
GACGTTGT	0.1
CACGTTGT	0.09
TTAGTTGT	0.1
GTAGTTGT	0.1
CTAGTTGT	0.09
ATAGTTGT	0.11
TGAGTTGT	0.11
GGAGTTGT	0.1
CGAGTTGT	0.1
AGAGTTGT	0.11
TCAGTTGT	0.1
GCAGTTGT	0.09
CCAGTTGT	0.1
ACAGTTGT	0.1
TAAGTTGT	0.11
GAAGTTGT	0.11
CAAGTTGT	0.1
TTTCTTGT	0.13
GTTCTTGT	0.12
CTTCTTGT	0.09
ATTCTTGT	0.11
TGTCTTGT	0.09
GGTCTTGT	0.11
CGTCTTGT	0.11
AGTCTTGT	0.12
TCTCTTGT	0.12
GCTCTTGT	0.11
CCTCTTGT	0.11
ACTCTTGT	0.1
TATCTTGT	0.1
GATCTTGT	0.1
CATCTTGT	0.1
TTGCTTGT	0.09
GTGCTTGT	0.1
CTGCTTGT	0.1
ATGCTTGT	0.1
TGGCTTGT	0.1
GGGCTTGT	0.1
CGGCTTGT	0.1
AGGCTTGT	0.09
TCGCTTGT	0.1
GCGCTTGT	0.09
CCGCTTGT	0.11
ACGCTTGT	0.09
TAGCTTGT	0.1
GAGCTTGT	0.1
CAGCTTGT	0.1
TTCCTTGT	0.16
GTCCTTGT	0.09
CTCCTTGT	0.11
ATCCTTGT	0.11
TGCCTTGT	0.1
GGCCTTGT	0.1
CGCCTTGT	0.1
AGCCTTGT	0.08
TCCCTTGT	0.12
GCCCTTGT	0.1
CCCCTTGT	0.11
ACCCTTGT	0.09
TACCTTGT	0.11
GACCTTGT	0.09
CACCTTGT	0.1
TTACTTGT	0.09
GTACTTGT	0.1
CTACTTGT	0.11
ATACTTGT	0.11
TGACTTGT	0.1
GGACTTGT	0.1
CGACTTGT	0.08
AGACTTGT	0.12
TCACTTGT	0.11
GCACTTGT	0.09
CCACTTGT	0.1
ACACTTGT	0.09
TAACTTGT	0.11
GAACTTGT	0.11
CAACTTGT	0.1
TTTATTGT	0.11
GTTATTGT	0.12
CTTATTGT	0.11
ATTATTGT	0.11
TGTATTGT	0.1
GGTATTGT	0.1
CGTATTGT	0.11
AGTATTGT	0.1
TCTATTGT	0.11
GCTATTGT	0.09
CCTATTGT	0.1
ACTATTGT	0.1
TATATTGT	0.1
GATATTGT	0.11
CATATTGT	0.11
TTGATTGT	0.11
GTGATTGT	0.1
CTGATTGT	0.1
ATGATTGT	0.1
TGGATTGT	0.12
GGGATTGT	0.1
CGGATTGT	0.11
AGGATTGT	0.1
TCGATTGT	0.1
GCGATTGT	0.11
CCGATTGT	0.12
ACGATTGT	0.09
TAGATTGT	0.09
GAGATTGT	0.11
CAGATTGT	0.1
TTCATTGT	0.11
GTCATTGT	0.09
CTCATTGT	0.11
ATCATTGT	0.11
TGCATTGT	0.11
GGCATTGT	0.1
CGCATTGT	0.09
AGCATTGT	0.1
TCCATTGT	0.13
GCCATTGT	0.1
CCCATTGT	0.11
ACCATTGT	0.09
TACATTGT	0.12
GACATTGT	0.11
CACATTGT	0.1
TTAATTGT	0.11
GTAATTGT	0.09
CTAATTGT	0.1
ATAATTGT	0.1
TGAATTGT	0.12
GGAATTGT	0.13
CGAATTGT	0.11
AGAATTGT	0.11
TCAATTGT	0.11
GCAATTGT	0.09
CCAATTGT	0.1
TAAATTGT	0.11
GAAATTGT	0.11
CAAATTGT	0.11
TTTTGTGT	0.13
GTTTGTGT	0.11
CTTTGTGT	0.1
ATTTGTGT	0.11
TGTTGTGT	0.12
GGTTGTGT	0.1
CGTTGTGT	0.1
AGTTGTGT	0.09
TCTTGTGT	0.1
GCTTGTGT	0.1
CCTTGTGT	0.1
ACTTGTGT	0.1
TATTGTGT	0.1
GATTGTGT	0.1
CATTGTGT	0.11
TTGTGTGT	0.1
GTGTGTGT	0.11
CTGTGTGT	0.09
ATGTGTGT	0.1
TGGTGTGT	0.11
GGGTGTGT	0.11
CGGTGTGT	0.1
AGGTGTGT	0.12
TCGTGTGT	0.11
GCGTGTGT	0.09
CCGTGTGT	0.09
ACGTGTGT	0.1
TAGTGTGT	0.12
GAGTGTGT	0.1
CAGTGTGT	0.1
TTCTGTGT	0.11
GTCTGTGT	0.11
CTCTGTGT	0.09
ATCTGTGT	0.1
TGCTGTGT	0.1
GGCTGTGT	0.1
CGCTGTGT	0.12
AGCTGTGT	0.09
TCCTGTGT	0.11
GCCTGTGT	0.08
CCCTGTGT	0.09
ACCTGTGT	0.09
TACTGTGT	0.09
GACTGTGT	0.1
CACTGTGT	0.1
TTATGTGT	0.12
GTATGTGT	0.1
CTATGTGT	0.1
ATATGTGT	0.1
TGATGTGT	0.11
GGATGTGT	0.18
CGATGTGT	0.09
AGATGTGT	0.11
TCATGTGT	0.1
GCATGTGT	0.09
CCATGTGT	0.09
ACATGTGT	0.08
TAATGTGT	0.11
GAATGTGT	0.11
CAATGTGT	0.11
TTTGGTGT	0.1
GTTGGTGT	0.11
CTTGGTGT	0.11
ATTGGTGT	0.11
TGTGGTGT	0.1
GGTGGTGT	0.11
CGTGGTGT	0.1
AGTGGTGT	0.12
TCTGGTGT	0.1
GCTGGTGT	0.09
CCTGGTGT	0.1
ACTGGTGT	0.1
TATGGTGT	0.1
GATGGTGT	0.1
CATGGTGT	0.09
TTGGGTGT	0.12
GTGGGTGT	0.11
CTGGGTGT	0.1
ATGGGTGT	0.11
TGGGGTGT	0.09
GGGGGTGT	0.11
CGGGGTGT	0.1
AGGGGTGT	0.09
TCGGGTGT	0.11
GCGGGTGT	0.1
CCGGGTGT	0.12
ACGGGTGT	0.1
TAGGGTGT	0.09
GAGGGTGT	0.12
CAGGGTGT	0.09
TTCGGTGT	0.11
GTCGGTGT	0.12
CTCGGTGT	0.1
ATCGGTGT	0.1
TGCGGTGT	0.1
GGCGGTGT	0.11
CGCGGTGT	0.09
AGCGGTGT	0.09
TCCGGTGT	0.35
GCCGGTGT	0.11
CCCGGTGT	0.11
ACCGGTGT	0.11
TACGGTGT	0.09
GACGGTGT	0.09
CACGGTGT	0.1
TTAGGTGT	0.1
GTAGGTGT	0.1
CTAGGTGT	0.09
ATAGGTGT	0.1
TGAGGTGT	0.1
GGAGGTGT	0.1
CGAGGTGT	0.1
AGAGGTGT	0.1
TCAGGTGT	0.1
GCAGGTGT	0.1
CCAGGTGT	0.09
ACAGGTGT	0.09
TAAGGTGT	0.1
GAAGGTGT	0.11
CAAGGTGT	0.09
TTTCGTGT	0.12
GTTCGTGT	0.1
CTTCGTGT	0.11
ATTCGTGT	0.1
TGTCGTGT	0.11
GGTCGTGT	0.1
CGTCGTGT	0.1
AGTCGTGT	0.09
TCTCGTGT	0.1
GCTCGTGT	0.09
CCTCGTGT	0.09
ACTCGTGT	0.1
TATCGTGT	0.1
GATCGTGT	0.1
CATCGTGT	0.11
TTGCGTGT	0.1
GTGCGTGT	0.09
CTGCGTGT	0.1
ATGCGTGT	0.09
TGGCGTGT	0.09
GGGCGTGT	0.09
CGGCGTGT	0.12
AGGCGTGT	0.1
TCGCGTGT	0.1
GCGCGTGT	0.09
CCGCGTGT	0.12
ACGCGTGT	0.08
TAGCGTGT	0.1
GAGCGTGT	0.1
CAGCGTGT	0.09
TTCCGTGT	0.14
GTCCGTGT	0.13
CTCCGTGT	0.1
ATCCGTGT	0.12
TGCCGTGT	0.09
GGCCGTGT	0.09
CGCCGTGT	0.1
AGCCGTGT	0.1
TCCCGTGT	0.1
GCCCGTGT	0.09
CCCCGTGT	0.11
ACCCGTGT	0.09
TACCGTGT	0.09
GACCGTGT	0.09
CACCGTGT	0.1
TTACGTGT	0.08
GTACGTGT	0.09
CTACGTGT	0.09
ATACGTGT	0.09
TGACGTGT	0.08
GGACGTGT	0.12
CGACGTGT	0.1
AGACGTGT	0.09
TCACGTGT	0.09
GCACGTGT	0.08
CCACGTGT	0.08
TAACGTGT	0.09
GAACGTGT	0.09
CAACGTGT	0.09
TTTAGTGT	0.1
GTTAGTGT	0.09
CTTAGTGT	0.1
ATTAGTGT	0.1
TGTAGTGT	0.11
GGTAGTGT	0.09
CGTAGTGT	0.12
AGTAGTGT	0.09
TCTAGTGT	0.1
GCTAGTGT	0.09
CCTAGTGT	0.1
ACTAGTGT	0.09
TATAGTGT	0.09
GATAGTGT	0.1
CATAGTGT	0.1
TTGAGTGT	0.11
GTGAGTGT	0.11
CTGAGTGT	0.11
ATGAGTGT	0.1
TGGAGTGT	0.1
GGGAGTGT	0.1
CGGAGTGT	0.09
AGGAGTGT	0.1
TCGAGTGT	0.09
GCGAGTGT	0.1
CCGAGTGT	0.1
ACGAGTGT	0.09
TAGAGTGT	0.1
GAGAGTGT	0.1
CAGAGTGT	0.1
TTCAGTGT	0.11
GTCAGTGT	0.09
CTCAGTGT	0.1
ATCAGTGT	0.1
TGCAGTGT	0.1
GGCAGTGT	0.11
CGCAGTGT	0.09
AGCAGTGT	0.09
TCCAGTGT	0.1
GCCAGTGT	0.1
CCCAGTGT	0.11
ACCAGTGT	0.1
TACAGTGT	0.11
GACAGTGT	0.1
CACAGTGT	0.09
TTAAGTGT	0.11
GTAAGTGT	0.1
CTAAGTGT	0.11
ATAAGTGT	0.1
TGAAGTGT	0.1
GGAAGTGT	0.32
CGAAGTGT	0.09
AGAAGTGT	0.09
TCAAGTGT	0.1
GCAAGTGT	0.09
CCAAGTGT	0.11
TAAAGTGT	0.1
GAAAGTGT	0.11
CAAAGTGT	0.11
TTTTCTGT	0.13
GTTTCTGT	0.11
CTTTCTGT	0.11
ATTTCTGT	0.12
TGTTCTGT	0.1
GGTTCTGT	0.1
CGTTCTGT	0.1
AGTTCTGT	0.12
TCTTCTGT	0.11
GCTTCTGT	0.11
CCTTCTGT	0.09
ACTTCTGT	0.11
TATTCTGT	0.11
GATTCTGT	0.1
CATTCTGT	0.1
TTGTCTGT	0.14
GTGTCTGT	0.11
CTGTCTGT	0.11
ATGTCTGT	0.11
TGGTCTGT	0.09
GGGTCTGT	0.09
CGGTCTGT	0.11
AGGTCTGT	0.1
TCGTCTGT	0.1
GCGTCTGT	0.1
CCGTCTGT	0.11
ACGTCTGT	0.09
TAGTCTGT	0.09
GAGTCTGT	0.08
CAGTCTGT	0.09
TTCTCTGT	0.11
GTCTCTGT	0.11
CTCTCTGT	0.09
ATCTCTGT	0.1
TGCTCTGT	0.12
GGCTCTGT	0.09
CGCTCTGT	0.1
AGCTCTGT	0.1
TCCTCTGT	0.13
GCCTCTGT	0.1
CCCTCTGT	0.1
ACCTCTGT	0.1
TACTCTGT	0.1
GACTCTGT	0.09
CACTCTGT	0.1
TTATCTGT	0.1
GTATCTGT	0.1
CTATCTGT	0.1
ATATCTGT	0.11
TGATCTGT	0.1
GGATCTGT	0.13
CGATCTGT	0.09
AGATCTGT	0.1
TCATCTGT	0.09
GCATCTGT	0.09
CCATCTGT	0.09
ACATCTGT	0.09
TAATCTGT	0.12
GAATCTGT	0.12
CAATCTGT	0.11
TTTGCTGT	0.11
GTTGCTGT	0.11
CTTGCTGT	0.1
ATTGCTGT	0.1
TGTGCTGT	0.1
GGTGCTGT	0.1
CGTGCTGT	0.09
AGTGCTGT	0.1
TCTGCTGT	0.09
GCTGCTGT	0.09
CCTGCTGT	0.11
ACTGCTGT	0.09
TATGCTGT	0.12
GATGCTGT	0.12
CATGCTGT	0.08
TTGGCTGT	0.12
GTGGCTGT	0.11
CTGGCTGT	0.1
ATGGCTGT	0.09
TGGGCTGT	0.1
GGGGCTGT	0.1
CGGGCTGT	0.1
AGGGCTGT	0.1
TCGGCTGT	0.1
GCGGCTGT	0.1
CCGGCTGT	0.1
ACGGCTGT	0.1
TAGGCTGT	0.1
GAGGCTGT	0.1
CAGGCTGT	0.1
TTCGCTGT	0.12
GTCGCTGT	0.08
CTCGCTGT	0.09
ATCGCTGT	0.09
TGCGCTGT	0.09
GGCGCTGT	0.1
CGCGCTGT	0.09
AGCGCTGT	0.1
TCCGCTGT	0.14
GCCGCTGT	0.09
CCCGCTGT	0.11
ACCGCTGT	0.08
TACGCTGT	0.1
GACGCTGT	0.1
CACGCTGT	0.09
TTAGCTGT	0.1
GTAGCTGT	0.09
CTAGCTGT	0.08
ATAGCTGT	0.1
TGAGCTGT	0.09
GGAGCTGT	0.1
CGAGCTGT	0.11
AGAGCTGT	0.1
TCAGCTGT	0.09
GCAGCTGT	0.1
CCAGCTGT	0.09
TAAGCTGT	0.09
GAAGCTGT	0.11
CAAGCTGT	0.1
TTTCCTGT	0.46
GTTCCTGT	0.18
CTTCCTGT	0.58
ATTCCTGT	0.13
TGTCCTGT	0.15
GGTCCTGT	0.1
CGTCCTGT	0.19
AGTCCTGT	0.11
TCTCCTGT	0.1
GCTCCTGT	0.09
CCTCCTGT	0.11
ACTCCTGT	0.09
TATCCTGT	0.29
GATCCTGT	0.11
CATCCTGT	0.47
TTGCCTGT	0.13
GTGCCTGT	0.11
CTGCCTGT	0.12
ATGCCTGT	0.1
TGGCCTGT	0.1
GGGCCTGT	0.1
CGGCCTGT	0.09
AGGCCTGT	0.09
TCGCCTGT	0.09
GCGCCTGT	0.09
CCGCCTGT	0.11
ACGCCTGT	0.09
TAGCCTGT	0.1
GAGCCTGT	0.09
CAGCCTGT	0.09
TTCCCTGT	0.15
GTCCCTGT	0.1
CTCCCTGT	0.12
ATCCCTGT	0.1
TGCCCTGT	0.09
GGCCCTGT	0.1
CGCCCTGT	0.09
AGCCCTGT	0.09
TCCCCTGT	0.12
GCCCCTGT	0.09
CCCCCTGT	0.1
ACCCCTGT	0.08
TACCCTGT	0.1
GACCCTGT	0.1
CACCCTGT	0.1
TTACCTGT	0.09
GTACCTGT	0.11
CTACCTGT	0.1
ATACCTGT	0.11
TGACCTGT	0.09
GGACCTGT	0.09
CGACCTGT	0.09
AGACCTGT	0.1
TCACCTGT	0.09
GCACCTGT	0.1
CCACCTGT	0.1
TAACCTGT	0.11
GAACCTGT	0.09
CAACCTGT	0.1
TTTACTGT	0.11
GTTACTGT	0.1
CTTACTGT	0.1
ATTACTGT	0.1
TGTACTGT	0.09
GGTACTGT	0.1
CGTACTGT	0.1
AGTACTGT	0.09
TCTACTGT	0.1
GCTACTGT	0.09
CCTACTGT	0.1
ACTACTGT	0.11
TATACTGT	0.09
GATACTGT	0.11
CATACTGT	0.11
TTGACTGT	0.12
GTGACTGT	0.09
CTGACTGT	0.09
ATGACTGT	0.09
TGGACTGT	0.1
GGGACTGT	0.1
CGGACTGT	0.09
AGGACTGT	0.1
TCGACTGT	0.09
GCGACTGT	0.09
CCGACTGT	0.09
ACGACTGT	0.09
TAGACTGT	0.11
GAGACTGT	0.11
CAGACTGT	0.09
TTCACTGT	0.11
GTCACTGT	0.1
CTCACTGT	0.1
ATCACTGT	0.09
TGCACTGT	0.11
GGCACTGT	0.09
CGCACTGT	0.09
AGCACTGT	0.09
TCCACTGT	0.11
GCCACTGT	0.09
CCCACTGT	0.1
ACCACTGT	0.1
TACACTGT	0.1
GACACTGT	0.1
CACACTGT	0.09
TTAACTGT	0.1
GTAACTGT	0.1
CTAACTGT	0.1
ATAACTGT	0.1
TGAACTGT	0.11
GGAACTGT	0.11
CGAACTGT	0.1
AGAACTGT	0.1
TCAACTGT	0.09
GCAACTGT	0.09
CCAACTGT	0.1
TAAACTGT	0.09
GAAACTGT	0.11
CAAACTGT	0.1
TTTTATGT	0.12
GTTTATGT	0.1
CTTTATGT	0.1
ATTTATGT	0.1
TGTTATGT	0.11
GGTTATGT	0.11
CGTTATGT	0.11
AGTTATGT	0.1
TCTTATGT	0.1
GCTTATGT	0.09
CCTTATGT	0.11
ACTTATGT	0.1
TATTATGT	0.12
GATTATGT	0.1
CATTATGT	0.12
TTGTATGT	0.1
GTGTATGT	0.11
CTGTATGT	0.1
ATGTATGT	0.11
TGGTATGT	0.1
GGGTATGT	0.11
CGGTATGT	0.11
AGGTATGT	0.11
TCGTATGT	0.11
GCGTATGT	0.09
CCGTATGT	0.09
ACGTATGT	0.1
TAGTATGT	0.1
GAGTATGT	0.11
CAGTATGT	0.09
TTCTATGT	0.13
GTCTATGT	0.11
CTCTATGT	0.1
ATCTATGT	0.11
TGCTATGT	0.12
GGCTATGT	0.1
CGCTATGT	0.1
AGCTATGT	0.09
TCCTATGT	0.11
GCCTATGT	0.1
CCCTATGT	0.1
ACCTATGT	0.1
TACTATGT	0.11
GACTATGT	0.1
CACTATGT	0.1
TTATATGT	0.12
GTATATGT	0.09
CTATATGT	0.1
ATATATGT	0.09
TGATATGT	0.11
GGATATGT	0.14
CGATATGT	0.1
AGATATGT	0.1
TCATATGT	0.11
GCATATGT	0.09
CCATATGT	0.1
TAATATGT	0.12
GAATATGT	0.1
CAATATGT	0.11
TTTGATGT	0.12
GTTGATGT	0.11
CTTGATGT	0.1
ATTGATGT	0.1
TGTGATGT	0.1
GGTGATGT	0.1
CGTGATGT	0.11
AGTGATGT	0.11
TCTGATGT	0.09
GCTGATGT	0.1
CCTGATGT	0.1
ACTGATGT	0.1
TATGATGT	0.1
GATGATGT	0.1
CATGATGT	0.1
TTGGATGT	0.1
GTGGATGT	0.13
CTGGATGT	0.13
ATGGATGT	0.1
TGGGATGT	0.12
GGGGATGT	0.13
CGGGATGT	0.21
AGGGATGT	0.14
TCGGATGT	0.26
GCGGATGT	0.64
CCGGATGT	0.85
ACGGATGT	0.48
TAGGATGT	0.17
GAGGATGT	0.24
CAGGATGT	0.52
TTCGATGT	0.1
GTCGATGT	0.12
CTCGATGT	0.1
ATCGATGT	0.09
TGCGATGT	0.09
GGCGATGT	0.1
CGCGATGT	0.1
AGCGATGT	0.09
TCCGATGT	0.11
GCCGATGT	0.1
CCCGATGT	0.1
ACCGATGT	0.1
TACGATGT	0.1
GACGATGT	0.1
CACGATGT	0.1
TTAGATGT	0.11
GTAGATGT	0.11
CTAGATGT	0.1
ATAGATGT	0.11
TGAGATGT	0.11
GGAGATGT	0.12
CGAGATGT	0.1
AGAGATGT	0.1
TCAGATGT	0.09
GCAGATGT	0.1
CCAGATGT	0.1
TAAGATGT	0.09
GAAGATGT	0.13
CAAGATGT	0.1
TTTCATGT	0.1
GTTCATGT	0.09
CTTCATGT	0.1
ATTCATGT	0.1
TGTCATGT	0.11
GGTCATGT	0.08
CGTCATGT	0.11
AGTCATGT	0.09
TCTCATGT	0.1
GCTCATGT	0.1
CCTCATGT	0.09
ACTCATGT	0.09
TATCATGT	0.12
GATCATGT	0.11
CATCATGT	0.1
TTGCATGT	0.11
GTGCATGT	0.09
CTGCATGT	0.09
ATGCATGT	0.1
TGGCATGT	0.09
GGGCATGT	0.09
CGGCATGT	0.09
AGGCATGT	0.09
TCGCATGT	0.09
GCGCATGT	0.09
CCGCATGT	0.1
ACGCATGT	0.09
TAGCATGT	0.09
GAGCATGT	0.09
CAGCATGT	0.09
TTCCATGT	0.11
GTCCATGT	0.1
CTCCATGT	0.1
ATCCATGT	0.11
TGCCATGT	0.08
GGCCATGT	0.09
CGCCATGT	0.1
AGCCATGT	0.09
TCCCATGT	0.11
GCCCATGT	0.1
CCCCATGT	0.11
ACCCATGT	0.1
TACCATGT	0.1
GACCATGT	0.1
CACCATGT	0.09
TTACATGT	0.09
GTACATGT	0.09
CTACATGT	0.1
ATACATGT	0.1
TGACATGT	0.1
GGACATGT	0.11
CGACATGT	0.09
AGACATGT	0.1
TCACATGT	0.09
GCACATGT	0.08
CCACATGT	0.09
TAACATGT	0.11
GAACATGT	0.09
CAACATGT	0.09
TTTAATGT	0.11
GTTAATGT	0.1
CTTAATGT	0.11
ATTAATGT	0.11
TGTAATGT	0.12
GGTAATGT	0.1
CGTAATGT	0.1
AGTAATGT	0.11
TCTAATGT	0.12
GCTAATGT	0.1
CCTAATGT	0.1
ACTAATGT	0.1
TATAATGT	0.1
GATAATGT	0.12
CATAATGT	0.12
TTGAATGT	0.11
GTGAATGT	0.12
CTGAATGT	0.1
ATGAATGT	0.1
TGGAATGT	0.09
GGGAATGT	0.11
CGGAATGT	0.11
AGGAATGT	0.1
TCGAATGT	0.09
GCGAATGT	0.1
CCGAATGT	0.1
ACGAATGT	0.1
TAGAATGT	0.1
GAGAATGT	0.11
CAGAATGT	0.09
TTCAATGT	0.11
GTCAATGT	0.11
CTCAATGT	0.1
ATCAATGT	0.1
TGCAATGT	0.09
GGCAATGT	0.1
CGCAATGT	0.1
AGCAATGT	0.09
TCCAATGT	0.09
GCCAATGT	0.09
CCCAATGT	0.11
ACCAATGT	0.1
TACAATGT	0.1
GACAATGT	0.11
CACAATGT	0.1
TTAAATGT	0.12
GTAAATGT	0.11
CTAAATGT	0.1
ATAAATGT	0.11
TGAAATGT	0.09
GGAAATGT	0.19
CGAAATGT	0.1
AGAAATGT	0.11
TCAAATGT	0.13
GCAAATGT	0.1
CCAAATGT	0.1
TAAAATGT	0.11
GAAAATGT	0.12
CAAAATGT	0.1
TTTTTGGT	0.13
GTTTTGGT	0.11
CTTTTGGT	0.12
ATTTTGGT	0.12
TGTTTGGT	0.13
GGTTTGGT	0.1
CGTTTGGT	0.1
AGTTTGGT	0.12
TCTTTGGT	0.13
GCTTTGGT	0.1
CCTTTGGT	0.1
ACTTTGGT	0.1
TATTTGGT	0.12
GATTTGGT	0.1
CATTTGGT	0.12
TTGTTGGT	0.13
GTGTTGGT	0.11
CTGTTGGT	0.11
ATGTTGGT	0.1
TGGTTGGT	0.12
GGGTTGGT	0.09
CGGTTGGT	0.1
AGGTTGGT	0.1
TCGTTGGT	0.11
GCGTTGGT	0.11
CCGTTGGT	0.11
ACGTTGGT	0.09
TAGTTGGT	0.1
GAGTTGGT	0.1
CAGTTGGT	0.1
TTCTTGGT	0.12
GTCTTGGT	0.1
CTCTTGGT	0.11
ATCTTGGT	0.11
TGCTTGGT	0.11
GGCTTGGT	0.1
CGCTTGGT	0.1
AGCTTGGT	0.09
TCCTTGGT	0.12
GCCTTGGT	0.1
CCCTTGGT	0.09
ACCTTGGT	0.1
TACTTGGT	0.1
GACTTGGT	0.11
CACTTGGT	0.11
TTATTGGT	0.1
GTATTGGT	0.1
CTATTGGT	0.09
ATATTGGT	0.11
TGATTGGT	0.12
GGATTGGT	0.11
CGATTGGT	0.1
AGATTGGT	0.09
TCATTGGT	0.09
GCATTGGT	0.11
CCATTGGT	0.1
TAATTGGT	0.11
GAATTGGT	0.11
CAATTGGT	0.09
TTTGTGGT	0.11
GTTGTGGT	0.11
CTTGTGGT	0.11
ATTGTGGT	0.11
TGTGTGGT	0.12
GGTGTGGT	0.09
CGTGTGGT	0.11
AGTGTGGT	0.1
TCTGTGGT	0.1
GCTGTGGT	0.11
CCTGTGGT	0.1
ACTGTGGT	0.11
TATGTGGT	0.11
GATGTGGT	0.11
CATGTGGT	0.09
TTGGTGGT	0.1
GTGGTGGT	0.11
CTGGTGGT	0.1
ATGGTGGT	0.1
TGGGTGGT	0.1
GGGGTGGT	0.1
CGGGTGGT	0.11
AGGGTGGT	0.09
TCGGTGGT	0.09
GCGGTGGT	0.09
CCGGTGGT	0.12
ACGGTGGT	0.1
TAGGTGGT	0.1
GAGGTGGT	0.1
CAGGTGGT	0.1
TTCGTGGT	0.09
GTCGTGGT	0.1
CTCGTGGT	0.09
ATCGTGGT	0.1
TGCGTGGT	0.09
GGCGTGGT	0.09
CGCGTGGT	0.1
AGCGTGGT	0.09
TCCGTGGT	0.12
GCCGTGGT	0.1
CCCGTGGT	0.09
ACCGTGGT	0.09
TACGTGGT	0.1
GACGTGGT	0.1
CACGTGGT	0.09
TTAGTGGT	0.12
GTAGTGGT	0.1
CTAGTGGT	0.1
ATAGTGGT	0.11
TGAGTGGT	0.1
GGAGTGGT	0.12
CGAGTGGT	0.11
AGAGTGGT	0.09
TCAGTGGT	0.1
GCAGTGGT	0.09
CCAGTGGT	0.1
TAAGTGGT	0.1
GAAGTGGT	0.11
CAAGTGGT	0.11
TTTCTGGT	0.12
GTTCTGGT	0.1
CTTCTGGT	0.11
ATTCTGGT	0.1
TGTCTGGT	0.09
GGTCTGGT	0.1
CGTCTGGT	0.1
AGTCTGGT	0.09
TCTCTGGT	0.1
GCTCTGGT	0.11
CCTCTGGT	0.09
ACTCTGGT	0.09
TATCTGGT	0.1
GATCTGGT	0.1
CATCTGGT	0.09
TTGCTGGT	0.11
GTGCTGGT	0.1
CTGCTGGT	0.09
ATGCTGGT	0.1
TGGCTGGT	0.11
GGGCTGGT	0.11
CGGCTGGT	0.11
AGGCTGGT	0.1
TCGCTGGT	0.1
GCGCTGGT	0.1
CCGCTGGT	0.11
ACGCTGGT	0.09
TAGCTGGT	0.11
GAGCTGGT	0.09
CAGCTGGT	0.09
TTCCTGGT	0.19
GTCCTGGT	0.11
CTCCTGGT	0.1
ATCCTGGT	0.13
TGCCTGGT	0.09
GGCCTGGT	0.11
CGCCTGGT	0.12
AGCCTGGT	0.11
TCCCTGGT	0.1
GCCCTGGT	0.1
CCCCTGGT	0.1
ACCCTGGT	0.1
TACCTGGT	0.09
GACCTGGT	0.09
CACCTGGT	0.08
TTACTGGT	0.11
GTACTGGT	0.1
CTACTGGT	0.1
ATACTGGT	0.1
TGACTGGT	0.11
GGACTGGT	0.08
CGACTGGT	0.09
AGACTGGT	0.08
TCACTGGT	0.1
GCACTGGT	0.09
CCACTGGT	0.1
TAACTGGT	0.1
GAACTGGT	0.11
CAACTGGT	0.08
TTTATGGT	0.11
GTTATGGT	0.11
CTTATGGT	0.09
ATTATGGT	0.1
TGTATGGT	0.09
GGTATGGT	0.1
CGTATGGT	0.09
AGTATGGT	0.1
TCTATGGT	0.09
GCTATGGT	0.08
CCTATGGT	0.09
ACTATGGT	0.11
TATATGGT	0.13
GATATGGT	0.1
CATATGGT	0.1
TTGATGGT	0.1
GTGATGGT	0.09
CTGATGGT	0.11
ATGATGGT	0.11
TGGATGGT	0.11
GGGATGGT	0.11
CGGATGGT	0.17
AGGATGGT	0.13
TCGATGGT	0.09
GCGATGGT	0.1
CCGATGGT	0.1
ACGATGGT	0.09
TAGATGGT	0.11
GAGATGGT	0.1
CAGATGGT	0.09
TTCATGGT	0.1
GTCATGGT	0.1
CTCATGGT	0.09
ATCATGGT	0.1
TGCATGGT	0.09
GGCATGGT	0.09
CGCATGGT	0.11
AGCATGGT	0.09
TCCATGGT	0.12
GCCATGGT	0.09
CCCATGGT	0.09
TACATGGT	0.1
GACATGGT	0.1
CACATGGT	0.11
TTAATGGT	0.13
GTAATGGT	0.11
CTAATGGT	0.1
ATAATGGT	0.1
TGAATGGT	0.11
GGAATGGT	0.12
CGAATGGT	0.1
AGAATGGT	0.1
TCAATGGT	0.1
GCAATGGT	0.11
CCAATGGT	0.11
TAAATGGT	0.11
GAAATGGT	0.11
CAAATGGT	0.11
TTTTGGGT	0.11
GTTTGGGT	0.11
CTTTGGGT	0.1
ATTTGGGT	0.1
TGTTGGGT	0.1
GGTTGGGT	0.11
CGTTGGGT	0.1
AGTTGGGT	0.1
TCTTGGGT	0.11
GCTTGGGT	0.11
CCTTGGGT	0.1
ACTTGGGT	0.11
TATTGGGT	0.11
GATTGGGT	0.11
CATTGGGT	0.11
TTGTGGGT	0.11
GTGTGGGT	0.1
CTGTGGGT	0.1
ATGTGGGT	0.1
TGGTGGGT	0.09
GGGTGGGT	0.11
CGGTGGGT	0.1
AGGTGGGT	0.09
TCGTGGGT	0.1
GCGTGGGT	0.11
CCGTGGGT	0.1
ACGTGGGT	0.1
TAGTGGGT	0.11
GAGTGGGT	0.11
CAGTGGGT	0.1
TTCTGGGT	0.1
GTCTGGGT	0.1
CTCTGGGT	0.12
ATCTGGGT	0.1
TGCTGGGT	0.11
GGCTGGGT	0.09
CGCTGGGT	0.1
AGCTGGGT	0.09
TCCTGGGT	0.12
GCCTGGGT	0.1
CCCTGGGT	0.1
ACCTGGGT	0.08
TACTGGGT	0.1
GACTGGGT	0.08
CACTGGGT	0.11
TTATGGGT	0.11
GTATGGGT	0.09
CTATGGGT	0.1
ATATGGGT	0.11
TGATGGGT	0.11
GGATGGGT	0.12
CGATGGGT	0.1
AGATGGGT	0.09
TCATGGGT	0.1
GCATGGGT	0.13
CCATGGGT	0.09
TAATGGGT	0.1
GAATGGGT	0.1
CAATGGGT	0.09
TTTGGGGT	0.1
GTTGGGGT	0.1
CTTGGGGT	0.1
ATTGGGGT	0.11
TGTGGGGT	0.1
GGTGGGGT	0.1
CGTGGGGT	0.1
AGTGGGGT	0.11
TCTGGGGT	0.1
GCTGGGGT	0.09
CCTGGGGT	0.1
ACTGGGGT	0.11
TATGGGGT	0.09
GATGGGGT	0.1
CATGGGGT	0.1
TTGGGGGT	0.11
GTGGGGGT	0.09
CTGGGGGT	0.11
ATGGGGGT	0.11
TGGGGGGT	0.1
GGGGGGGT	0.1
CGGGGGGT	0.1
AGGGGGGT	0.1
TCGGGGGT	0.1
GCGGGGGT	0.1
CCGGGGGT	0.1
ACGGGGGT	0.11
TAGGGGGT	0.1
GAGGGGGT	0.11
CAGGGGGT	0.1
TTCGGGGT	0.12
GTCGGGGT	0.1
CTCGGGGT	0.1
ATCGGGGT	0.1
TGCGGGGT	0.1
GGCGGGGT	0.1
CGCGGGGT	0.09
AGCGGGGT	0.1
TCCGGGGT	0.13
GCCGGGGT	0.12
CCCGGGGT	0.11
ACCGGGGT	0.1
TACGGGGT	0.09
GACGGGGT	0.1
CACGGGGT	0.11
TTAGGGGT	0.09
GTAGGGGT	0.11
CTAGGGGT	0.09
ATAGGGGT	0.1
TGAGGGGT	0.11
GGAGGGGT	0.11
CGAGGGGT	0.09
AGAGGGGT	0.09
TCAGGGGT	0.1
GCAGGGGT	0.09
CCAGGGGT	0.1
TAAGGGGT	0.1
GAAGGGGT	0.11
CAAGGGGT	0.1
TTTCGGGT	0.11
GTTCGGGT	0.11
CTTCGGGT	0.11
ATTCGGGT	0.1
TGTCGGGT	0.1
GGTCGGGT	0.09
CGTCGGGT	0.1
AGTCGGGT	0.1
TCTCGGGT	0.11
GCTCGGGT	0.12
CCTCGGGT	0.11
ACTCGGGT	0.1
TATCGGGT	0.09
GATCGGGT	0.1
CATCGGGT	0.1
TTGCGGGT	0.1
GTGCGGGT	0.1
CTGCGGGT	0.11
ATGCGGGT	0.11
TGGCGGGT	0.11
GGGCGGGT	0.11
CGGCGGGT	0.11
AGGCGGGT	0.09
TCGCGGGT	0.1
GCGCGGGT	0.11
CCGCGGGT	0.1
ACGCGGGT	0.1
TAGCGGGT	0.11
GAGCGGGT	0.09
CAGCGGGT	0.11
TTCCGGGT	0.28
GTCCGGGT	0.12
CTCCGGGT	0.13
ATCCGGGT	0.18
TGCCGGGT	0.11
GGCCGGGT	0.1
CGCCGGGT	0.1
AGCCGGGT	0.1
TCCCGGGT	0.14
GCCCGGGT	0.12
CCCCGGGT	0.12
TACCGGGT	0.11
GACCGGGT	0.11
CACCGGGT	0.09
TTACGGGT	0.09
GTACGGGT	0.09
CTACGGGT	0.09
ATACGGGT	0.1
TGACGGGT	0.11
GGACGGGT	0.11
CGACGGGT	0.09
AGACGGGT	0.09
TCACGGGT	0.09
GCACGGGT	0.09
CCACGGGT	0.1
TAACGGGT	0.1
GAACGGGT	0.11
CAACGGGT	0.1
TTTAGGGT	0.1
GTTAGGGT	0.11
CTTAGGGT	0.11
ATTAGGGT	0.1
TGTAGGGT	0.1
GGTAGGGT	0.11
CGTAGGGT	0.1
AGTAGGGT	0.09
TCTAGGGT	0.1
GCTAGGGT	0.09
CCTAGGGT	0.08
ACTAGGGT	0.09
TATAGGGT	0.09
GATAGGGT	0.1
CATAGGGT	0.09
TTGAGGGT	0.11
GTGAGGGT	0.11
CTGAGGGT	0.11
ATGAGGGT	0.1
TGGAGGGT	0.11
GGGAGGGT	0.1
CGGAGGGT	0.09
AGGAGGGT	0.1
TCGAGGGT	0.1
GCGAGGGT	0.11
CCGAGGGT	0.09
ACGAGGGT	0.11
TAGAGGGT	0.09
GAGAGGGT	0.12
CAGAGGGT	0.1
TTCAGGGT	0.1
GTCAGGGT	0.1
CTCAGGGT	0.1
ATCAGGGT	0.09
TGCAGGGT	0.1
GGCAGGGT	0.1
CGCAGGGT	0.09
AGCAGGGT	0.09
TCCAGGGT	0.11
GCCAGGGT	0.09
CCCAGGGT	0.11
TACAGGGT	0.1
GACAGGGT	0.1
CACAGGGT	0.1
TTAAGGGT	0.12
GTAAGGGT	0.11
CTAAGGGT	0.1
ATAAGGGT	0.11
TGAAGGGT	0.11
GGAAGGGT	0.11
CGAAGGGT	0.09
AGAAGGGT	0.1
TCAAGGGT	0.1
GCAAGGGT	0.09
CCAAGGGT	0.1
TAAAGGGT	0.11
GAAAGGGT	0.12
CAAAGGGT	0.1
TTTTCGGT	0.11
GTTTCGGT	0.1
CTTTCGGT	0.12
ATTTCGGT	0.11
TGTTCGGT	0.12
GGTTCGGT	0.1
CGTTCGGT	0.12
AGTTCGGT	0.11
TCTTCGGT	0.12
GCTTCGGT	0.09
CCTTCGGT	0.1
ACTTCGGT	0.1
TATTCGGT	0.11
GATTCGGT	0.11
CATTCGGT	0.1
TTGTCGGT	0.13
GTGTCGGT	0.11
CTGTCGGT	0.12
ATGTCGGT	0.13
TGGTCGGT	0.11
GGGTCGGT	0.09
CGGTCGGT	0.11
AGGTCGGT	0.1
TCGTCGGT	0.1
GCGTCGGT	0.09
CCGTCGGT	0.11
ACGTCGGT	0.12
TAGTCGGT	0.1
GAGTCGGT	0.1
CAGTCGGT	0.09
TTCTCGGT	0.1
GTCTCGGT	0.1
CTCTCGGT	0.11
ATCTCGGT	0.11
TGCTCGGT	0.1
GGCTCGGT	0.09
CGCTCGGT	0.1
AGCTCGGT	0.08
TCCTCGGT	0.11
GCCTCGGT	0.09
CCCTCGGT	0.09
ACCTCGGT	0.09
TACTCGGT	0.09
GACTCGGT	0.1
CACTCGGT	0.09
TTATCGGT	0.12
GTATCGGT	0.1
CTATCGGT	0.1
ATATCGGT	0.1
TGATCGGT	0.11
GGATCGGT	0.12
CGATCGGT	0.1
AGATCGGT	0.09
TCATCGGT	0.11
GCATCGGT	0.11
CCATCGGT	0.1
TAATCGGT	0.1
GAATCGGT	0.1
CAATCGGT	0.1
TTTGCGGT	0.11
GTTGCGGT	0.13
CTTGCGGT	0.1
ATTGCGGT	0.09
TGTGCGGT	0.1
GGTGCGGT	0.1
CGTGCGGT	0.09
AGTGCGGT	0.11
TCTGCGGT	0.1
GCTGCGGT	0.11
CCTGCGGT	0.1
ACTGCGGT	0.11
TATGCGGT	0.11
GATGCGGT	0.1
CATGCGGT	0.1
TTGGCGGT	0.11
GTGGCGGT	0.09
CTGGCGGT	0.11
ATGGCGGT	0.11
TGGGCGGT	0.1
GGGGCGGT	0.09
CGGGCGGT	0.1
AGGGCGGT	0.11
TCGGCGGT	0.11
GCGGCGGT	0.11
CCGGCGGT	0.11
ACGGCGGT	0.1
TAGGCGGT	0.1
GAGGCGGT	0.09
CAGGCGGT	0.1
TTCGCGGT	0.11
GTCGCGGT	0.1
CTCGCGGT	0.09
ATCGCGGT	0.11
TGCGCGGT	0.09
GGCGCGGT	0.1
CGCGCGGT	0.1
AGCGCGGT	0.09
TCCGCGGT	0.12
GCCGCGGT	0.1
CCCGCGGT	0.11
TACGCGGT	0.1
GACGCGGT	0.1
CACGCGGT	0.09
TTAGCGGT	0.09
GTAGCGGT	0.1
CTAGCGGT	0.1
ATAGCGGT	0.1
TGAGCGGT	0.1
GGAGCGGT	0.11
CGAGCGGT	0.1
AGAGCGGT	0.11
TCAGCGGT	0.09
GCAGCGGT	0.1
CCAGCGGT	0.09
TAAGCGGT	0.09
GAAGCGGT	0.1
CAAGCGGT	0.1
TTTCCGGT	0.85
GTTCCGGT	0.49
CTTCCGGT	0.96
ATTCCGGT	0.22
TGTCCGGT	0.27
GGTCCGGT	0.13
CGTCCGGT	0.41
AGTCCGGT	0.13
TCTCCGGT	0.14
GCTCCGGT	0.12
CCTCCGGT	0.16
ACTCCGGT	0.1
TATCCGGT	0.58
GATCCGGT	0.23
CATCCGGT	0.69
TTGCCGGT	0.11
GTGCCGGT	0.11
CTGCCGGT	0.11
ATGCCGGT	0.11
TGGCCGGT	0.12
GGGCCGGT	0.09
CGGCCGGT	0.09
AGGCCGGT	0.1
TCGCCGGT	0.11
GCGCCGGT	0.09
CCGCCGGT	0.11
ACGCCGGT	0.09
TAGCCGGT	0.11
GAGCCGGT	0.09
CAGCCGGT	0.1
TTCCCGGT	0.16
GTCCCGGT	0.12
CTCCCGGT	0.12
ATCCCGGT	0.15
TGCCCGGT	0.11
GGCCCGGT	0.11
CGCCCGGT	0.11
AGCCCGGT	0.1
TCCCCGGT	0.11
GCCCCGGT	0.12
CCCCCGGT	0.11
TACCCGGT	0.1
GACCCGGT	0.11
CACCCGGT	0.11
TTACCGGT	0.13
GTACCGGT	0.12
CTACCGGT	0.14
ATACCGGT	0.12
TGACCGGT	0.11
GGACCGGT	0.11
CGACCGGT	0.12
AGACCGGT	0.11
TCACCGGT	0.1
GCACCGGT	0.11
CCACCGGT	0.12
TAACCGGT	0.12
GAACCGGT	0.11
CAACCGGT	0.12
TTTACGGT	0.1
GTTACGGT	0.1
CTTACGGT	0.11
ATTACGGT	0.11
TGTACGGT	0.09
GGTACGGT	0.09
CGTACGGT	0.1
AGTACGGT	0.1
TCTACGGT	0.1
GCTACGGT	0.09
CCTACGGT	0.09
ACTACGGT	0.1
TATACGGT	0.11
GATACGGT	0.12
CATACGGT	0.09
TTGACGGT	0.11
GTGACGGT	0.12
CTGACGGT	0.11
ATGACGGT	0.12
TGGACGGT	0.1
GGGACGGT	0.08
CGGACGGT	0.12
AGGACGGT	0.1
TCGACGGT	0.1
GCGACGGT	0.1
CCGACGGT	0.09
ACGACGGT	0.1
TAGACGGT	0.09
GAGACGGT	0.1
CAGACGGT	0.1
TTCACGGT	0.11
GTCACGGT	0.09
CTCACGGT	0.1
ATCACGGT	0.1
TGCACGGT	0.08
GGCACGGT	0.09
CGCACGGT	0.1
AGCACGGT	0.08
TCCACGGT	0.1
GCCACGGT	0.1
CCCACGGT	0.08
TACACGGT	0.09
GACACGGT	0.1
CACACGGT	0.09
TTAACGGT	0.1
GTAACGGT	0.11
CTAACGGT	0.09
ATAACGGT	0.1
TGAACGGT	0.1
GGAACGGT	0.12
CGAACGGT	0.1
AGAACGGT	0.1
TCAACGGT	0.09
GCAACGGT	0.1
CCAACGGT	0.09
TAAACGGT	0.11
GAAACGGT	0.12
CAAACGGT	0.1
TTTTAGGT	0.12
GTTTAGGT	0.1
CTTTAGGT	0.08
ATTTAGGT	0.11
TGTTAGGT	0.1
GGTTAGGT	0.1
CGTTAGGT	0.09
AGTTAGGT	0.12
TCTTAGGT	0.09
GCTTAGGT	0.1
CCTTAGGT	0.11
ACTTAGGT	0.1
TATTAGGT	0.12
GATTAGGT	0.1
CATTAGGT	0.08
TTGTAGGT	0.12
GTGTAGGT	0.1
CTGTAGGT	0.11
ATGTAGGT	0.1
TGGTAGGT	0.1
GGGTAGGT	0.09
CGGTAGGT	0.11
AGGTAGGT	0.1
TCGTAGGT	0.1
GCGTAGGT	0.1
CCGTAGGT	0.1
ACGTAGGT	0.1
TAGTAGGT	0.11
GAGTAGGT	0.09
CAGTAGGT	0.12
TTCTAGGT	0.12
GTCTAGGT	0.1
CTCTAGGT	0.09
ATCTAGGT	0.11
TGCTAGGT	0.1
GGCTAGGT	0.11
CGCTAGGT	0.1
AGCTAGGT	0.09
TCCTAGGT	0.11
GCCTAGGT	0.09
CCCTAGGT	0.1
TACTAGGT	0.09
GACTAGGT	0.1
CACTAGGT	0.1
TTATAGGT	0.1
GTATAGGT	0.11
CTATAGGT	0.09
ATATAGGT	0.1
TGATAGGT	0.1
GGATAGGT	0.1
CGATAGGT	0.09
AGATAGGT	0.11
TCATAGGT	0.09
GCATAGGT	0.11
CCATAGGT	0.09
TAATAGGT	0.11
GAATAGGT	0.1
CAATAGGT	0.09
TTTGAGGT	0.1
GTTGAGGT	0.11
CTTGAGGT	0.1
ATTGAGGT	0.1
TGTGAGGT	0.1
GGTGAGGT	0.1
CGTGAGGT	0.11
AGTGAGGT	0.11
TCTGAGGT	0.11
GCTGAGGT	0.1
CCTGAGGT	0.09
ACTGAGGT	0.11
TATGAGGT	0.1
GATGAGGT	0.1
CATGAGGT	0.09
TTGGAGGT	0.1
GTGGAGGT	0.1
CTGGAGGT	0.11
ATGGAGGT	0.11
TGGGAGGT	0.1
GGGGAGGT	0.11
CGGGAGGT	0.11
AGGGAGGT	0.1
TCGGAGGT	0.1
GCGGAGGT	0.1
CCGGAGGT	0.2
ACGGAGGT	0.11
TAGGAGGT	0.1
GAGGAGGT	0.09
CAGGAGGT	0.12
TTCGAGGT	0.1
GTCGAGGT	0.09
CTCGAGGT	0.1
ATCGAGGT	0.09
TGCGAGGT	0.09
GGCGAGGT	0.1
CGCGAGGT	0.1
AGCGAGGT	0.1
TCCGAGGT	0.1
GCCGAGGT	0.09
CCCGAGGT	0.09
TACGAGGT	0.09
GACGAGGT	0.1
CACGAGGT	0.09
TTAGAGGT	0.11
GTAGAGGT	0.09
CTAGAGGT	0.09
ATAGAGGT	0.12
TGAGAGGT	0.1
GGAGAGGT	0.11
CGAGAGGT	0.1
AGAGAGGT	0.09
TCAGAGGT	0.1
GCAGAGGT	0.1
CCAGAGGT	0.09
TAAGAGGT	0.11
GAAGAGGT	0.14
CAAGAGGT	0.08
TTTCAGGT	0.11
GTTCAGGT	0.1
CTTCAGGT	0.11
ATTCAGGT	0.12
TGTCAGGT	0.1
GGTCAGGT	0.11
CGTCAGGT	0.09
AGTCAGGT	0.1
TCTCAGGT	0.1
GCTCAGGT	0.09
CCTCAGGT	0.08
ACTCAGGT	0.1
TATCAGGT	0.1
GATCAGGT	0.11
CATCAGGT	0.09
TTGCAGGT	0.1
GTGCAGGT	0.09
CTGCAGGT	0.08
ATGCAGGT	0.1
TGGCAGGT	0.1
GGGCAGGT	0.1
CGGCAGGT	0.1
AGGCAGGT	0.11
TCGCAGGT	0.1
GCGCAGGT	0.1
CCGCAGGT	0.08
ACGCAGGT	0.09
TAGCAGGT	0.1
GAGCAGGT	0.1
CAGCAGGT	0.1
TTCCAGGT	0.12
GTCCAGGT	0.1
CTCCAGGT	0.09
ATCCAGGT	0.1
TGCCAGGT	0.1
GGCCAGGT	0.09
CGCCAGGT	0.1
AGCCAGGT	0.09
TCCCAGGT	0.11
GCCCAGGT	0.09
CCCCAGGT	0.09
TACCAGGT	0.09
GACCAGGT	0.09
CACCAGGT	0.09
TTACAGGT	0.1
GTACAGGT	0.09
CTACAGGT	0.09
ATACAGGT	0.1
TGACAGGT	0.1
GGACAGGT	0.12
CGACAGGT	0.09
AGACAGGT	0.09
TCACAGGT	0.11
GCACAGGT	0.1
CCACAGGT	0.1
TAACAGGT	0.09
GAACAGGT	0.1
CAACAGGT	0.11
TTTAAGGT	0.11
GTTAAGGT	0.11
CTTAAGGT	0.1
ATTAAGGT	0.1
TGTAAGGT	0.12
GGTAAGGT	0.11
CGTAAGGT	0.11
AGTAAGGT	0.1
TCTAAGGT	0.09
GCTAAGGT	0.1
CCTAAGGT	0.1
ACTAAGGT	0.09
TATAAGGT	0.11
GATAAGGT	0.1
CATAAGGT	0.12
TTGAAGGT	0.1
GTGAAGGT	0.1
CTGAAGGT	0.09
ATGAAGGT	0.1
TGGAAGGT	0.09
GGGAAGGT	0.11
CGGAAGGT	0.19
AGGAAGGT	0.13
TCGAAGGT	0.1
GCGAAGGT	0.09
CCGAAGGT	0.1
ACGAAGGT	0.1
TAGAAGGT	0.09
GAGAAGGT	0.1
CAGAAGGT	0.1
TTCAAGGT	0.1
GTCAAGGT	0.09
CTCAAGGT	0.11
ATCAAGGT	0.11
TGCAAGGT	0.09
GGCAAGGT	0.09
CGCAAGGT	0.1
AGCAAGGT	0.09
TCCAAGGT	0.09
GCCAAGGT	0.09
CCCAAGGT	0.11
TACAAGGT	0.09
GACAAGGT	0.1
CACAAGGT	0.09
TTAAAGGT	0.12
GTAAAGGT	0.11
CTAAAGGT	0.1
ATAAAGGT	0.12
TGAAAGGT	0.1
GGAAAGGT	0.15
CGAAAGGT	0.1
AGAAAGGT	0.12
TCAAAGGT	0.09
GCAAAGGT	0.1
CCAAAGGT	0.1
TAAAAGGT	0.09
GAAAAGGT	0.11
CAAAAGGT	0.1
TTTTTCGT	0.12
GTTTTCGT	0.13
CTTTTCGT	0.12
ATTTTCGT	0.1
TGTTTCGT	0.1
GGTTTCGT	0.1
CGTTTCGT	0.11
AGTTTCGT	0.12
TCTTTCGT	0.1
GCTTTCGT	0.1
CCTTTCGT	0.1
ACTTTCGT	0.1
TATTTCGT	0.09
GATTTCGT	0.1
CATTTCGT	0.11
TTGTTCGT	0.1
GTGTTCGT	0.1
CTGTTCGT	0.1
ATGTTCGT	0.1
TGGTTCGT	0.1
GGGTTCGT	0.1
CGGTTCGT	0.11
AGGTTCGT	0.1
TCGTTCGT	0.11
GCGTTCGT	0.1
CCGTTCGT	0.11
ACGTTCGT	0.09
TAGTTCGT	0.09
GAGTTCGT	0.09
CAGTTCGT	0.1
TTCTTCGT	0.12
GTCTTCGT	0.09
CTCTTCGT	0.11
ATCTTCGT	0.11
TGCTTCGT	0.11
GGCTTCGT	0.09
CGCTTCGT	0.09
AGCTTCGT	0.1
TCCTTCGT	0.1
GCCTTCGT	0.1
CCCTTCGT	0.1
TACTTCGT	0.1
GACTTCGT	0.09
CACTTCGT	0.09
TTATTCGT	0.1
GTATTCGT	0.11
CTATTCGT	0.09
ATATTCGT	0.12
TGATTCGT	0.12
GGATTCGT	0.1
CGATTCGT	0.1
AGATTCGT	0.11
TCATTCGT	0.1
GCATTCGT	0.09
CCATTCGT	0.1
TAATTCGT	0.1
GAATTCGT	0.1
CAATTCGT	0.1
TTTGTCGT	0.11
GTTGTCGT	0.11
CTTGTCGT	0.1
ATTGTCGT	0.11
TGTGTCGT	0.11
GGTGTCGT	0.1
CGTGTCGT	0.1
AGTGTCGT	0.1
TCTGTCGT	0.1
GCTGTCGT	0.1
CCTGTCGT	0.11
ACTGTCGT	0.1
TATGTCGT	0.1
GATGTCGT	0.11
CATGTCGT	0.1
TTGGTCGT	0.11
GTGGTCGT	0.1
CTGGTCGT	0.11
ATGGTCGT	0.09
TGGGTCGT	0.11
GGGGTCGT	0.1
CGGGTCGT	0.1
AGGGTCGT	0.1
TCGGTCGT	0.1
GCGGTCGT	0.09
CCGGTCGT	0.11
ACGGTCGT	0.08
TAGGTCGT	0.1
GAGGTCGT	0.1
CAGGTCGT	0.09
TTCGTCGT	0.12
GTCGTCGT	0.1
CTCGTCGT	0.1
ATCGTCGT	0.1
TGCGTCGT	0.1
GGCGTCGT	0.1
CGCGTCGT	0.09
AGCGTCGT	0.1
TCCGTCGT	0.14
GCCGTCGT	0.09
CCCGTCGT	0.1
TACGTCGT	0.12
GACGTCGT	0.1
CACGTCGT	0.1
TTAGTCGT	0.1
GTAGTCGT	0.11
CTAGTCGT	0.1
ATAGTCGT	0.1
TGAGTCGT	0.1
GGAGTCGT	0.09
CGAGTCGT	0.1
AGAGTCGT	0.09
TCAGTCGT	0.1
GCAGTCGT	0.1
CCAGTCGT	0.09
TAAGTCGT	0.08
GAAGTCGT	0.12
CAAGTCGT	0.1
TTTCTCGT	0.11
GTTCTCGT	0.11
CTTCTCGT	0.1
ATTCTCGT	0.13
TGTCTCGT	0.11
GGTCTCGT	0.1
CGTCTCGT	0.09
AGTCTCGT	0.1
TCTCTCGT	0.12
GCTCTCGT	0.11
CCTCTCGT	0.11
ACTCTCGT	0.09
TATCTCGT	0.1
GATCTCGT	0.1
CATCTCGT	0.09
TTGCTCGT	0.11
GTGCTCGT	0.1
CTGCTCGT	0.1
ATGCTCGT	0.09
TGGCTCGT	0.11
GGGCTCGT	0.09
CGGCTCGT	0.11
AGGCTCGT	0.08
TCGCTCGT	0.1
GCGCTCGT	0.08
CCGCTCGT	0.09
ACGCTCGT	0.09
TAGCTCGT	0.09
GAGCTCGT	0.1
CAGCTCGT	0.11
TTCCTCGT	0.13
GTCCTCGT	0.1
CTCCTCGT	0.09
ATCCTCGT	0.1
TGCCTCGT	0.1
GGCCTCGT	0.1
CGCCTCGT	0.09
AGCCTCGT	0.09
TCCCTCGT	0.11
GCCCTCGT	0.09
CCCCTCGT	0.09
TACCTCGT	0.09
GACCTCGT	0.1
CACCTCGT	0.08
TTACTCGT	0.1
GTACTCGT	0.1
CTACTCGT	0.11
ATACTCGT	0.1
TGACTCGT	0.1
GGACTCGT	0.09
CGACTCGT	0.1
AGACTCGT	0.09
TCACTCGT	0.1
GCACTCGT	0.09
CCACTCGT	0.09
TAACTCGT	0.1
GAACTCGT	0.09
CAACTCGT	0.09
TTTATCGT	0.1
GTTATCGT	0.11
CTTATCGT	0.11
ATTATCGT	0.11
TGTATCGT	0.09
GGTATCGT	0.11
CGTATCGT	0.1
AGTATCGT	0.09
TCTATCGT	0.11
GCTATCGT	0.11
CCTATCGT	0.09
ACTATCGT	0.09
TATATCGT	0.1
GATATCGT	0.1
CATATCGT	0.1
TTGATCGT	0.11
GTGATCGT	0.1
CTGATCGT	0.08
ATGATCGT	0.09
TGGATCGT	0.09
GGGATCGT	0.11
CGGATCGT	0.11
AGGATCGT	0.1
TCGATCGT	0.09
GCGATCGT	0.08
CCGATCGT	0.11
TAGATCGT	0.11
GAGATCGT	0.1
CAGATCGT	0.09
TTCATCGT	0.11
GTCATCGT	0.09
CTCATCGT	0.1
ATCATCGT	0.09
TGCATCGT	0.11
GGCATCGT	0.08
CGCATCGT	0.09
AGCATCGT	0.1
TCCATCGT	0.1
GCCATCGT	0.11
CCCATCGT	0.1
TACATCGT	0.09
GACATCGT	0.1
CACATCGT	0.11
TTAATCGT	0.1
GTAATCGT	0.09
CTAATCGT	0.11
ATAATCGT	0.1
TGAATCGT	0.11
GGAATCGT	0.12
CGAATCGT	0.1
AGAATCGT	0.09
TCAATCGT	0.09
GCAATCGT	0.1
CCAATCGT	0.1
TAAATCGT	0.11
GAAATCGT	0.11
CAAATCGT	0.1
TTTTGCGT	0.1
GTTTGCGT	0.09
CTTTGCGT	0.1
ATTTGCGT	0.1
TGTTGCGT	0.1
GGTTGCGT	0.1
CGTTGCGT	0.1
AGTTGCGT	0.1
TCTTGCGT	0.12
GCTTGCGT	0.1
CCTTGCGT	0.1
ACTTGCGT	0.08
TATTGCGT	0.1
GATTGCGT	0.1
CATTGCGT	0.1
TTGTGCGT	0.1
GTGTGCGT	0.11
CTGTGCGT	0.1
ATGTGCGT	0.1
TGGTGCGT	0.1
GGGTGCGT	0.1
CGGTGCGT	0.11
AGGTGCGT	0.09
TCGTGCGT	0.11
GCGTGCGT	0.11
CCGTGCGT	0.1
ACGTGCGT	0.09
TAGTGCGT	0.11
GAGTGCGT	0.09
CAGTGCGT	0.09
TTCTGCGT	0.1
GTCTGCGT	0.1
CTCTGCGT	0.1
ATCTGCGT	0.1
TGCTGCGT	0.1
GGCTGCGT	0.09
CGCTGCGT	0.1
AGCTGCGT	0.09
TCCTGCGT	0.12
GCCTGCGT	0.1
CCCTGCGT	0.1
TACTGCGT	0.1
GACTGCGT	0.08
CACTGCGT	0.08
TTATGCGT	0.09
GTATGCGT	0.09
CTATGCGT	0.11
ATATGCGT	0.11
TGATGCGT	0.11
GGATGCGT	0.13
CGATGCGT	0.09
AGATGCGT	0.09
TCATGCGT	0.09
GCATGCGT	0.1
CCATGCGT	0.09
TAATGCGT	0.09
GAATGCGT	0.1
CAATGCGT	0.09
TTTGGCGT	0.11
GTTGGCGT	0.11
CTTGGCGT	0.09
ATTGGCGT	0.11
TGTGGCGT	0.11
GGTGGCGT	0.1
CGTGGCGT	0.08
AGTGGCGT	0.09
TCTGGCGT	0.09
GCTGGCGT	0.09
CCTGGCGT	0.1
ACTGGCGT	0.1
TATGGCGT	0.09
GATGGCGT	0.1
CATGGCGT	0.09
TTGGGCGT	0.11
GTGGGCGT	0.1
CTGGGCGT	0.1
ATGGGCGT	0.08
TGGGGCGT	0.12
GGGGGCGT	0.11
CGGGGCGT	0.11
AGGGGCGT	0.09
TCGGGCGT	0.09
GCGGGCGT	0.09
CCGGGCGT	0.11
ACGGGCGT	0.1
TAGGGCGT	0.09
GAGGGCGT	0.09
CAGGGCGT	0.09
TTCGGCGT	0.11
GTCGGCGT	0.12
CTCGGCGT	0.09
ATCGGCGT	0.1
TGCGGCGT	0.1
GGCGGCGT	0.1
CGCGGCGT	0.1
AGCGGCGT	0.1
TCCGGCGT	0.16
GCCGGCGT	0.12
CCCGGCGT	0.11
TACGGCGT	0.1
GACGGCGT	0.1
CACGGCGT	0.1
TTAGGCGT	0.1
GTAGGCGT	0.1
CTAGGCGT	0.1
ATAGGCGT	0.1
TGAGGCGT	0.09
GGAGGCGT	0.09
CGAGGCGT	0.08
AGAGGCGT	0.11
TCAGGCGT	0.1
GCAGGCGT	0.09
CCAGGCGT	0.1
TAAGGCGT	0.1
GAAGGCGT	0.09
CAAGGCGT	0.09
TTTCGCGT	0.11
GTTCGCGT	0.09
CTTCGCGT	0.11
ATTCGCGT	0.1
TGTCGCGT	0.08
GGTCGCGT	0.08
CGTCGCGT	0.1
AGTCGCGT	0.1
TCTCGCGT	0.1
GCTCGCGT	0.1
CCTCGCGT	0.1
ACTCGCGT	0.1
TATCGCGT	0.1
GATCGCGT	0.1
CATCGCGT	0.1
TTGCGCGT	0.1
GTGCGCGT	0.1
CTGCGCGT	0.09
ATGCGCGT	0.09
TGGCGCGT	0.1
GGGCGCGT	0.1
CGGCGCGT	0.1
AGGCGCGT	0.11
TCGCGCGT	0.1
GCGCGCGT	0.1
CCGCGCGT	0.1
TAGCGCGT	0.1
GAGCGCGT	0.1
CAGCGCGT	0.09
TTCCGCGT	0.15
GTCCGCGT	0.12
CTCCGCGT	0.1
ATCCGCGT	0.13
TGCCGCGT	0.1
GGCCGCGT	0.09
CGCCGCGT	0.11
AGCCGCGT	0.1
TCCCGCGT	0.13
GCCCGCGT	0.1
CCCCGCGT	0.1
TACCGCGT	0.09
GACCGCGT	0.1
CACCGCGT	0.09
TTACGCGT	0.09
GTACGCGT	0.09
CTACGCGT	0.08
ATACGCGT	0.1
TGACGCGT	0.11
GGACGCGT	0.11
CGACGCGT	0.09
AGACGCGT	0.1
TCACGCGT	0.1
GCACGCGT	0.09
CCACGCGT	0.09
TAACGCGT	0.1
GAACGCGT	0.09
CAACGCGT	0.11
TTTAGCGT	0.09
GTTAGCGT	0.09
CTTAGCGT	0.09
ATTAGCGT	0.1
TGTAGCGT	0.11
GGTAGCGT	0.1
CGTAGCGT	0.09
AGTAGCGT	0.1
TCTAGCGT	0.1
GCTAGCGT	0.09
CCTAGCGT	0.08
ACTAGCGT	0.1
TATAGCGT	0.11
GATAGCGT	0.09
CATAGCGT	0.09
TTGAGCGT	0.1
GTGAGCGT	0.11
CTGAGCGT	0.09
ATGAGCGT	0.1
TGGAGCGT	0.1
GGGAGCGT	0.1
CGGAGCGT	0.1
AGGAGCGT	0.1
TCGAGCGT	0.1
GCGAGCGT	0.1
CCGAGCGT	0.11
TAGAGCGT	0.09
GAGAGCGT	0.1
CAGAGCGT	0.1
TTCAGCGT	0.11
GTCAGCGT	0.1
CTCAGCGT	0.09
ATCAGCGT	0.09
TGCAGCGT	0.09
GGCAGCGT	0.1
CGCAGCGT	0.1
AGCAGCGT	0.08
TCCAGCGT	0.1
GCCAGCGT	0.09
CCCAGCGT	0.09
TACAGCGT	0.1
GACAGCGT	0.1
CACAGCGT	0.1
TTAAGCGT	0.1
GTAAGCGT	0.09
CTAAGCGT	0.1
ATAAGCGT	0.1
TGAAGCGT	0.1
GGAAGCGT	0.14
CGAAGCGT	0.09
AGAAGCGT	0.09
TCAAGCGT	0.11
GCAAGCGT	0.09
CCAAGCGT	0.09
TAAAGCGT	0.12
GAAAGCGT	0.09
CAAAGCGT	0.1
TTTTCCGT	0.17
GTTTCCGT	0.39
CTTTCCGT	0.16
ATTTCCGT	0.52
TGTTCCGT	0.14
GGTTCCGT	0.13
CGTTCCGT	0.1
AGTTCCGT	0.18
TCTTCCGT	0.23
GCTTCCGT	0.38
CCTTCCGT	0.2
ACTTCCGT	0.58
TATTCCGT	0.13
GATTCCGT	0.12
CATTCCGT	0.1
TTGTCCGT	0.11
GTGTCCGT	0.11
CTGTCCGT	0.1
ATGTCCGT	0.14
TGGTCCGT	0.11
GGGTCCGT	0.09
CGGTCCGT	0.1
AGGTCCGT	0.1
TCGTCCGT	0.11
GCGTCCGT	0.13
CCGTCCGT	0.11
ACGTCCGT	0.17
TAGTCCGT	0.1
GAGTCCGT	0.09
CAGTCCGT	0.11
TTCTCCGT	0.13
GTCTCCGT	0.11
CTCTCCGT	0.11
ATCTCCGT	0.1
TGCTCCGT	0.11
GGCTCCGT	0.09
CGCTCCGT	0.11
AGCTCCGT	0.09
TCCTCCGT	0.1
GCCTCCGT	0.1
CCCTCCGT	0.1
TACTCCGT	0.1
GACTCCGT	0.11
CACTCCGT	0.1
TTATCCGT	0.16
GTATCCGT	0.21
CTATCCGT	0.12
ATATCCGT	0.38
TGATCCGT	0.1
GGATCCGT	0.11
CGATCCGT	0.1
AGATCCGT	0.13
TCATCCGT	0.14
GCATCCGT	0.28
CCATCCGT	0.16
TAATCCGT	0.11
GAATCCGT	0.11
CAATCCGT	0.11
TTTGCCGT	0.1
GTTGCCGT	0.09
CTTGCCGT	0.1
ATTGCCGT	0.09
TGTGCCGT	0.09
GGTGCCGT	0.1
CGTGCCGT	0.09
AGTGCCGT	0.09
TCTGCCGT	0.1
GCTGCCGT	0.09
CCTGCCGT	0.1
ACTGCCGT	0.1
TATGCCGT	0.1
GATGCCGT	0.11
CATGCCGT	0.09
TTGGCCGT	0.1
GTGGCCGT	0.1
CTGGCCGT	0.1
ATGGCCGT	0.09
TGGGCCGT	0.09
GGGGCCGT	0.09
CGGGCCGT	0.11
AGGGCCGT	0.09
TCGGCCGT	0.1
GCGGCCGT	0.09
CCGGCCGT	0.13
TAGGCCGT	0.1
GAGGCCGT	0.1
CAGGCCGT	0.1
TTCGCCGT	0.11
GTCGCCGT	0.1
CTCGCCGT	0.1
ATCGCCGT	0.1
TGCGCCGT	0.09
GGCGCCGT	0.09
CGCGCCGT	0.09
AGCGCCGT	0.08
TCCGCCGT	0.14
GCCGCCGT	0.1
CCCGCCGT	0.1
TACGCCGT	0.1
GACGCCGT	0.1
CACGCCGT	0.09
TTAGCCGT	0.1
GTAGCCGT	0.1
CTAGCCGT	0.1
ATAGCCGT	0.09
TGAGCCGT	0.1
GGAGCCGT	0.09
CGAGCCGT	0.11
AGAGCCGT	0.1
TCAGCCGT	0.09
GCAGCCGT	0.09
CCAGCCGT	0.1
TAAGCCGT	0.11
GAAGCCGT	0.11
CAAGCCGT	0.11
TTTCCCGT	0.23
GTTCCCGT	0.1
CTTCCCGT	0.21
ATTCCCGT	0.11
TGTCCCGT	0.1
GGTCCCGT	0.09
CGTCCCGT	0.11
AGTCCCGT	0.09
TCTCCCGT	0.1
GCTCCCGT	0.09
CCTCCCGT	0.11
ACTCCCGT	0.11
TATCCCGT	0.13
GATCCCGT	0.09
CATCCCGT	0.16
TTGCCCGT	0.1
GTGCCCGT	0.09
CTGCCCGT	0.1
ATGCCCGT	0.1
TGGCCCGT	0.09
GGGCCCGT	0.09
CGGCCCGT	0.09
AGGCCCGT	0.1
TCGCCCGT	0.09
GCGCCCGT	0.09
CCGCCCGT	0.1
TAGCCCGT	0.09
GAGCCCGT	0.08
CAGCCCGT	0.1
TTCCCCGT	0.13
GTCCCCGT	0.1
CTCCCCGT	0.09
ATCCCCGT	0.1
TGCCCCGT	0.09
GGCCCCGT	0.09
CGCCCCGT	0.12
AGCCCCGT	0.11
TCCCCCGT	0.13
GCCCCCGT	0.12
CCCCCCGT	0.1
TACCCCGT	0.12
GACCCCGT	0.1
CACCCCGT	0.09
TTACCCGT	0.11
GTACCCGT	0.1
CTACCCGT	0.1
ATACCCGT	0.11
TGACCCGT	0.08
GGACCCGT	0.1
CGACCCGT	0.1
AGACCCGT	0.09
TCACCCGT	0.1
GCACCCGT	0.09
CCACCCGT	0.1
TAACCCGT	0.09
GAACCCGT	0.09
CAACCCGT	0.08
TTTACCGT	0.11
GTTACCGT	0.1
CTTACCGT	0.1
ATTACCGT	0.1
TGTACCGT	0.1
GGTACCGT	0.1
CGTACCGT	0.1
AGTACCGT	0.09
TCTACCGT	0.1
GCTACCGT	0.1
CCTACCGT	0.11
ACTACCGT	0.11
TATACCGT	0.1
GATACCGT	0.1
CATACCGT	0.11
TTGACCGT	0.11
GTGACCGT	0.09
CTGACCGT	0.1
ATGACCGT	0.09
TGGACCGT	0.1
GGGACCGT	0.09
CGGACCGT	0.09
AGGACCGT	0.09
TCGACCGT	0.1
GCGACCGT	0.09
CCGACCGT	0.09
TAGACCGT	0.1
GAGACCGT	0.1
CAGACCGT	0.11
TTCACCGT	0.11
GTCACCGT	0.1
CTCACCGT	0.1
ATCACCGT	0.1
TGCACCGT	0.1
GGCACCGT	0.09
CGCACCGT	0.1
AGCACCGT	0.09
TCCACCGT	0.09
GCCACCGT	0.1
CCCACCGT	0.1
TACACCGT	0.1
GACACCGT	0.09
CACACCGT	0.1
TTAACCGT	0.1
GTAACCGT	0.1
CTAACCGT	0.09
ATAACCGT	0.11
TGAACCGT	0.1
GGAACCGT	0.1
CGAACCGT	0.11
AGAACCGT	0.1
TCAACCGT	0.11
GCAACCGT	0.1
CCAACCGT	0.09
TAAACCGT	0.1
GAAACCGT	0.11
CAAACCGT	0.09
TTTTACGT	0.12
GTTTACGT	0.09
CTTTACGT	0.11
ATTTACGT	0.11
TGTTACGT	0.1
GGTTACGT	0.11
CGTTACGT	0.1
AGTTACGT	0.1
TCTTACGT	0.09
GCTTACGT	0.1
CCTTACGT	0.11
ACTTACGT	0.09
TATTACGT	0.1
GATTACGT	0.1
CATTACGT	0.09
TTGTACGT	0.1
GTGTACGT	0.1
CTGTACGT	0.1
ATGTACGT	0.11
TGGTACGT	0.1
GGGTACGT	0.1
CGGTACGT	0.1
AGGTACGT	0.09
TCGTACGT	0.09
GCGTACGT	0.1
CCGTACGT	0.1
TAGTACGT	0.09
GAGTACGT	0.1
CAGTACGT	0.09
TTCTACGT	0.1
GTCTACGT	0.09
CTCTACGT	0.1
ATCTACGT	0.1
TGCTACGT	0.09
GGCTACGT	0.1
CGCTACGT	0.1
AGCTACGT	0.09
TCCTACGT	0.1
GCCTACGT	0.09
CCCTACGT	0.1
TACTACGT	0.1
GACTACGT	0.09
CACTACGT	0.08
TTATACGT	0.1
GTATACGT	0.11
CTATACGT	0.12
ATATACGT	0.1
TGATACGT	0.11
GGATACGT	0.11
CGATACGT	0.09
AGATACGT	0.1
TCATACGT	0.11
GCATACGT	0.1
CCATACGT	0.09
TAATACGT	0.11
GAATACGT	0.09
CAATACGT	0.09
TTTGACGT	0.1
GTTGACGT	0.11
CTTGACGT	0.09
ATTGACGT	0.1
TGTGACGT	0.08
GGTGACGT	0.1
CGTGACGT	0.1
AGTGACGT	0.1
TCTGACGT	0.1
GCTGACGT	0.09
CCTGACGT	0.09
ACTGACGT	0.08
TATGACGT	0.11
GATGACGT	0.09
CATGACGT	0.09
TTGGACGT	0.1
GTGGACGT	0.1
CTGGACGT	0.1
ATGGACGT	0.1
TGGGACGT	0.09
GGGGACGT	0.1
CGGGACGT	0.12
AGGGACGT	0.1
TCGGACGT	0.13
GCGGACGT	0.21
CCGGACGT	0.39
TAGGACGT	0.11
GAGGACGT	0.12
CAGGACGT	0.17
TTCGACGT	0.1
GTCGACGT	0.1
CTCGACGT	0.09
ATCGACGT	0.1
TGCGACGT	0.1
GGCGACGT	0.09
CGCGACGT	0.1
AGCGACGT	0.1
TCCGACGT	0.12
GCCGACGT	0.09
CCCGACGT	0.1
TACGACGT	0.11
GACGACGT	0.09
CACGACGT	0.11
TTAGACGT	0.1
GTAGACGT	0.11
CTAGACGT	0.1
ATAGACGT	0.1
TGAGACGT	0.11
GGAGACGT	0.1
CGAGACGT	0.08
AGAGACGT	0.1
TCAGACGT	0.09
GCAGACGT	0.1
CCAGACGT	0.1
TAAGACGT	0.09
GAAGACGT	0.1
CAAGACGT	0.1
TTTCACGT	0.11
GTTCACGT	0.1
CTTCACGT	0.1
ATTCACGT	0.1
TGTCACGT	0.09
GGTCACGT	0.09
CGTCACGT	0.11
AGTCACGT	0.09
TCTCACGT	0.09
GCTCACGT	0.09
CCTCACGT	0.1
ACTCACGT	0.08
TATCACGT	0.09
GATCACGT	0.1
CATCACGT	0.1
TTGCACGT	0.09
GTGCACGT	0.09
CTGCACGT	0.09
ATGCACGT	0.09
TGGCACGT	0.1
GGGCACGT	0.09
CGGCACGT	0.09
AGGCACGT	0.1
TCGCACGT	0.09
GCGCACGT	0.09
CCGCACGT	0.1
TAGCACGT	0.1
GAGCACGT	0.08
CAGCACGT	0.1
TTCCACGT	0.12
GTCCACGT	0.1
CTCCACGT	0.1
ATCCACGT	0.1
TGCCACGT	0.09
GGCCACGT	0.09
CGCCACGT	0.08
AGCCACGT	0.09
TCCCACGT	0.11
GCCCACGT	0.1
CCCCACGT	0.1
TACCACGT	0.1
GACCACGT	0.08
CACCACGT	0.11
TTACACGT	0.1
GTACACGT	0.09
CTACACGT	0.09
ATACACGT	0.1
TGACACGT	0.09
GGACACGT	0.1
CGACACGT	0.09
AGACACGT	0.09
TCACACGT	0.1
GCACACGT	0.08
CCACACGT	0.08
TAACACGT	0.1
GAACACGT	0.08
CAACACGT	0.11
TTTAACGT	0.1
GTTAACGT	0.09
CTTAACGT	0.11
ATTAACGT	0.11
TGTAACGT	0.09
GGTAACGT	0.09
CGTAACGT	0.09
AGTAACGT	0.09
TCTAACGT	0.1
GCTAACGT	0.1
CCTAACGT	0.1
ACTAACGT	0.09
TATAACGT	0.1
GATAACGT	0.1
CATAACGT	0.1
TTGAACGT	0.09
GTGAACGT	0.1
CTGAACGT	0.08
ATGAACGT	0.09
TGGAACGT	0.11
GGGAACGT	0.1
CGGAACGT	0.1
AGGAACGT	0.1
TCGAACGT	0.09
GCGAACGT	0.09
CCGAACGT	0.1
TAGAACGT	0.1
GAGAACGT	0.1
CAGAACGT	0.09
TTCAACGT	0.1
GTCAACGT	0.09
CTCAACGT	0.1
ATCAACGT	0.11
TGCAACGT	0.09
GGCAACGT	0.09
CGCAACGT	0.1
AGCAACGT	0.1
TCCAACGT	0.09
GCCAACGT	0.09
CCCAACGT	0.08
TACAACGT	0.1
GACAACGT	0.1
CACAACGT	0.1
TTAAACGT	0.1
GTAAACGT	0.09
CTAAACGT	0.1
ATAAACGT	0.1
TGAAACGT	0.1
GGAAACGT	0.21
CGAAACGT	0.1
AGAAACGT	0.1
TCAAACGT	0.12
GCAAACGT	0.1
CCAAACGT	0.1
TAAAACGT	0.12
GAAAACGT	0.13
CAAAACGT	0.1
TTTTTAGT	0.12
GTTTTAGT	0.11
CTTTTAGT	0.1
ATTTTAGT	0.11
TGTTTAGT	0.11
GGTTTAGT	0.11
CGTTTAGT	0.11
AGTTTAGT	0.1
TCTTTAGT	0.11
GCTTTAGT	0.1
CCTTTAGT	0.11
ACTTTAGT	0.09
TATTTAGT	0.12
GATTTAGT	0.11
CATTTAGT	0.11
TTGTTAGT	0.1
GTGTTAGT	0.1
CTGTTAGT	0.11
ATGTTAGT	0.13
TGGTTAGT	0.11
GGGTTAGT	0.12
CGGTTAGT	0.1
AGGTTAGT	0.11
TCGTTAGT	0.1
GCGTTAGT	0.08
CCGTTAGT	0.11
TAGTTAGT	0.1
GAGTTAGT	0.1
CAGTTAGT	0.11
TTCTTAGT	0.1
GTCTTAGT	0.09
CTCTTAGT	0.11
ATCTTAGT	0.11
TGCTTAGT	0.09
GGCTTAGT	0.11
CGCTTAGT	0.1
AGCTTAGT	0.1
TCCTTAGT	0.13
GCCTTAGT	0.1
CCCTTAGT	0.1
TACTTAGT	0.1
GACTTAGT	0.1
CACTTAGT	0.1
TTATTAGT	0.11
GTATTAGT	0.12
CTATTAGT	0.12
ATATTAGT	0.12
TGATTAGT	0.11
GGATTAGT	0.11
CGATTAGT	0.11
AGATTAGT	0.1
TCATTAGT	0.12
GCATTAGT	0.13
CCATTAGT	0.11
TAATTAGT	0.11
GAATTAGT	0.1
CAATTAGT	0.1
TTTGTAGT	0.12
GTTGTAGT	0.11
CTTGTAGT	0.1
ATTGTAGT	0.11
TGTGTAGT	0.12
GGTGTAGT	0.11
CGTGTAGT	0.08
AGTGTAGT	0.09
TCTGTAGT	0.11
GCTGTAGT	0.09
CCTGTAGT	0.1
ACTGTAGT	0.08
TATGTAGT	0.12
GATGTAGT	0.11
CATGTAGT	0.09
TTGGTAGT	0.11
GTGGTAGT	0.12
CTGGTAGT	0.09
ATGGTAGT	0.1
TGGGTAGT	0.11
GGGGTAGT	0.11
CGGGTAGT	0.1
AGGGTAGT	0.1
TCGGTAGT	0.1
GCGGTAGT	0.11
CCGGTAGT	0.17
TAGGTAGT	0.11
GAGGTAGT	0.1
CAGGTAGT	0.11
TTCGTAGT	0.1
GTCGTAGT	0.1
CTCGTAGT	0.11
ATCGTAGT	0.11
TGCGTAGT	0.1
GGCGTAGT	0.09
CGCGTAGT	0.09
AGCGTAGT	0.09
TCCGTAGT	0.12
GCCGTAGT	0.1
CCCGTAGT	0.12
TACGTAGT	0.09
GACGTAGT	0.1
CACGTAGT	0.07
TTAGTAGT	0.12
GTAGTAGT	0.1
CTAGTAGT	0.11
ATAGTAGT	0.11
TGAGTAGT	0.12
GGAGTAGT	0.11
CGAGTAGT	0.1
AGAGTAGT	0.11
TCAGTAGT	0.1
GCAGTAGT	0.1
CCAGTAGT	0.1
TAAGTAGT	0.1
GAAGTAGT	0.1
CAAGTAGT	0.1
TTTCTAGT	0.13
GTTCTAGT	0.11
CTTCTAGT	0.1
ATTCTAGT	0.11
TGTCTAGT	0.11
GGTCTAGT	0.11
CGTCTAGT	0.11
AGTCTAGT	0.1
TCTCTAGT	0.1
GCTCTAGT	0.1
CCTCTAGT	0.1
ACTCTAGT	0.1
TATCTAGT	0.1
GATCTAGT	0.09
CATCTAGT	0.1
TTGCTAGT	0.11
GTGCTAGT	0.1
CTGCTAGT	0.1
ATGCTAGT	0.09
TGGCTAGT	0.11
GGGCTAGT	0.08
CGGCTAGT	0.1
AGGCTAGT	0.1
TCGCTAGT	0.09
GCGCTAGT	0.1
CCGCTAGT	0.11
TAGCTAGT	0.09
GAGCTAGT	0.09
CAGCTAGT	0.09
TTCCTAGT	0.12
GTCCTAGT	0.12
CTCCTAGT	0.1
ATCCTAGT	0.1
TGCCTAGT	0.09
GGCCTAGT	0.09
CGCCTAGT	0.11
AGCCTAGT	0.1
TCCCTAGT	0.09
GCCCTAGT	0.09
CCCCTAGT	0.11
TACCTAGT	0.1
GACCTAGT	0.1
CACCTAGT	0.1
TTACTAGT	0.11
GTACTAGT	0.1
CTACTAGT	0.09
ATACTAGT	0.1
TGACTAGT	0.08
GGACTAGT	0.09
CGACTAGT	0.1
AGACTAGT	0.08
TCACTAGT	0.09
GCACTAGT	0.09
CCACTAGT	0.1
TAACTAGT	0.1
GAACTAGT	0.11
CAACTAGT	0.09
TTTATAGT	0.12
GTTATAGT	0.11
CTTATAGT	0.11
ATTATAGT	0.1
TGTATAGT	0.1
GGTATAGT	0.11
CGTATAGT	0.11
AGTATAGT	0.1
TCTATAGT	0.12
GCTATAGT	0.09
CCTATAGT	0.09
TATATAGT	0.1
GATATAGT	0.11
CATATAGT	0.1
TTGATAGT	0.1
GTGATAGT	0.1
CTGATAGT	0.1
ATGATAGT	0.1
TGGATAGT	0.09
GGGATAGT	0.08
CGGATAGT	0.12
AGGATAGT	0.13
TCGATAGT	0.09
GCGATAGT	0.1
CCGATAGT	0.09
TAGATAGT	0.1
GAGATAGT	0.11
CAGATAGT	0.1
TTCATAGT	0.1
GTCATAGT	0.11
CTCATAGT	0.09
ATCATAGT	0.11
TGCATAGT	0.1
GGCATAGT	0.1
CGCATAGT	0.11
AGCATAGT	0.11
TCCATAGT	0.1
GCCATAGT	0.1
CCCATAGT	0.1
TACATAGT	0.09
GACATAGT	0.11
CACATAGT	0.1
TTAATAGT	0.12
GTAATAGT	0.1
CTAATAGT	0.1
ATAATAGT	0.1
TGAATAGT	0.1
GGAATAGT	0.11
CGAATAGT	0.1
AGAATAGT	0.11
TCAATAGT	0.11
GCAATAGT	0.11
CCAATAGT	0.1
TAAATAGT	0.11
GAAATAGT	0.1
CAAATAGT	0.11
TTTTGAGT	0.12
GTTTGAGT	0.11
CTTTGAGT	0.1
ATTTGAGT	0.09
TGTTGAGT	0.1
GGTTGAGT	0.12
CGTTGAGT	0.1
AGTTGAGT	0.11
TCTTGAGT	0.1
GCTTGAGT	0.11
CCTTGAGT	0.11
ACTTGAGT	0.1
TATTGAGT	0.11
GATTGAGT	0.1
CATTGAGT	0.1
TTGTGAGT	0.1
GTGTGAGT	0.1
CTGTGAGT	0.1
ATGTGAGT	0.1
TGGTGAGT	0.1
GGGTGAGT	0.11
CGGTGAGT	0.11
AGGTGAGT	0.1
TCGTGAGT	0.09
GCGTGAGT	0.09
CCGTGAGT	0.11
TAGTGAGT	0.11
GAGTGAGT	0.1
CAGTGAGT	0.09
TTCTGAGT	0.11
GTCTGAGT	0.11
CTCTGAGT	0.12
ATCTGAGT	0.1
TGCTGAGT	0.11
GGCTGAGT	0.09
CGCTGAGT	0.1
AGCTGAGT	0.09
TCCTGAGT	0.14
GCCTGAGT	0.11
CCCTGAGT	0.1
TACTGAGT	0.11
GACTGAGT	0.1
CACTGAGT	0.11
TTATGAGT	0.1
GTATGAGT	0.1
CTATGAGT	0.1
ATATGAGT	0.1
TGATGAGT	0.09
GGATGAGT	0.11
CGATGAGT	0.11
AGATGAGT	0.1
TCATGAGT	0.1
GCATGAGT	0.1
CCATGAGT	0.09
TAATGAGT	0.11
GAATGAGT	0.11
CAATGAGT	0.1
TTTGGAGT	0.1
GTTGGAGT	0.1
CTTGGAGT	0.09
ATTGGAGT	0.1
TGTGGAGT	0.1
GGTGGAGT	0.1
CGTGGAGT	0.1
AGTGGAGT	0.1
TCTGGAGT	0.1
GCTGGAGT	0.11
CCTGGAGT	0.11
ACTGGAGT	0.09
TATGGAGT	0.11
GATGGAGT	0.11
CATGGAGT	0.09
TTGGGAGT	0.11
GTGGGAGT	0.11
CTGGGAGT	0.1
ATGGGAGT	0.11
TGGGGAGT	0.12
GGGGGAGT	0.1
CGGGGAGT	0.1
AGGGGAGT	0.11
TCGGGAGT	0.09
GCGGGAGT	0.11
CCGGGAGT	0.11
TAGGGAGT	0.1
GAGGGAGT	0.09
CAGGGAGT	0.12
TTCGGAGT	0.11
GTCGGAGT	0.11
CTCGGAGT	0.11
ATCGGAGT	0.11
TGCGGAGT	0.1
GGCGGAGT	0.1
CGCGGAGT	0.1
AGCGGAGT	0.1
TCCGGAGT	0.16
GCCGGAGT	0.11
CCCGGAGT	0.11
TACGGAGT	0.11
GACGGAGT	0.1
CACGGAGT	0.1
TTAGGAGT	0.11
GTAGGAGT	0.1
CTAGGAGT	0.1
ATAGGAGT	0.1
TGAGGAGT	0.09
GGAGGAGT	0.1
CGAGGAGT	0.1
AGAGGAGT	0.1
TCAGGAGT	0.11
GCAGGAGT	0.11
CCAGGAGT	0.1
TAAGGAGT	0.1
GAAGGAGT	0.1
CAAGGAGT	0.11
TTTCGAGT	0.11
GTTCGAGT	0.09
CTTCGAGT	0.1
ATTCGAGT	0.09
TGTCGAGT	0.1
GGTCGAGT	0.09
CGTCGAGT	0.1
AGTCGAGT	0.1
TCTCGAGT	0.09
GCTCGAGT	0.09
CCTCGAGT	0.1
TATCGAGT	0.11
GATCGAGT	0.1
CATCGAGT	0.1
TTGCGAGT	0.1
GTGCGAGT	0.09
CTGCGAGT	0.09
ATGCGAGT	0.09
TGGCGAGT	0.1
GGGCGAGT	0.09
CGGCGAGT	0.11
AGGCGAGT	0.1
TCGCGAGT	0.09
GCGCGAGT	0.09
CCGCGAGT	0.1
TAGCGAGT	0.1
GAGCGAGT	0.11
CAGCGAGT	0.09
TTCCGAGT	0.13
GTCCGAGT	0.1
CTCCGAGT	0.1
ATCCGAGT	0.1
TGCCGAGT	0.09
GGCCGAGT	0.09
CGCCGAGT	0.09
AGCCGAGT	0.1
TCCCGAGT	0.09
GCCCGAGT	0.09
CCCCGAGT	0.1
TACCGAGT	0.11
GACCGAGT	0.09
CACCGAGT	0.09
TTACGAGT	0.12
GTACGAGT	0.1
CTACGAGT	0.09
ATACGAGT	0.1
TGACGAGT	0.1
GGACGAGT	0.09
CGACGAGT	0.1
AGACGAGT	0.09
TCACGAGT	0.09
GCACGAGT	0.09
CCACGAGT	0.09
TAACGAGT	0.1
GAACGAGT	0.09
CAACGAGT	0.09
TTTAGAGT	0.1
GTTAGAGT	0.11
CTTAGAGT	0.12
ATTAGAGT	0.1
TGTAGAGT	0.09
GGTAGAGT	0.11
CGTAGAGT	0.09
AGTAGAGT	0.12
TCTAGAGT	0.1
GCTAGAGT	0.1
CCTAGAGT	0.1
TATAGAGT	0.11
GATAGAGT	0.12
CATAGAGT	0.1
TTGAGAGT	0.09
GTGAGAGT	0.11
CTGAGAGT	0.1
ATGAGAGT	0.1
TGGAGAGT	0.1
GGGAGAGT	0.11
CGGAGAGT	0.11
AGGAGAGT	0.09
TCGAGAGT	0.1
GCGAGAGT	0.09
CCGAGAGT	0.1
TAGAGAGT	0.11
GAGAGAGT	0.11
CAGAGAGT	0.09
TTCAGAGT	0.12
GTCAGAGT	0.09
CTCAGAGT	0.1
ATCAGAGT	0.11
TGCAGAGT	0.1
GGCAGAGT	0.1
CGCAGAGT	0.09
AGCAGAGT	0.1
TCCAGAGT	0.11
GCCAGAGT	0.1
CCCAGAGT	0.09
TACAGAGT	0.1
GACAGAGT	0.1
CACAGAGT	0.09
TTAAGAGT	0.11
GTAAGAGT	0.11
CTAAGAGT	0.11
ATAAGAGT	0.11
TGAAGAGT	0.11
GGAAGAGT	0.14
CGAAGAGT	0.1
AGAAGAGT	0.11
TCAAGAGT	0.1
GCAAGAGT	0.09
CCAAGAGT	0.11
TAAAGAGT	0.1
GAAAGAGT	0.12
CAAAGAGT	0.1
TTTTCAGT	0.11
GTTTCAGT	0.11
CTTTCAGT	0.12
ATTTCAGT	0.11
TGTTCAGT	0.12
GGTTCAGT	0.09
CGTTCAGT	0.08
AGTTCAGT	0.11
TCTTCAGT	0.1
GCTTCAGT	0.11
CCTTCAGT	0.1
ACTTCAGT	0.11
TATTCAGT	0.09
GATTCAGT	0.09
CATTCAGT	0.1
TTGTCAGT	0.11
GTGTCAGT	0.11
CTGTCAGT	0.09
ATGTCAGT	0.11
TGGTCAGT	0.09
GGGTCAGT	0.12
CGGTCAGT	0.1
AGGTCAGT	0.09
TCGTCAGT	0.11
GCGTCAGT	0.1
CCGTCAGT	0.11
TAGTCAGT	0.1
GAGTCAGT	0.1
CAGTCAGT	0.09
TTCTCAGT	0.11
GTCTCAGT	0.1
CTCTCAGT	0.11
ATCTCAGT	0.11
TGCTCAGT	0.09
GGCTCAGT	0.1
CGCTCAGT	0.09
AGCTCAGT	0.09
TCCTCAGT	0.12
GCCTCAGT	0.1
CCCTCAGT	0.09
TACTCAGT	0.1
GACTCAGT	0.11
CACTCAGT	0.1
TTATCAGT	0.12
GTATCAGT	0.1
CTATCAGT	0.1
ATATCAGT	0.12
TGATCAGT	0.1
GGATCAGT	0.09
CGATCAGT	0.08
AGATCAGT	0.09
TCATCAGT	0.11
GCATCAGT	0.11
CCATCAGT	0.1
TAATCAGT	0.1
GAATCAGT	0.1
CAATCAGT	0.1
TTTGCAGT	0.11
GTTGCAGT	0.09
CTTGCAGT	0.1
ATTGCAGT	0.09
TGTGCAGT	0.09
GGTGCAGT	0.1
CGTGCAGT	0.1
AGTGCAGT	0.09
TCTGCAGT	0.1
GCTGCAGT	0.09
CCTGCAGT	0.09
TATGCAGT	0.1
GATGCAGT	0.1
CATGCAGT	0.09
TTGGCAGT	0.11
GTGGCAGT	0.11
CTGGCAGT	0.09
ATGGCAGT	0.08
TGGGCAGT	0.08
GGGGCAGT	0.09
CGGGCAGT	0.09
AGGGCAGT	0.1
TCGGCAGT	0.11
GCGGCAGT	0.11
CCGGCAGT	0.13
TAGGCAGT	0.1
GAGGCAGT	0.11
CAGGCAGT	0.09
TTCGCAGT	0.1
GTCGCAGT	0.09
CTCGCAGT	0.1
ATCGCAGT	0.1
TGCGCAGT	0.1
GGCGCAGT	0.08
CGCGCAGT	0.08
AGCGCAGT	0.1
TCCGCAGT	0.11
GCCGCAGT	0.09
CCCGCAGT	0.1
TACGCAGT	0.08
GACGCAGT	0.08
CACGCAGT	0.09
TTAGCAGT	0.1
GTAGCAGT	0.1
CTAGCAGT	0.09
ATAGCAGT	0.11
TGAGCAGT	0.09
GGAGCAGT	0.09
CGAGCAGT	0.1
AGAGCAGT	0.11
TCAGCAGT	0.1
GCAGCAGT	0.1
CCAGCAGT	0.09
TAAGCAGT	0.1
GAAGCAGT	0.12
CAAGCAGT	0.1
TTTCCAGT	0.11
GTTCCAGT	0.09
CTTCCAGT	0.12
ATTCCAGT	0.1
TGTCCAGT	0.1
GGTCCAGT	0.09
CGTCCAGT	0.1
AGTCCAGT	0.1
TCTCCAGT	0.09
GCTCCAGT	0.09
CCTCCAGT	0.1
TATCCAGT	0.11
GATCCAGT	0.1
CATCCAGT	0.1
TTGCCAGT	0.12
GTGCCAGT	0.1
CTGCCAGT	0.11
ATGCCAGT	0.09
TGGCCAGT	0.09
GGGCCAGT	0.1
CGGCCAGT	0.1
AGGCCAGT	0.1
TCGCCAGT	0.08
GCGCCAGT	0.11
CCGCCAGT	0.1
TAGCCAGT	0.1
GAGCCAGT	0.1
CAGCCAGT	0.1
TTCCCAGT	0.1
GTCCCAGT	0.11
CTCCCAGT	0.11
ATCCCAGT	0.11
TGCCCAGT	0.09
GGCCCAGT	0.09
CGCCCAGT	0.09
AGCCCAGT	0.11
TCCCCAGT	0.1
GCCCCAGT	0.1
CCCCCAGT	0.11
TACCCAGT	0.1
GACCCAGT	0.09
CACCCAGT	0.1
TTACCAGT	0.11
GTACCAGT	0.09
CTACCAGT	0.08
ATACCAGT	0.09
TGACCAGT	0.11
GGACCAGT	0.09
CGACCAGT	0.09
AGACCAGT	0.11
TCACCAGT	0.09
GCACCAGT	0.1
CCACCAGT	0.1
TAACCAGT	0.1
GAACCAGT	0.1
CAACCAGT	0.1
TTTACAGT	0.11
GTTACAGT	0.1
CTTACAGT	0.11
ATTACAGT	0.1
TGTACAGT	0.09
GGTACAGT	0.1
CGTACAGT	0.1
AGTACAGT	0.1
TCTACAGT	0.11
GCTACAGT	0.09
CCTACAGT	0.1
TATACAGT	0.12
GATACAGT	0.09
CATACAGT	0.11
TTGACAGT	0.09
GTGACAGT	0.1
CTGACAGT	0.09
ATGACAGT	0.09
TGGACAGT	0.09
GGGACAGT	0.11
CGGACAGT	0.11
AGGACAGT	0.11
TCGACAGT	0.11
GCGACAGT	0.11
CCGACAGT	0.09
TAGACAGT	0.1
GAGACAGT	0.09
CAGACAGT	0.1
TTCACAGT	0.11
GTCACAGT	0.11
CTCACAGT	0.09
ATCACAGT	0.09
TGCACAGT	0.08
GGCACAGT	0.11
CGCACAGT	0.1
AGCACAGT	0.08
TCCACAGT	0.1
GCCACAGT	0.08
CCCACAGT	0.1
TACACAGT	0.1
GACACAGT	0.1
CACACAGT	0.09
TTAACAGT	0.08
GTAACAGT	0.09
CTAACAGT	0.09
ATAACAGT	0.11
TGAACAGT	0.11
GGAACAGT	0.11
CGAACAGT	0.1
AGAACAGT	0.1
TCAACAGT	0.11
GCAACAGT	0.11
CCAACAGT	0.09
TAAACAGT	0.11
GAAACAGT	0.1
CAAACAGT	0.1
TTTTAAGT	0.13
GTTTAAGT	0.12
CTTTAAGT	0.11
ATTTAAGT	0.11
TGTTAAGT	0.1
GGTTAAGT	0.11
CGTTAAGT	0.09
AGTTAAGT	0.1
TCTTAAGT	0.1
GCTTAAGT	0.1
CCTTAAGT	0.1
TATTAAGT	0.11
GATTAAGT	0.12
CATTAAGT	0.1
TTGTAAGT	0.11
GTGTAAGT	0.1
CTGTAAGT	0.1
ATGTAAGT	0.09
TGGTAAGT	0.09
GGGTAAGT	0.13
CGGTAAGT	0.13
AGGTAAGT	0.11
TCGTAAGT	0.11
GCGTAAGT	0.11
CCGTAAGT	0.11
TAGTAAGT	0.09
GAGTAAGT	0.09
CAGTAAGT	0.09
TTCTAAGT	0.11
GTCTAAGT	0.1
CTCTAAGT	0.11
ATCTAAGT	0.11
TGCTAAGT	0.11
GGCTAAGT	0.1
CGCTAAGT	0.1
AGCTAAGT	0.09
TCCTAAGT	0.1
GCCTAAGT	0.1
CCCTAAGT	0.1
TACTAAGT	0.1
GACTAAGT	0.1
CACTAAGT	0.1
TTATAAGT	0.1
GTATAAGT	0.12
CTATAAGT	0.1
ATATAAGT	0.11
TGATAAGT	0.09
GGATAAGT	0.13
CGATAAGT	0.1
AGATAAGT	0.12
TCATAAGT	0.11
GCATAAGT	0.1
CCATAAGT	0.1
TAATAAGT	0.1
GAATAAGT	0.11
CAATAAGT	0.09
TTTGAAGT	0.1
GTTGAAGT	0.1
CTTGAAGT	0.1
ATTGAAGT	0.12
TGTGAAGT	0.1
GGTGAAGT	0.11
CGTGAAGT	0.09
AGTGAAGT	0.12
TCTGAAGT	0.11
GCTGAAGT	0.09
CCTGAAGT	0.1
TATGAAGT	0.1
GATGAAGT	0.1
CATGAAGT	0.09
TTGGAAGT	0.11
GTGGAAGT	0.14
CTGGAAGT	0.16
ATGGAAGT	0.13
TGGGAAGT	0.15
GGGGAAGT	0.18
CGGGAAGT	0.32
AGGGAAGT	0.2
TCGGAAGT	0.38
GCGGAAGT	0.65
CCGGAAGT	1.0
TAGGAAGT	0.26
GAGGAAGT	0.4
CAGGAAGT	0.65
TTCGAAGT	0.1
GTCGAAGT	0.1
CTCGAAGT	0.09
ATCGAAGT	0.1
TGCGAAGT	0.1
GGCGAAGT	0.1
CGCGAAGT	0.11
AGCGAAGT	0.11
TCCGAAGT	0.13
GCCGAAGT	0.1
CCCGAAGT	0.1
TACGAAGT	0.1
GACGAAGT	0.1
CACGAAGT	0.08
TTAGAAGT	0.1
GTAGAAGT	0.1
CTAGAAGT	0.09
ATAGAAGT	0.11
TGAGAAGT	0.1
GGAGAAGT	0.1
CGAGAAGT	0.1
AGAGAAGT	0.11
TCAGAAGT	0.1
GCAGAAGT	0.1
CCAGAAGT	0.1
TAAGAAGT	0.11
GAAGAAGT	0.12
CAAGAAGT	0.09
TTTCAAGT	0.1
GTTCAAGT	0.1
CTTCAAGT	0.1
ATTCAAGT	0.1
TGTCAAGT	0.1
GGTCAAGT	0.09
CGTCAAGT	0.09
AGTCAAGT	0.1
TCTCAAGT	0.11
GCTCAAGT	0.1
CCTCAAGT	0.11
TATCAAGT	0.1
GATCAAGT	0.11
CATCAAGT	0.1
TTGCAAGT	0.1
GTGCAAGT	0.09
CTGCAAGT	0.08
ATGCAAGT	0.09
TGGCAAGT	0.09
GGGCAAGT	0.1
CGGCAAGT	0.1
AGGCAAGT	0.09
TCGCAAGT	0.1
GCGCAAGT	0.1
CCGCAAGT	0.1
TAGCAAGT	0.1
GAGCAAGT	0.1
CAGCAAGT	0.1
TTCCAAGT	0.11
GTCCAAGT	0.1
CTCCAAGT	0.11
ATCCAAGT	0.1
TGCCAAGT	0.1
GGCCAAGT	0.1
CGCCAAGT	0.1
AGCCAAGT	0.1
TCCCAAGT	0.11
GCCCAAGT	0.1
CCCCAAGT	0.1
TACCAAGT	0.11
GACCAAGT	0.11
CACCAAGT	0.1
TTACAAGT	0.09
GTACAAGT	0.11
CTACAAGT	0.1
ATACAAGT	0.1
TGACAAGT	0.1
GGACAAGT	0.1
CGACAAGT	0.1
AGACAAGT	0.11
TCACAAGT	0.09
GCACAAGT	0.1
CCACAAGT	0.1
TAACAAGT	0.1
GAACAAGT	0.11
CAACAAGT	0.09
TTTAAAGT	0.1
GTTAAAGT	0.11
CTTAAAGT	0.11
ATTAAAGT	0.12
TGTAAAGT	0.1
GGTAAAGT	0.1
CGTAAAGT	0.11
AGTAAAGT	0.1
TCTAAAGT	0.13
GCTAAAGT	0.11
CCTAAAGT	0.1
TATAAAGT	0.12
GATAAAGT	0.11
CATAAAGT	0.1
TTGAAAGT	0.13
GTGAAAGT	0.1
CTGAAAGT	0.1
ATGAAAGT	0.11
TGGAAAGT	0.11
GGGAAAGT	0.12
CGGAAAGT	0.15
AGGAAAGT	0.12
TCGAAAGT	0.11
GCGAAAGT	0.1
CCGAAAGT	0.1
TAGAAAGT	0.1
GAGAAAGT	0.11
CAGAAAGT	0.11
TTCAAAGT	0.11
GTCAAAGT	0.09
CTCAAAGT	0.09
ATCAAAGT	0.1
TGCAAAGT	0.1
GGCAAAGT	0.11
CGCAAAGT	0.09
AGCAAAGT	0.11
TCCAAAGT	0.1
GCCAAAGT	0.1
CCCAAAGT	0.09
TACAAAGT	0.12
GACAAAGT	0.1
CACAAAGT	0.1
TTAAAAGT	0.11
GTAAAAGT	0.12
CTAAAAGT	0.1
ATAAAAGT	0.12
TGAAAAGT	0.11
GGAAAAGT	0.14
CGAAAAGT	0.11
AGAAAAGT	0.1
TCAAAAGT	0.12
GCAAAAGT	0.11
CCAAAAGT	0.11
TAAAAAGT	0.11
GAAAAAGT	0.11
CAAAAAGT	0.11
TTTTTTCT	0.13
GTTTTTCT	0.12
CTTTTTCT	0.11
ATTTTTCT	0.14
TGTTTTCT	0.12
GGTTTTCT	0.11
CGTTTTCT	0.13
AGTTTTCT	0.1
TCTTTTCT	0.11
GCTTTTCT	0.12
CCTTTTCT	0.13
TATTTTCT	0.13
GATTTTCT	0.12
CATTTTCT	0.12
TTGTTTCT	0.11
GTGTTTCT	0.1
CTGTTTCT	0.11
ATGTTTCT	0.13
TGGTTTCT	0.11
GGGTTTCT	0.11
CGGTTTCT	0.1
AGGTTTCT	0.11
TCGTTTCT	0.1
GCGTTTCT	0.1
CCGTTTCT	0.11
TAGTTTCT	0.11
GAGTTTCT	0.11
CAGTTTCT	0.1
TTCTTTCT	0.12
GTCTTTCT	0.13
CTCTTTCT	0.11
ATCTTTCT	0.11
TGCTTTCT	0.1
GGCTTTCT	0.11
CGCTTTCT	0.1
AGCTTTCT	0.11
TCCTTTCT	0.13
GCCTTTCT	0.1
CCCTTTCT	0.12
TACTTTCT	0.12
GACTTTCT	0.1
CACTTTCT	0.11
TTATTTCT	0.15
GTATTTCT	0.12
CTATTTCT	0.11
ATATTTCT	0.11
TGATTTCT	0.13
GGATTTCT	0.12
CGATTTCT	0.1
AGATTTCT	0.12
TCATTTCT	0.12
GCATTTCT	0.11
CCATTTCT	0.12
TAATTTCT	0.12
GAATTTCT	0.1
CAATTTCT	0.11
TTTGTTCT	0.13
GTTGTTCT	0.11
CTTGTTCT	0.12
ATTGTTCT	0.12
TGTGTTCT	0.12
GGTGTTCT	0.1
CGTGTTCT	0.1
AGTGTTCT	0.13
TCTGTTCT	0.11
GCTGTTCT	0.1
CCTGTTCT	0.11
TATGTTCT	0.1
GATGTTCT	0.13
CATGTTCT	0.11
TTGGTTCT	0.12
GTGGTTCT	0.09
CTGGTTCT	0.11
ATGGTTCT	0.1
TGGGTTCT	0.1
GGGGTTCT	0.1
CGGGTTCT	0.11
AGGGTTCT	0.1
TCGGTTCT	0.1
GCGGTTCT	0.11
CCGGTTCT	0.13
TAGGTTCT	0.1
GAGGTTCT	0.1
CAGGTTCT	0.11
TTCGTTCT	0.12
GTCGTTCT	0.13
CTCGTTCT	0.11
ATCGTTCT	0.1
TGCGTTCT	0.1
GGCGTTCT	0.09
CGCGTTCT	0.09
AGCGTTCT	0.09
TCCGTTCT	0.17
GCCGTTCT	0.11
CCCGTTCT	0.09
TACGTTCT	0.1
GACGTTCT	0.11
CACGTTCT	0.1
TTAGTTCT	0.1
GTAGTTCT	0.1
CTAGTTCT	0.11
ATAGTTCT	0.11
TGAGTTCT	0.1
GGAGTTCT	0.1
CGAGTTCT	0.1
AGAGTTCT	0.1
TCAGTTCT	0.12
GCAGTTCT	0.1
CCAGTTCT	0.1
TAAGTTCT	0.12
GAAGTTCT	0.11
CAAGTTCT	0.12
TTTCTTCT	0.12
GTTCTTCT	0.11
CTTCTTCT	0.13
ATTCTTCT	0.12
TGTCTTCT	0.12
GGTCTTCT	0.1
CGTCTTCT	0.12
AGTCTTCT	0.09
TCTCTTCT	0.12
GCTCTTCT	0.1
CCTCTTCT	0.13
TATCTTCT	0.11
GATCTTCT	0.09
CATCTTCT	0.12
TTGCTTCT	0.1
GTGCTTCT	0.12
CTGCTTCT	0.1
ATGCTTCT	0.09
TGGCTTCT	0.11
GGGCTTCT	0.1
CGGCTTCT	0.1
AGGCTTCT	0.12
TCGCTTCT	0.1
GCGCTTCT	0.1
CCGCTTCT	0.1
TAGCTTCT	0.11
GAGCTTCT	0.1
CAGCTTCT	0.1
TTCCTTCT	0.15
GTCCTTCT	0.09
CTCCTTCT	0.1
ATCCTTCT	0.14
TGCCTTCT	0.1
GGCCTTCT	0.11
CGCCTTCT	0.1
AGCCTTCT	0.1
TCCCTTCT	0.09
GCCCTTCT	0.09
CCCCTTCT	0.1
TACCTTCT	0.09
GACCTTCT	0.09
CACCTTCT	0.1
TTACTTCT	0.11
GTACTTCT	0.09
CTACTTCT	0.1
ATACTTCT	0.11
TGACTTCT	0.1
GGACTTCT	0.1
CGACTTCT	0.1
AGACTTCT	0.1
TCACTTCT	0.1
GCACTTCT	0.09
CCACTTCT	0.1
TAACTTCT	0.1
GAACTTCT	0.11
CAACTTCT	0.1
TTTATTCT	0.13
GTTATTCT	0.12
CTTATTCT	0.13
ATTATTCT	0.11
TGTATTCT	0.1
GGTATTCT	0.11
CGTATTCT	0.11
AGTATTCT	0.11
TCTATTCT	0.1
GCTATTCT	0.1
CCTATTCT	0.11
TATATTCT	0.1
GATATTCT	0.11
CATATTCT	0.11
TTGATTCT	0.11
GTGATTCT	0.11
CTGATTCT	0.1
ATGATTCT	0.1
TGGATTCT	0.1
GGGATTCT	0.11
CGGATTCT	0.11
AGGATTCT	0.11
TCGATTCT	0.1
GCGATTCT	0.1
CCGATTCT	0.11
TAGATTCT	0.12
GAGATTCT	0.1
CAGATTCT	0.1
TTCATTCT	0.11
GTCATTCT	0.11
CTCATTCT	0.1
ATCATTCT	0.11
TGCATTCT	0.11
GGCATTCT	0.11
CGCATTCT	0.09
AGCATTCT	0.09
TCCATTCT	0.11
GCCATTCT	0.09
CCCATTCT	0.1
TACATTCT	0.12
GACATTCT	0.1
CACATTCT	0.1
TTAATTCT	0.11
GTAATTCT	0.1
CTAATTCT	0.1
ATAATTCT	0.11
TGAATTCT	0.1
GGAATTCT	0.1
CGAATTCT	0.11
TCAATTCT	0.11
GCAATTCT	0.1
CCAATTCT	0.11
TAAATTCT	0.1
GAAATTCT	0.11
CAAATTCT	0.12
TTTTGTCT	0.11
GTTTGTCT	0.11
CTTTGTCT	0.1
ATTTGTCT	0.12
TGTTGTCT	0.1
GGTTGTCT	0.1
CGTTGTCT	0.1
AGTTGTCT	0.11
TCTTGTCT	0.11
GCTTGTCT	0.09
CCTTGTCT	0.1
TATTGTCT	0.1
GATTGTCT	0.11
CATTGTCT	0.1
TTGTGTCT	0.1
GTGTGTCT	0.11
CTGTGTCT	0.09
ATGTGTCT	0.1
TGGTGTCT	0.1
GGGTGTCT	0.11
CGGTGTCT	0.1
AGGTGTCT	0.09
TCGTGTCT	0.1
GCGTGTCT	0.09
CCGTGTCT	0.1
TAGTGTCT	0.1
GAGTGTCT	0.09
CAGTGTCT	0.1
TTCTGTCT	0.1
GTCTGTCT	0.1
CTCTGTCT	0.1
ATCTGTCT	0.1
TGCTGTCT	0.11
GGCTGTCT	0.1
CGCTGTCT	0.1
AGCTGTCT	0.09
TCCTGTCT	0.21
GCCTGTCT	0.1
CCCTGTCT	0.1
TACTGTCT	0.11
GACTGTCT	0.1
CACTGTCT	0.09
TTATGTCT	0.1
GTATGTCT	0.09
CTATGTCT	0.09
ATATGTCT	0.11
TGATGTCT	0.09
GGATGTCT	0.15
CGATGTCT	0.1
AGATGTCT	0.11
TCATGTCT	0.09
GCATGTCT	0.09
CCATGTCT	0.11
TAATGTCT	0.11
GAATGTCT	0.09
CAATGTCT	0.1
TTTGGTCT	0.13
GTTGGTCT	0.11
CTTGGTCT	0.12
ATTGGTCT	0.1
TGTGGTCT	0.11
GGTGGTCT	0.09
CGTGGTCT	0.08
AGTGGTCT	0.11
TCTGGTCT	0.1
GCTGGTCT	0.1
CCTGGTCT	0.09
TATGGTCT	0.1
GATGGTCT	0.11
CATGGTCT	0.08
TTGGGTCT	0.1
GTGGGTCT	0.09
CTGGGTCT	0.1
ATGGGTCT	0.11
TGGGGTCT	0.1
GGGGGTCT	0.1
CGGGGTCT	0.1
AGGGGTCT	0.1
TCGGGTCT	0.1
GCGGGTCT	0.11
CCGGGTCT	0.11
TAGGGTCT	0.09
GAGGGTCT	0.1
CAGGGTCT	0.09
TTCGGTCT	0.1
GTCGGTCT	0.1
CTCGGTCT	0.09
ATCGGTCT	0.09
TGCGGTCT	0.09
GGCGGTCT	0.1
CGCGGTCT	0.1
AGCGGTCT	0.09
TCCGGTCT	0.22
GCCGGTCT	0.09
CCCGGTCT	0.11
TACGGTCT	0.11
GACGGTCT	0.09
CACGGTCT	0.09
TTAGGTCT	0.1
GTAGGTCT	0.1
CTAGGTCT	0.1
ATAGGTCT	0.11
TGAGGTCT	0.08
GGAGGTCT	0.1
CGAGGTCT	0.1
AGAGGTCT	0.09
TCAGGTCT	0.1
GCAGGTCT	0.09
CCAGGTCT	0.1
TAAGGTCT	0.1
GAAGGTCT	0.12
CAAGGTCT	0.11
TTTCGTCT	0.1
GTTCGTCT	0.11
CTTCGTCT	0.09
ATTCGTCT	0.1
TGTCGTCT	0.12
GGTCGTCT	0.1
CGTCGTCT	0.1
AGTCGTCT	0.1
TCTCGTCT	0.1
GCTCGTCT	0.09
CCTCGTCT	0.09
TATCGTCT	0.1
GATCGTCT	0.09
CATCGTCT	0.1
TTGCGTCT	0.1
GTGCGTCT	0.1
CTGCGTCT	0.1
ATGCGTCT	0.11
TGGCGTCT	0.1
GGGCGTCT	0.09
CGGCGTCT	0.11
AGGCGTCT	0.1
TCGCGTCT	0.08
GCGCGTCT	0.1
CCGCGTCT	0.1
TAGCGTCT	0.09
GAGCGTCT	0.08
CAGCGTCT	0.1
TTCCGTCT	0.17
GTCCGTCT	0.11
CTCCGTCT	0.1
ATCCGTCT	0.18
TGCCGTCT	0.09
GGCCGTCT	0.1
CGCCGTCT	0.1
AGCCGTCT	0.1
TCCCGTCT	0.12
GCCCGTCT	0.1
CCCCGTCT	0.1
TACCGTCT	0.12
GACCGTCT	0.08
CACCGTCT	0.09
TTACGTCT	0.11
GTACGTCT	0.1
CTACGTCT	0.1
ATACGTCT	0.1
TGACGTCT	0.1
GGACGTCT	0.11
CGACGTCT	0.09
TCACGTCT	0.1
GCACGTCT	0.11
CCACGTCT	0.11
TAACGTCT	0.1
GAACGTCT	0.08
CAACGTCT	0.1
TTTAGTCT	0.1
GTTAGTCT	0.1
CTTAGTCT	0.1
ATTAGTCT	0.11
TGTAGTCT	0.09
GGTAGTCT	0.11
CGTAGTCT	0.09
AGTAGTCT	0.1
TCTAGTCT	0.09
GCTAGTCT	0.09
CCTAGTCT	0.1
TATAGTCT	0.1
GATAGTCT	0.1
CATAGTCT	0.1
TTGAGTCT	0.08
GTGAGTCT	0.09
CTGAGTCT	0.11
ATGAGTCT	0.09
TGGAGTCT	0.1
GGGAGTCT	0.1
CGGAGTCT	0.12
AGGAGTCT	0.1
TCGAGTCT	0.1
GCGAGTCT	0.09
CCGAGTCT	0.09
TAGAGTCT	0.1
GAGAGTCT	0.09
CAGAGTCT	0.1
TTCAGTCT	0.1
GTCAGTCT	0.09
CTCAGTCT	0.11
ATCAGTCT	0.1
TGCAGTCT	0.09
GGCAGTCT	0.1
CGCAGTCT	0.1
AGCAGTCT	0.1
TCCAGTCT	0.11
GCCAGTCT	0.09
CCCAGTCT	0.1
TACAGTCT	0.1
GACAGTCT	0.11
CACAGTCT	0.1
TTAAGTCT	0.1
GTAAGTCT	0.09
CTAAGTCT	0.1
ATAAGTCT	0.1
TGAAGTCT	0.1
GGAAGTCT	0.23
CGAAGTCT	0.09
TCAAGTCT	0.1
GCAAGTCT	0.1
CCAAGTCT	0.09
TAAAGTCT	0.1
GAAAGTCT	0.09
CAAAGTCT	0.08
TTTTCTCT	0.13
GTTTCTCT	0.11
CTTTCTCT	0.13
ATTTCTCT	0.12
TGTTCTCT	0.1
GGTTCTCT	0.1
CGTTCTCT	0.11
AGTTCTCT	0.11
TCTTCTCT	0.12
GCTTCTCT	0.11
CCTTCTCT	0.11
TATTCTCT	0.1
GATTCTCT	0.1
CATTCTCT	0.1
TTGTCTCT	0.12
GTGTCTCT	0.09
CTGTCTCT	0.1
ATGTCTCT	0.12
TGGTCTCT	0.08
GGGTCTCT	0.11
CGGTCTCT	0.09
AGGTCTCT	0.11
TCGTCTCT	0.1
GCGTCTCT	0.1
CCGTCTCT	0.1
TAGTCTCT	0.11
GAGTCTCT	0.1
CAGTCTCT	0.09
TTCTCTCT	0.11
GTCTCTCT	0.1
CTCTCTCT	0.1
ATCTCTCT	0.11
TGCTCTCT	0.1
GGCTCTCT	0.09
CGCTCTCT	0.1
AGCTCTCT	0.1
TCCTCTCT	0.12
GCCTCTCT	0.09
CCCTCTCT	0.12
TACTCTCT	0.09
GACTCTCT	0.1
CACTCTCT	0.1
TTATCTCT	0.11
GTATCTCT	0.11
CTATCTCT	0.11
ATATCTCT	0.12
TGATCTCT	0.12
GGATCTCT	0.09
CGATCTCT	0.09
AGATCTCT	0.1
TCATCTCT	0.12
GCATCTCT	0.1
CCATCTCT	0.09
TAATCTCT	0.12
GAATCTCT	0.1
CAATCTCT	0.09
TTTGCTCT	0.11
GTTGCTCT	0.1
CTTGCTCT	0.11
ATTGCTCT	0.11
TGTGCTCT	0.1
GGTGCTCT	0.09
CGTGCTCT	0.1
AGTGCTCT	0.1
TCTGCTCT	0.11
GCTGCTCT	0.08
CCTGCTCT	0.11
TATGCTCT	0.1
GATGCTCT	0.1
CATGCTCT	0.1
TTGGCTCT	0.09
GTGGCTCT	0.09
CTGGCTCT	0.09
ATGGCTCT	0.1
TGGGCTCT	0.08
GGGGCTCT	0.1
CGGGCTCT	0.09
AGGGCTCT	0.09
TCGGCTCT	0.1
GCGGCTCT	0.11
CCGGCTCT	0.11
TAGGCTCT	0.1
GAGGCTCT	0.09
CAGGCTCT	0.09
TTCGCTCT	0.1
GTCGCTCT	0.09
CTCGCTCT	0.1
ATCGCTCT	0.11
TGCGCTCT	0.09
GGCGCTCT	0.08
CGCGCTCT	0.1
AGCGCTCT	0.09
TCCGCTCT	0.14
GCCGCTCT	0.11
CCCGCTCT	0.1
TACGCTCT	0.1
GACGCTCT	0.09
CACGCTCT	0.09
TTAGCTCT	0.1
GTAGCTCT	0.1
CTAGCTCT	0.1
ATAGCTCT	0.09
TGAGCTCT	0.1
GGAGCTCT	0.1
CGAGCTCT	0.1
TCAGCTCT	0.1
GCAGCTCT	0.08
CCAGCTCT	0.09
TAAGCTCT	0.1
GAAGCTCT	0.11
CAAGCTCT	0.1
TTTCCTCT	0.26
GTTCCTCT	0.12
CTTCCTCT	0.31
ATTCCTCT	0.11
TGTCCTCT	0.1
GGTCCTCT	0.11
CGTCCTCT	0.13
AGTCCTCT	0.1
TCTCCTCT	0.11
GCTCCTCT	0.11
CCTCCTCT	0.1
TATCCTCT	0.16
GATCCTCT	0.1
CATCCTCT	0.2
TTGCCTCT	0.1
GTGCCTCT	0.14
CTGCCTCT	0.11
ATGCCTCT	0.1
TGGCCTCT	0.1
GGGCCTCT	0.1
CGGCCTCT	0.09
AGGCCTCT	0.08
TCGCCTCT	0.1
GCGCCTCT	0.1
CCGCCTCT	0.11
TAGCCTCT	0.1
GAGCCTCT	0.09
CAGCCTCT	0.1
TTCCCTCT	0.11
GTCCCTCT	0.1
CTCCCTCT	0.1
ATCCCTCT	0.11
TGCCCTCT	0.1
GGCCCTCT	0.08
CGCCCTCT	0.11
AGCCCTCT	0.1
TCCCCTCT	0.12
GCCCCTCT	0.1
CCCCCTCT	0.11
TACCCTCT	0.11
GACCCTCT	0.11
CACCCTCT	0.09
TTACCTCT	0.11
GTACCTCT	0.09
CTACCTCT	0.1
ATACCTCT	0.11
TGACCTCT	0.1
GGACCTCT	0.09
CGACCTCT	0.1
TCACCTCT	0.11
GCACCTCT	0.09
CCACCTCT	0.1
TAACCTCT	0.1
GAACCTCT	0.12
CAACCTCT	0.1
TTTACTCT	0.11
GTTACTCT	0.1
CTTACTCT	0.12
ATTACTCT	0.12
TGTACTCT	0.11
GGTACTCT	0.1
CGTACTCT	0.1
AGTACTCT	0.09
TCTACTCT	0.12
GCTACTCT	0.09
CCTACTCT	0.11
TATACTCT	0.09
GATACTCT	0.11
CATACTCT	0.1
TTGACTCT	0.1
GTGACTCT	0.09
CTGACTCT	0.09
ATGACTCT	0.09
TGGACTCT	0.09
GGGACTCT	0.1
CGGACTCT	0.09
AGGACTCT	0.09
TCGACTCT	0.08
GCGACTCT	0.1
CCGACTCT	0.1
TAGACTCT	0.1
GAGACTCT	0.1
CAGACTCT	0.1
TTCACTCT	0.1
GTCACTCT	0.1
CTCACTCT	0.11
ATCACTCT	0.1
TGCACTCT	0.09
GGCACTCT	0.1
CGCACTCT	0.1
AGCACTCT	0.1
TCCACTCT	0.11
GCCACTCT	0.09
CCCACTCT	0.1
TACACTCT	0.09
GACACTCT	0.11
CACACTCT	0.1
TTAACTCT	0.1
GTAACTCT	0.09
CTAACTCT	0.11
ATAACTCT	0.1
TGAACTCT	0.1
GGAACTCT	0.14
CGAACTCT	0.09
TCAACTCT	0.11
GCAACTCT	0.12
CCAACTCT	0.1
TAAACTCT	0.12
GAAACTCT	0.11
CAAACTCT	0.11
TTTTATCT	0.12
GTTTATCT	0.12
CTTTATCT	0.11
ATTTATCT	0.11
TGTTATCT	0.11
GGTTATCT	0.11
CGTTATCT	0.11
AGTTATCT	0.1
TCTTATCT	0.12
GCTTATCT	0.1
CCTTATCT	0.1
TATTATCT	0.11
GATTATCT	0.11
CATTATCT	0.1
TTGTATCT	0.12
GTGTATCT	0.1
CTGTATCT	0.1
ATGTATCT	0.11
TGGTATCT	0.1
GGGTATCT	0.11
CGGTATCT	0.1
AGGTATCT	0.09
TCGTATCT	0.1
GCGTATCT	0.09
CCGTATCT	0.11
TAGTATCT	0.1
GAGTATCT	0.09
CAGTATCT	0.09
TTCTATCT	0.11
GTCTATCT	0.1
CTCTATCT	0.12
ATCTATCT	0.09
TGCTATCT	0.11
GGCTATCT	0.1
CGCTATCT	0.1
AGCTATCT	0.1
TCCTATCT	0.11
GCCTATCT	0.1
CCCTATCT	0.1
TACTATCT	0.12
GACTATCT	0.1
CACTATCT	0.11
TTATATCT	0.12
GTATATCT	0.1
CTATATCT	0.12
ATATATCT	0.13
TGATATCT	0.11
GGATATCT	0.13
CGATATCT	0.09
TCATATCT	0.11
GCATATCT	0.11
CCATATCT	0.1
TAATATCT	0.1
GAATATCT	0.11
CAATATCT	0.12
TTTGATCT	0.11
GTTGATCT	0.11
CTTGATCT	0.11
ATTGATCT	0.1
TGTGATCT	0.09
GGTGATCT	0.1
CGTGATCT	0.11
AGTGATCT	0.09
TCTGATCT	0.1
GCTGATCT	0.1
CCTGATCT	0.1
TATGATCT	0.1
GATGATCT	0.1
CATGATCT	0.1
TTGGATCT	0.11
GTGGATCT	0.11
CTGGATCT	0.11
ATGGATCT	0.09
TGGGATCT	0.11
GGGGATCT	0.09
CGGGATCT	0.1
AGGGATCT	0.1
TCGGATCT	0.12
GCGGATCT	0.13
CCGGATCT	0.26
TAGGATCT	0.09
GAGGATCT	0.09
CAGGATCT	0.13
TTCGATCT	0.1
GTCGATCT	0.1
CTCGATCT	0.1
ATCGATCT	0.09
TGCGATCT	0.1
GGCGATCT	0.1
CGCGATCT	0.09
AGCGATCT	0.1
TCCGATCT	0.11
GCCGATCT	0.1
CCCGATCT	0.11
TACGATCT	0.09
GACGATCT	0.09
CACGATCT	0.09
TTAGATCT	0.08
GTAGATCT	0.11
CTAGATCT	0.1
ATAGATCT	0.09
TGAGATCT	0.1
GGAGATCT	0.09
CGAGATCT	0.1
TCAGATCT	0.1
GCAGATCT	0.09
CCAGATCT	0.09
TAAGATCT	0.1
GAAGATCT	0.1
CAAGATCT	0.1
TTTCATCT	0.11
GTTCATCT	0.11
CTTCATCT	0.1
ATTCATCT	0.1
TGTCATCT	0.1
GGTCATCT	0.09
CGTCATCT	0.1
AGTCATCT	0.09
TCTCATCT	0.1
GCTCATCT	0.11
CCTCATCT	0.1
TATCATCT	0.1
GATCATCT	0.09
CATCATCT	0.09
TTGCATCT	0.11
GTGCATCT	0.1
CTGCATCT	0.1
ATGCATCT	0.09
TGGCATCT	0.1
GGGCATCT	0.09
CGGCATCT	0.09
AGGCATCT	0.1
TCGCATCT	0.1
GCGCATCT	0.1
CCGCATCT	0.1
TAGCATCT	0.1
GAGCATCT	0.09
CAGCATCT	0.09
TTCCATCT	0.13
GTCCATCT	0.1
CTCCATCT	0.11
ATCCATCT	0.11
TGCCATCT	0.09
GGCCATCT	0.11
CGCCATCT	0.11
AGCCATCT	0.1
TCCCATCT	0.1
GCCCATCT	0.09
CCCCATCT	0.1
TACCATCT	0.11
GACCATCT	0.1
CACCATCT	0.09
TTACATCT	0.1
GTACATCT	0.1
CTACATCT	0.11
ATACATCT	0.11
TGACATCT	0.09
GGACATCT	0.11
CGACATCT	0.11
TCACATCT	0.1
GCACATCT	0.11
CCACATCT	0.11
TAACATCT	0.09
GAACATCT	0.11
CAACATCT	0.1
TTTAATCT	0.12
GTTAATCT	0.09
CTTAATCT	0.1
ATTAATCT	0.11
TGTAATCT	0.11
GGTAATCT	0.1
CGTAATCT	0.12
AGTAATCT	0.11
TCTAATCT	0.11
GCTAATCT	0.11
CCTAATCT	0.11
TATAATCT	0.1
GATAATCT	0.1
CATAATCT	0.11
TTGAATCT	0.09
GTGAATCT	0.09
CTGAATCT	0.11
ATGAATCT	0.11
TGGAATCT	0.12
GGGAATCT	0.11
CGGAATCT	0.14
AGGAATCT	0.1
TCGAATCT	0.1
GCGAATCT	0.1
CCGAATCT	0.14
TAGAATCT	0.12
GAGAATCT	0.1
CAGAATCT	0.1
TTCAATCT	0.11
GTCAATCT	0.1
CTCAATCT	0.11
ATCAATCT	0.11
TGCAATCT	0.1
GGCAATCT	0.09
CGCAATCT	0.11
AGCAATCT	0.09
TCCAATCT	0.1
GCCAATCT	0.09
CCCAATCT	0.11
TACAATCT	0.1
GACAATCT	0.11
CACAATCT	0.11
TTAAATCT	0.1
GTAAATCT	0.11
CTAAATCT	0.12
ATAAATCT	0.12
TGAAATCT	0.11
GGAAATCT	0.14
CGAAATCT	0.1
TCAAATCT	0.11
GCAAATCT	0.12
CCAAATCT	0.1
TAAAATCT	0.1
GAAAATCT	0.12
CAAAATCT	0.1
TTTTTGCT	0.14
GTTTTGCT	0.1
CTTTTGCT	0.1
ATTTTGCT	0.12
TGTTTGCT	0.1
GGTTTGCT	0.11
CGTTTGCT	0.1
AGTTTGCT	0.11
TCTTTGCT	0.12
GCTTTGCT	0.1
CCTTTGCT	0.11
TATTTGCT	0.12
GATTTGCT	0.1
CATTTGCT	0.1
TTGTTGCT	0.11
GTGTTGCT	0.1
CTGTTGCT	0.1
ATGTTGCT	0.1
TGGTTGCT	0.1
GGGTTGCT	0.1
CGGTTGCT	0.1
AGGTTGCT	0.1
TCGTTGCT	0.1
GCGTTGCT	0.11
CCGTTGCT	0.11
TAGTTGCT	0.11
GAGTTGCT	0.1
CAGTTGCT	0.1
TTCTTGCT	0.12
GTCTTGCT	0.11
CTCTTGCT	0.09
ATCTTGCT	0.09
TGCTTGCT	0.1
GGCTTGCT	0.09
CGCTTGCT	0.1
AGCTTGCT	0.09
TCCTTGCT	0.11
GCCTTGCT	0.09
CCCTTGCT	0.1
TACTTGCT	0.11
GACTTGCT	0.09
CACTTGCT	0.09
TTATTGCT	0.1
GTATTGCT	0.09
CTATTGCT	0.09
ATATTGCT	0.11
TGATTGCT	0.11
GGATTGCT	0.1
CGATTGCT	0.1
TCATTGCT	0.09
GCATTGCT	0.1
CCATTGCT	0.09
TAATTGCT	0.11
GAATTGCT	0.11
CAATTGCT	0.1
TTTGTGCT	0.11
GTTGTGCT	0.1
CTTGTGCT	0.1
ATTGTGCT	0.11
TGTGTGCT	0.1
GGTGTGCT	0.1
CGTGTGCT	0.09
AGTGTGCT	0.1
TCTGTGCT	0.11
GCTGTGCT	0.11
CCTGTGCT	0.11
TATGTGCT	0.11
GATGTGCT	0.1
CATGTGCT	0.1
TTGGTGCT	0.1
GTGGTGCT	0.11
CTGGTGCT	0.12
ATGGTGCT	0.11
TGGGTGCT	0.1
GGGGTGCT	0.09
CGGGTGCT	0.1
AGGGTGCT	0.09
TCGGTGCT	0.1
GCGGTGCT	0.1
CCGGTGCT	0.12
TAGGTGCT	0.11
GAGGTGCT	0.11
CAGGTGCT	0.1
TTCGTGCT	0.11
GTCGTGCT	0.09
CTCGTGCT	0.11
ATCGTGCT	0.1
TGCGTGCT	0.1
GGCGTGCT	0.11
CGCGTGCT	0.1
AGCGTGCT	0.09
TCCGTGCT	0.11
GCCGTGCT	0.1
CCCGTGCT	0.1
TACGTGCT	0.09
GACGTGCT	0.12
CACGTGCT	0.1
TTAGTGCT	0.1
GTAGTGCT	0.1
CTAGTGCT	0.1
ATAGTGCT	0.1
TGAGTGCT	0.1
GGAGTGCT	0.09
CGAGTGCT	0.09
TCAGTGCT	0.1
GCAGTGCT	0.09
CCAGTGCT	0.09
TAAGTGCT	0.1
GAAGTGCT	0.1
CAAGTGCT	0.1
TTTCTGCT	0.11
GTTCTGCT	0.1
CTTCTGCT	0.1
ATTCTGCT	0.1
TGTCTGCT	0.11
GGTCTGCT	0.11
CGTCTGCT	0.1
AGTCTGCT	0.1
TCTCTGCT	0.1
GCTCTGCT	0.11
CCTCTGCT	0.13
TATCTGCT	0.1
GATCTGCT	0.11
CATCTGCT	0.1
TTGCTGCT	0.1
GTGCTGCT	0.09
CTGCTGCT	0.09
ATGCTGCT	0.09
TGGCTGCT	0.09
GGGCTGCT	0.1
CGGCTGCT	0.1
AGGCTGCT	0.1
TCGCTGCT	0.09
GCGCTGCT	0.11
CCGCTGCT	0.1
TAGCTGCT	0.09
GAGCTGCT	0.09
CAGCTGCT	0.1
TTCCTGCT	0.17
GTCCTGCT	0.12
CTCCTGCT	0.1
ATCCTGCT	0.13
TGCCTGCT	0.1
GGCCTGCT	0.09
CGCCTGCT	0.09
AGCCTGCT	0.08
TCCCTGCT	0.11
GCCCTGCT	0.08
CCCCTGCT	0.1
TACCTGCT	0.1
GACCTGCT	0.1
CACCTGCT	0.1
TTACTGCT	0.1
GTACTGCT	0.11
CTACTGCT	0.1
ATACTGCT	0.1
TGACTGCT	0.07
GGACTGCT	0.09
CGACTGCT	0.1
TCACTGCT	0.1
GCACTGCT	0.09
CCACTGCT	0.11
TAACTGCT	0.12
GAACTGCT	0.12
CAACTGCT	0.11
TTTATGCT	0.11
GTTATGCT	0.1
CTTATGCT	0.09
ATTATGCT	0.11
TGTATGCT	0.11
GGTATGCT	0.1
CGTATGCT	0.09
AGTATGCT	0.09
TCTATGCT	0.09
GCTATGCT	0.09
CCTATGCT	0.1
TATATGCT	0.12
GATATGCT	0.09
CATATGCT	0.09
TTGATGCT	0.09
GTGATGCT	0.1
CTGATGCT	0.11
ATGATGCT	0.1
TGGATGCT	0.1
GGGATGCT	0.12
CGGATGCT	0.34
AGGATGCT	0.18
TCGATGCT	0.09
GCGATGCT	0.1
CCGATGCT	0.1
TAGATGCT	0.09
GAGATGCT	0.09
CAGATGCT	0.1
TTCATGCT	0.11
GTCATGCT	0.09
CTCATGCT	0.1
ATCATGCT	0.1
TGCATGCT	0.09
GGCATGCT	0.1
CGCATGCT	0.1
TCCATGCT	0.09
GCCATGCT	0.08
CCCATGCT	0.1
TACATGCT	0.09
GACATGCT	0.1
CACATGCT	0.1
TTAATGCT	0.12
GTAATGCT	0.1
CTAATGCT	0.11
ATAATGCT	0.09
TGAATGCT	0.09
GGAATGCT	0.1
CGAATGCT	0.1
TCAATGCT	0.1
GCAATGCT	0.09
CCAATGCT	0.11
TAAATGCT	0.11
GAAATGCT	0.1
CAAATGCT	0.1
TTTTGGCT	0.11
GTTTGGCT	0.11
CTTTGGCT	0.1
ATTTGGCT	0.11
TGTTGGCT	0.12
GGTTGGCT	0.1
CGTTGGCT	0.11
AGTTGGCT	0.09
TCTTGGCT	0.12
GCTTGGCT	0.1
CCTTGGCT	0.11
TATTGGCT	0.11
GATTGGCT	0.1
CATTGGCT	0.1
TTGTGGCT	0.12
GTGTGGCT	0.11
CTGTGGCT	0.09
ATGTGGCT	0.09
TGGTGGCT	0.11
GGGTGGCT	0.1
CGGTGGCT	0.1
AGGTGGCT	0.11
TCGTGGCT	0.11
GCGTGGCT	0.1
CCGTGGCT	0.1
TAGTGGCT	0.1
GAGTGGCT	0.09
CAGTGGCT	0.11
TTCTGGCT	0.1
GTCTGGCT	0.09
CTCTGGCT	0.11
ATCTGGCT	0.1
TGCTGGCT	0.09
GGCTGGCT	0.1
CGCTGGCT	0.09
AGCTGGCT	0.09
TCCTGGCT	0.11
GCCTGGCT	0.1
CCCTGGCT	0.09
TACTGGCT	0.1
GACTGGCT	0.09
CACTGGCT	0.09
TTATGGCT	0.09
GTATGGCT	0.09
CTATGGCT	0.1
ATATGGCT	0.1
TGATGGCT	0.1
GGATGGCT	0.1
CGATGGCT	0.09
TCATGGCT	0.09
GCATGGCT	0.1
CCATGGCT	0.09
TAATGGCT	0.1
GAATGGCT	0.09
CAATGGCT	0.1
TTTGGGCT	0.09
GTTGGGCT	0.1
CTTGGGCT	0.1
ATTGGGCT	0.1
TGTGGGCT	0.1
GGTGGGCT	0.1
CGTGGGCT	0.09
AGTGGGCT	0.1
TCTGGGCT	0.1
GCTGGGCT	0.09
CCTGGGCT	0.09
TATGGGCT	0.1
GATGGGCT	0.11
CATGGGCT	0.08
TTGGGGCT	0.08
GTGGGGCT	0.09
CTGGGGCT	0.09
ATGGGGCT	0.1
TGGGGGCT	0.09
GGGGGGCT	0.1
CGGGGGCT	0.1
AGGGGGCT	0.09
TCGGGGCT	0.09
GCGGGGCT	0.1
CCGGGGCT	0.13
TAGGGGCT	0.09
GAGGGGCT	0.1
CAGGGGCT	0.1
TTCGGGCT	0.1
GTCGGGCT	0.09
CTCGGGCT	0.09
ATCGGGCT	0.1
TGCGGGCT	0.09
GGCGGGCT	0.1
CGCGGGCT	0.1
AGCGGGCT	0.09
TCCGGGCT	0.16
GCCGGGCT	0.09
CCCGGGCT	0.11
TACGGGCT	0.09
GACGGGCT	0.09
CACGGGCT	0.09
TTAGGGCT	0.11
GTAGGGCT	0.1
CTAGGGCT	0.1
ATAGGGCT	0.1
TGAGGGCT	0.09
GGAGGGCT	0.1
CGAGGGCT	0.09
TCAGGGCT	0.1
GCAGGGCT	0.09
CCAGGGCT	0.09
TAAGGGCT	0.11
GAAGGGCT	0.1
CAAGGGCT	0.1
TTTCGGCT	0.1
GTTCGGCT	0.1
CTTCGGCT	0.11
ATTCGGCT	0.11
TGTCGGCT	0.1
GGTCGGCT	0.1
CGTCGGCT	0.08
AGTCGGCT	0.09
TCTCGGCT	0.1
GCTCGGCT	0.1
CCTCGGCT	0.1
TATCGGCT	0.1
GATCGGCT	0.09
CATCGGCT	0.09
TTGCGGCT	0.09
GTGCGGCT	0.09
CTGCGGCT	0.1
ATGCGGCT	0.11
TGGCGGCT	0.1
GGGCGGCT	0.1
CGGCGGCT	0.1
AGGCGGCT	0.1
TCGCGGCT	0.1
GCGCGGCT	0.09
CCGCGGCT	0.1
TAGCGGCT	0.1
GAGCGGCT	0.1
CAGCGGCT	0.11
TTCCGGCT	0.4
GTCCGGCT	0.11
CTCCGGCT	0.12
ATCCGGCT	0.25
TGCCGGCT	0.1
GGCCGGCT	0.11
CGCCGGCT	0.1
TCCCGGCT	0.11
GCCCGGCT	0.1
CCCCGGCT	0.11
TACCGGCT	0.13
GACCGGCT	0.1
CACCGGCT	0.1
TTACGGCT	0.1
GTACGGCT	0.08
CTACGGCT	0.11
ATACGGCT	0.11
TGACGGCT	0.11
GGACGGCT	0.1
CGACGGCT	0.09
TCACGGCT	0.1
GCACGGCT	0.09
CCACGGCT	0.1
TAACGGCT	0.11
GAACGGCT	0.09
CAACGGCT	0.1
TTTAGGCT	0.09
GTTAGGCT	0.12
CTTAGGCT	0.1
ATTAGGCT	0.11
TGTAGGCT	0.1
GGTAGGCT	0.1
CGTAGGCT	0.09
AGTAGGCT	0.1
TCTAGGCT	0.1
GCTAGGCT	0.11
CCTAGGCT	0.11
TATAGGCT	0.11
GATAGGCT	0.1
CATAGGCT	0.1
TTGAGGCT	0.1
GTGAGGCT	0.1
CTGAGGCT	0.1
ATGAGGCT	0.1
TGGAGGCT	0.09
GGGAGGCT	0.1
CGGAGGCT	0.1
AGGAGGCT	0.1
TCGAGGCT	0.09
GCGAGGCT	0.1
CCGAGGCT	0.09
TAGAGGCT	0.1
GAGAGGCT	0.1
CAGAGGCT	0.1
TTCAGGCT	0.1
GTCAGGCT	0.08
CTCAGGCT	0.09
ATCAGGCT	0.09
TGCAGGCT	0.1
GGCAGGCT	0.09
CGCAGGCT	0.08
TCCAGGCT	0.09
GCCAGGCT	0.09
CCCAGGCT	0.1
TACAGGCT	0.1
GACAGGCT	0.09
CACAGGCT	0.09
TTAAGGCT	0.12
GTAAGGCT	0.08
CTAAGGCT	0.09
ATAAGGCT	0.11
TGAAGGCT	0.1
GGAAGGCT	0.13
CGAAGGCT	0.09
TCAAGGCT	0.1
GCAAGGCT	0.1
CCAAGGCT	0.1
TAAAGGCT	0.1
GAAAGGCT	0.1
CAAAGGCT	0.09
TTTTCGCT	0.12
GTTTCGCT	0.11
CTTTCGCT	0.09
ATTTCGCT	0.1
TGTTCGCT	0.09
GGTTCGCT	0.1
CGTTCGCT	0.09
AGTTCGCT	0.1
TCTTCGCT	0.09
GCTTCGCT	0.09
CCTTCGCT	0.09
TATTCGCT	0.1
GATTCGCT	0.11
CATTCGCT	0.09
TTGTCGCT	0.11
GTGTCGCT	0.11
CTGTCGCT	0.11
ATGTCGCT	0.1
TGGTCGCT	0.1
GGGTCGCT	0.09
CGGTCGCT	0.09
AGGTCGCT	0.09
TCGTCGCT	0.09
GCGTCGCT	0.09
CCGTCGCT	0.1
TAGTCGCT	0.11
GAGTCGCT	0.09
CAGTCGCT	0.08
TTCTCGCT	0.1
GTCTCGCT	0.09
CTCTCGCT	0.1
ATCTCGCT	0.11
TGCTCGCT	0.1
GGCTCGCT	0.1
CGCTCGCT	0.09
AGCTCGCT	0.11
TCCTCGCT	0.11
GCCTCGCT	0.1
CCCTCGCT	0.09
TACTCGCT	0.14
GACTCGCT	0.09
CACTCGCT	0.12
TTATCGCT	0.1
GTATCGCT	0.09
CTATCGCT	0.1
ATATCGCT	0.12
TGATCGCT	0.08
GGATCGCT	0.09
CGATCGCT	0.09
TCATCGCT	0.11
GCATCGCT	0.09
CCATCGCT	0.1
TAATCGCT	0.09
GAATCGCT	0.09
CAATCGCT	0.09
TTTGCGCT	0.1
GTTGCGCT	0.11
CTTGCGCT	0.09
ATTGCGCT	0.1
TGTGCGCT	0.09
GGTGCGCT	0.1
CGTGCGCT	0.1
AGTGCGCT	0.09
TCTGCGCT	0.1
GCTGCGCT	0.09
CCTGCGCT	0.09
TATGCGCT	0.1
GATGCGCT	0.11
CATGCGCT	0.09
TTGGCGCT	0.1
GTGGCGCT	0.09
CTGGCGCT	0.11
ATGGCGCT	0.08
TGGGCGCT	0.09
GGGGCGCT	0.09
CGGGCGCT	0.09
AGGGCGCT	0.09
TCGGCGCT	0.09
GCGGCGCT	0.09
CCGGCGCT	0.1
TAGGCGCT	0.1
GAGGCGCT	0.11
CAGGCGCT	0.1
TTCGCGCT	0.11
GTCGCGCT	0.09
CTCGCGCT	0.09
ATCGCGCT	0.1
TGCGCGCT	0.09
GGCGCGCT	0.1
CGCGCGCT	0.1
TCCGCGCT	0.11
GCCGCGCT	0.08
CCCGCGCT	0.09
TACGCGCT	0.09
GACGCGCT	0.1
CACGCGCT	0.1
TTAGCGCT	0.1
GTAGCGCT	0.1
CTAGCGCT	0.1
ATAGCGCT	0.09
TGAGCGCT	0.08
GGAGCGCT	0.1
CGAGCGCT	0.09
TCAGCGCT	0.09
GCAGCGCT	0.1
CCAGCGCT	0.1
TAAGCGCT	0.1
GAAGCGCT	0.1
CAAGCGCT	0.09
TTTCCGCT	0.45
GTTCCGCT	0.23
CTTCCGCT	0.57
ATTCCGCT	0.14
TGTCCGCT	0.13
GGTCCGCT	0.1
CGTCCGCT	0.17
AGTCCGCT	0.1
TCTCCGCT	0.1
GCTCCGCT	0.11
CCTCCGCT	0.1
TATCCGCT	0.27
GATCCGCT	0.14
CATCCGCT	0.38
TTGCCGCT	0.1
GTGCCGCT	0.09
CTGCCGCT	0.1
ATGCCGCT	0.1
TGGCCGCT	0.09
GGGCCGCT	0.08
CGGCCGCT	0.1
AGGCCGCT	0.09
TCGCCGCT	0.11
GCGCCGCT	0.09
CCGCCGCT	0.1
TAGCCGCT	0.11
GAGCCGCT	0.11
CAGCCGCT	0.09
TTCCCGCT	0.15
GTCCCGCT	0.1
CTCCCGCT	0.11
ATCCCGCT	0.12
TGCCCGCT	0.09
GGCCCGCT	0.09
CGCCCGCT	0.1
TCCCCGCT	0.11
GCCCCGCT	0.1
CCCCCGCT	0.1
TACCCGCT	0.1
GACCCGCT	0.09
CACCCGCT	0.11
TTACCGCT	0.1
GTACCGCT	0.09
CTACCGCT	0.1
ATACCGCT	0.1
TGACCGCT	0.1
GGACCGCT	0.09
CGACCGCT	0.09
TCACCGCT	0.1
GCACCGCT	0.11
CCACCGCT	0.09
TAACCGCT	0.09
GAACCGCT	0.1
CAACCGCT	0.09
TTTACGCT	0.12
GTTACGCT	0.11
CTTACGCT	0.11
ATTACGCT	0.11
TGTACGCT	0.09
GGTACGCT	0.08
CGTACGCT	0.09
AGTACGCT	0.09
TCTACGCT	0.1
GCTACGCT	0.09
CCTACGCT	0.1
TATACGCT	0.09
GATACGCT	0.1
CATACGCT	0.09
TTGACGCT	0.09
GTGACGCT	0.09
CTGACGCT	0.09
ATGACGCT	0.1
TGGACGCT	0.09
GGGACGCT	0.1
CGGACGCT	0.13
AGGACGCT	0.11
TCGACGCT	0.09
GCGACGCT	0.09
CCGACGCT	0.09
TAGACGCT	0.09
GAGACGCT	0.09
CAGACGCT	0.1
TTCACGCT	0.09
GTCACGCT	0.1
CTCACGCT	0.09
ATCACGCT	0.1
TGCACGCT	0.1
GGCACGCT	0.1
CGCACGCT	0.12
TCCACGCT	0.11
GCCACGCT	0.09
CCCACGCT	0.1
TACACGCT	0.09
GACACGCT	0.09
CACACGCT	0.1
TTAACGCT	0.1
GTAACGCT	0.1
CTAACGCT	0.09
ATAACGCT	0.1
TGAACGCT	0.1
GGAACGCT	0.1
CGAACGCT	0.09
TCAACGCT	0.1
GCAACGCT	0.11
CCAACGCT	0.1
TAAACGCT	0.1
GAAACGCT	0.11
CAAACGCT	0.1
TTTTAGCT	0.11
GTTTAGCT	0.1
CTTTAGCT	0.11
ATTTAGCT	0.1
TGTTAGCT	0.1
GGTTAGCT	0.09
CGTTAGCT	0.08
AGTTAGCT	0.1
TCTTAGCT	0.1
GCTTAGCT	0.09
CCTTAGCT	0.1
TATTAGCT	0.09
GATTAGCT	0.1
CATTAGCT	0.1
TTGTAGCT	0.11
GTGTAGCT	0.1
CTGTAGCT	0.1
ATGTAGCT	0.1
TGGTAGCT	0.1
GGGTAGCT	0.09
CGGTAGCT	0.1
AGGTAGCT	0.11
TCGTAGCT	0.1
GCGTAGCT	0.09
CCGTAGCT	0.11
TAGTAGCT	0.12
GAGTAGCT	0.1
CAGTAGCT	0.1
TTCTAGCT	0.1
GTCTAGCT	0.1
CTCTAGCT	0.1
ATCTAGCT	0.1
TGCTAGCT	0.09
GGCTAGCT	0.08
CGCTAGCT	0.11
TCCTAGCT	0.11
GCCTAGCT	0.09
CCCTAGCT	0.1
TACTAGCT	0.08
GACTAGCT	0.09
CACTAGCT	0.09
TTATAGCT	0.09
GTATAGCT	0.09
CTATAGCT	0.1
ATATAGCT	0.1
TGATAGCT	0.1
GGATAGCT	0.11
CGATAGCT	0.11
TCATAGCT	0.09
GCATAGCT	0.09
CCATAGCT	0.09
TAATAGCT	0.11
GAATAGCT	0.1
CAATAGCT	0.11
TTTGAGCT	0.1
GTTGAGCT	0.09
CTTGAGCT	0.1
ATTGAGCT	0.09
TGTGAGCT	0.1
GGTGAGCT	0.1
CGTGAGCT	0.09
AGTGAGCT	0.09
TCTGAGCT	0.09
GCTGAGCT	0.09
CCTGAGCT	0.09
TATGAGCT	0.11
GATGAGCT	0.1
CATGAGCT	0.09
TTGGAGCT	0.11
GTGGAGCT	0.09
CTGGAGCT	0.08
ATGGAGCT	0.1
TGGGAGCT	0.09
GGGGAGCT	0.09
CGGGAGCT	0.1
AGGGAGCT	0.09
TCGGAGCT	0.08
GCGGAGCT	0.1
CCGGAGCT	0.12
TAGGAGCT	0.09
GAGGAGCT	0.08
CAGGAGCT	0.08
TTCGAGCT	0.11
GTCGAGCT	0.09
CTCGAGCT	0.1
ATCGAGCT	0.09
TGCGAGCT	0.11
GGCGAGCT	0.1
CGCGAGCT	0.1
TCCGAGCT	0.1
GCCGAGCT	0.09
CCCGAGCT	0.1
TACGAGCT	0.09
GACGAGCT	0.1
CACGAGCT	0.1
TTAGAGCT	0.1
GTAGAGCT	0.09
CTAGAGCT	0.08
ATAGAGCT	0.09
TGAGAGCT	0.09
GGAGAGCT	0.09
CGAGAGCT	0.1
TCAGAGCT	0.09
GCAGAGCT	0.09
CCAGAGCT	0.1
TAAGAGCT	0.09
GAAGAGCT	0.11
CAAGAGCT	0.11
TTTCAGCT	0.11
GTTCAGCT	0.1
CTTCAGCT	0.09
ATTCAGCT	0.11
TGTCAGCT	0.09
GGTCAGCT	0.09
CGTCAGCT	0.09
AGTCAGCT	0.1
TCTCAGCT	0.11
GCTCAGCT	0.09
CCTCAGCT	0.1
TATCAGCT	0.11
GATCAGCT	0.1
CATCAGCT	0.1
TTGCAGCT	0.1
GTGCAGCT	0.1
CTGCAGCT	0.09
ATGCAGCT	0.09
TGGCAGCT	0.09
GGGCAGCT	0.11
CGGCAGCT	0.1
AGGCAGCT	0.09
TCGCAGCT	0.09
GCGCAGCT	0.1
CCGCAGCT	0.1
TAGCAGCT	0.09
GAGCAGCT	0.09
CAGCAGCT	0.1
TTCCAGCT	0.11
GTCCAGCT	0.09
CTCCAGCT	0.1
ATCCAGCT	0.1
TGCCAGCT	0.09
GGCCAGCT	0.11
CGCCAGCT	0.1
TCCCAGCT	0.09
GCCCAGCT	0.1
CCCCAGCT	0.11
TACCAGCT	0.1
GACCAGCT	0.09
CACCAGCT	0.1
TTACAGCT	0.11
GTACAGCT	0.1
CTACAGCT	0.1
ATACAGCT	0.1
TGACAGCT	0.08
GGACAGCT	0.1
CGACAGCT	0.1
TCACAGCT	0.1
GCACAGCT	0.1
CCACAGCT	0.09
TAACAGCT	0.1
GAACAGCT	0.09
CAACAGCT	0.1
TTTAAGCT	0.1
GTTAAGCT	0.1
CTTAAGCT	0.09
ATTAAGCT	0.1
TGTAAGCT	0.1
GGTAAGCT	0.1
CGTAAGCT	0.09
AGTAAGCT	0.1
TCTAAGCT	0.09
GCTAAGCT	0.09
CCTAAGCT	0.11
TATAAGCT	0.11
GATAAGCT	0.11
CATAAGCT	0.08
TTGAAGCT	0.11
GTGAAGCT	0.1
CTGAAGCT	0.1
ATGAAGCT	0.12
TGGAAGCT	0.11
GGGAAGCT	0.12
CGGAAGCT	0.4
AGGAAGCT	0.25
TCGAAGCT	0.1
GCGAAGCT	0.09
CCGAAGCT	0.1
TAGAAGCT	0.1
GAGAAGCT	0.1
CAGAAGCT	0.11
TTCAAGCT	0.12
GTCAAGCT	0.09
CTCAAGCT	0.1
ATCAAGCT	0.09
TGCAAGCT	0.09
GGCAAGCT	0.08
CGCAAGCT	0.09
TCCAAGCT	0.11
GCCAAGCT	0.09
CCCAAGCT	0.11
TACAAGCT	0.1
GACAAGCT	0.09
CACAAGCT	0.1
TTAAAGCT	0.11
GTAAAGCT	0.09
CTAAAGCT	0.1
ATAAAGCT	0.09
TGAAAGCT	0.1
GGAAAGCT	0.11
CGAAAGCT	0.09
TCAAAGCT	0.1
GCAAAGCT	0.1
CCAAAGCT	0.09
TAAAAGCT	0.1
GAAAAGCT	0.11
CAAAAGCT	0.11
TTTTTCCT	0.15
GTTTTCCT	0.16
CTTTTCCT	0.17
ATTTTCCT	0.14
TGTTTCCT	0.25
GGTTTCCT	0.22
CGTTTCCT	0.3
AGTTTCCT	0.22
TCTTTCCT	0.14
GCTTTCCT	0.14
CCTTTCCT	0.16
TATTTCCT	0.39
GATTTCCT	0.32
CATTTCCT	0.34
TTGTTCCT	0.12
GTGTTCCT	0.12
CTGTTCCT	0.1
ATGTTCCT	0.1
TGGTTCCT	0.1
GGGTTCCT	0.11
CGGTTCCT	0.12
AGGTTCCT	0.11
TCGTTCCT	0.12
GCGTTCCT	0.1
CCGTTCCT	0.12
TAGTTCCT	0.15
GAGTTCCT	0.13
CAGTTCCT	0.15
TTCTTCCT	0.15
GTCTTCCT	0.16
CTCTTCCT	0.21
ATCTTCCT	0.17
TGCTTCCT	0.24
GGCTTCCT	0.19
CGCTTCCT	0.28
TCCTTCCT	0.16
GCCTTCCT	0.11
CCCTTCCT	0.16
TACTTCCT	0.46
GACTTCCT	0.3
CACTTCCT	0.51
TTATTCCT	0.11
GTATTCCT	0.1
CTATTCCT	0.11
ATATTCCT	0.13
TGATTCCT	0.13
GGATTCCT	0.11
CGATTCCT	0.1
TCATTCCT	0.12
GCATTCCT	0.1
CCATTCCT	0.1
TAATTCCT	0.12
GAATTCCT	0.1
CAATTCCT	0.14
TTTGTCCT	0.11
GTTGTCCT	0.1
CTTGTCCT	0.09
ATTGTCCT	0.11
TGTGTCCT	0.12
GGTGTCCT	0.11
CGTGTCCT	0.11
AGTGTCCT	0.1
TCTGTCCT	0.11
GCTGTCCT	0.1
CCTGTCCT	0.11
TATGTCCT	0.13
GATGTCCT	0.12
CATGTCCT	0.11
TTGGTCCT	0.09
GTGGTCCT	0.09
CTGGTCCT	0.09
ATGGTCCT	0.09
TGGGTCCT	0.12
GGGGTCCT	0.1
CGGGTCCT	0.09
AGGGTCCT	0.09
TCGGTCCT	0.11
GCGGTCCT	0.1
CCGGTCCT	0.12
TAGGTCCT	0.1
GAGGTCCT	0.09
CAGGTCCT	0.09
TTCGTCCT	0.11
GTCGTCCT	0.09
CTCGTCCT	0.11
ATCGTCCT	0.1
TGCGTCCT	0.1
GGCGTCCT	0.11
CGCGTCCT	0.12
TCCGTCCT	0.15
GCCGTCCT	0.09
CCCGTCCT	0.11
TACGTCCT	0.14
GACGTCCT	0.13
CACGTCCT	0.14
TTAGTCCT	0.1
GTAGTCCT	0.1
CTAGTCCT	0.1
ATAGTCCT	0.1
TGAGTCCT	0.09
GGAGTCCT	0.09
CGAGTCCT	0.09
TCAGTCCT	0.1
GCAGTCCT	0.08
CCAGTCCT	0.11
TAAGTCCT	0.09
GAAGTCCT	0.11
CAAGTCCT	0.09
TTTCTCCT	0.12
GTTCTCCT	0.1
CTTCTCCT	0.1
ATTCTCCT	0.11
TGTCTCCT	0.09
GGTCTCCT	0.1
CGTCTCCT	0.09
AGTCTCCT	0.09
TCTCTCCT	0.1
GCTCTCCT	0.09
CCTCTCCT	0.1
TATCTCCT	0.1
GATCTCCT	0.1
CATCTCCT	0.13
TTGCTCCT	0.09
GTGCTCCT	0.1
CTGCTCCT	0.09
ATGCTCCT	0.09
TGGCTCCT	0.09
GGGCTCCT	0.09
CGGCTCCT	0.1
AGGCTCCT	0.09
TCGCTCCT	0.11
GCGCTCCT	0.1
CCGCTCCT	0.1
TAGCTCCT	0.08
GAGCTCCT	0.09
CAGCTCCT	0.1
TTCCTCCT	0.15
GTCCTCCT	0.11
CTCCTCCT	0.11
ATCCTCCT	0.15
TGCCTCCT	0.09
GGCCTCCT	0.08
CGCCTCCT	0.1
TCCCTCCT	0.1
GCCCTCCT	0.1
CCCCTCCT	0.11
TACCTCCT	0.12
GACCTCCT	0.1
CACCTCCT	0.11
TTACTCCT	0.11
GTACTCCT	0.11
CTACTCCT	0.11
ATACTCCT	0.09
TGACTCCT	0.1
GGACTCCT	0.09
CGACTCCT	0.09
TCACTCCT	0.12
GCACTCCT	0.09
CCACTCCT	0.09
TAACTCCT	0.11
GAACTCCT	0.1
CAACTCCT	0.09
TTTATCCT	0.14
GTTATCCT	0.12
CTTATCCT	0.12
ATTATCCT	0.1
TGTATCCT	0.17
GGTATCCT	0.16
CGTATCCT	0.17
AGTATCCT	0.14
TCTATCCT	0.12
GCTATCCT	0.11
CCTATCCT	0.12
TATATCCT	0.19
GATATCCT	0.17
CATATCCT	0.25
TTGATCCT	0.12
GTGATCCT	0.11
CTGATCCT	0.1
ATGATCCT	0.1
TGGATCCT	0.11
GGGATCCT	0.09
CGGATCCT	0.12
TCGATCCT	0.1
GCGATCCT	0.1
CCGATCCT	0.11
TAGATCCT	0.11
GAGATCCT	0.09
CAGATCCT	0.1
TTCATCCT	0.13
GTCATCCT	0.12
CTCATCCT	0.12
ATCATCCT	0.13
TGCATCCT	0.15
GGCATCCT	0.15
CGCATCCT	0.17
TCCATCCT	0.13
GCCATCCT	0.12
CCCATCCT	0.13
TACATCCT	0.24
GACATCCT	0.24
CACATCCT	0.3
TTAATCCT	0.13
GTAATCCT	0.1
CTAATCCT	0.13
ATAATCCT	0.1
TGAATCCT	0.1
GGAATCCT	0.11
CGAATCCT	0.09
TCAATCCT	0.13
GCAATCCT	0.09
CCAATCCT	0.09
TAAATCCT	0.12
GAAATCCT	0.11
CAAATCCT	0.11
TTTTGCCT	0.1
GTTTGCCT	0.09
CTTTGCCT	0.12
ATTTGCCT	0.12
TGTTGCCT	0.1
GGTTGCCT	0.11
CGTTGCCT	0.11
AGTTGCCT	0.12
TCTTGCCT	0.11
GCTTGCCT	0.09
CCTTGCCT	0.1
TATTGCCT	0.11
GATTGCCT	0.1
CATTGCCT	0.11
TTGTGCCT	0.11
GTGTGCCT	0.09
CTGTGCCT	0.1
ATGTGCCT	0.11
TGGTGCCT	0.09
GGGTGCCT	0.1
CGGTGCCT	0.11
AGGTGCCT	0.09
TCGTGCCT	0.1
GCGTGCCT	0.1
CCGTGCCT	0.09
TAGTGCCT	0.1
GAGTGCCT	0.1
CAGTGCCT	0.1
TTCTGCCT	0.09
GTCTGCCT	0.09
CTCTGCCT	0.11
ATCTGCCT	0.09
TGCTGCCT	0.11
GGCTGCCT	0.1
CGCTGCCT	0.09
TCCTGCCT	0.17
GCCTGCCT	0.09
CCCTGCCT	0.1
TACTGCCT	0.1
GACTGCCT	0.09
CACTGCCT	0.11
TTATGCCT	0.1
GTATGCCT	0.1
CTATGCCT	0.1
ATATGCCT	0.1
TGATGCCT	0.1
GGATGCCT	0.12
CGATGCCT	0.1
TCATGCCT	0.09
GCATGCCT	0.09
CCATGCCT	0.11
TAATGCCT	0.1
GAATGCCT	0.12
CAATGCCT	0.1
TTTGGCCT	0.12
GTTGGCCT	0.09
CTTGGCCT	0.1
ATTGGCCT	0.09
TGTGGCCT	0.09
GGTGGCCT	0.1
CGTGGCCT	0.09
AGTGGCCT	0.08
TCTGGCCT	0.1
GCTGGCCT	0.1
CCTGGCCT	0.1
TATGGCCT	0.1
GATGGCCT	0.11
CATGGCCT	0.1
TTGGGCCT	0.11
GTGGGCCT	0.1
CTGGGCCT	0.11
ATGGGCCT	0.1
TGGGGCCT	0.09
GGGGGCCT	0.1
CGGGGCCT	0.09
AGGGGCCT	0.09
TCGGGCCT	0.09
GCGGGCCT	0.1
CCGGGCCT	0.1
TAGGGCCT	0.11
GAGGGCCT	0.1
CAGGGCCT	0.09
TTCGGCCT	0.1
GTCGGCCT	0.09
CTCGGCCT	0.1
ATCGGCCT	0.1
TGCGGCCT	0.09
GGCGGCCT	0.1
CGCGGCCT	0.1
TCCGGCCT	0.17
GCCGGCCT	0.11
CCCGGCCT	0.1
TACGGCCT	0.1
GACGGCCT	0.1
CACGGCCT	0.1
TTAGGCCT	0.1
GTAGGCCT	0.09
CTAGGCCT	0.09
ATAGGCCT	0.1
TGAGGCCT	0.09
GGAGGCCT	0.1
CGAGGCCT	0.09
TCAGGCCT	0.09
GCAGGCCT	0.07
CCAGGCCT	0.08
TAAGGCCT	0.08
GAAGGCCT	0.1
CAAGGCCT	0.09
TTTCGCCT	0.1
GTTCGCCT	0.11
CTTCGCCT	0.09
ATTCGCCT	0.1
TGTCGCCT	0.09
GGTCGCCT	0.11
CGTCGCCT	0.1
AGTCGCCT	0.1
TCTCGCCT	0.11
GCTCGCCT	0.11
CCTCGCCT	0.11
TATCGCCT	0.1
GATCGCCT	0.09
CATCGCCT	0.09
TTGCGCCT	0.11
GTGCGCCT	0.09
CTGCGCCT	0.09
ATGCGCCT	0.11
TGGCGCCT	0.09
GGGCGCCT	0.09
CGGCGCCT	0.09
TCGCGCCT	0.1
GCGCGCCT	0.09
CCGCGCCT	0.09
TAGCGCCT	0.12
GAGCGCCT	0.1
CAGCGCCT	0.1
TTCCGCCT	0.32
GTCCGCCT	0.12
CTCCGCCT	0.11
ATCCGCCT	0.18
TGCCGCCT	0.09
GGCCGCCT	0.09
CGCCGCCT	0.11
TCCCGCCT	0.11
GCCCGCCT	0.11
CCCCGCCT	0.11
TACCGCCT	0.1
GACCGCCT	0.1
CACCGCCT	0.09
TTACGCCT	0.11
GTACGCCT	0.1
CTACGCCT	0.09
ATACGCCT	0.1
TGACGCCT	0.09
GGACGCCT	0.1
CGACGCCT	0.09
TCACGCCT	0.09
GCACGCCT	0.09
CCACGCCT	0.09
TAACGCCT	0.1
GAACGCCT	0.09
CAACGCCT	0.09
TTTAGCCT	0.09
GTTAGCCT	0.1
CTTAGCCT	0.09
ATTAGCCT	0.11
TGTAGCCT	0.1
GGTAGCCT	0.1
CGTAGCCT	0.1
AGTAGCCT	0.11
TCTAGCCT	0.09
GCTAGCCT	0.08
CCTAGCCT	0.1
TATAGCCT	0.11
GATAGCCT	0.1
CATAGCCT	0.09
TTGAGCCT	0.1
GTGAGCCT	0.09
CTGAGCCT	0.08
ATGAGCCT	0.1
TGGAGCCT	0.09
GGGAGCCT	0.08
CGGAGCCT	0.1
TCGAGCCT	0.09
GCGAGCCT	0.1
CCGAGCCT	0.12
TAGAGCCT	0.09
GAGAGCCT	0.09
CAGAGCCT	0.09
TTCAGCCT	0.1
GTCAGCCT	0.1
CTCAGCCT	0.09
ATCAGCCT	0.1
TGCAGCCT	0.08
GGCAGCCT	0.09
CGCAGCCT	0.11
TCCAGCCT	0.09
GCCAGCCT	0.09
CCCAGCCT	0.1
TACAGCCT	0.1
GACAGCCT	0.1
CACAGCCT	0.1
TTAAGCCT	0.09
GTAAGCCT	0.11
CTAAGCCT	0.1
ATAAGCCT	0.1
TGAAGCCT	0.1
GGAAGCCT	0.12
CGAAGCCT	0.11
TCAAGCCT	0.1
GCAAGCCT	0.09
CCAAGCCT	0.1
TAAAGCCT	0.13
GAAAGCCT	0.11
CAAAGCCT	0.09
TTTTCCCT	0.12
GTTTCCCT	0.14
CTTTCCCT	0.1
ATTTCCCT	0.16
TGTTCCCT	0.1
GGTTCCCT	0.1
CGTTCCCT	0.1
AGTTCCCT	0.11
TCTTCCCT	0.12
GCTTCCCT	0.13
CCTTCCCT	0.12
TATTCCCT	0.12
GATTCCCT	0.1
CATTCCCT	0.1
TTGTCCCT	0.1
GTGTCCCT	0.1
CTGTCCCT	0.09
ATGTCCCT	0.11
TGGTCCCT	0.1
GGGTCCCT	0.09
CGGTCCCT	0.1
AGGTCCCT	0.11
TCGTCCCT	0.11
GCGTCCCT	0.09
CCGTCCCT	0.1
TAGTCCCT	0.11
GAGTCCCT	0.09
CAGTCCCT	0.09
TTCTCCCT	0.1
GTCTCCCT	0.09
CTCTCCCT	0.11
ATCTCCCT	0.09
TGCTCCCT	0.11
GGCTCCCT	0.09
CGCTCCCT	0.1
TCCTCCCT	0.1
GCCTCCCT	0.11
CCCTCCCT	0.1
TACTCCCT	0.11
GACTCCCT	0.1
CACTCCCT	0.09
TTATCCCT	0.1
GTATCCCT	0.1
CTATCCCT	0.09
ATATCCCT	0.13
TGATCCCT	0.1
GGATCCCT	0.09
CGATCCCT	0.1
TCATCCCT	0.09
GCATCCCT	0.12
CCATCCCT	0.12
TAATCCCT	0.11
GAATCCCT	0.1
CAATCCCT	0.1
TTTGCCCT	0.1
GTTGCCCT	0.1
CTTGCCCT	0.11
ATTGCCCT	0.11
TGTGCCCT	0.1
GGTGCCCT	0.11
CGTGCCCT	0.09
AGTGCCCT	0.09
TCTGCCCT	0.08
GCTGCCCT	0.1
CCTGCCCT	0.09
TATGCCCT	0.1
GATGCCCT	0.09
CATGCCCT	0.09
TTGGCCCT	0.09
GTGGCCCT	0.09
CTGGCCCT	0.09
ATGGCCCT	0.09
TGGGCCCT	0.09
GGGGCCCT	0.08
CGGGCCCT	0.08
TCGGCCCT	0.12
GCGGCCCT	0.09
CCGGCCCT	0.12
TAGGCCCT	0.09
GAGGCCCT	0.1
CAGGCCCT	0.09
TTCGCCCT	0.09
GTCGCCCT	0.09
CTCGCCCT	0.1
ATCGCCCT	0.1
TGCGCCCT	0.09
GGCGCCCT	0.09
CGCGCCCT	0.1
TCCGCCCT	0.15
GCCGCCCT	0.09
CCCGCCCT	0.1
TACGCCCT	0.08
GACGCCCT	0.1
CACGCCCT	0.09
TTAGCCCT	0.1
GTAGCCCT	0.11
CTAGCCCT	0.11
ATAGCCCT	0.09
TGAGCCCT	0.1
GGAGCCCT	0.1
CGAGCCCT	0.09
TCAGCCCT	0.11
GCAGCCCT	0.11
CCAGCCCT	0.1
TAAGCCCT	0.09
GAAGCCCT	0.09
CAAGCCCT	0.11
TTTCCCCT	0.14
GTTCCCCT	0.12
CTTCCCCT	0.17
ATTCCCCT	0.12
TGTCCCCT	0.11
GGTCCCCT	0.08
CGTCCCCT	0.1
AGTCCCCT	0.1
TCTCCCCT	0.09
GCTCCCCT	0.09
CCTCCCCT	0.11
TATCCCCT	0.12
GATCCCCT	0.11
CATCCCCT	0.13
TTGCCCCT	0.1
GTGCCCCT	0.1
CTGCCCCT	0.1
ATGCCCCT	0.1
TGGCCCCT	0.1
GGGCCCCT	0.09
CGGCCCCT	0.09
TCGCCCCT	0.09
GCGCCCCT	0.09
CCGCCCCT	0.1
TAGCCCCT	0.1
GAGCCCCT	0.1
CAGCCCCT	0.1
TTCCCCCT	0.13
GTCCCCCT	0.09
CTCCCCCT	0.11
ATCCCCCT	0.12
TGCCCCCT	0.11
GGCCCCCT	0.1
CGCCCCCT	0.12
TCCCCCCT	0.14
GCCCCCCT	0.1
CCCCCCCT	0.11
TACCCCCT	0.11
GACCCCCT	0.11
CACCCCCT	0.1
TTACCCCT	0.11
GTACCCCT	0.11
CTACCCCT	0.11
ATACCCCT	0.11
TGACCCCT	0.11
GGACCCCT	0.08
CGACCCCT	0.09
TCACCCCT	0.09
GCACCCCT	0.1
CCACCCCT	0.11
TAACCCCT	0.09
GAACCCCT	0.09
CAACCCCT	0.1
TTTACCCT	0.1
GTTACCCT	0.1
CTTACCCT	0.11
ATTACCCT	0.1
TGTACCCT	0.1
GGTACCCT	0.1
CGTACCCT	0.1
AGTACCCT	0.09
TCTACCCT	0.11
GCTACCCT	0.09
CCTACCCT	0.1
TATACCCT	0.1
GATACCCT	0.1
CATACCCT	0.11
TTGACCCT	0.11
GTGACCCT	0.09
CTGACCCT	0.1
ATGACCCT	0.1
TGGACCCT	0.1
GGGACCCT	0.1
CGGACCCT	0.1
TCGACCCT	0.11
GCGACCCT	0.1
CCGACCCT	0.1
TAGACCCT	0.1
GAGACCCT	0.11
CAGACCCT	0.08
TTCACCCT	0.11
GTCACCCT	0.11
CTCACCCT	0.1
ATCACCCT	0.11
TGCACCCT	0.09
GGCACCCT	0.09
CGCACCCT	0.1
TCCACCCT	0.11
GCCACCCT	0.09
CCCACCCT	0.11
TACACCCT	0.1
GACACCCT	0.1
CACACCCT	0.11
TTAACCCT	0.09
GTAACCCT	0.09
CTAACCCT	0.1
ATAACCCT	0.1
TGAACCCT	0.11
GGAACCCT	0.1
CGAACCCT	0.1
TCAACCCT	0.1
GCAACCCT	0.1
CCAACCCT	0.11
TAAACCCT	0.1
GAAACCCT	0.11
CAAACCCT	0.1
TTTTACCT	0.11
GTTTACCT	0.1
CTTTACCT	0.1
ATTTACCT	0.1
TGTTACCT	0.11
GGTTACCT	0.09
CGTTACCT	0.11
AGTTACCT	0.1
TCTTACCT	0.1
GCTTACCT	0.1
CCTTACCT	0.12
TATTACCT	0.13
GATTACCT	0.1
CATTACCT	0.1
TTGTACCT	0.12
GTGTACCT	0.1
CTGTACCT	0.11
ATGTACCT	0.1
TGGTACCT	0.1
GGGTACCT	0.09
CGGTACCT	0.1
TCGTACCT	0.09
GCGTACCT	0.09
CCGTACCT	0.1
TAGTACCT	0.1
GAGTACCT	0.09
CAGTACCT	0.11
TTCTACCT	0.11
GTCTACCT	0.1
CTCTACCT	0.11
ATCTACCT	0.1
TGCTACCT	0.09
GGCTACCT	0.1
CGCTACCT	0.09
TCCTACCT	0.12
GCCTACCT	0.1
CCCTACCT	0.1
TACTACCT	0.12
GACTACCT	0.11
CACTACCT	0.09
TTATACCT	0.11
GTATACCT	0.1
CTATACCT	0.11
ATATACCT	0.11
TGATACCT	0.11
GGATACCT	0.13
CGATACCT	0.1
TCATACCT	0.1
GCATACCT	0.1
CCATACCT	0.11
TAATACCT	0.11
GAATACCT	0.1
CAATACCT	0.09
TTTGACCT	0.1
GTTGACCT	0.09
CTTGACCT	0.1
ATTGACCT	0.11
TGTGACCT	0.09
GGTGACCT	0.09
CGTGACCT	0.09
AGTGACCT	0.1
TCTGACCT	0.09
GCTGACCT	0.1
CCTGACCT	0.1
TATGACCT	0.11
GATGACCT	0.1
CATGACCT	0.09
TTGGACCT	0.1
GTGGACCT	0.09
CTGGACCT	0.1
ATGGACCT	0.1
TGGGACCT	0.1
GGGGACCT	0.08
CGGGACCT	0.11
TCGGACCT	0.09
GCGGACCT	0.1
CCGGACCT	0.11
TAGGACCT	0.09
GAGGACCT	0.1
CAGGACCT	0.1
TTCGACCT	0.09
GTCGACCT	0.1
CTCGACCT	0.09
ATCGACCT	0.09
TGCGACCT	0.09
GGCGACCT	0.1
CGCGACCT	0.1
TCCGACCT	0.11
GCCGACCT	0.1
CCCGACCT	0.1
TACGACCT	0.1
GACGACCT	0.1
CACGACCT	0.09
TTAGACCT	0.09
GTAGACCT	0.09
CTAGACCT	0.1
ATAGACCT	0.09
TGAGACCT	0.1
GGAGACCT	0.1
CGAGACCT	0.1
TCAGACCT	0.1
GCAGACCT	0.1
CCAGACCT	0.09
TAAGACCT	0.1
GAAGACCT	0.09
CAAGACCT	0.11
TTTCACCT	0.11
GTTCACCT	0.09
CTTCACCT	0.1
ATTCACCT	0.11
TGTCACCT	0.09
GGTCACCT	0.09
CGTCACCT	0.09
AGTCACCT	0.11
TCTCACCT	0.11
GCTCACCT	0.1
CCTCACCT	0.09
TATCACCT	0.1
GATCACCT	0.1
CATCACCT	0.09
TTGCACCT	0.1
GTGCACCT	0.1
CTGCACCT	0.11
ATGCACCT	0.1
TGGCACCT	0.1
GGGCACCT	0.09
CGGCACCT	0.1
TCGCACCT	0.09
GCGCACCT	0.09
CCGCACCT	0.1
TAGCACCT	0.11
GAGCACCT	0.09
CAGCACCT	0.1
TTCCACCT	0.12
GTCCACCT	0.1
CTCCACCT	0.09
ATCCACCT	0.1
TGCCACCT	0.1
GGCCACCT	0.09
CGCCACCT	0.09
TCCCACCT	0.11
GCCCACCT	0.09
CCCCACCT	0.11
TACCACCT	0.12
GACCACCT	0.09
CACCACCT	0.1
TTACACCT	0.1
GTACACCT	0.09
CTACACCT	0.09
ATACACCT	0.1
TGACACCT	0.11
GGACACCT	0.1
CGACACCT	0.09
TCACACCT	0.1
GCACACCT	0.09
CCACACCT	0.09
TAACACCT	0.1
GAACACCT	0.1
CAACACCT	0.1
TTTAACCT	0.1
GTTAACCT	0.12
CTTAACCT	0.1
ATTAACCT	0.11
TGTAACCT	0.09
GGTAACCT	0.1
CGTAACCT	0.09
AGTAACCT	0.12
TCTAACCT	0.09
GCTAACCT	0.1
CCTAACCT	0.1
TATAACCT	0.1
GATAACCT	0.1
CATAACCT	0.1
TTGAACCT	0.11
GTGAACCT	0.09
CTGAACCT	0.09
ATGAACCT	0.11
TGGAACCT	0.11
GGGAACCT	0.1
CGGAACCT	0.13
TCGAACCT	0.09
GCGAACCT	0.1
CCGAACCT	0.1
TAGAACCT	0.1
GAGAACCT	0.1
CAGAACCT	0.1
TTCAACCT	0.1
GTCAACCT	0.1
CTCAACCT	0.09
ATCAACCT	0.09
TGCAACCT	0.1
GGCAACCT	0.1
CGCAACCT	0.09
TCCAACCT	0.11
GCCAACCT	0.09
CCCAACCT	0.1
TACAACCT	0.11
GACAACCT	0.09
CACAACCT	0.1
TTAAACCT	0.12
GTAAACCT	0.1
CTAAACCT	0.1
ATAAACCT	0.1
TGAAACCT	0.1
GGAAACCT	0.13
CGAAACCT	0.1
TCAAACCT	0.1
GCAAACCT	0.09
CCAAACCT	0.11
TAAAACCT	0.1
GAAAACCT	0.11
CAAAACCT	0.11
TTTTTACT	0.11
GTTTTACT	0.1
CTTTTACT	0.12
ATTTTACT	0.12
TGTTTACT	0.1
GGTTTACT	0.11
CGTTTACT	0.11
AGTTTACT	0.1
TCTTTACT	0.13
GCTTTACT	0.11
CCTTTACT	0.11
TATTTACT	0.1
GATTTACT	0.11
CATTTACT	0.11
TTGTTACT	0.12
GTGTTACT	0.11
CTGTTACT	0.1
ATGTTACT	0.1
TGGTTACT	0.11
GGGTTACT	0.11
CGGTTACT	0.1
TCGTTACT	0.1
GCGTTACT	0.09
CCGTTACT	0.11
TAGTTACT	0.1
GAGTTACT	0.1
CAGTTACT	0.11
TTCTTACT	0.12
GTCTTACT	0.1
CTCTTACT	0.11
ATCTTACT	0.11
TGCTTACT	0.12
GGCTTACT	0.1
CGCTTACT	0.11
TCCTTACT	0.14
GCCTTACT	0.12
CCCTTACT	0.13
TACTTACT	0.09
GACTTACT	0.09
CACTTACT	0.11
TTATTACT	0.1
GTATTACT	0.1
CTATTACT	0.1
ATATTACT	0.11
TGATTACT	0.1
GGATTACT	0.1
CGATTACT	0.1
TCATTACT	0.11
GCATTACT	0.1
CCATTACT	0.1
TAATTACT	0.12
GAATTACT	0.12
CAATTACT	0.1
TTTGTACT	0.1
GTTGTACT	0.1
CTTGTACT	0.09
ATTGTACT	0.11
TGTGTACT	0.11
GGTGTACT	0.1
CGTGTACT	0.08
AGTGTACT	0.1
TCTGTACT	0.11
GCTGTACT	0.1
CCTGTACT	0.1
TATGTACT	0.1
GATGTACT	0.11
CATGTACT	0.11
TTGGTACT	0.12
GTGGTACT	0.1
CTGGTACT	0.09
ATGGTACT	0.1
TGGGTACT	0.11
GGGGTACT	0.11
CGGGTACT	0.1
TCGGTACT	0.12
GCGGTACT	0.09
CCGGTACT	0.12
TAGGTACT	0.11
GAGGTACT	0.08
CAGGTACT	0.1
TTCGTACT	0.1
GTCGTACT	0.1
CTCGTACT	0.11
ATCGTACT	0.09
TGCGTACT	0.1
GGCGTACT	0.1
CGCGTACT	0.08
TCCGTACT	0.12
GCCGTACT	0.1
CCCGTACT	0.09
TACGTACT	0.09
GACGTACT	0.1
CACGTACT	0.1
TTAGTACT	0.11
GTAGTACT	0.11
CTAGTACT	0.1
ATAGTACT	0.1
TGAGTACT	0.09
GGAGTACT	0.12
CGAGTACT	0.09
TCAGTACT	0.1
GCAGTACT	0.1
CCAGTACT	0.09
TAAGTACT	0.1
GAAGTACT	0.11
CAAGTACT	0.09
TTTCTACT	0.12
GTTCTACT	0.11
CTTCTACT	0.09
ATTCTACT	0.12
TGTCTACT	0.1
GGTCTACT	0.09
CGTCTACT	0.11
AGTCTACT	0.11
TCTCTACT	0.1
GCTCTACT	0.09
CCTCTACT	0.11
TATCTACT	0.11
GATCTACT	0.1
CATCTACT	0.11
TTGCTACT	0.1
GTGCTACT	0.1
CTGCTACT	0.09
ATGCTACT	0.1
TGGCTACT	0.09
GGGCTACT	0.09
CGGCTACT	0.1
TCGCTACT	0.09
GCGCTACT	0.1
CCGCTACT	0.11
TAGCTACT	0.12
GAGCTACT	0.1
CAGCTACT	0.09
TTCCTACT	0.12
GTCCTACT	0.1
CTCCTACT	0.1
ATCCTACT	0.11
TGCCTACT	0.11
GGCCTACT	0.1
CGCCTACT	0.11
TCCCTACT	0.1
GCCCTACT	0.09
CCCCTACT	0.12
TACCTACT	0.11
GACCTACT	0.1
CACCTACT	0.13
TTACTACT	0.12
GTACTACT	0.11
CTACTACT	0.1
ATACTACT	0.1
TGACTACT	0.09
GGACTACT	0.11
CGACTACT	0.1
TCACTACT	0.1
GCACTACT	0.1
CCACTACT	0.1
TAACTACT	0.09
GAACTACT	0.11
CAACTACT	0.1
TTTATACT	0.12
GTTATACT	0.09
CTTATACT	0.12
ATTATACT	0.11
TGTATACT	0.11
GGTATACT	0.1
CGTATACT	0.11
TCTATACT	0.1
GCTATACT	0.11
CCTATACT	0.11
TATATACT	0.11
GATATACT	0.11
CATATACT	0.09
TTGATACT	0.1
GTGATACT	0.1
CTGATACT	0.11
ATGATACT	0.1
TGGATACT	0.12
GGGATACT	0.12
CGGATACT	0.29
TCGATACT	0.1
GCGATACT	0.09
CCGATACT	0.11
TAGATACT	0.1
GAGATACT	0.09
CAGATACT	0.09
TTCATACT	0.12
GTCATACT	0.1
CTCATACT	0.11
ATCATACT	0.09
TGCATACT	0.1
GGCATACT	0.1
CGCATACT	0.09
TCCATACT	0.11
GCCATACT	0.1
CCCATACT	0.1
TACATACT	0.1
GACATACT	0.1
CACATACT	0.1
TTAATACT	0.12
GTAATACT	0.11
CTAATACT	0.11
ATAATACT	0.1
TGAATACT	0.09
GGAATACT	0.11
CGAATACT	0.1
TCAATACT	0.1
GCAATACT	0.09
CCAATACT	0.09
TAAATACT	0.11
GAAATACT	0.12
CAAATACT	0.1
TTTTGACT	0.1
GTTTGACT	0.09
CTTTGACT	0.09
ATTTGACT	0.11
TGTTGACT	0.12
GGTTGACT	0.11
CGTTGACT	0.1
AGTTGACT	0.09
TCTTGACT	0.11
GCTTGACT	0.09
CCTTGACT	0.1
TATTGACT	0.09
GATTGACT	0.09
CATTGACT	0.09
TTGTGACT	0.1
GTGTGACT	0.09
CTGTGACT	0.11
ATGTGACT	0.09
TGGTGACT	0.09
GGGTGACT	0.12
CGGTGACT	0.1
TCGTGACT	0.08
GCGTGACT	0.09
CCGTGACT	0.1
TAGTGACT	0.09
GAGTGACT	0.1
CAGTGACT	0.09
TTCTGACT	0.11
GTCTGACT	0.09
CTCTGACT	0.1
ATCTGACT	0.1
TGCTGACT	0.1
GGCTGACT	0.09
CGCTGACT	0.09
TCCTGACT	0.12
GCCTGACT	0.1
CCCTGACT	0.1
TACTGACT	0.11
GACTGACT	0.1
CACTGACT	0.1
TTATGACT	0.11
GTATGACT	0.1
CTATGACT	0.1
ATATGACT	0.12
TGATGACT	0.1
GGATGACT	0.11
CGATGACT	0.1
TCATGACT	0.1
GCATGACT	0.09
CCATGACT	0.09
TAATGACT	0.11
GAATGACT	0.11
CAATGACT	0.09
TTTGGACT	0.1
GTTGGACT	0.1
CTTGGACT	0.1
ATTGGACT	0.1
TGTGGACT	0.1
GGTGGACT	0.11
CGTGGACT	0.1
AGTGGACT	0.11
TCTGGACT	0.09
GCTGGACT	0.1
CCTGGACT	0.1
TATGGACT	0.09
GATGGACT	0.1
CATGGACT	0.09
TTGGGACT	0.1
GTGGGACT	0.1
CTGGGACT	0.1
ATGGGACT	0.09
TGGGGACT	0.09
GGGGGACT	0.09
CGGGGACT	0.09
TCGGGACT	0.09
GCGGGACT	0.11
CCGGGACT	0.12
TAGGGACT	0.09
GAGGGACT	0.09
CAGGGACT	0.1
TTCGGACT	0.1
GTCGGACT	0.09
CTCGGACT	0.08
ATCGGACT	0.1
TGCGGACT	0.1
GGCGGACT	0.1
CGCGGACT	0.09
TCCGGACT	0.19
GCCGGACT	0.08
CCCGGACT	0.11
TACGGACT	0.1
GACGGACT	0.1
CACGGACT	0.1
TTAGGACT	0.09
GTAGGACT	0.11
CTAGGACT	0.1
ATAGGACT	0.1
TGAGGACT	0.1
GGAGGACT	0.09
CGAGGACT	0.09
TCAGGACT	0.1
GCAGGACT	0.09
CCAGGACT	0.09
TAAGGACT	0.1
GAAGGACT	0.09
CAAGGACT	0.09
TTTCGACT	0.11
GTTCGACT	0.1
CTTCGACT	0.11
ATTCGACT	0.1
TGTCGACT	0.09
GGTCGACT	0.08
CGTCGACT	0.1
TCTCGACT	0.1
GCTCGACT	0.08
CCTCGACT	0.09
TATCGACT	0.09
GATCGACT	0.1
CATCGACT	0.11
TTGCGACT	0.1
GTGCGACT	0.1
CTGCGACT	0.09
ATGCGACT	0.1
TGGCGACT	0.1
GGGCGACT	0.09
CGGCGACT	0.1
TCGCGACT	0.09
GCGCGACT	0.08
CCGCGACT	0.09
TAGCGACT	0.1
GAGCGACT	0.1
CAGCGACT	0.08
TTCCGACT	0.15
GTCCGACT	0.1
CTCCGACT	0.09
ATCCGACT	0.14
TGCCGACT	0.09
GGCCGACT	0.09
CGCCGACT	0.1
TCCCGACT	0.1
GCCCGACT	0.09
CCCCGACT	0.1
TACCGACT	0.09
GACCGACT	0.09
CACCGACT	0.11
TTACGACT	0.11
GTACGACT	0.07
CTACGACT	0.1
ATACGACT	0.1
TGACGACT	0.11
GGACGACT	0.11
CGACGACT	0.09
TCACGACT	0.1
GCACGACT	0.09
CCACGACT	0.1
TAACGACT	0.09
GAACGACT	0.1
CAACGACT	0.1
TTTAGACT	0.11
GTTAGACT	0.09
CTTAGACT	0.1
ATTAGACT	0.1
TGTAGACT	0.09
GGTAGACT	0.09
CGTAGACT	0.1
TCTAGACT	0.1
GCTAGACT	0.1
CCTAGACT	0.09
TATAGACT	0.11
GATAGACT	0.1
CATAGACT	0.1
TTGAGACT	0.1
GTGAGACT	0.1
CTGAGACT	0.1
ATGAGACT	0.12
TGGAGACT	0.1
GGGAGACT	0.1
CGGAGACT	0.1
TCGAGACT	0.09
GCGAGACT	0.1
CCGAGACT	0.1
TAGAGACT	0.1
GAGAGACT	0.1
CAGAGACT	0.09
TTCAGACT	0.09
GTCAGACT	0.08
CTCAGACT	0.09
ATCAGACT	0.1
TGCAGACT	0.08
GGCAGACT	0.09
CGCAGACT	0.09
TCCAGACT	0.1
GCCAGACT	0.08
CCCAGACT	0.09
TACAGACT	0.09
GACAGACT	0.1
CACAGACT	0.1
TTAAGACT	0.11
GTAAGACT	0.09
CTAAGACT	0.09
ATAAGACT	0.09
TGAAGACT	0.1
GGAAGACT	0.14
CGAAGACT	0.09
TCAAGACT	0.1
GCAAGACT	0.1
CCAAGACT	0.1
TAAAGACT	0.1
GAAAGACT	0.11
CAAAGACT	0.09
TTTTCACT	0.13
GTTTCACT	0.11
CTTTCACT	0.12
ATTTCACT	0.1
TGTTCACT	0.1
GGTTCACT	0.1
CGTTCACT	0.1
AGTTCACT	0.1
TCTTCACT	0.11
GCTTCACT	0.11
CCTTCACT	0.11
TATTCACT	0.11
GATTCACT	0.1
CATTCACT	0.11
TTGTCACT	0.1
GTGTCACT	0.1
CTGTCACT	0.12
ATGTCACT	0.1
TGGTCACT	0.1
GGGTCACT	0.09
CGGTCACT	0.1
TCGTCACT	0.1
GCGTCACT	0.1
CCGTCACT	0.11
TAGTCACT	0.1
GAGTCACT	0.09
CAGTCACT	0.08
TTCTCACT	0.11
GTCTCACT	0.1
CTCTCACT	0.11
ATCTCACT	0.1
TGCTCACT	0.1
GGCTCACT	0.11
CGCTCACT	0.11
TCCTCACT	0.12
GCCTCACT	0.09
CCCTCACT	0.09
TACTCACT	0.13
GACTCACT	0.09
CACTCACT	0.1
TTATCACT	0.1
GTATCACT	0.1
CTATCACT	0.11
ATATCACT	0.08
TGATCACT	0.1
GGATCACT	0.1
CGATCACT	0.1
TCATCACT	0.11
GCATCACT	0.1
CCATCACT	0.11
TAATCACT	0.1
GAATCACT	0.11
CAATCACT	0.1
TTTGCACT	0.1
GTTGCACT	0.11
CTTGCACT	0.1
ATTGCACT	0.1
TGTGCACT	0.09
GGTGCACT	0.1
CGTGCACT	0.08
TCTGCACT	0.09
GCTGCACT	0.09
CCTGCACT	0.1
TATGCACT	0.09
GATGCACT	0.1
CATGCACT	0.09
TTGGCACT	0.1
GTGGCACT	0.09
CTGGCACT	0.1
ATGGCACT	0.09
TGGGCACT	0.09
GGGGCACT	0.1
CGGGCACT	0.1
TCGGCACT	0.1
GCGGCACT	0.09
CCGGCACT	0.11
TAGGCACT	0.11
GAGGCACT	0.09
CAGGCACT	0.1
TTCGCACT	0.11
GTCGCACT	0.1
CTCGCACT	0.1
ATCGCACT	0.11
TGCGCACT	0.11
GGCGCACT	0.08
CGCGCACT	0.08
TCCGCACT	0.12
GCCGCACT	0.11
CCCGCACT	0.09
TACGCACT	0.11
GACGCACT	0.1
CACGCACT	0.1
TTAGCACT	0.11
GTAGCACT	0.09
CTAGCACT	0.1
ATAGCACT	0.1
TGAGCACT	0.08
GGAGCACT	0.09
CGAGCACT	0.08
TCAGCACT	0.1
GCAGCACT	0.08
CCAGCACT	0.1
TAAGCACT	0.1
GAAGCACT	0.1
CAAGCACT	0.1
TTTCCACT	0.11
GTTCCACT	0.11
CTTCCACT	0.13
ATTCCACT	0.11
TGTCCACT	0.11
GGTCCACT	0.09
CGTCCACT	0.1
TCTCCACT	0.11
GCTCCACT	0.1
CCTCCACT	0.1
TATCCACT	0.12
GATCCACT	0.1
CATCCACT	0.12
TTGCCACT	0.1
GTGCCACT	0.09
CTGCCACT	0.11
ATGCCACT	0.11
TGGCCACT	0.09
GGGCCACT	0.09
CGGCCACT	0.08
TCGCCACT	0.09
GCGCCACT	0.1
CCGCCACT	0.11
TAGCCACT	0.09
GAGCCACT	0.09
CAGCCACT	0.1
TTCCCACT	0.12
GTCCCACT	0.1
CTCCCACT	0.09
ATCCCACT	0.12
TGCCCACT	0.1
GGCCCACT	0.09
CGCCCACT	0.1
TCCCCACT	0.1
GCCCCACT	0.08
CCCCCACT	0.11
TACCCACT	0.11
GACCCACT	0.11
CACCCACT	0.1
TTACCACT	0.1
GTACCACT	0.1
CTACCACT	0.1
ATACCACT	0.1
TGACCACT	0.09
GGACCACT	0.09
CGACCACT	0.1
TCACCACT	0.1
GCACCACT	0.11
CCACCACT	0.12
TAACCACT	0.12
GAACCACT	0.1
CAACCACT	0.1
TTTACACT	0.1
GTTACACT	0.09
CTTACACT	0.1
ATTACACT	0.12
TGTACACT	0.09
GGTACACT	0.09
CGTACACT	0.09
TCTACACT	0.09
GCTACACT	0.1
CCTACACT	0.1
TATACACT	0.09
GATACACT	0.11
CATACACT	0.11
TTGACACT	0.11
GTGACACT	0.1
CTGACACT	0.1
ATGACACT	0.1
TGGACACT	0.1
GGGACACT	0.11
CGGACACT	0.12
TCGACACT	0.11
GCGACACT	0.1
CCGACACT	0.11
TAGACACT	0.09
GAGACACT	0.11
CAGACACT	0.1
TTCACACT	0.12
GTCACACT	0.09
CTCACACT	0.11
ATCACACT	0.1
TGCACACT	0.1
GGCACACT	0.1
CGCACACT	0.1
TCCACACT	0.12
GCCACACT	0.1
CCCACACT	0.09
TACACACT	0.1
GACACACT	0.1
CACACACT	0.12
TTAACACT	0.1
GTAACACT	0.1
CTAACACT	0.09
ATAACACT	0.11
TGAACACT	0.1
GGAACACT	0.11
CGAACACT	0.09
TCAACACT	0.1
GCAACACT	0.1
CCAACACT	0.1
TAAACACT	0.11
GAAACACT	0.12
CAAACACT	0.1
TTTTAACT	0.12
GTTTAACT	0.1
CTTTAACT	0.13
ATTTAACT	0.11
TGTTAACT	0.1
GGTTAACT	0.11
CGTTAACT	0.12
TCTTAACT	0.11
GCTTAACT	0.1
CCTTAACT	0.1
TATTAACT	0.11
GATTAACT	0.09
CATTAACT	0.12
TTGTAACT	0.1
GTGTAACT	0.08
CTGTAACT	0.11
ATGTAACT	0.11
TGGTAACT	0.1
GGGTAACT	0.1
CGGTAACT	0.11
TCGTAACT	0.11
GCGTAACT	0.1
CCGTAACT	0.1
TAGTAACT	0.1
GAGTAACT	0.1
CAGTAACT	0.11
TTCTAACT	0.11
GTCTAACT	0.1
CTCTAACT	0.11
ATCTAACT	0.09
TGCTAACT	0.12
GGCTAACT	0.09
CGCTAACT	0.09
TCCTAACT	0.12
GCCTAACT	0.11
CCCTAACT	0.11
TACTAACT	0.1
GACTAACT	0.1
CACTAACT	0.11
TTATAACT	0.11
GTATAACT	0.09
CTATAACT	0.11
ATATAACT	0.11
TGATAACT	0.1
GGATAACT	0.11
CGATAACT	0.1
TCATAACT	0.11
GCATAACT	0.11
CCATAACT	0.1
TAATAACT	0.12
GAATAACT	0.11
CAATAACT	0.1
TTTGAACT	0.1
GTTGAACT	0.11
CTTGAACT	0.11
ATTGAACT	0.1
TGTGAACT	0.1
GGTGAACT	0.11
CGTGAACT	0.1
TCTGAACT	0.1
GCTGAACT	0.09
CCTGAACT	0.11
TATGAACT	0.1
GATGAACT	0.12
CATGAACT	0.1
TTGGAACT	0.12
GTGGAACT	0.11
CTGGAACT	0.1
ATGGAACT	0.11
TGGGAACT	0.12
GGGGAACT	0.13
CGGGAACT	0.12
TCGGAACT	0.13
GCGGAACT	0.2
CCGGAACT	0.4
TAGGAACT	0.11
GAGGAACT	0.13
CAGGAACT	0.22
TTCGAACT	0.1
GTCGAACT	0.1
CTCGAACT	0.1
ATCGAACT	0.1
TGCGAACT	0.1
GGCGAACT	0.09
CGCGAACT	0.11
TCCGAACT	0.12
GCCGAACT	0.11
CCCGAACT	0.12
TACGAACT	0.09
GACGAACT	0.09
CACGAACT	0.1
TTAGAACT	0.12
GTAGAACT	0.1
CTAGAACT	0.11
ATAGAACT	0.1
TGAGAACT	0.11
GGAGAACT	0.1
CGAGAACT	0.11
TCAGAACT	0.1
GCAGAACT	0.09
CCAGAACT	0.11
TAAGAACT	0.1
GAAGAACT	0.11
CAAGAACT	0.11
TTTCAACT	0.1
GTTCAACT	0.09
CTTCAACT	0.11
ATTCAACT	0.11
TGTCAACT	0.12
GGTCAACT	0.1
CGTCAACT	0.11
TCTCAACT	0.11
GCTCAACT	0.1
CCTCAACT	0.11
TATCAACT	0.12
GATCAACT	0.11
CATCAACT	0.11
TTGCAACT	0.08
GTGCAACT	0.1
CTGCAACT	0.1
ATGCAACT	0.12
TGGCAACT	0.09
GGGCAACT	0.1
CGGCAACT	0.09
TCGCAACT	0.1
GCGCAACT	0.1
CCGCAACT	0.11
TAGCAACT	0.1
GAGCAACT	0.09
CAGCAACT	0.1
TTCCAACT	0.09
GTCCAACT	0.09
CTCCAACT	0.1
ATCCAACT	0.1
TGCCAACT	0.09
GGCCAACT	0.11
CGCCAACT	0.11
TCCCAACT	0.1
GCCCAACT	0.1
CCCCAACT	0.11
TACCAACT	0.1
GACCAACT	0.09
CACCAACT	0.11
TTACAACT	0.1
GTACAACT	0.11
CTACAACT	0.1
ATACAACT	0.11
TGACAACT	0.1
GGACAACT	0.1
CGACAACT	0.11
TCACAACT	0.11
GCACAACT	0.1
CCACAACT	0.11
TAACAACT	0.11
GAACAACT	0.11
CAACAACT	0.1
TTTAAACT	0.12
GTTAAACT	0.1
CTTAAACT	0.11
ATTAAACT	0.11
TGTAAACT	0.11
GGTAAACT	0.09
CGTAAACT	0.09
TCTAAACT	0.11
GCTAAACT	0.12
CCTAAACT	0.1
TATAAACT	0.11
GATAAACT	0.11
CATAAACT	0.11
TTGAAACT	0.12
GTGAAACT	0.1
CTGAAACT	0.11
ATGAAACT	0.11
TGGAAACT	0.11
GGGAAACT	0.12
CGGAAACT	0.45
TCGAAACT	0.09
GCGAAACT	0.1
CCGAAACT	0.1
TAGAAACT	0.11
GAGAAACT	0.11
CAGAAACT	0.1
TTCAAACT	0.12
GTCAAACT	0.11
CTCAAACT	0.1
ATCAAACT	0.12
TGCAAACT	0.11
GGCAAACT	0.11
CGCAAACT	0.11
TCCAAACT	0.11
GCCAAACT	0.09
CCCAAACT	0.11
TACAAACT	0.11
GACAAACT	0.1
CACAAACT	0.11
TTAAAACT	0.12
GTAAAACT	0.12
CTAAAACT	0.1
ATAAAACT	0.12
TGAAAACT	0.13
GGAAAACT	0.14
CGAAAACT	0.11
TCAAAACT	0.11
GCAAAACT	0.11
CCAAAACT	0.1
TAAAAACT	0.11
GAAAAACT	0.12
CAAAAACT	0.13
TTTTTTAT	0.13
GTTTTTAT	0.11
CTTTTTAT	0.16
ATTTTTAT	0.14
TGTTTTAT	0.12
GGTTTTAT	0.1
CGTTTTAT	0.11
TCTTTTAT	0.11
GCTTTTAT	0.11
CCTTTTAT	0.11
TATTTTAT	0.13
GATTTTAT	0.13
CATTTTAT	0.11
TTGTTTAT	0.12
GTGTTTAT	0.1
CTGTTTAT	0.11
ATGTTTAT	0.12
TGGTTTAT	0.11
GGGTTTAT	0.1
CGGTTTAT	0.11
TCGTTTAT	0.11
GCGTTTAT	0.1
CCGTTTAT	0.11
TAGTTTAT	0.12
GAGTTTAT	0.11
CAGTTTAT	0.11
TTCTTTAT	0.12
GTCTTTAT	0.11
CTCTTTAT	0.1
ATCTTTAT	0.11
TGCTTTAT	0.11
GGCTTTAT	0.09
CGCTTTAT	0.13
TCCTTTAT	0.14
GCCTTTAT	0.11
CCCTTTAT	0.1
TACTTTAT	0.12
GACTTTAT	0.11
CACTTTAT	0.11
TTATTTAT	0.13
GTATTTAT	0.13
CTATTTAT	0.09
ATATTTAT	0.12
TGATTTAT	0.11
GGATTTAT	0.13
CGATTTAT	0.11
TCATTTAT	0.11
GCATTTAT	0.1
CCATTTAT	0.1
TAATTTAT	0.11
GAATTTAT	0.11
CAATTTAT	0.11
TTTGTTAT	0.12
GTTGTTAT	0.11
CTTGTTAT	0.12
ATTGTTAT	0.11
TGTGTTAT	0.1
GGTGTTAT	0.11
CGTGTTAT	0.09
TCTGTTAT	0.13
GCTGTTAT	0.1
CCTGTTAT	0.11
TATGTTAT	0.12
GATGTTAT	0.11
CATGTTAT	0.1
TTGGTTAT	0.13
GTGGTTAT	0.11
CTGGTTAT	0.1
ATGGTTAT	0.11
TGGGTTAT	0.1
GGGGTTAT	0.1
CGGGTTAT	0.11
TCGGTTAT	0.11
GCGGTTAT	0.1
CCGGTTAT	0.13
TAGGTTAT	0.1
GAGGTTAT	0.1
CAGGTTAT	0.11
TTCGTTAT	0.1
GTCGTTAT	0.1
CTCGTTAT	0.09
ATCGTTAT	0.11
TGCGTTAT	0.11
GGCGTTAT	0.1
CGCGTTAT	0.1
TCCGTTAT	0.13
GCCGTTAT	0.13
CCCGTTAT	0.1
TACGTTAT	0.1
GACGTTAT	0.11
CACGTTAT	0.09
TTAGTTAT	0.12
GTAGTTAT	0.12
CTAGTTAT	0.1
ATAGTTAT	0.1
TGAGTTAT	0.1
GGAGTTAT	0.11
CGAGTTAT	0.1
TCAGTTAT	0.11
GCAGTTAT	0.1
CCAGTTAT	0.09
TAAGTTAT	0.09
GAAGTTAT	0.12
CAAGTTAT	0.09
TTTCTTAT	0.13
GTTCTTAT	0.11
CTTCTTAT	0.11
ATTCTTAT	0.11
TGTCTTAT	0.11
GGTCTTAT	0.12
CGTCTTAT	0.1
TCTCTTAT	0.11
GCTCTTAT	0.1
CCTCTTAT	0.11
TATCTTAT	0.12
GATCTTAT	0.1
CATCTTAT	0.11
TTGCTTAT	0.09
GTGCTTAT	0.1
CTGCTTAT	0.11
ATGCTTAT	0.1
TGGCTTAT	0.11
GGGCTTAT	0.09
CGGCTTAT	0.11
TCGCTTAT	0.11
GCGCTTAT	0.08
CCGCTTAT	0.11
TAGCTTAT	0.09
GAGCTTAT	0.11
CAGCTTAT	0.09
TTCCTTAT	0.13
GTCCTTAT	0.11
CTCCTTAT	0.09
ATCCTTAT	0.13
TGCCTTAT	0.11
GGCCTTAT	0.1
CGCCTTAT	0.09
TCCCTTAT	0.12
GCCCTTAT	0.13
CCCCTTAT	0.11
TACCTTAT	0.1
GACCTTAT	0.1
CACCTTAT	0.12
TTACTTAT	0.13
GTACTTAT	0.11
CTACTTAT	0.11
ATACTTAT	0.1
TGACTTAT	0.1
GGACTTAT	0.11
CGACTTAT	0.08
TCACTTAT	0.1
GCACTTAT	0.11
CCACTTAT	0.09
TAACTTAT	0.11
GAACTTAT	0.12
CAACTTAT	0.1
TTTATTAT	0.12
GTTATTAT	0.13
CTTATTAT	0.12
ATTATTAT	0.13
TGTATTAT	0.12
GGTATTAT	0.12
CGTATTAT	0.11
TCTATTAT	0.1
GCTATTAT	0.1
CCTATTAT	0.12
TATATTAT	0.11
GATATTAT	0.13
CATATTAT	0.1
TTGATTAT	0.11
GTGATTAT	0.1
CTGATTAT	0.09
ATGATTAT	0.11
TGGATTAT	0.1
GGGATTAT	0.12
CGGATTAT	0.11
TCGATTAT	0.11
GCGATTAT	0.1
CCGATTAT	0.12
TAGATTAT	0.11
GAGATTAT	0.1
CAGATTAT	0.11
TTCATTAT	0.12
GTCATTAT	0.09
CTCATTAT	0.11
ATCATTAT	0.1
TGCATTAT	0.1
GGCATTAT	0.11
CGCATTAT	0.11
TCCATTAT	0.11
GCCATTAT	0.1
CCCATTAT	0.11
TACATTAT	0.11
GACATTAT	0.12
CACATTAT	0.09
TTAATTAT	0.11
GTAATTAT	0.12
CTAATTAT	0.11
TGAATTAT	0.11
GGAATTAT	0.11
CGAATTAT	0.1
TCAATTAT	0.1
GCAATTAT	0.09
CCAATTAT	0.11
TAAATTAT	0.1
GAAATTAT	0.11
CAAATTAT	0.12
TTTTGTAT	0.12
GTTTGTAT	0.13
CTTTGTAT	0.12
ATTTGTAT	0.13
TGTTGTAT	0.11
GGTTGTAT	0.11
CGTTGTAT	0.12
TCTTGTAT	0.12
GCTTGTAT	0.1
CCTTGTAT	0.11
TATTGTAT	0.11
GATTGTAT	0.1
CATTGTAT	0.12
TTGTGTAT	0.1
GTGTGTAT	0.09
CTGTGTAT	0.1
ATGTGTAT	0.09
TGGTGTAT	0.11
GGGTGTAT	0.12
CGGTGTAT	0.11
TCGTGTAT	0.11
GCGTGTAT	0.1
CCGTGTAT	0.1
TAGTGTAT	0.1
GAGTGTAT	0.11
CAGTGTAT	0.1
TTCTGTAT	0.12
GTCTGTAT	0.11
CTCTGTAT	0.1
ATCTGTAT	0.11
TGCTGTAT	0.12
GGCTGTAT	0.1
CGCTGTAT	0.09
TCCTGTAT	0.22
GCCTGTAT	0.1
CCCTGTAT	0.1
TACTGTAT	0.1
GACTGTAT	0.1
CACTGTAT	0.12
TTATGTAT	0.13
GTATGTAT	0.1
CTATGTAT	0.1
ATATGTAT	0.11
TGATGTAT	0.11
GGATGTAT	0.15
CGATGTAT	0.1
TCATGTAT	0.1
GCATGTAT	0.09
CCATGTAT	0.1
TAATGTAT	0.12
GAATGTAT	0.1
CAATGTAT	0.11
TTTGGTAT	0.1
GTTGGTAT	0.1
CTTGGTAT	0.11
ATTGGTAT	0.1
TGTGGTAT	0.11
GGTGGTAT	0.09
CGTGGTAT	0.1
TCTGGTAT	0.09
GCTGGTAT	0.1
CCTGGTAT	0.1
TATGGTAT	0.11
GATGGTAT	0.12
CATGGTAT	0.11
TTGGGTAT	0.1
GTGGGTAT	0.12
CTGGGTAT	0.1
ATGGGTAT	0.11
TGGGGTAT	0.11
GGGGGTAT	0.11
CGGGGTAT	0.1
TCGGGTAT	0.11
GCGGGTAT	0.1
CCGGGTAT	0.11
TAGGGTAT	0.1
GAGGGTAT	0.11
CAGGGTAT	0.09
TTCGGTAT	0.11
GTCGGTAT	0.12
CTCGGTAT	0.1
ATCGGTAT	0.1
TGCGGTAT	0.11
GGCGGTAT	0.11
CGCGGTAT	0.09
TCCGGTAT	0.18
GCCGGTAT	0.12
CCCGGTAT	0.11
TACGGTAT	0.11
GACGGTAT	0.11
CACGGTAT	0.1
TTAGGTAT	0.11
GTAGGTAT	0.12
CTAGGTAT	0.1
ATAGGTAT	0.09
TGAGGTAT	0.1
GGAGGTAT	0.11
CGAGGTAT	0.1
TCAGGTAT	0.11
GCAGGTAT	0.1
CCAGGTAT	0.09
TAAGGTAT	0.11
GAAGGTAT	0.1
CAAGGTAT	0.11
TTTCGTAT	0.12
GTTCGTAT	0.1
CTTCGTAT	0.11
ATTCGTAT	0.1
TGTCGTAT	0.11
GGTCGTAT	0.1
CGTCGTAT	0.11
TCTCGTAT	0.11
GCTCGTAT	0.1
CCTCGTAT	0.09
TATCGTAT	0.1
GATCGTAT	0.1
CATCGTAT	0.11
TTGCGTAT	0.1
GTGCGTAT	0.1
CTGCGTAT	0.08
ATGCGTAT	0.11
TGGCGTAT	0.11
GGGCGTAT	0.09
CGGCGTAT	0.1
TCGCGTAT	0.11
GCGCGTAT	0.11
CCGCGTAT	0.11
TAGCGTAT	0.1
GAGCGTAT	0.1
CAGCGTAT	0.1
TTCCGTAT	0.17
GTCCGTAT	0.11
CTCCGTAT	0.11
ATCCGTAT	0.14
TGCCGTAT	0.1
GGCCGTAT	0.1
CGCCGTAT	0.1
TCCCGTAT	0.12
GCCCGTAT	0.1
CCCCGTAT	0.1
TACCGTAT	0.1
GACCGTAT	0.11
CACCGTAT	0.11
TTACGTAT	0.11
GTACGTAT	0.1
CTACGTAT	0.1
TGACGTAT	0.1
GGACGTAT	0.1
CGACGTAT	0.11
TCACGTAT	0.1
GCACGTAT	0.09
CCACGTAT	0.11
TAACGTAT	0.1
GAACGTAT	0.1
CAACGTAT	0.08
TTTAGTAT	0.12
GTTAGTAT	0.1
CTTAGTAT	0.1
ATTAGTAT	0.1
TGTAGTAT	0.11
GGTAGTAT	0.1
CGTAGTAT	0.08
TCTAGTAT	0.1
GCTAGTAT	0.09
CCTAGTAT	0.11
TATAGTAT	0.11
GATAGTAT	0.1
CATAGTAT	0.11
TTGAGTAT	0.09
GTGAGTAT	0.1
CTGAGTAT	0.1
ATGAGTAT	0.11
TGGAGTAT	0.09
GGGAGTAT	0.11
CGGAGTAT	0.1
TCGAGTAT	0.09
GCGAGTAT	0.1
CCGAGTAT	0.09
TAGAGTAT	0.11
GAGAGTAT	0.12
CAGAGTAT	0.1
TTCAGTAT	0.11
GTCAGTAT	0.11
CTCAGTAT	0.12
ATCAGTAT	0.11
TGCAGTAT	0.1
GGCAGTAT	0.09
CGCAGTAT	0.1
TCCAGTAT	0.12
GCCAGTAT	0.11
CCCAGTAT	0.1
TACAGTAT	0.1
GACAGTAT	0.13
CACAGTAT	0.1
TTAAGTAT	0.11
GTAAGTAT	0.1
CTAAGTAT	0.11
TGAAGTAT	0.11
GGAAGTAT	0.31
CGAAGTAT	0.1
TCAAGTAT	0.09
GCAAGTAT	0.09
CCAAGTAT	0.1
TAAAGTAT	0.12
GAAAGTAT	0.1
CAAAGTAT	0.1
TTTTCTAT	0.11
GTTTCTAT	0.12
CTTTCTAT	0.11
ATTTCTAT	0.11
TGTTCTAT	0.1
GGTTCTAT	0.1
CGTTCTAT	0.1
TCTTCTAT	0.1
GCTTCTAT	0.12
CCTTCTAT	0.1
TATTCTAT	0.12
GATTCTAT	0.11
CATTCTAT	0.1
TTGTCTAT	0.1
GTGTCTAT	0.09
CTGTCTAT	0.11
ATGTCTAT	0.11
TGGTCTAT	0.1
GGGTCTAT	0.1
CGGTCTAT	0.09
TCGTCTAT	0.1
GCGTCTAT	0.09
CCGTCTAT	0.12
TAGTCTAT	0.1
GAGTCTAT	0.1
CAGTCTAT	0.1
TTCTCTAT	0.11
GTCTCTAT	0.1
CTCTCTAT	0.1
ATCTCTAT	0.11
TGCTCTAT	0.1
GGCTCTAT	0.09
CGCTCTAT	0.1
TCCTCTAT	0.14
GCCTCTAT	0.1
CCCTCTAT	0.11
TACTCTAT	0.11
GACTCTAT	0.1
CACTCTAT	0.1
TTATCTAT	0.13
GTATCTAT	0.1
CTATCTAT	0.12
ATATCTAT	0.09
TGATCTAT	0.11
GGATCTAT	0.11
CGATCTAT	0.09
TCATCTAT	0.1
GCATCTAT	0.09
CCATCTAT	0.1
TAATCTAT	0.12
GAATCTAT	0.1
CAATCTAT	0.11
TTTGCTAT	0.11
GTTGCTAT	0.1
CTTGCTAT	0.11
ATTGCTAT	0.1
TGTGCTAT	0.11
GGTGCTAT	0.1
CGTGCTAT	0.1
TCTGCTAT	0.12
GCTGCTAT	0.1
CCTGCTAT	0.12
TATGCTAT	0.1
GATGCTAT	0.1
CATGCTAT	0.09
TTGGCTAT	0.11
GTGGCTAT	0.11
CTGGCTAT	0.09
ATGGCTAT	0.09
TGGGCTAT	0.11
GGGGCTAT	0.09
CGGGCTAT	0.1
TCGGCTAT	0.1
GCGGCTAT	0.1
CCGGCTAT	0.1
TAGGCTAT	0.11
GAGGCTAT	0.11
CAGGCTAT	0.1
TTCGCTAT	0.11
GTCGCTAT	0.09
CTCGCTAT	0.11
ATCGCTAT	0.09
TGCGCTAT	0.11
GGCGCTAT	0.1
CGCGCTAT	0.1
TCCGCTAT	0.15
GCCGCTAT	0.1
CCCGCTAT	0.1
TACGCTAT	0.11
GACGCTAT	0.09
CACGCTAT	0.09
TTAGCTAT	0.09
GTAGCTAT	0.1
CTAGCTAT	0.08
TGAGCTAT	0.1
GGAGCTAT	0.1
CGAGCTAT	0.1
TCAGCTAT	0.09
GCAGCTAT	0.09
CCAGCTAT	0.1
TAAGCTAT	0.1
GAAGCTAT	0.12
CAAGCTAT	0.1
TTTCCTAT	0.19
GTTCCTAT	0.12
CTTCCTAT	0.15
ATTCCTAT	0.12
TGTCCTAT	0.1
GGTCCTAT	0.09
CGTCCTAT	0.11
TCTCCTAT	0.1
GCTCCTAT	0.1
CCTCCTAT	0.1
TATCCTAT	0.13
GATCCTAT	0.11
CATCCTAT	0.14
TTGCCTAT	0.09
GTGCCTAT	0.11
CTGCCTAT	0.11
ATGCCTAT	0.09
TGGCCTAT	0.09
GGGCCTAT	0.09
CGGCCTAT	0.09
TCGCCTAT	0.1
GCGCCTAT	0.1
CCGCCTAT	0.11
TAGCCTAT	0.11
GAGCCTAT	0.12
CAGCCTAT	0.1
TTCCCTAT	0.13
GTCCCTAT	0.09
CTCCCTAT	0.1
ATCCCTAT	0.11
TGCCCTAT	0.1
GGCCCTAT	0.09
CGCCCTAT	0.09
TCCCCTAT	0.1
GCCCCTAT	0.1
CCCCCTAT	0.1
TACCCTAT	0.11
GACCCTAT	0.08
CACCCTAT	0.09
TTACCTAT	0.1
GTACCTAT	0.1
CTACCTAT	0.1
TGACCTAT	0.1
GGACCTAT	0.09
CGACCTAT	0.08
TCACCTAT	0.09
GCACCTAT	0.1
CCACCTAT	0.09
TAACCTAT	0.12
GAACCTAT	0.11
CAACCTAT	0.1
TTTACTAT	0.09
GTTACTAT	0.11
CTTACTAT	0.11
ATTACTAT	0.11
TGTACTAT	0.1
GGTACTAT	0.09
CGTACTAT	0.09
TCTACTAT	0.11
GCTACTAT	0.11
CCTACTAT	0.11
TATACTAT	0.1
GATACTAT	0.12
CATACTAT	0.11
TTGACTAT	0.09
GTGACTAT	0.1
CTGACTAT	0.09
ATGACTAT	0.1
TGGACTAT	0.11
GGGACTAT	0.1
CGGACTAT	0.09
TCGACTAT	0.09
GCGACTAT	0.1
CCGACTAT	0.09
TAGACTAT	0.1
GAGACTAT	0.1
CAGACTAT	0.1
TTCACTAT	0.1
GTCACTAT	0.1
CTCACTAT	0.1
ATCACTAT	0.1
TGCACTAT	0.09
GGCACTAT	0.09
CGCACTAT	0.11
TCCACTAT	0.09
GCCACTAT	0.09
CCCACTAT	0.11
TACACTAT	0.1
GACACTAT	0.1
CACACTAT	0.11
TTAACTAT	0.1
GTAACTAT	0.11
CTAACTAT	0.1
TGAACTAT	0.1
GGAACTAT	0.13
CGAACTAT	0.1
TCAACTAT	0.11
GCAACTAT	0.1
CCAACTAT	0.1
TAAACTAT	0.11
GAAACTAT	0.11
CAAACTAT	0.1
TTTTATAT	0.12
GTTTATAT	0.1
CTTTATAT	0.12
ATTTATAT	0.12
TGTTATAT	0.11
GGTTATAT	0.11
CGTTATAT	0.1
TCTTATAT	0.13
GCTTATAT	0.11
CCTTATAT	0.13
TATTATAT	0.12
GATTATAT	0.11
CATTATAT	0.1
TTGTATAT	0.11
GTGTATAT	0.1
CTGTATAT	0.11
ATGTATAT	0.1
TGGTATAT	0.11
GGGTATAT	0.13
CGGTATAT	0.11
TCGTATAT	0.1
GCGTATAT	0.1
CCGTATAT	0.12
TAGTATAT	0.11
GAGTATAT	0.09
CAGTATAT	0.12
TTCTATAT	0.1
GTCTATAT	0.11
CTCTATAT	0.1
ATCTATAT	0.1
TGCTATAT	0.11
GGCTATAT	0.1
CGCTATAT	0.11
TCCTATAT	0.11
GCCTATAT	0.11
CCCTATAT	0.1
TACTATAT	0.1
GACTATAT	0.11
CACTATAT	0.1
TTATATAT	0.12
GTATATAT	0.11
CTATATAT	0.1
TGATATAT	0.1
GGATATAT	0.13
CGATATAT	0.1
TCATATAT	0.11
GCATATAT	0.11
CCATATAT	0.11
TAATATAT	0.12
GAATATAT	0.11
CAATATAT	0.11
TTTGATAT	0.12
GTTGATAT	0.12
CTTGATAT	0.14
ATTGATAT	0.1
TGTGATAT	0.1
GGTGATAT	0.1
CGTGATAT	0.1
TCTGATAT	0.14
GCTGATAT	0.1
CCTGATAT	0.12
TATGATAT	0.11
GATGATAT	0.1
CATGATAT	0.1
TTGGATAT	0.12
GTGGATAT	0.12
CTGGATAT	0.11
ATGGATAT	0.12
TGGGATAT	0.13
GGGGATAT	0.13
CGGGATAT	0.15
TCGGATAT	0.16
GCGGATAT	0.47
CCGGATAT	0.73
TAGGATAT	0.14
GAGGATAT	0.17
CAGGATAT	0.39
TTCGATAT	0.11
GTCGATAT	0.11
CTCGATAT	0.1
ATCGATAT	0.11
TGCGATAT	0.09
GGCGATAT	0.12
CGCGATAT	0.11
TCCGATAT	0.12
GCCGATAT	0.11
CCCGATAT	0.09
TACGATAT	0.1
GACGATAT	0.1
CACGATAT	0.11
TTAGATAT	0.12
GTAGATAT	0.11
CTAGATAT	0.11
TGAGATAT	0.11
GGAGATAT	0.11
CGAGATAT	0.12
TCAGATAT	0.1
GCAGATAT	0.09
CCAGATAT	0.12
TAAGATAT	0.12
GAAGATAT	0.12
CAAGATAT	0.1
TTTCATAT	0.11
GTTCATAT	0.1
CTTCATAT	0.1
ATTCATAT	0.12
TGTCATAT	0.13
GGTCATAT	0.11
CGTCATAT	0.12
TCTCATAT	0.1
GCTCATAT	0.1
CCTCATAT	0.11
TATCATAT	0.13
GATCATAT	0.1
CATCATAT	0.11
TTGCATAT	0.13
GTGCATAT	0.1
CTGCATAT	0.1
ATGCATAT	0.11
TGGCATAT	0.09
GGGCATAT	0.1
CGGCATAT	0.11
TCGCATAT	0.09
GCGCATAT	0.1
CCGCATAT	0.11
TAGCATAT	0.09
GAGCATAT	0.09
CAGCATAT	0.1
TTCCATAT	0.11
GTCCATAT	0.1
CTCCATAT	0.13
ATCCATAT	0.12
TGCCATAT	0.09
GGCCATAT	0.1
CGCCATAT	0.1
TCCCATAT	0.1
GCCCATAT	0.1
CCCCATAT	0.1
TACCATAT	0.1
GACCATAT	0.1
CACCATAT	0.1
TTACATAT	0.09
GTACATAT	0.11
CTACATAT	0.1
TGACATAT	0.1
GGACATAT	0.11
CGACATAT	0.1
TCACATAT	0.11
GCACATAT	0.1
CCACATAT	0.1
TAACATAT	0.12
GAACATAT	0.1
CAACATAT	0.09
TTTAATAT	0.14
GTTAATAT	0.1
CTTAATAT	0.11
ATTAATAT	0.13
TGTAATAT	0.11
GGTAATAT	0.1
CGTAATAT	0.13
TCTAATAT	0.12
GCTAATAT	0.11
CCTAATAT	0.11
TATAATAT	0.1
GATAATAT	0.11
CATAATAT	0.12
TTGAATAT	0.12
GTGAATAT	0.11
CTGAATAT	0.09
ATGAATAT	0.1
TGGAATAT	0.11
GGGAATAT	0.11
CGGAATAT	0.13
TCGAATAT	0.1
GCGAATAT	0.11
CCGAATAT	0.09
TAGAATAT	0.1
GAGAATAT	0.11
CAGAATAT	0.1
TTCAATAT	0.11
GTCAATAT	0.11
CTCAATAT	0.12
ATCAATAT	0.12
TGCAATAT	0.11
GGCAATAT	0.11
CGCAATAT	0.11
TCCAATAT	0.12
GCCAATAT	0.11
CCCAATAT	0.1
TACAATAT	0.11
GACAATAT	0.12
CACAATAT	0.1
TTAAATAT	0.12
GTAAATAT	0.1
CTAAATAT	0.11
TGAAATAT	0.11
GGAAATAT	0.33
CGAAATAT	0.11
TCAAATAT	0.09
GCAAATAT	0.1
CCAAATAT	0.12
TAAAATAT	0.13
GAAAATAT	0.12
CAAAATAT	0.13
TTTTTGAT	0.11
GTTTTGAT	0.11
CTTTTGAT	0.11
ATTTTGAT	0.11
TGTTTGAT	0.12
GGTTTGAT	0.1
CGTTTGAT	0.1
TCTTTGAT	0.1
GCTTTGAT	0.11
CCTTTGAT	0.1
TATTTGAT	0.11
GATTTGAT	0.12
CATTTGAT	0.11
TTGTTGAT	0.11
GTGTTGAT	0.09
CTGTTGAT	0.11
ATGTTGAT	0.11
TGGTTGAT	0.1
GGGTTGAT	0.1
CGGTTGAT	0.1
TCGTTGAT	0.1
GCGTTGAT	0.11
CCGTTGAT	0.1
TAGTTGAT	0.12
GAGTTGAT	0.1
CAGTTGAT	0.11
TTCTTGAT	0.12
GTCTTGAT	0.11
CTCTTGAT	0.1
ATCTTGAT	0.1
TGCTTGAT	0.1
GGCTTGAT	0.1
CGCTTGAT	0.11
TCCTTGAT	0.11
GCCTTGAT	0.12
CCCTTGAT	0.11
TACTTGAT	0.1
GACTTGAT	0.09
CACTTGAT	0.1
TTATTGAT	0.12
GTATTGAT	0.1
CTATTGAT	0.11
TGATTGAT	0.11
GGATTGAT	0.12
CGATTGAT	0.09
TCATTGAT	0.1
GCATTGAT	0.09
CCATTGAT	0.1
TAATTGAT	0.12
GAATTGAT	0.11
CAATTGAT	0.12
TTTGTGAT	0.11
GTTGTGAT	0.1
CTTGTGAT	0.11
ATTGTGAT	0.11
TGTGTGAT	0.11
GGTGTGAT	0.1
CGTGTGAT	0.1
TCTGTGAT	0.09
GCTGTGAT	0.09
CCTGTGAT	0.11
TATGTGAT	0.11
GATGTGAT	0.12
CATGTGAT	0.09
TTGGTGAT	0.11
GTGGTGAT	0.1
CTGGTGAT	0.09
ATGGTGAT	0.09
TGGGTGAT	0.11
GGGGTGAT	0.1
CGGGTGAT	0.11
TCGGTGAT	0.11
GCGGTGAT	0.1
CCGGTGAT	0.11
TAGGTGAT	0.09
GAGGTGAT	0.11
CAGGTGAT	0.1
TTCGTGAT	0.11
GTCGTGAT	0.09
CTCGTGAT	0.09
ATCGTGAT	0.09
TGCGTGAT	0.1
GGCGTGAT	0.1
CGCGTGAT	0.1
TCCGTGAT	0.11
GCCGTGAT	0.09
CCCGTGAT	0.09
TACGTGAT	0.1
GACGTGAT	0.09
CACGTGAT	0.09
TTAGTGAT	0.1
GTAGTGAT	0.1
CTAGTGAT	0.1
TGAGTGAT	0.1
GGAGTGAT	0.11
CGAGTGAT	0.1
TCAGTGAT	0.09
GCAGTGAT	0.1
CCAGTGAT	0.11
TAAGTGAT	0.11
GAAGTGAT	0.11
CAAGTGAT	0.09
TTTCTGAT	0.11
GTTCTGAT	0.1
CTTCTGAT	0.12
ATTCTGAT	0.1
TGTCTGAT	0.09
GGTCTGAT	0.1
CGTCTGAT	0.09
TCTCTGAT	0.11
GCTCTGAT	0.1
CCTCTGAT	0.1
TATCTGAT	0.1
GATCTGAT	0.11
CATCTGAT	0.09
TTGCTGAT	0.11
GTGCTGAT	0.1
CTGCTGAT	0.1
ATGCTGAT	0.11
TGGCTGAT	0.09
GGGCTGAT	0.1
CGGCTGAT	0.1
TCGCTGAT	0.1
GCGCTGAT	0.1
CCGCTGAT	0.1
TAGCTGAT	0.1
GAGCTGAT	0.1
CAGCTGAT	0.1
TTCCTGAT	0.15
GTCCTGAT	0.11
CTCCTGAT	0.11
ATCCTGAT	0.17
TGCCTGAT	0.11
GGCCTGAT	0.1
CGCCTGAT	0.1
TCCCTGAT	0.1
GCCCTGAT	0.08
CCCCTGAT	0.1
TACCTGAT	0.11
GACCTGAT	0.1
CACCTGAT	0.1
TTACTGAT	0.11
GTACTGAT	0.11
CTACTGAT	0.09
TGACTGAT	0.09
GGACTGAT	0.09
CGACTGAT	0.1
TCACTGAT	0.1
GCACTGAT	0.1
CCACTGAT	0.1
TAACTGAT	0.11
GAACTGAT	0.1
CAACTGAT	0.1
TTTATGAT	0.11
GTTATGAT	0.11
CTTATGAT	0.11
ATTATGAT	0.1
TGTATGAT	0.11
GGTATGAT	0.1
CGTATGAT	0.09
TCTATGAT	0.11
GCTATGAT	0.11
CCTATGAT	0.1
TATATGAT	0.11
GATATGAT	0.12
CATATGAT	0.1
TTGATGAT	0.11
GTGATGAT	0.1
CTGATGAT	0.11
ATGATGAT	0.1
TGGATGAT	0.1
GGGATGAT	0.1
CGGATGAT	0.14
TCGATGAT	0.09
GCGATGAT	0.1
CCGATGAT	0.11
TAGATGAT	0.09
GAGATGAT	0.11
CAGATGAT	0.09
TTCATGAT	0.1
GTCATGAT	0.1
CTCATGAT	0.1
TGCATGAT	0.09
GGCATGAT	0.11
CGCATGAT	0.1
TCCATGAT	0.1
GCCATGAT	0.11
CCCATGAT	0.1
TACATGAT	0.1
GACATGAT	0.1
CACATGAT	0.1
TTAATGAT	0.1
GTAATGAT	0.1
CTAATGAT	0.1
TGAATGAT	0.11
GGAATGAT	0.11
CGAATGAT	0.1
TCAATGAT	0.1
GCAATGAT	0.1
CCAATGAT	0.09
TAAATGAT	0.1
GAAATGAT	0.13
CAAATGAT	0.11
TTTTGGAT	0.12
GTTTGGAT	0.1
CTTTGGAT	0.1
ATTTGGAT	0.1
TGTTGGAT	0.1
GGTTGGAT	0.11
CGTTGGAT	0.11
TCTTGGAT	0.11
GCTTGGAT	0.1
CCTTGGAT	0.1
TATTGGAT	0.11
GATTGGAT	0.1
CATTGGAT	0.09
TTGTGGAT	0.11
GTGTGGAT	0.12
CTGTGGAT	0.11
ATGTGGAT	0.12
TGGTGGAT	0.11
GGGTGGAT	0.1
CGGTGGAT	0.1
TCGTGGAT	0.1
GCGTGGAT	0.1
CCGTGGAT	0.11
TAGTGGAT	0.1
GAGTGGAT	0.12
CAGTGGAT	0.1
TTCTGGAT	0.12
GTCTGGAT	0.11
CTCTGGAT	0.11
ATCTGGAT	0.1
TGCTGGAT	0.11
GGCTGGAT	0.1
CGCTGGAT	0.1
TCCTGGAT	0.13
GCCTGGAT	0.1
CCCTGGAT	0.09
TACTGGAT	0.11
GACTGGAT	0.1
CACTGGAT	0.11
TTATGGAT	0.1
GTATGGAT	0.11
CTATGGAT	0.09
TGATGGAT	0.11
GGATGGAT	0.13
CGATGGAT	0.11
TCATGGAT	0.1
GCATGGAT	0.09
CCATGGAT	0.1
TAATGGAT	0.12
GAATGGAT	0.11
CAATGGAT	0.11
TTTGGGAT	0.12
GTTGGGAT	0.12
CTTGGGAT	0.1
ATTGGGAT	0.1
TGTGGGAT	0.09
GGTGGGAT	0.11
CGTGGGAT	0.11
TCTGGGAT	0.1
GCTGGGAT	0.11
CCTGGGAT	0.13
TATGGGAT	0.11
GATGGGAT	0.12
CATGGGAT	0.11
TTGGGGAT	0.1
GTGGGGAT	0.1
CTGGGGAT	0.1
ATGGGGAT	0.12
TGGGGGAT	0.12
GGGGGGAT	0.09
CGGGGGAT	0.12
TCGGGGAT	0.12
GCGGGGAT	0.11
CCGGGGAT	0.12
TAGGGGAT	0.11
GAGGGGAT	0.11
CAGGGGAT	0.1
TTCGGGAT	0.1
GTCGGGAT	0.12
CTCGGGAT	0.1
ATCGGGAT	0.11
TGCGGGAT	0.11
GGCGGGAT	0.1
CGCGGGAT	0.1
TCCGGGAT	0.16
GCCGGGAT	0.12
CCCGGGAT	0.13
TACGGGAT	0.12
GACGGGAT	0.14
CACGGGAT	0.11
TTAGGGAT	0.09
GTAGGGAT	0.1
CTAGGGAT	0.09
TGAGGGAT	0.1
GGAGGGAT	0.11
CGAGGGAT	0.12
TCAGGGAT	0.09
GCAGGGAT	0.11
CCAGGGAT	0.1
TAAGGGAT	0.13
GAAGGGAT	0.12
CAAGGGAT	0.11
TTTCGGAT	0.12
GTTCGGAT	0.11
CTTCGGAT	0.11
ATTCGGAT	0.11
TGTCGGAT	0.13
GGTCGGAT	0.11
CGTCGGAT	0.12
TCTCGGAT	0.12
GCTCGGAT	0.12
CCTCGGAT	0.1
TATCGGAT	0.12
GATCGGAT	0.12
CATCGGAT	0.13
TTGCGGAT	0.13
GTGCGGAT	0.15
CTGCGGAT	0.11
ATGCGGAT	0.16
TGGCGGAT	0.15
GGGCGGAT	0.17
CGGCGGAT	0.16
TCGCGGAT	0.11
GCGCGGAT	0.13
CCGCGGAT	0.11
TAGCGGAT	0.16
GAGCGGAT	0.19
CAGCGGAT	0.15
TTCCGGAT	0.55
GTCCGGAT	0.21
CTCCGGAT	0.23
TGCCGGAT	0.27
GGCCGGAT	0.28
CGCCGGAT	0.2
TCCCGGAT	0.24
GCCCGGAT	0.21
CCCCGGAT	0.16
TACCGGAT	0.42
GACCGGAT	0.45
CACCGGAT	0.44
TTACGGAT	0.14
GTACGGAT	0.11
CTACGGAT	0.14
TGACGGAT	0.15
GGACGGAT	0.15
CGACGGAT	0.14
TCACGGAT	0.12
GCACGGAT	0.11
CCACGGAT	0.12
TAACGGAT	0.19
GAACGGAT	0.2
CAACGGAT	0.18
TTTAGGAT	0.12
GTTAGGAT	0.11
CTTAGGAT	0.11
ATTAGGAT	0.12
TGTAGGAT	0.11
GGTAGGAT	0.1
CGTAGGAT	0.1
TCTAGGAT	0.11
GCTAGGAT	0.11
CCTAGGAT	0.09
TATAGGAT	0.11
GATAGGAT	0.12
CATAGGAT	0.11
TTGAGGAT	0.12
GTGAGGAT	0.11
CTGAGGAT	0.13
ATGAGGAT	0.11
TGGAGGAT	0.12
GGGAGGAT	0.12
CGGAGGAT	0.11
TCGAGGAT	0.1
GCGAGGAT	0.12
CCGAGGAT	0.11
TAGAGGAT	0.16
GAGAGGAT	0.12
CAGAGGAT	0.11
TTCAGGAT	0.14
GTCAGGAT	0.12
CTCAGGAT	0.12
TGCAGGAT	0.16
GGCAGGAT	0.12
CGCAGGAT	0.15
TCCAGGAT	0.15
GCCAGGAT	0.14
CCCAGGAT	0.14
TACAGGAT	0.19
GACAGGAT	0.25
CACAGGAT	0.18
TTAAGGAT	0.12
GTAAGGAT	0.14
CTAAGGAT	0.12
TGAAGGAT	0.11
GGAAGGAT	0.15
CGAAGGAT	0.11
TCAAGGAT	0.12
GCAAGGAT	0.12
CCAAGGAT	0.1
TAAAGGAT	0.13
GAAAGGAT	0.12
CAAAGGAT	0.11
TTTTCGAT	0.1
GTTTCGAT	0.09
CTTTCGAT	0.11
ATTTCGAT	0.1
TGTTCGAT	0.11
GGTTCGAT	0.1
CGTTCGAT	0.09
TCTTCGAT	0.12
GCTTCGAT	0.1
CCTTCGAT	0.11
TATTCGAT	0.1
GATTCGAT	0.1
CATTCGAT	0.1
TTGTCGAT	0.11
GTGTCGAT	0.1
CTGTCGAT	0.11
ATGTCGAT	0.1
TGGTCGAT	0.1
GGGTCGAT	0.1
CGGTCGAT	0.1
TCGTCGAT	0.11
GCGTCGAT	0.09
CCGTCGAT	0.1
TAGTCGAT	0.1
GAGTCGAT	0.11
CAGTCGAT	0.09
TTCTCGAT	0.1
GTCTCGAT	0.1
CTCTCGAT	0.1
ATCTCGAT	0.12
TGCTCGAT	0.11
GGCTCGAT	0.09
CGCTCGAT	0.11
TCCTCGAT	0.11
GCCTCGAT	0.09
CCCTCGAT	0.11
TACTCGAT	0.1
GACTCGAT	0.08
CACTCGAT	0.11
TTATCGAT	0.09
GTATCGAT	0.09
CTATCGAT	0.09
TGATCGAT	0.09
GGATCGAT	0.1
CGATCGAT	0.09
TCATCGAT	0.09
GCATCGAT	0.11
CCATCGAT	0.1
TAATCGAT	0.11
GAATCGAT	0.1
CAATCGAT	0.1
TTTGCGAT	0.1
GTTGCGAT	0.11
CTTGCGAT	0.1
ATTGCGAT	0.11
TGTGCGAT	0.1
GGTGCGAT	0.1
CGTGCGAT	0.08
TCTGCGAT	0.09
GCTGCGAT	0.1
CCTGCGAT	0.09
TATGCGAT	0.1
GATGCGAT	0.11
CATGCGAT	0.09
TTGGCGAT	0.1
GTGGCGAT	0.1
CTGGCGAT	0.1
ATGGCGAT	0.12
TGGGCGAT	0.09
GGGGCGAT	0.11
CGGGCGAT	0.09
TCGGCGAT	0.1
GCGGCGAT	0.11
CCGGCGAT	0.13
TAGGCGAT	0.08
GAGGCGAT	0.11
CAGGCGAT	0.1
TTCGCGAT	0.1
GTCGCGAT	0.1
CTCGCGAT	0.11
TGCGCGAT	0.1
GGCGCGAT	0.1
CGCGCGAT	0.1
TCCGCGAT	0.11
GCCGCGAT	0.1
CCCGCGAT	0.1
TACGCGAT	0.1
GACGCGAT	0.1
CACGCGAT	0.1
TTAGCGAT	0.09
GTAGCGAT	0.09
CTAGCGAT	0.09
TGAGCGAT	0.09
GGAGCGAT	0.1
CGAGCGAT	0.1
TCAGCGAT	0.09
GCAGCGAT	0.11
CCAGCGAT	0.1
TAAGCGAT	0.09
GAAGCGAT	0.12
CAAGCGAT	0.09
TTTCCGAT	0.21
GTTCCGAT	0.11
CTTCCGAT	0.24
ATTCCGAT	0.11
TGTCCGAT	0.1
GGTCCGAT	0.09
CGTCCGAT	0.11
TCTCCGAT	0.11
GCTCCGAT	0.08
CCTCCGAT	0.1
TATCCGAT	0.15
GATCCGAT	0.11
CATCCGAT	0.24
TTGCCGAT	0.11
GTGCCGAT	0.09
CTGCCGAT	0.1
ATGCCGAT	0.11
TGGCCGAT	0.09
GGGCCGAT	0.1
CGGCCGAT	0.1
TCGCCGAT	0.1
GCGCCGAT	0.09
CCGCCGAT	0.12
TAGCCGAT	0.1
GAGCCGAT	0.09
CAGCCGAT	0.1
TTCCCGAT	0.13
GTCCCGAT	0.09
CTCCCGAT	0.1
TGCCCGAT	0.1
GGCCCGAT	0.09
CGCCCGAT	0.1
TCCCCGAT	0.1
GCCCCGAT	0.09
CCCCCGAT	0.1
TACCCGAT	0.1
GACCCGAT	0.1
CACCCGAT	0.09
TTACCGAT	0.11
GTACCGAT	0.1
CTACCGAT	0.1
TGACCGAT	0.11
GGACCGAT	0.1
CGACCGAT	0.09
TCACCGAT	0.09
GCACCGAT	0.09
CCACCGAT	0.1
TAACCGAT	0.12
GAACCGAT	0.11
CAACCGAT	0.1
TTTACGAT	0.11
GTTACGAT	0.1
CTTACGAT	0.11
ATTACGAT	0.11
TGTACGAT	0.1
GGTACGAT	0.1
CGTACGAT	0.09
TCTACGAT	0.1
GCTACGAT	0.1
CCTACGAT	0.1
TATACGAT	0.1
GATACGAT	0.11
CATACGAT	0.1
TTGACGAT	0.11
GTGACGAT	0.1
CTGACGAT	0.1
ATGACGAT	0.1
TGGACGAT	0.1
GGGACGAT	0.1
CGGACGAT	0.1
TCGACGAT	0.09
GCGACGAT	0.09
CCGACGAT	0.1
TAGACGAT	0.1
GAGACGAT	0.1
CAGACGAT	0.09
TTCACGAT	0.11
GTCACGAT	0.09
CTCACGAT	0.1
TGCACGAT	0.09
GGCACGAT	0.1
CGCACGAT	0.1
TCCACGAT	0.09
GCCACGAT	0.1
CCCACGAT	0.1
TACACGAT	0.09
GACACGAT	0.11
CACACGAT	0.1
TTAACGAT	0.12
GTAACGAT	0.1
CTAACGAT	0.1
TGAACGAT	0.1
GGAACGAT	0.09
CGAACGAT	0.1
TCAACGAT	0.09
GCAACGAT	0.1
CCAACGAT	0.1
TAAACGAT	0.11
GAAACGAT	0.13
CAAACGAT	0.11
TTTTAGAT	0.11
GTTTAGAT	0.11
CTTTAGAT	0.1
ATTTAGAT	0.11
TGTTAGAT	0.11
GGTTAGAT	0.1
CGTTAGAT	0.11
TCTTAGAT	0.11
GCTTAGAT	0.12
CCTTAGAT	0.09
TATTAGAT	0.12
GATTAGAT	0.12
CATTAGAT	0.12
TTGTAGAT	0.11
GTGTAGAT	0.1
CTGTAGAT	0.11
ATGTAGAT	0.1
TGGTAGAT	0.11
GGGTAGAT	0.11
CGGTAGAT	0.11
TCGTAGAT	0.09
GCGTAGAT	0.12
CCGTAGAT	0.09
TAGTAGAT	0.11
GAGTAGAT	0.12
CAGTAGAT	0.1
TTCTAGAT	0.11
GTCTAGAT	0.1
CTCTAGAT	0.1
TGCTAGAT	0.1
GGCTAGAT	0.1
CGCTAGAT	0.09
TCCTAGAT	0.1
GCCTAGAT	0.09
CCCTAGAT	0.1
TACTAGAT	0.1
GACTAGAT	0.11
CACTAGAT	0.1
TTATAGAT	0.12
GTATAGAT	0.11
CTATAGAT	0.11
TGATAGAT	0.11
GGATAGAT	0.12
CGATAGAT	0.09
TCATAGAT	0.09
GCATAGAT	0.11
CCATAGAT	0.09
TAATAGAT	0.11
GAATAGAT	0.11
CAATAGAT	0.12
TTTGAGAT	0.11
GTTGAGAT	0.11
CTTGAGAT	0.1
ATTGAGAT	0.09
TGTGAGAT	0.1
GGTGAGAT	0.11
CGTGAGAT	0.1
TCTGAGAT	0.09
GCTGAGAT	0.1
CCTGAGAT	0.1
TATGAGAT	0.1
GATGAGAT	0.12
CATGAGAT	0.1
TTGGAGAT	0.11
GTGGAGAT	0.09
CTGGAGAT	0.1
ATGGAGAT	0.11
TGGGAGAT	0.11
GGGGAGAT	0.09
CGGGAGAT	0.11
TCGGAGAT	0.12
GCGGAGAT	0.1
CCGGAGAT	0.15
TAGGAGAT	0.12
GAGGAGAT	0.11
CAGGAGAT	0.11
TTCGAGAT	0.1
GTCGAGAT	0.1
CTCGAGAT	0.1
TGCGAGAT	0.1
GGCGAGAT	0.1
CGCGAGAT	0.1
TCCGAGAT	0.12
GCCGAGAT	0.1
CCCGAGAT	0.12
TACGAGAT	0.1
GACGAGAT	0.1
CACGAGAT	0.09
TTAGAGAT	0.11
GTAGAGAT	0.1
CTAGAGAT	0.09
TGAGAGAT	0.12
GGAGAGAT	0.09
CGAGAGAT	0.11
TCAGAGAT	0.1
GCAGAGAT	0.11
CCAGAGAT	0.1
TAAGAGAT	0.12
GAAGAGAT	0.12
CAAGAGAT	0.09
TTTCAGAT	0.1
GTTCAGAT	0.1
CTTCAGAT	0.1
ATTCAGAT	0.1
TGTCAGAT	0.1
GGTCAGAT	0.1
CGTCAGAT	0.1
TCTCAGAT	0.09
GCTCAGAT	0.09
CCTCAGAT	0.08
TATCAGAT	0.11
GATCAGAT	0.11
CATCAGAT	0.09
TTGCAGAT	0.1
GTGCAGAT	0.1
CTGCAGAT	0.09
ATGCAGAT	0.1
TGGCAGAT	0.08
GGGCAGAT	0.1
CGGCAGAT	0.1
TCGCAGAT	0.09
GCGCAGAT	0.1
CCGCAGAT	0.09
TAGCAGAT	0.1
GAGCAGAT	0.1
CAGCAGAT	0.09
TTCCAGAT	0.11
GTCCAGAT	0.1
CTCCAGAT	0.1
TGCCAGAT	0.11
GGCCAGAT	0.09
CGCCAGAT	0.11
TCCCAGAT	0.11
GCCCAGAT	0.1
CCCCAGAT	0.1
TACCAGAT	0.11
GACCAGAT	0.09
CACCAGAT	0.09
TTACAGAT	0.09
GTACAGAT	0.1
CTACAGAT	0.1
TGACAGAT	0.11
GGACAGAT	0.11
CGACAGAT	0.12
TCACAGAT	0.11
GCACAGAT	0.1
CCACAGAT	0.1
TAACAGAT	0.13
GAACAGAT	0.11
CAACAGAT	0.11
TTTAAGAT	0.11
GTTAAGAT	0.11
CTTAAGAT	0.11
ATTAAGAT	0.12
TGTAAGAT	0.09
GGTAAGAT	0.1
CGTAAGAT	0.1
TCTAAGAT	0.12
GCTAAGAT	0.1
CCTAAGAT	0.1
TATAAGAT	0.09
GATAAGAT	0.12
CATAAGAT	0.09
TTGAAGAT	0.11
GTGAAGAT	0.11
CTGAAGAT	0.11
ATGAAGAT	0.11
TGGAAGAT	0.11
GGGAAGAT	0.11
CGGAAGAT	0.2
TCGAAGAT	0.1
GCGAAGAT	0.1
CCGAAGAT	0.11
TAGAAGAT	0.1
GAGAAGAT	0.12
CAGAAGAT	0.11
TTCAAGAT	0.1
GTCAAGAT	0.09
CTCAAGAT	0.1
TGCAAGAT	0.11
GGCAAGAT	0.1
CGCAAGAT	0.1
TCCAAGAT	0.1
GCCAAGAT	0.11
CCCAAGAT	0.11
TACAAGAT	0.1
GACAAGAT	0.12
CACAAGAT	0.09
TTAAAGAT	0.12
GTAAAGAT	0.11
CTAAAGAT	0.09
TGAAAGAT	0.12
GGAAAGAT	0.14
CGAAAGAT	0.09
TCAAAGAT	0.11
GCAAAGAT	0.12
CCAAAGAT	0.11
TAAAAGAT	0.1
GAAAAGAT	0.11
CAAAAGAT	0.11
TTTTTCAT	0.14
GTTTTCAT	0.11
CTTTTCAT	0.11
ATTTTCAT	0.12
TGTTTCAT	0.11
GGTTTCAT	0.12
CGTTTCAT	0.1
TCTTTCAT	0.12
GCTTTCAT	0.11
CCTTTCAT	0.1
TATTTCAT	0.11
GATTTCAT	0.11
CATTTCAT	0.11
TTGTTCAT	0.11
GTGTTCAT	0.1
CTGTTCAT	0.12
ATGTTCAT	0.11
TGGTTCAT	0.12
GGGTTCAT	0.09
CGGTTCAT	0.1
TCGTTCAT	0.11
GCGTTCAT	0.09
CCGTTCAT	0.1
TAGTTCAT	0.11
GAGTTCAT	0.1
CAGTTCAT	0.1
TTCTTCAT	0.12
GTCTTCAT	0.11
CTCTTCAT	0.11
TGCTTCAT	0.1
GGCTTCAT	0.11
CGCTTCAT	0.09
TCCTTCAT	0.12
GCCTTCAT	0.11
CCCTTCAT	0.11
TACTTCAT	0.1
GACTTCAT	0.09
CACTTCAT	0.09
TTATTCAT	0.12
GTATTCAT	0.1
CTATTCAT	0.11
TGATTCAT	0.1
GGATTCAT	0.11
CGATTCAT	0.1
TCATTCAT	0.11
GCATTCAT	0.1
CCATTCAT	0.09
TAATTCAT	0.11
GAATTCAT	0.1
CAATTCAT	0.11
TTTGTCAT	0.11
GTTGTCAT	0.11
CTTGTCAT	0.11
ATTGTCAT	0.12
TGTGTCAT	0.11
GGTGTCAT	0.11
CGTGTCAT	0.11
TCTGTCAT	0.11
GCTGTCAT	0.08
CCTGTCAT	0.1
TATGTCAT	0.1
GATGTCAT	0.11
CATGTCAT	0.09
TTGGTCAT	0.1
GTGGTCAT	0.1
CTGGTCAT	0.09
ATGGTCAT	0.1
TGGGTCAT	0.1
GGGGTCAT	0.1
CGGGTCAT	0.1
TCGGTCAT	0.12
GCGGTCAT	0.09
CCGGTCAT	0.11
TAGGTCAT	0.1
GAGGTCAT	0.11
CAGGTCAT	0.09
TTCGTCAT	0.11
GTCGTCAT	0.11
CTCGTCAT	0.11
TGCGTCAT	0.09
GGCGTCAT	0.09
CGCGTCAT	0.1
TCCGTCAT	0.13
GCCGTCAT	0.09
CCCGTCAT	0.11
TACGTCAT	0.1
GACGTCAT	0.11
CACGTCAT	0.08
TTAGTCAT	0.1
GTAGTCAT	0.1
CTAGTCAT	0.11
TGAGTCAT	0.1
GGAGTCAT	0.1
CGAGTCAT	0.09
TCAGTCAT	0.09
GCAGTCAT	0.1
CCAGTCAT	0.08
TAAGTCAT	0.11
GAAGTCAT	0.12
CAAGTCAT	0.1
TTTCTCAT	0.1
GTTCTCAT	0.1
CTTCTCAT	0.1
ATTCTCAT	0.1
TGTCTCAT	0.11
GGTCTCAT	0.12
CGTCTCAT	0.1
TCTCTCAT	0.11
GCTCTCAT	0.09
CCTCTCAT	0.11
TATCTCAT	0.11
GATCTCAT	0.1
CATCTCAT	0.12
TTGCTCAT	0.11
GTGCTCAT	0.09
CTGCTCAT	0.09
ATGCTCAT	0.12
TGGCTCAT	0.1
GGGCTCAT	0.09
CGGCTCAT	0.1
TCGCTCAT	0.09
GCGCTCAT	0.08
CCGCTCAT	0.1
TAGCTCAT	0.1
GAGCTCAT	0.1
CAGCTCAT	0.1
TTCCTCAT	0.16
GTCCTCAT	0.1
CTCCTCAT	0.1
TGCCTCAT	0.11
GGCCTCAT	0.09
CGCCTCAT	0.09
TCCCTCAT	0.1
GCCCTCAT	0.09
CCCCTCAT	0.1
TACCTCAT	0.1
GACCTCAT	0.1
CACCTCAT	0.09
TTACTCAT	0.12
GTACTCAT	0.1
CTACTCAT	0.1
TGACTCAT	0.1
GGACTCAT	0.11
CGACTCAT	0.1
TCACTCAT	0.1
GCACTCAT	0.1
CCACTCAT	0.09
TAACTCAT	0.1
GAACTCAT	0.11
CAACTCAT	0.1
TTTATCAT	0.12
GTTATCAT	0.1
CTTATCAT	0.1
ATTATCAT	0.12
TGTATCAT	0.1
GGTATCAT	0.11
CGTATCAT	0.11
TCTATCAT	0.11
GCTATCAT	0.11
CCTATCAT	0.12
TATATCAT	0.11
GATATCAT	0.1
CATATCAT	0.1
TTGATCAT	0.1
GTGATCAT	0.11
CTGATCAT	0.09
TGGATCAT	0.1
GGGATCAT	0.1
CGGATCAT	0.11
TCGATCAT	0.11
GCGATCAT	0.1
CCGATCAT	0.1
TAGATCAT	0.1
GAGATCAT	0.1
CAGATCAT	0.11
TTCATCAT	0.11
GTCATCAT	0.1
CTCATCAT	0.09
TGCATCAT	0.1
GGCATCAT	0.11
CGCATCAT	0.1
TCCATCAT	0.1
GCCATCAT	0.09
CCCATCAT	0.1
TACATCAT	0.11
GACATCAT	0.1
CACATCAT	0.1
TTAATCAT	0.12
GTAATCAT	0.1
CTAATCAT	0.1
TGAATCAT	0.1
GGAATCAT	0.1
CGAATCAT	0.1
TCAATCAT	0.1
GCAATCAT	0.11
CCAATCAT	0.1
TAAATCAT	0.11
GAAATCAT	0.11
CAAATCAT	0.09
TTTTGCAT	0.11
GTTTGCAT	0.12
CTTTGCAT	0.1
ATTTGCAT	0.11
TGTTGCAT	0.1
GGTTGCAT	0.1
CGTTGCAT	0.1
TCTTGCAT	0.09
GCTTGCAT	0.09
CCTTGCAT	0.09
TATTGCAT	0.11
GATTGCAT	0.11
CATTGCAT	0.1
TTGTGCAT	0.1
GTGTGCAT	0.1
CTGTGCAT	0.08
ATGTGCAT	0.1
TGGTGCAT	0.11
GGGTGCAT	0.1
CGGTGCAT	0.1
TCGTGCAT	0.1
GCGTGCAT	0.12
CCGTGCAT	0.1
TAGTGCAT	0.09
GAGTGCAT	0.1
CAGTGCAT	0.11
TTCTGCAT	0.1
GTCTGCAT	0.1
CTCTGCAT	0.1
TGCTGCAT	0.1
GGCTGCAT	0.1
CGCTGCAT	0.11
TCCTGCAT	0.11
GCCTGCAT	0.1
CCCTGCAT	0.11
TACTGCAT	0.11
GACTGCAT	0.1
CACTGCAT	0.1
TTATGCAT	0.1
GTATGCAT	0.09
CTATGCAT	0.1
TGATGCAT	0.11
GGATGCAT	0.14
CGATGCAT	0.1
TCATGCAT	0.11
GCATGCAT	0.1
CCATGCAT	0.11
TAATGCAT	0.1
GAATGCAT	0.09
CAATGCAT	0.09
TTTGGCAT	0.1
GTTGGCAT	0.1
CTTGGCAT	0.11
ATTGGCAT	0.11
TGTGGCAT	0.09
GGTGGCAT	0.1
CGTGGCAT	0.09
TCTGGCAT	0.11
GCTGGCAT	0.09
CCTGGCAT	0.11
TATGGCAT	0.09
GATGGCAT	0.12
CATGGCAT	0.1
TTGGGCAT	0.11
GTGGGCAT	0.12
CTGGGCAT	0.1
ATGGGCAT	0.09
TGGGGCAT	0.11
GGGGGCAT	0.09
CGGGGCAT	0.1
TCGGGCAT	0.1
GCGGGCAT	0.09
CCGGGCAT	0.11
TAGGGCAT	0.09
GAGGGCAT	0.1
CAGGGCAT	0.09
TTCGGCAT	0.1
GTCGGCAT	0.09
CTCGGCAT	0.09
TGCGGCAT	0.09
GGCGGCAT	0.1
CGCGGCAT	0.1
TCCGGCAT	0.19
GCCGGCAT	0.1
CCCGGCAT	0.11
TACGGCAT	0.1
GACGGCAT	0.1
CACGGCAT	0.1
TTAGGCAT	0.1
GTAGGCAT	0.1
CTAGGCAT	0.11
TGAGGCAT	0.12
GGAGGCAT	0.1
CGAGGCAT	0.1
TCAGGCAT	0.1
GCAGGCAT	0.09
CCAGGCAT	0.09
TAAGGCAT	0.11
GAAGGCAT	0.11
CAAGGCAT	0.09
TTTCGCAT	0.09
GTTCGCAT	0.09
CTTCGCAT	0.1
ATTCGCAT	0.09
TGTCGCAT	0.09
GGTCGCAT	0.09
CGTCGCAT	0.09
TCTCGCAT	0.1
GCTCGCAT	0.1
CCTCGCAT	0.11
TATCGCAT	0.1
GATCGCAT	0.09
CATCGCAT	0.09
TTGCGCAT	0.11
GTGCGCAT	0.1
CTGCGCAT	0.1
TGGCGCAT	0.1
GGGCGCAT	0.1
CGGCGCAT	0.09
TCGCGCAT	0.09
GCGCGCAT	0.1
CCGCGCAT	0.09
TAGCGCAT	0.1
GAGCGCAT	0.1
CAGCGCAT	0.09
TTCCGCAT	0.17
GTCCGCAT	0.1
CTCCGCAT	0.09
TGCCGCAT	0.1
GGCCGCAT	0.09
CGCCGCAT	0.11
TCCCGCAT	0.12
GCCCGCAT	0.09
CCCCGCAT	0.1
TACCGCAT	0.09
GACCGCAT	0.11
CACCGCAT	0.1
TTACGCAT	0.1
GTACGCAT	0.1
CTACGCAT	0.1
TGACGCAT	0.1
GGACGCAT	0.09
CGACGCAT	0.09
TCACGCAT	0.1
GCACGCAT	0.1
CCACGCAT	0.1
TAACGCAT	0.09
GAACGCAT	0.1
CAACGCAT	0.11
TTTAGCAT	0.1
GTTAGCAT	0.12
CTTAGCAT	0.11
ATTAGCAT	0.1
TGTAGCAT	0.1
GGTAGCAT	0.11
CGTAGCAT	0.1
TCTAGCAT	0.09
GCTAGCAT	0.1
CCTAGCAT	0.1
TATAGCAT	0.1
GATAGCAT	0.09
CATAGCAT	0.11
TTGAGCAT	0.08
GTGAGCAT	0.09
CTGAGCAT	0.1
TGGAGCAT	0.11
GGGAGCAT	0.1
CGGAGCAT	0.1
TCGAGCAT	0.1
GCGAGCAT	0.09
CCGAGCAT	0.1
TAGAGCAT	0.1
GAGAGCAT	0.1
CAGAGCAT	0.1
TTCAGCAT	0.12
GTCAGCAT	0.09
CTCAGCAT	0.09
TGCAGCAT	0.09
GGCAGCAT	0.1
CGCAGCAT	0.09
TCCAGCAT	0.11
GCCAGCAT	0.11
CCCAGCAT	0.1
TACAGCAT	0.1
GACAGCAT	0.1
CACAGCAT	0.11
TTAAGCAT	0.1
GTAAGCAT	0.1
CTAAGCAT	0.1
TGAAGCAT	0.1
GGAAGCAT	0.19
CGAAGCAT	0.1
TCAAGCAT	0.1
GCAAGCAT	0.09
CCAAGCAT	0.1
TAAAGCAT	0.1
GAAAGCAT	0.11
CAAAGCAT	0.1
TTTTCCAT	0.12
GTTTCCAT	0.11
CTTTCCAT	0.14
ATTTCCAT	0.11
TGTTCCAT	0.09
GGTTCCAT	0.11
CGTTCCAT	0.11
TCTTCCAT	0.12
GCTTCCAT	0.13
CCTTCCAT	0.11
TATTCCAT	0.1
GATTCCAT	0.12
CATTCCAT	0.1
TTGTCCAT	0.1
GTGTCCAT	0.11
CTGTCCAT	0.1
ATGTCCAT	0.1
TGGTCCAT	0.11
GGGTCCAT	0.1
CGGTCCAT	0.11
TCGTCCAT	0.11
GCGTCCAT	0.09
CCGTCCAT	0.12
TAGTCCAT	0.1
GAGTCCAT	0.09
CAGTCCAT	0.1
TTCTCCAT	0.1
GTCTCCAT	0.1
CTCTCCAT	0.1
TGCTCCAT	0.09
GGCTCCAT	0.09
CGCTCCAT	0.11
TCCTCCAT	0.11
GCCTCCAT	0.08
CCCTCCAT	0.1
TACTCCAT	0.1
GACTCCAT	0.1
CACTCCAT	0.1
TTATCCAT	0.11
GTATCCAT	0.11
CTATCCAT	0.09
TGATCCAT	0.11
GGATCCAT	0.11
CGATCCAT	0.09
TCATCCAT	0.09
GCATCCAT	0.11
CCATCCAT	0.12
TAATCCAT	0.1
GAATCCAT	0.1
CAATCCAT	0.11
TTTGCCAT	0.1
GTTGCCAT	0.1
CTTGCCAT	0.09
ATTGCCAT	0.1
TGTGCCAT	0.1
GGTGCCAT	0.1
CGTGCCAT	0.08
TCTGCCAT	0.08
GCTGCCAT	0.1
CCTGCCAT	0.1
TATGCCAT	0.11
GATGCCAT	0.11
CATGCCAT	0.1
TTGGCCAT	0.11
GTGGCCAT	0.08
CTGGCCAT	0.1
TGGGCCAT	0.1
GGGGCCAT	0.09
CGGGCCAT	0.08
TCGGCCAT	0.09
GCGGCCAT	0.1
CCGGCCAT	0.12
TAGGCCAT	0.1
GAGGCCAT	0.11
CAGGCCAT	0.1
TTCGCCAT	0.1
GTCGCCAT	0.11
CTCGCCAT	0.1
TGCGCCAT	0.11
GGCGCCAT	0.09
CGCGCCAT	0.09
TCCGCCAT	0.11
GCCGCCAT	0.1
CCCGCCAT	0.11
TACGCCAT	0.08
GACGCCAT	0.09
CACGCCAT	0.1
TTAGCCAT	0.09
GTAGCCAT	0.1
CTAGCCAT	0.1
TGAGCCAT	0.09
GGAGCCAT	0.1
CGAGCCAT	0.1
TCAGCCAT	0.11
GCAGCCAT	0.09
CCAGCCAT	0.09
TAAGCCAT	0.11
GAAGCCAT	0.1
CAAGCCAT	0.1
TTTCCCAT	0.12
GTTCCCAT	0.1
CTTCCCAT	0.13
ATTCCCAT	0.11
TGTCCCAT	0.09
GGTCCCAT	0.1
CGTCCCAT	0.09
TCTCCCAT	0.11
GCTCCCAT	0.1
CCTCCCAT	0.09
TATCCCAT	0.11
GATCCCAT	0.11
CATCCCAT	0.12
TTGCCCAT	0.1
GTGCCCAT	0.1
CTGCCCAT	0.09
TGGCCCAT	0.1
GGGCCCAT	0.08
CGGCCCAT	0.09
TCGCCCAT	0.1
GCGCCCAT	0.09
CCGCCCAT	0.1
TAGCCCAT	0.09
GAGCCCAT	0.09
CAGCCCAT	0.09
TTCCCCAT	0.13
GTCCCCAT	0.09
CTCCCCAT	0.1
TGCCCCAT	0.12
GGCCCCAT	0.08
CGCCCCAT	0.1
TCCCCCAT	0.13
GCCCCCAT	0.1
CCCCCCAT	0.1
TACCCCAT	0.1
GACCCCAT	0.1
CACCCCAT	0.09
TTACCCAT	0.11
GTACCCAT	0.1
CTACCCAT	0.11
TGACCCAT	0.09
GGACCCAT	0.1
CGACCCAT	0.1
TCACCCAT	0.11
GCACCCAT	0.09
CCACCCAT	0.09
TAACCCAT	0.1
GAACCCAT	0.1
CAACCCAT	0.11
TTTACCAT	0.11
GTTACCAT	0.08
CTTACCAT	0.1
ATTACCAT	0.11
TGTACCAT	0.09
GGTACCAT	0.1
CGTACCAT	0.11
TCTACCAT	0.11
GCTACCAT	0.1
CCTACCAT	0.1
TATACCAT	0.12
GATACCAT	0.11
CATACCAT	0.09
TTGACCAT	0.1
GTGACCAT	0.12
CTGACCAT	0.1
TGGACCAT	0.1
GGGACCAT	0.09
CGGACCAT	0.11
TCGACCAT	0.1
GCGACCAT	0.1
CCGACCAT	0.11
TAGACCAT	0.09
GAGACCAT	0.1
CAGACCAT	0.1
TTCACCAT	0.1
GTCACCAT	0.09
CTCACCAT	0.1
TGCACCAT	0.1
GGCACCAT	0.1
CGCACCAT	0.09
TCCACCAT	0.1
GCCACCAT	0.1
CCCACCAT	0.1
TACACCAT	0.1
GACACCAT	0.11
CACACCAT	0.1
TTAACCAT	0.09
GTAACCAT	0.11
CTAACCAT	0.1
TGAACCAT	0.1
GGAACCAT	0.11
CGAACCAT	0.1
TCAACCAT	0.12
GCAACCAT	0.11
CCAACCAT	0.11
TAAACCAT	0.11
GAAACCAT	0.12
CAAACCAT	0.12
TTTTACAT	0.11
GTTTACAT	0.1
CTTTACAT	0.11
ATTTACAT	0.11
TGTTACAT	0.1
GGTTACAT	0.08
CGTTACAT	0.11
TCTTACAT	0.12
GCTTACAT	0.1
CCTTACAT	0.12
TATTACAT	0.11
GATTACAT	0.1
CATTACAT	0.12
TTGTACAT	0.11
GTGTACAT	0.1
CTGTACAT	0.1
TGGTACAT	0.11
GGGTACAT	0.1
CGGTACAT	0.1
TCGTACAT	0.09
GCGTACAT	0.09
CCGTACAT	0.09
TAGTACAT	0.1
GAGTACAT	0.1
CAGTACAT	0.1
TTCTACAT	0.12
GTCTACAT	0.11
CTCTACAT	0.09
TGCTACAT	0.1
GGCTACAT	0.1
CGCTACAT	0.1
TCCTACAT	0.1
GCCTACAT	0.09
CCCTACAT	0.1
TACTACAT	0.11
GACTACAT	0.1
CACTACAT	0.12
TTATACAT	0.11
GTATACAT	0.11
CTATACAT	0.09
TGATACAT	0.1
GGATACAT	0.12
CGATACAT	0.1
TCATACAT	0.11
GCATACAT	0.09
CCATACAT	0.1
TAATACAT	0.11
GAATACAT	0.1
CAATACAT	0.11
TTTGACAT	0.11
GTTGACAT	0.12
CTTGACAT	0.11
ATTGACAT	0.1
TGTGACAT	0.11
GGTGACAT	0.11
CGTGACAT	0.1
TCTGACAT	0.1
GCTGACAT	0.1
CCTGACAT	0.12
TATGACAT	0.11
GATGACAT	0.09
CATGACAT	0.1
TTGGACAT	0.09
GTGGACAT	0.09
CTGGACAT	0.09
TGGGACAT	0.1
GGGGACAT	0.1
CGGGACAT	0.11
TCGGACAT	0.11
GCGGACAT	0.15
CCGGACAT	0.27
TAGGACAT	0.11
GAGGACAT	0.11
CAGGACAT	0.15
TTCGACAT	0.11
GTCGACAT	0.1
CTCGACAT	0.1
TGCGACAT	0.09
GGCGACAT	0.1
CGCGACAT	0.1
TCCGACAT	0.12
GCCGACAT	0.1
CCCGACAT	0.11
TACGACAT	0.1
GACGACAT	0.11
CACGACAT	0.09
TTAGACAT	0.1
GTAGACAT	0.1
CTAGACAT	0.11
TGAGACAT	0.09
GGAGACAT	0.09
CGAGACAT	0.1
TCAGACAT	0.1
GCAGACAT	0.11
CCAGACAT	0.12
TAAGACAT	0.1
GAAGACAT	0.11
CAAGACAT	0.11
TTTCACAT	0.11
GTTCACAT	0.09
CTTCACAT	0.1
ATTCACAT	0.11
TGTCACAT	0.09
GGTCACAT	0.09
CGTCACAT	0.1
TCTCACAT	0.11
GCTCACAT	0.1
CCTCACAT	0.1
TATCACAT	0.11
GATCACAT	0.09
CATCACAT	0.09
TTGCACAT	0.11
GTGCACAT	0.1
CTGCACAT	0.1
TGGCACAT	0.08
GGGCACAT	0.1
CGGCACAT	0.09
TCGCACAT	0.1
GCGCACAT	0.09
CCGCACAT	0.11
TAGCACAT	0.11
GAGCACAT	0.1
CAGCACAT	0.11
TTCCACAT	0.13
GTCCACAT	0.1
CTCCACAT	0.11
TGCCACAT	0.1
GGCCACAT	0.09
CGCCACAT	0.08
TCCCACAT	0.11
GCCCACAT	0.11
CCCCACAT	0.1
TACCACAT	0.1
GACCACAT	0.1
CACCACAT	0.1
TTACACAT	0.11
GTACACAT	0.11
CTACACAT	0.1
TGACACAT	0.1
GGACACAT	0.12
CGACACAT	0.09
TCACACAT	0.1
GCACACAT	0.11
CCACACAT	0.1
TAACACAT	0.1
GAACACAT	0.11
CAACACAT	0.09
TTTAACAT	0.11
GTTAACAT	0.1
CTTAACAT	0.13
ATTAACAT	0.11
TGTAACAT	0.1
GGTAACAT	0.11
CGTAACAT	0.11
TCTAACAT	0.1
GCTAACAT	0.11
CCTAACAT	0.11
TATAACAT	0.1
GATAACAT	0.12
CATAACAT	0.11
TTGAACAT	0.09
GTGAACAT	0.1
CTGAACAT	0.09
TGGAACAT	0.1
GGGAACAT	0.1
CGGAACAT	0.12
TCGAACAT	0.09
GCGAACAT	0.1
CCGAACAT	0.1
TAGAACAT	0.1
GAGAACAT	0.1
CAGAACAT	0.11
TTCAACAT	0.1
GTCAACAT	0.1
CTCAACAT	0.1
TGCAACAT	0.12
GGCAACAT	0.09
CGCAACAT	0.1
TCCAACAT	0.11
GCCAACAT	0.1
CCCAACAT	0.1
TACAACAT	0.11
GACAACAT	0.1
CACAACAT	0.11
TTAAACAT	0.11
GTAAACAT	0.11
CTAAACAT	0.1
TGAAACAT	0.1
GGAAACAT	0.21
CGAAACAT	0.09
TCAAACAT	0.12
GCAAACAT	0.09
CCAAACAT	0.11
TAAAACAT	0.11
GAAAACAT	0.1
CAAAACAT	0.1
TTTTTAAT	0.14
GTTTTAAT	0.13
CTTTTAAT	0.11
ATTTTAAT	0.13
TGTTTAAT	0.12
GGTTTAAT	0.11
CGTTTAAT	0.11
TCTTTAAT	0.12
GCTTTAAT	0.1
CCTTTAAT	0.12
TATTTAAT	0.12
GATTTAAT	0.12
CATTTAAT	0.13
TTGTTAAT	0.11
GTGTTAAT	0.11
CTGTTAAT	0.1
TGGTTAAT	0.1
GGGTTAAT	0.09
CGGTTAAT	0.12
TCGTTAAT	0.11
GCGTTAAT	0.09
CCGTTAAT	0.12
TAGTTAAT	0.11
GAGTTAAT	0.1
CAGTTAAT	0.11
TTCTTAAT	0.12
GTCTTAAT	0.11
CTCTTAAT	0.12
TGCTTAAT	0.1
GGCTTAAT	0.1
CGCTTAAT	0.09
TCCTTAAT	0.13
GCCTTAAT	0.12
CCCTTAAT	0.12
TACTTAAT	0.11
GACTTAAT	0.11
CACTTAAT	0.11
TTATTAAT	0.12
GTATTAAT	0.12
CTATTAAT	0.11
TGATTAAT	0.11
GGATTAAT	0.12
CGATTAAT	0.12
TCATTAAT	0.13
GCATTAAT	0.1
CCATTAAT	0.12
TAATTAAT	0.11
GAATTAAT	0.12
CAATTAAT	0.11
TTTGTAAT	0.13
GTTGTAAT	0.11
CTTGTAAT	0.11
ATTGTAAT	0.11
TGTGTAAT	0.11
GGTGTAAT	0.1
CGTGTAAT	0.1
TCTGTAAT	0.1
GCTGTAAT	0.1
CCTGTAAT	0.13
TATGTAAT	0.11
GATGTAAT	0.11
CATGTAAT	0.11
TTGGTAAT	0.1
GTGGTAAT	0.11
CTGGTAAT	0.11
TGGGTAAT	0.1
GGGGTAAT	0.1
CGGGTAAT	0.11
TCGGTAAT	0.1
GCGGTAAT	0.1
CCGGTAAT	0.14
TAGGTAAT	0.11
GAGGTAAT	0.11
CAGGTAAT	0.1
TTCGTAAT	0.11
GTCGTAAT	0.11
CTCGTAAT	0.1
TGCGTAAT	0.11
GGCGTAAT	0.11
CGCGTAAT	0.1
TCCGTAAT	0.14
GCCGTAAT	0.09
CCCGTAAT	0.1
TACGTAAT	0.1
GACGTAAT	0.1
CACGTAAT	0.09
TTAGTAAT	0.11
GTAGTAAT	0.1
CTAGTAAT	0.1
TGAGTAAT	0.11
GGAGTAAT	0.11
CGAGTAAT	0.1
TCAGTAAT	0.1
GCAGTAAT	0.09
CCAGTAAT	0.1
TAAGTAAT	0.13
GAAGTAAT	0.1
CAAGTAAT	0.11
TTTCTAAT	0.11
GTTCTAAT	0.12
CTTCTAAT	0.11
ATTCTAAT	0.11
TGTCTAAT	0.11
GGTCTAAT	0.1
CGTCTAAT	0.12
TCTCTAAT	0.1
GCTCTAAT	0.1
CCTCTAAT	0.1
TATCTAAT	0.12
GATCTAAT	0.1
CATCTAAT	0.13
TTGCTAAT	0.11
GTGCTAAT	0.11
CTGCTAAT	0.11
TGGCTAAT	0.09
GGGCTAAT	0.1
CGGCTAAT	0.08
TCGCTAAT	0.09
GCGCTAAT	0.1
CCGCTAAT	0.1
TAGCTAAT	0.1
GAGCTAAT	0.11
CAGCTAAT	0.09
TTCCTAAT	0.13
GTCCTAAT	0.11
CTCCTAAT	0.12
TGCCTAAT	0.1
GGCCTAAT	0.1
CGCCTAAT	0.13
TCCCTAAT	0.11
GCCCTAAT	0.09
CCCCTAAT	0.09
TACCTAAT	0.1
GACCTAAT	0.12
CACCTAAT	0.1
TTACTAAT	0.14
GTACTAAT	0.11
CTACTAAT	0.11
TGACTAAT	0.1
GGACTAAT	0.1
CGACTAAT	0.1
TCACTAAT	0.11
GCACTAAT	0.11
CCACTAAT	0.11
TAACTAAT	0.14
GAACTAAT	0.12
CAACTAAT	0.11
TTTATAAT	0.12
GTTATAAT	0.09
CTTATAAT	0.11
TGTATAAT	0.11
GGTATAAT	0.11
CGTATAAT	0.11
TCTATAAT	0.1
GCTATAAT	0.1
CCTATAAT	0.11
TATATAAT	0.11
GATATAAT	0.12
CATATAAT	0.13
TTGATAAT	0.11
GTGATAAT	0.1
CTGATAAT	0.11
TGGATAAT	0.11
GGGATAAT	0.11
CGGATAAT	0.13
TCGATAAT	0.1
GCGATAAT	0.12
CCGATAAT	0.1
TAGATAAT	0.11
GAGATAAT	0.11
CAGATAAT	0.1
TTCATAAT	0.11
GTCATAAT	0.11
CTCATAAT	0.1
TGCATAAT	0.09
GGCATAAT	0.12
CGCATAAT	0.11
TCCATAAT	0.11
GCCATAAT	0.1
CCCATAAT	0.09
TACATAAT	0.11
GACATAAT	0.12
CACATAAT	0.11
TTAATAAT	0.12
GTAATAAT	0.11
CTAATAAT	0.11
TGAATAAT	0.12
GGAATAAT	0.11
CGAATAAT	0.11
TCAATAAT	0.11
GCAATAAT	0.1
CCAATAAT	0.1
TAAATAAT	0.13
GAAATAAT	0.12
CAAATAAT	0.12
TTTTGAAT	0.15
GTTTGAAT	0.11
CTTTGAAT	0.12
ATTTGAAT	0.11
TGTTGAAT	0.11
GGTTGAAT	0.1
CGTTGAAT	0.1
TCTTGAAT	0.11
GCTTGAAT	0.11
CCTTGAAT	0.1
TATTGAAT	0.11
GATTGAAT	0.09
CATTGAAT	0.12
TTGTGAAT	0.11
GTGTGAAT	0.1
CTGTGAAT	0.1
TGGTGAAT	0.11
GGGTGAAT	0.11
CGGTGAAT	0.1
TCGTGAAT	0.11
GCGTGAAT	0.1
CCGTGAAT	0.1
TAGTGAAT	0.1
GAGTGAAT	0.09
CAGTGAAT	0.11
TTCTGAAT	0.11
GTCTGAAT	0.11
CTCTGAAT	0.11
TGCTGAAT	0.1
GGCTGAAT	0.09
CGCTGAAT	0.09
TCCTGAAT	0.11
GCCTGAAT	0.11
CCCTGAAT	0.11
TACTGAAT	0.1
GACTGAAT	0.09
CACTGAAT	0.11
TTATGAAT	0.11
GTATGAAT	0.11
CTATGAAT	0.1
TGATGAAT	0.12
GGATGAAT	0.1
CGATGAAT	0.11
TCATGAAT	0.1
GCATGAAT	0.12
CCATGAAT	0.1
TAATGAAT	0.11
GAATGAAT	0.12
CAATGAAT	0.1
TTTGGAAT	0.11
GTTGGAAT	0.1
CTTGGAAT	0.1
ATTGGAAT	0.11
TGTGGAAT	0.1
GGTGGAAT	0.1
CGTGGAAT	0.09
TCTGGAAT	0.12
GCTGGAAT	0.11
CCTGGAAT	0.11
TATGGAAT	0.11
GATGGAAT	0.12
CATGGAAT	0.1
TTGGGAAT	0.12
GTGGGAAT	0.11
CTGGGAAT	0.1
TGGGGAAT	0.1
GGGGGAAT	0.14
CGGGGAAT	0.11
TCGGGAAT	0.1
GCGGGAAT	0.11
CCGGGAAT	0.14
TAGGGAAT	0.12
GAGGGAAT	0.1
CAGGGAAT	0.12
TTCGGAAT	0.11
GTCGGAAT	0.12
CTCGGAAT	0.11
TGCGGAAT	0.11
GGCGGAAT	0.15
CGCGGAAT	0.11
TCCGGAAT	0.21
GCCGGAAT	0.19
CCCGGAAT	0.13
TACGGAAT	0.12
GACGGAAT	0.12
CACGGAAT	0.11
TTAGGAAT	0.11
GTAGGAAT	0.1
CTAGGAAT	0.12
TGAGGAAT	0.11
GGAGGAAT	0.13
CGAGGAAT	0.1
TCAGGAAT	0.12
GCAGGAAT	0.11
CCAGGAAT	0.1
TAAGGAAT	0.1
GAAGGAAT	0.12
CAAGGAAT	0.1
TTTCGAAT	0.11
GTTCGAAT	0.1
CTTCGAAT	0.1
TGTCGAAT	0.1
GGTCGAAT	0.1
CGTCGAAT	0.11
TCTCGAAT	0.1
GCTCGAAT	0.09
CCTCGAAT	0.1
TATCGAAT	0.11
GATCGAAT	0.1
CATCGAAT	0.1
TTGCGAAT	0.11
GTGCGAAT	0.1
CTGCGAAT	0.09
TGGCGAAT	0.11
GGGCGAAT	0.09
CGGCGAAT	0.11
TCGCGAAT	0.1
GCGCGAAT	0.1
CCGCGAAT	0.1
TAGCGAAT	0.09
GAGCGAAT	0.09
CAGCGAAT	0.1
TTCCGAAT	0.12
GTCCGAAT	0.1
CTCCGAAT	0.09
TGCCGAAT	0.1
GGCCGAAT	0.11
CGCCGAAT	0.1
TCCCGAAT	0.1
GCCCGAAT	0.1
CCCCGAAT	0.1
TACCGAAT	0.11
GACCGAAT	0.1
CACCGAAT	0.1
TTACGAAT	0.12
GTACGAAT	0.11
CTACGAAT	0.11
TGACGAAT	0.1
GGACGAAT	0.11
CGACGAAT	0.12
TCACGAAT	0.11
GCACGAAT	0.1
CCACGAAT	0.09
TAACGAAT	0.1
GAACGAAT	0.13
CAACGAAT	0.1
TTTAGAAT	0.12
GTTAGAAT	0.11
CTTAGAAT	0.11
TGTAGAAT	0.12
GGTAGAAT	0.12
CGTAGAAT	0.11
TCTAGAAT	0.11
GCTAGAAT	0.1
CCTAGAAT	0.11
TATAGAAT	0.11
GATAGAAT	0.1
CATAGAAT	0.11
TTGAGAAT	0.11
GTGAGAAT	0.11
CTGAGAAT	0.1
TGGAGAAT	0.11
GGGAGAAT	0.1
CGGAGAAT	0.12
TCGAGAAT	0.1
GCGAGAAT	0.09
CCGAGAAT	0.11
TAGAGAAT	0.11
GAGAGAAT	0.1
CAGAGAAT	0.08
TTCAGAAT	0.13
GTCAGAAT	0.09
CTCAGAAT	0.11
TGCAGAAT	0.09
GGCAGAAT	0.1
CGCAGAAT	0.1
TCCAGAAT	0.12
GCCAGAAT	0.1
CCCAGAAT	0.1
TACAGAAT	0.12
GACAGAAT	0.1
CACAGAAT	0.11
TTAAGAAT	0.11
GTAAGAAT	0.11
CTAAGAAT	0.1
TGAAGAAT	0.12
GGAAGAAT	0.15
CGAAGAAT	0.09
TCAAGAAT	0.1
GCAAGAAT	0.11
CCAAGAAT	0.11
TAAAGAAT	0.11
GAAAGAAT	0.13
CAAAGAAT	0.1
TTTTCAAT	0.14
GTTTCAAT	0.12
CTTTCAAT	0.11
ATTTCAAT	0.11
TGTTCAAT	0.11
GGTTCAAT	0.1
CGTTCAAT	0.1
TCTTCAAT	0.1
GCTTCAAT	0.09
CCTTCAAT	0.12
TATTCAAT	0.12
GATTCAAT	0.1
CATTCAAT	0.11
TTGTCAAT	0.1
GTGTCAAT	0.09
CTGTCAAT	0.1
TGGTCAAT	0.09
GGGTCAAT	0.1
CGGTCAAT	0.1
TCGTCAAT	0.1
GCGTCAAT	0.11
CCGTCAAT	0.11
TAGTCAAT	0.09
GAGTCAAT	0.11
CAGTCAAT	0.1
TTCTCAAT	0.12
GTCTCAAT	0.11
CTCTCAAT	0.1
TGCTCAAT	0.09
GGCTCAAT	0.1
CGCTCAAT	0.11
TCCTCAAT	0.12
GCCTCAAT	0.11
CCCTCAAT	0.1
TACTCAAT	0.1
GACTCAAT	0.1
CACTCAAT	0.09
TTATCAAT	0.1
GTATCAAT	0.11
CTATCAAT	0.1
TGATCAAT	0.1
GGATCAAT	0.12
CGATCAAT	0.1
TCATCAAT	0.11
GCATCAAT	0.1
CCATCAAT	0.11
TAATCAAT	0.11
GAATCAAT	0.13
CAATCAAT	0.11
TTTGCAAT	0.1
GTTGCAAT	0.11
CTTGCAAT	0.1
TGTGCAAT	0.11
GGTGCAAT	0.1
CGTGCAAT	0.11
TCTGCAAT	0.1
GCTGCAAT	0.1
CCTGCAAT	0.1
TATGCAAT	0.11
GATGCAAT	0.11
CATGCAAT	0.11
TTGGCAAT	0.1
GTGGCAAT	0.11
CTGGCAAT	0.1
TGGGCAAT	0.09
GGGGCAAT	0.11
CGGGCAAT	0.1
TCGGCAAT	0.1
GCGGCAAT	0.1
CCGGCAAT	0.11
TAGGCAAT	0.1
GAGGCAAT	0.1
CAGGCAAT	0.11
TTCGCAAT	0.09
GTCGCAAT	0.12
CTCGCAAT	0.09
TGCGCAAT	0.09
GGCGCAAT	0.1
CGCGCAAT	0.12
TCCGCAAT	0.13
GCCGCAAT	0.09
CCCGCAAT	0.1
TACGCAAT	0.11
GACGCAAT	0.1
CACGCAAT	0.1
TTAGCAAT	0.11
GTAGCAAT	0.09
CTAGCAAT	0.09
TGAGCAAT	0.1
GGAGCAAT	0.09
CGAGCAAT	0.11
TCAGCAAT	0.1
GCAGCAAT	0.09
CCAGCAAT	0.09
TAAGCAAT	0.11
GAAGCAAT	0.11
CAAGCAAT	0.09
TTTCCAAT	0.1
GTTCCAAT	0.1
CTTCCAAT	0.11
TGTCCAAT	0.09
GGTCCAAT	0.1
CGTCCAAT	0.1
TCTCCAAT	0.13
GCTCCAAT	0.1
CCTCCAAT	0.1
TATCCAAT	0.11
GATCCAAT	0.09
CATCCAAT	0.1
TTGCCAAT	0.1
GTGCCAAT	0.11
CTGCCAAT	0.09
TGGCCAAT	0.09
GGGCCAAT	0.08
CGGCCAAT	0.1
TCGCCAAT	0.1
GCGCCAAT	0.1
CCGCCAAT	0.11
TAGCCAAT	0.1
GAGCCAAT	0.1
CAGCCAAT	0.1
TTCCCAAT	0.11
GTCCCAAT	0.1
CTCCCAAT	0.11
TGCCCAAT	0.09
GGCCCAAT	0.09
CGCCCAAT	0.1
TCCCCAAT	0.11
GCCCCAAT	0.1
CCCCCAAT	0.12
TACCCAAT	0.11
GACCCAAT	0.11
CACCCAAT	0.12
TTACCAAT	0.11
GTACCAAT	0.1
CTACCAAT	0.1
TGACCAAT	0.1
GGACCAAT	0.09
CGACCAAT	0.1
TCACCAAT	0.1
GCACCAAT	0.11
CCACCAAT	0.11
TAACCAAT	0.1
GAACCAAT	0.1
CAACCAAT	0.12
TTTACAAT	0.12
GTTACAAT	0.09
CTTACAAT	0.1
TGTACAAT	0.1
GGTACAAT	0.1
CGTACAAT	0.09
TCTACAAT	0.11
GCTACAAT	0.11
CCTACAAT	0.12
TATACAAT	0.12
GATACAAT	0.12
CATACAAT	0.1
TTGACAAT	0.1
GTGACAAT	0.1
CTGACAAT	0.1
TGGACAAT	0.1
GGGACAAT	0.1
CGGACAAT	0.13
TCGACAAT	0.09
GCGACAAT	0.1
CCGACAAT	0.13
TAGACAAT	0.09
GAGACAAT	0.1
CAGACAAT	0.11
TTCACAAT	0.11
GTCACAAT	0.11
CTCACAAT	0.11
TGCACAAT	0.1
GGCACAAT	0.1
CGCACAAT	0.1
TCCACAAT	0.11
GCCACAAT	0.1
CCCACAAT	0.09
TACACAAT	0.1
GACACAAT	0.11
CACACAAT	0.1
TTAACAAT	0.11
GTAACAAT	0.13
CTAACAAT	0.11
TGAACAAT	0.1
GGAACAAT	0.12
CGAACAAT	0.1
TCAACAAT	0.11
GCAACAAT	0.1
CCAACAAT	0.11
TAAACAAT	0.12
GAAACAAT	0.12
CAAACAAT	0.11
TTTTAAAT	0.12
GTTTAAAT	0.11
CTTTAAAT	0.13
TGTTAAAT	0.11
GGTTAAAT	0.1
CGTTAAAT	0.11
TCTTAAAT	0.11
GCTTAAAT	0.11
CCTTAAAT	0.11
TATTAAAT	0.13
GATTAAAT	0.13
CATTAAAT	0.1
TTGTAAAT	0.1
GTGTAAAT	0.09
CTGTAAAT	0.1
TGGTAAAT	0.12
GGGTAAAT	0.12
CGGTAAAT	0.13
TCGTAAAT	0.12
GCGTAAAT	0.11
CCGTAAAT	0.11
TAGTAAAT	0.11
GAGTAAAT	0.11
CAGTAAAT	0.1
TTCTAAAT	0.12
GTCTAAAT	0.11
CTCTAAAT	0.11
TGCTAAAT	0.1
GGCTAAAT	0.11
CGCTAAAT	0.09
TCCTAAAT	0.11
GCCTAAAT	0.1
CCCTAAAT	0.1
TACTAAAT	0.12
GACTAAAT	0.11
CACTAAAT	0.11
TTATAAAT	0.12
GTATAAAT	0.11
CTATAAAT	0.11
TGATAAAT	0.11
GGATAAAT	0.12
CGATAAAT	0.11
TCATAAAT	0.12
GCATAAAT	0.11
CCATAAAT	0.11
TAATAAAT	0.11
GAATAAAT	0.13
CAATAAAT	0.1
TTTGAAAT	0.13
GTTGAAAT	0.12
CTTGAAAT	0.1
TGTGAAAT	0.11
GGTGAAAT	0.11
CGTGAAAT	0.1
TCTGAAAT	0.1
GCTGAAAT	0.11
CCTGAAAT	0.11
TATGAAAT	0.11
GATGAAAT	0.11
CATGAAAT	0.11
TTGGAAAT	0.11
GTGGAAAT	0.12
CTGGAAAT	0.12
TGGGAAAT	0.12
GGGGAAAT	0.15
CGGGAAAT	0.27
TCGGAAAT	0.3
GCGGAAAT	0.54
CCGGAAAT	0.97
TAGGAAAT	0.21
GAGGAAAT	0.29
CAGGAAAT	0.55
TTCGAAAT	0.11
GTCGAAAT	0.1
CTCGAAAT	0.11
TGCGAAAT	0.1
GGCGAAAT	0.11
CGCGAAAT	0.12
TCCGAAAT	0.12
GCCGAAAT	0.09
CCCGAAAT	0.11
TACGAAAT	0.1
GACGAAAT	0.11
CACGAAAT	0.1
TTAGAAAT	0.1
GTAGAAAT	0.11
CTAGAAAT	0.11
TGAGAAAT	0.1
GGAGAAAT	0.1
CGAGAAAT	0.12
TCAGAAAT	0.12
GCAGAAAT	0.12
CCAGAAAT	0.11
TAAGAAAT	0.12
GAAGAAAT	0.14
CAAGAAAT	0.12
TTTCAAAT	0.13
GTTCAAAT	0.12
CTTCAAAT	0.11
TGTCAAAT	0.12
GGTCAAAT	0.11
CGTCAAAT	0.11
TCTCAAAT	0.11
GCTCAAAT	0.12
CCTCAAAT	0.11
TATCAAAT	0.11
GATCAAAT	0.1
CATCAAAT	0.12
TTGCAAAT	0.1
GTGCAAAT	0.1
CTGCAAAT	0.13
TGGCAAAT	0.09
GGGCAAAT	0.1
CGGCAAAT	0.12
TCGCAAAT	0.11
GCGCAAAT	0.09
CCGCAAAT	0.11
TAGCAAAT	0.11
GAGCAAAT	0.12
CAGCAAAT	0.11
TTCCAAAT	0.14
GTCCAAAT	0.1
CTCCAAAT	0.11
TGCCAAAT	0.1
GGCCAAAT	0.1
CGCCAAAT	0.12
TCCCAAAT	0.12
GCCCAAAT	0.09
CCCCAAAT	0.1
TACCAAAT	0.12
GACCAAAT	0.1
CACCAAAT	0.11
TTACAAAT	0.12
GTACAAAT	0.1
CTACAAAT	0.12
TGACAAAT	0.1
GGACAAAT	0.1
CGACAAAT	0.12
TCACAAAT	0.1
GCACAAAT	0.11
CCACAAAT	0.1
TAACAAAT	0.12
GAACAAAT	0.13
CAACAAAT	0.11
TTTAAAAT	0.12
GTTAAAAT	0.11
CTTAAAAT	0.11
TGTAAAAT	0.11
GGTAAAAT	0.13
CGTAAAAT	0.13
TCTAAAAT	0.11
GCTAAAAT	0.1
CCTAAAAT	0.12
TATAAAAT	0.12
GATAAAAT	0.14
CATAAAAT	0.12
TTGAAAAT	0.13
GTGAAAAT	0.1
CTGAAAAT	0.12
TGGAAAAT	0.11
GGGAAAAT	0.12
CGGAAAAT	0.2
TCGAAAAT	0.11
GCGAAAAT	0.11
CCGAAAAT	0.12
TAGAAAAT	0.12
GAGAAAAT	0.1
CAGAAAAT	0.12
TTCAAAAT	0.13
GTCAAAAT	0.1
CTCAAAAT	0.12
TGCAAAAT	0.11
GGCAAAAT	0.11
CGCAAAAT	0.1
TCCAAAAT	0.11
GCCAAAAT	0.1
CCCAAAAT	0.1
TACAAAAT	0.12
GACAAAAT	0.11
CACAAAAT	0.13
TTAAAAAT	0.13
GTAAAAAT	0.11
CTAAAAAT	0.11
TGAAAAAT	0.11
GGAAAAAT	0.14
CGAAAAAT	0.12
TCAAAAAT	0.11
GCAAAAAT	0.12
CCAAAAAT	0.12
TAAAAAAT	0.14
GAAAAAAT	0.13
CAAAAAAT	0.12
TTTTTTTG	0.13
GTTTTTTG	0.14
CTTTTTTG	0.12
TGTTTTTG	0.11
GGTTTTTG	0.12
CGTTTTTG	0.1
TCTTTTTG	0.12
GCTTTTTG	0.12
CCTTTTTG	0.11
TATTTTTG	0.13
GATTTTTG	0.1
CATTTTTG	0.12
TTGTTTTG	0.11
GTGTTTTG	0.11
CTGTTTTG	0.11
TGGTTTTG	0.11
GGGTTTTG	0.1
CGGTTTTG	0.1
TCGTTTTG	0.11
GCGTTTTG	0.1
CCGTTTTG	0.1
TAGTTTTG	0.13
GAGTTTTG	0.11
CAGTTTTG	0.1
TTCTTTTG	0.14
GTCTTTTG	0.1
CTCTTTTG	0.13
TGCTTTTG	0.11
GGCTTTTG	0.11
CGCTTTTG	0.1
TCCTTTTG	0.13
GCCTTTTG	0.1
CCCTTTTG	0.11
TACTTTTG	0.13
GACTTTTG	0.11
CACTTTTG	0.11
TTATTTTG	0.14
GTATTTTG	0.12
CTATTTTG	0.12
TGATTTTG	0.12
GGATTTTG	0.12
CGATTTTG	0.11
TCATTTTG	0.11
GCATTTTG	0.11
CCATTTTG	0.12
TAATTTTG	0.11
GAATTTTG	0.11
CAATTTTG	0.11
TTTGTTTG	0.12
GTTGTTTG	0.11
CTTGTTTG	0.12
TGTGTTTG	0.11
GGTGTTTG	0.12
CGTGTTTG	0.09
TCTGTTTG	0.11
GCTGTTTG	0.09
CCTGTTTG	0.11
TATGTTTG	0.09
GATGTTTG	0.11
CATGTTTG	0.1
TTGGTTTG	0.11
GTGGTTTG	0.12
CTGGTTTG	0.11
TGGGTTTG	0.13
GGGGTTTG	0.1
CGGGTTTG	0.11
TCGGTTTG	0.1
GCGGTTTG	0.1
CCGGTTTG	0.12
TAGGTTTG	0.11
GAGGTTTG	0.1
CAGGTTTG	0.11
TTCGTTTG	0.11
GTCGTTTG	0.1
CTCGTTTG	0.1
TGCGTTTG	0.1
GGCGTTTG	0.1
CGCGTTTG	0.1
TCCGTTTG	0.13
GCCGTTTG	0.11
CCCGTTTG	0.1
TACGTTTG	0.09
GACGTTTG	0.11
CACGTTTG	0.1
TTAGTTTG	0.14
GTAGTTTG	0.12
CTAGTTTG	0.09
TGAGTTTG	0.11
GGAGTTTG	0.12
CGAGTTTG	0.1
TCAGTTTG	0.11
GCAGTTTG	0.1
CCAGTTTG	0.1
TAAGTTTG	0.1
GAAGTTTG	0.13
CAAGTTTG	0.1
TTTCTTTG	0.11
GTTCTTTG	0.13
CTTCTTTG	0.1
TGTCTTTG	0.1
GGTCTTTG	0.1
CGTCTTTG	0.11
TCTCTTTG	0.1
GCTCTTTG	0.1
CCTCTTTG	0.1
TATCTTTG	0.11
GATCTTTG	0.11
CATCTTTG	0.11
TTGCTTTG	0.1
GTGCTTTG	0.11
CTGCTTTG	0.11
TGGCTTTG	0.1
GGGCTTTG	0.1
CGGCTTTG	0.1
TCGCTTTG	0.11
GCGCTTTG	0.1
CCGCTTTG	0.1
TAGCTTTG	0.1
GAGCTTTG	0.09
CAGCTTTG	0.1
TTCCTTTG	0.15
GTCCTTTG	0.1
CTCCTTTG	0.11
TGCCTTTG	0.09
GGCCTTTG	0.1
CGCCTTTG	0.11
TCCCTTTG	0.1
GCCCTTTG	0.1
CCCCTTTG	0.13
TACCTTTG	0.1
GACCTTTG	0.09
CACCTTTG	0.1
TTACTTTG	0.11
GTACTTTG	0.09
CTACTTTG	0.1
TGACTTTG	0.11
GGACTTTG	0.09
CGACTTTG	0.1
TCACTTTG	0.11
GCACTTTG	0.09
CCACTTTG	0.09
TAACTTTG	0.11
GAACTTTG	0.1
CAACTTTG	0.1
TTTATTTG	0.11
GTTATTTG	0.11
CTTATTTG	0.11
TGTATTTG	0.12
GGTATTTG	0.11
CGTATTTG	0.1
TCTATTTG	0.1
GCTATTTG	0.11
CCTATTTG	0.11
TATATTTG	0.11
GATATTTG	0.09
CATATTTG	0.1
TTGATTTG	0.11
GTGATTTG	0.11
CTGATTTG	0.1
TGGATTTG	0.11
GGGATTTG	0.1
CGGATTTG	0.14
TCGATTTG	0.1
GCGATTTG	0.11
CCGATTTG	0.1
TAGATTTG	0.12
GAGATTTG	0.11
CAGATTTG	0.1
TTCATTTG	0.1
GTCATTTG	0.1
CTCATTTG	0.11
TGCATTTG	0.11
GGCATTTG	0.11
CGCATTTG	0.1
TCCATTTG	0.11
GCCATTTG	0.1
CCCATTTG	0.1
TACATTTG	0.11
GACATTTG	0.11
CACATTTG	0.12
TTAATTTG	0.1
GTAATTTG	0.13
CTAATTTG	0.11
TGAATTTG	0.11
GGAATTTG	0.13
CGAATTTG	0.11
TCAATTTG	0.09
GCAATTTG	0.1
CCAATTTG	0.11
TAAATTTG	0.11
GAAATTTG	0.12
TTTTGTTG	0.14
GTTTGTTG	0.12
CTTTGTTG	0.1
TGTTGTTG	0.11
GGTTGTTG	0.13
CGTTGTTG	0.1
TCTTGTTG	0.14
GCTTGTTG	0.1
CCTTGTTG	0.11
TATTGTTG	0.11
GATTGTTG	0.11
CATTGTTG	0.1
TTGTGTTG	0.12
GTGTGTTG	0.1
CTGTGTTG	0.1
TGGTGTTG	0.1
GGGTGTTG	0.1
CGGTGTTG	0.1
TCGTGTTG	0.1
GCGTGTTG	0.09
CCGTGTTG	0.09
TAGTGTTG	0.1
GAGTGTTG	0.1
CAGTGTTG	0.1
TTCTGTTG	0.12
GTCTGTTG	0.1
CTCTGTTG	0.12
TGCTGTTG	0.1
GGCTGTTG	0.1
CGCTGTTG	0.09
TCCTGTTG	0.18
GCCTGTTG	0.09
CCCTGTTG	0.1
TACTGTTG	0.1
GACTGTTG	0.09
CACTGTTG	0.12
TTATGTTG	0.11
GTATGTTG	0.12
CTATGTTG	0.1
TGATGTTG	0.12
GGATGTTG	0.18
CGATGTTG	0.1
TCATGTTG	0.1
GCATGTTG	0.09
CCATGTTG	0.09
TAATGTTG	0.11
GAATGTTG	0.1
CAATGTTG	0.09
TTTGGTTG	0.13
GTTGGTTG	0.11
CTTGGTTG	0.09
TGTGGTTG	0.11
GGTGGTTG	0.11
CGTGGTTG	0.1
TCTGGTTG	0.1
GCTGGTTG	0.1
CCTGGTTG	0.11
TATGGTTG	0.12
GATGGTTG	0.1
CATGGTTG	0.11
TTGGGTTG	0.11
GTGGGTTG	0.09
CTGGGTTG	0.1
TGGGGTTG	0.09
GGGGGTTG	0.12
CGGGGTTG	0.1
TCGGGTTG	0.11
GCGGGTTG	0.1
CCGGGTTG	0.11
TAGGGTTG	0.1
GAGGGTTG	0.1
CAGGGTTG	0.09
TTCGGTTG	0.11
GTCGGTTG	0.12
CTCGGTTG	0.09
TGCGGTTG	0.11
GGCGGTTG	0.1
CGCGGTTG	0.1
TCCGGTTG	0.25
GCCGGTTG	0.1
CCCGGTTG	0.12
TACGGTTG	0.09
GACGGTTG	0.1
CACGGTTG	0.09
TTAGGTTG	0.1
GTAGGTTG	0.1
CTAGGTTG	0.09
TGAGGTTG	0.09
GGAGGTTG	0.11
CGAGGTTG	0.1
TCAGGTTG	0.12
GCAGGTTG	0.09
CCAGGTTG	0.1
TAAGGTTG	0.11
GAAGGTTG	0.09
CAAGGTTG	0.1
TTTCGTTG	0.12
GTTCGTTG	0.11
CTTCGTTG	0.1
TGTCGTTG	0.12
GGTCGTTG	0.11
CGTCGTTG	0.09
TCTCGTTG	0.11
GCTCGTTG	0.1
CCTCGTTG	0.1
TATCGTTG	0.11
GATCGTTG	0.1
CATCGTTG	0.1
TTGCGTTG	0.1
GTGCGTTG	0.1
CTGCGTTG	0.11
TGGCGTTG	0.09
GGGCGTTG	0.11
CGGCGTTG	0.1
TCGCGTTG	0.1
GCGCGTTG	0.1
CCGCGTTG	0.11
TAGCGTTG	0.1
GAGCGTTG	0.09
CAGCGTTG	0.1
TTCCGTTG	0.24
GTCCGTTG	0.11
CTCCGTTG	0.1
TGCCGTTG	0.09
GGCCGTTG	0.09
CGCCGTTG	0.09
TCCCGTTG	0.11
GCCCGTTG	0.09
CCCCGTTG	0.13
TACCGTTG	0.1
GACCGTTG	0.09
CACCGTTG	0.09
TTACGTTG	0.09
GTACGTTG	0.09
CTACGTTG	0.1
TGACGTTG	0.1
GGACGTTG	0.12
CGACGTTG	0.1
TCACGTTG	0.1
GCACGTTG	0.1
CCACGTTG	0.09
TAACGTTG	0.09
GAACGTTG	0.1
TTTAGTTG	0.1
GTTAGTTG	0.12
CTTAGTTG	0.11
TGTAGTTG	0.11
GGTAGTTG	0.11
CGTAGTTG	0.09
TCTAGTTG	0.1
GCTAGTTG	0.09
CCTAGTTG	0.11
TATAGTTG	0.11
GATAGTTG	0.09
CATAGTTG	0.1
TTGAGTTG	0.11
GTGAGTTG	0.1
CTGAGTTG	0.1
TGGAGTTG	0.11
GGGAGTTG	0.11
CGGAGTTG	0.1
TCGAGTTG	0.09
GCGAGTTG	0.1
CCGAGTTG	0.09
TAGAGTTG	0.11
GAGAGTTG	0.11
CAGAGTTG	0.1
TTCAGTTG	0.11
GTCAGTTG	0.1
CTCAGTTG	0.1
TGCAGTTG	0.1
GGCAGTTG	0.09
CGCAGTTG	0.1
TCCAGTTG	0.09
GCCAGTTG	0.1
CCCAGTTG	0.1
TACAGTTG	0.1
GACAGTTG	0.1
CACAGTTG	0.1
TTAAGTTG	0.11
GTAAGTTG	0.11
CTAAGTTG	0.11
TGAAGTTG	0.1
GGAAGTTG	0.32
CGAAGTTG	0.09
TCAAGTTG	0.11
GCAAGTTG	0.09
CCAAGTTG	0.1
TAAAGTTG	0.1
GAAAGTTG	0.12
TTTTCTTG	0.14
GTTTCTTG	0.12
CTTTCTTG	0.11
TGTTCTTG	0.12
GGTTCTTG	0.11
CGTTCTTG	0.12
TCTTCTTG	0.13
GCTTCTTG	0.1
CCTTCTTG	0.1
TATTCTTG	0.11
GATTCTTG	0.11
CATTCTTG	0.11
TTGTCTTG	0.1
GTGTCTTG	0.11
CTGTCTTG	0.09
TGGTCTTG	0.12
GGGTCTTG	0.09
CGGTCTTG	0.13
TCGTCTTG	0.12
GCGTCTTG	0.1
CCGTCTTG	0.1
TAGTCTTG	0.1
GAGTCTTG	0.1
CAGTCTTG	0.09
TTCTCTTG	0.12
GTCTCTTG	0.09
CTCTCTTG	0.11
TGCTCTTG	0.1
GGCTCTTG	0.12
CGCTCTTG	0.11
TCCTCTTG	0.11
GCCTCTTG	0.1
CCCTCTTG	0.1
TACTCTTG	0.11
GACTCTTG	0.1
CACTCTTG	0.09
TTATCTTG	0.1
GTATCTTG	0.11
CTATCTTG	0.1
TGATCTTG	0.1
GGATCTTG	0.12
CGATCTTG	0.09
TCATCTTG	0.1
GCATCTTG	0.11
CCATCTTG	0.1
TAATCTTG	0.09
GAATCTTG	0.1
CAATCTTG	0.09
TTTGCTTG	0.1
GTTGCTTG	0.1
CTTGCTTG	0.1
TGTGCTTG	0.1
GGTGCTTG	0.11
CGTGCTTG	0.1
TCTGCTTG	0.12
GCTGCTTG	0.1
CCTGCTTG	0.09
TATGCTTG	0.1
GATGCTTG	0.1
CATGCTTG	0.08
TTGGCTTG	0.11
GTGGCTTG	0.09
CTGGCTTG	0.1
TGGGCTTG	0.09
GGGGCTTG	0.09
CGGGCTTG	0.1
TCGGCTTG	0.11
GCGGCTTG	0.08
CCGGCTTG	0.11
TAGGCTTG	0.1
GAGGCTTG	0.09
CAGGCTTG	0.08
TTCGCTTG	0.11
GTCGCTTG	0.11
CTCGCTTG	0.1
TGCGCTTG	0.09
GGCGCTTG	0.1
CGCGCTTG	0.08
TCCGCTTG	0.15
GCCGCTTG	0.1
CCCGCTTG	0.1
TACGCTTG	0.1
GACGCTTG	0.09
CACGCTTG	0.09
TTAGCTTG	0.09
GTAGCTTG	0.1
CTAGCTTG	0.09
TGAGCTTG	0.09
GGAGCTTG	0.1
CGAGCTTG	0.1
TCAGCTTG	0.09
GCAGCTTG	0.1
CCAGCTTG	0.09
TAAGCTTG	0.11
GAAGCTTG	0.1
TTTCCTTG	0.16
GTTCCTTG	0.12
CTTCCTTG	0.19
TGTCCTTG	0.12
GGTCCTTG	0.09
CGTCCTTG	0.09
TCTCCTTG	0.1
GCTCCTTG	0.1
CCTCCTTG	0.11
TATCCTTG	0.12
GATCCTTG	0.11
CATCCTTG	0.12
TTGCCTTG	0.11
GTGCCTTG	0.09
CTGCCTTG	0.1
TGGCCTTG	0.09
GGGCCTTG	0.1
CGGCCTTG	0.1
TCGCCTTG	0.1
GCGCCTTG	0.1
CCGCCTTG	0.11
TAGCCTTG	0.1
GAGCCTTG	0.09
CAGCCTTG	0.09
TTCCCTTG	0.11
GTCCCTTG	0.1
CTCCCTTG	0.11
TGCCCTTG	0.09
GGCCCTTG	0.07
CGCCCTTG	0.1
TCCCCTTG	0.13
GCCCCTTG	0.11
CCCCCTTG	0.1
TACCCTTG	0.1
GACCCTTG	0.1
CACCCTTG	0.1
TTACCTTG	0.12
GTACCTTG	0.1
CTACCTTG	0.11
TGACCTTG	0.1
GGACCTTG	0.1
CGACCTTG	0.09
TCACCTTG	0.09
GCACCTTG	0.1
CCACCTTG	0.11
TAACCTTG	0.09
GAACCTTG	0.09
TTTACTTG	0.11
GTTACTTG	0.11
CTTACTTG	0.1
TGTACTTG	0.11
GGTACTTG	0.1
CGTACTTG	0.09
TCTACTTG	0.11
GCTACTTG	0.09
CCTACTTG	0.1
TATACTTG	0.09
GATACTTG	0.09
CATACTTG	0.09
TTGACTTG	0.09
GTGACTTG	0.09
CTGACTTG	0.1
TGGACTTG	0.09
GGGACTTG	0.09
CGGACTTG	0.1
TCGACTTG	0.09
GCGACTTG	0.08
CCGACTTG	0.1
TAGACTTG	0.11
GAGACTTG	0.1
CAGACTTG	0.1
TTCACTTG	0.11
GTCACTTG	0.1
CTCACTTG	0.09
TGCACTTG	0.09
GGCACTTG	0.09
CGCACTTG	0.1
TCCACTTG	0.1
GCCACTTG	0.09
CCCACTTG	0.1
TACACTTG	0.09
GACACTTG	0.1
CACACTTG	0.1
TTAACTTG	0.12
GTAACTTG	0.1
CTAACTTG	0.11
TGAACTTG	0.1
GGAACTTG	0.14
CGAACTTG	0.1
TCAACTTG	0.1
GCAACTTG	0.1
CCAACTTG	0.1
TAAACTTG	0.11
GAAACTTG	0.11
TTTTATTG	0.13
GTTTATTG	0.13
CTTTATTG	0.12
TGTTATTG	0.11
GGTTATTG	0.1
CGTTATTG	0.1
TCTTATTG	0.12
GCTTATTG	0.1
CCTTATTG	0.11
TATTATTG	0.12
GATTATTG	0.1
CATTATTG	0.1
TTGTATTG	0.13
GTGTATTG	0.11
CTGTATTG	0.09
TGGTATTG	0.1
GGGTATTG	0.11
CGGTATTG	0.1
TCGTATTG	0.11
GCGTATTG	0.1
CCGTATTG	0.1
TAGTATTG	0.09
GAGTATTG	0.09
CAGTATTG	0.1
TTCTATTG	0.1
GTCTATTG	0.11
CTCTATTG	0.1
TGCTATTG	0.09
GGCTATTG	0.09
CGCTATTG	0.09
TCCTATTG	0.11
GCCTATTG	0.09
CCCTATTG	0.11
TACTATTG	0.1
GACTATTG	0.1
CACTATTG	0.1
TTATATTG	0.11
GTATATTG	0.12
CTATATTG	0.1
TGATATTG	0.11
GGATATTG	0.17
CGATATTG	0.1
TCATATTG	0.11
GCATATTG	0.09
CCATATTG	0.11
TAATATTG	0.1
GAATATTG	0.1
TTTGATTG	0.12
GTTGATTG	0.1
CTTGATTG	0.12
TGTGATTG	0.11
GGTGATTG	0.1
CGTGATTG	0.09
TCTGATTG	0.09
GCTGATTG	0.11
CCTGATTG	0.11
TATGATTG	0.11
GATGATTG	0.1
CATGATTG	0.1
TTGGATTG	0.09
GTGGATTG	0.1
CTGGATTG	0.1
TGGGATTG	0.1
GGGGATTG	0.1
CGGGATTG	0.11
TCGGATTG	0.12
GCGGATTG	0.11
CCGGATTG	0.12
TAGGATTG	0.09
GAGGATTG	0.09
CAGGATTG	0.11
TTCGATTG	0.11
GTCGATTG	0.1
CTCGATTG	0.09
TGCGATTG	0.11
GGCGATTG	0.09
CGCGATTG	0.1
TCCGATTG	0.12
GCCGATTG	0.1
CCCGATTG	0.1
TACGATTG	0.1
GACGATTG	0.1
CACGATTG	0.1
TTAGATTG	0.11
GTAGATTG	0.1
CTAGATTG	0.11
TGAGATTG	0.1
GGAGATTG	0.11
CGAGATTG	0.1
TCAGATTG	0.1
GCAGATTG	0.09
CCAGATTG	0.09
TAAGATTG	0.11
GAAGATTG	0.11
TTTCATTG	0.11
GTTCATTG	0.12
CTTCATTG	0.09
TGTCATTG	0.11
GGTCATTG	0.1
CGTCATTG	0.1
TCTCATTG	0.1
GCTCATTG	0.1
CCTCATTG	0.1
TATCATTG	0.1
GATCATTG	0.1
CATCATTG	0.09
TTGCATTG	0.11
GTGCATTG	0.09
CTGCATTG	0.11
TGGCATTG	0.1
GGGCATTG	0.11
CGGCATTG	0.09
TCGCATTG	0.1
GCGCATTG	0.09
CCGCATTG	0.11
TAGCATTG	0.11
GAGCATTG	0.1
CAGCATTG	0.1
TTCCATTG	0.12
GTCCATTG	0.09
CTCCATTG	0.11
TGCCATTG	0.1
GGCCATTG	0.08
CGCCATTG	0.1
TCCCATTG	0.12
GCCCATTG	0.1
CCCCATTG	0.1
TACCATTG	0.11
GACCATTG	0.1
CACCATTG	0.09
TTACATTG	0.11
GTACATTG	0.1
CTACATTG	0.1
TGACATTG	0.1
GGACATTG	0.11
CGACATTG	0.1
TCACATTG	0.1
GCACATTG	0.1
CCACATTG	0.1
TAACATTG	0.11
GAACATTG	0.09
TTTAATTG	0.13
GTTAATTG	0.11
CTTAATTG	0.11
TGTAATTG	0.11
GGTAATTG	0.11
CGTAATTG	0.1
TCTAATTG	0.11
GCTAATTG	0.11
CCTAATTG	0.11
TATAATTG	0.1
GATAATTG	0.1
CATAATTG	0.1
TTGAATTG	0.12
GTGAATTG	0.11
CTGAATTG	0.11
TGGAATTG	0.12
GGGAATTG	0.12
CGGAATTG	0.13
TCGAATTG	0.1
GCGAATTG	0.1
CCGAATTG	0.1
TAGAATTG	0.11
GAGAATTG	0.11
CAGAATTG	0.1
TTCAATTG	0.09
GTCAATTG	0.11
CTCAATTG	0.1
TGCAATTG	0.1
GGCAATTG	0.11
CGCAATTG	0.1
TCCAATTG	0.1
GCCAATTG	0.1
CCCAATTG	0.09
TACAATTG	0.11
GACAATTG	0.11
CACAATTG	0.1
TTAAATTG	0.11
GTAAATTG	0.11
CTAAATTG	0.11
TGAAATTG	0.1
GGAAATTG	0.24
CGAAATTG	0.1
TCAAATTG	0.11
GCAAATTG	0.09
CCAAATTG	0.1
TAAAATTG	0.11
GAAAATTG	0.11
TTTTTGTG	0.12
GTTTTGTG	0.13
CTTTTGTG	0.11
TGTTTGTG	0.11
GGTTTGTG	0.11
CGTTTGTG	0.11
TCTTTGTG	0.1
GCTTTGTG	0.11
CCTTTGTG	0.1
TATTTGTG	0.11
GATTTGTG	0.1
CATTTGTG	0.11
TTGTTGTG	0.11
GTGTTGTG	0.11
CTGTTGTG	0.1
TGGTTGTG	0.11
GGGTTGTG	0.1
CGGTTGTG	0.11
TCGTTGTG	0.11
GCGTTGTG	0.09
CCGTTGTG	0.1
TAGTTGTG	0.1
GAGTTGTG	0.09
CAGTTGTG	0.1
TTCTTGTG	0.13
GTCTTGTG	0.09
CTCTTGTG	0.1
TGCTTGTG	0.11
GGCTTGTG	0.11
CGCTTGTG	0.08
TCCTTGTG	0.1
GCCTTGTG	0.1
CCCTTGTG	0.1
TACTTGTG	0.11
GACTTGTG	0.1
CACTTGTG	0.09
TTATTGTG	0.11
GTATTGTG	0.11
CTATTGTG	0.1
TGATTGTG	0.1
GGATTGTG	0.11
CGATTGTG	0.1
TCATTGTG	0.1
GCATTGTG	0.09
CCATTGTG	0.11
TAATTGTG	0.11
GAATTGTG	0.12
TTTGTGTG	0.12
GTTGTGTG	0.1
CTTGTGTG	0.1
TGTGTGTG	0.11
GGTGTGTG	0.12
CGTGTGTG	0.1
TCTGTGTG	0.11
GCTGTGTG	0.1
CCTGTGTG	0.1
TATGTGTG	0.1
GATGTGTG	0.1
CATGTGTG	0.09
TTGGTGTG	0.12
GTGGTGTG	0.11
CTGGTGTG	0.1
TGGGTGTG	0.12
GGGGTGTG	0.11
CGGGTGTG	0.09
TCGGTGTG	0.1
GCGGTGTG	0.1
CCGGTGTG	0.13
TAGGTGTG	0.09
GAGGTGTG	0.1
CAGGTGTG	0.11
TTCGTGTG	0.09
GTCGTGTG	0.1
CTCGTGTG	0.1
TGCGTGTG	0.09
GGCGTGTG	0.1
CGCGTGTG	0.09
TCCGTGTG	0.12
GCCGTGTG	0.1
CCCGTGTG	0.1
TACGTGTG	0.08
GACGTGTG	0.09
CACGTGTG	0.09
TTAGTGTG	0.1
GTAGTGTG	0.1
CTAGTGTG	0.11
TGAGTGTG	0.1
GGAGTGTG	0.09
CGAGTGTG	0.09
TCAGTGTG	0.1
GCAGTGTG	0.1
CCAGTGTG	0.1
TAAGTGTG	0.12
GAAGTGTG	0.12
TTTCTGTG	0.11
GTTCTGTG	0.11
CTTCTGTG	0.11
TGTCTGTG	0.13
GGTCTGTG	0.11
CGTCTGTG	0.09
TCTCTGTG	0.11
GCTCTGTG	0.09
CCTCTGTG	0.09
TATCTGTG	0.1
GATCTGTG	0.1
CATCTGTG	0.09
TTGCTGTG	0.1
GTGCTGTG	0.09
CTGCTGTG	0.09
TGGCTGTG	0.11
GGGCTGTG	0.09
CGGCTGTG	0.09
TCGCTGTG	0.1
GCGCTGTG	0.11
CCGCTGTG	0.1
TAGCTGTG	0.1
GAGCTGTG	0.1
CAGCTGTG	0.09
TTCCTGTG	0.27
GTCCTGTG	0.12
CTCCTGTG	0.1
TGCCTGTG	0.1
GGCCTGTG	0.09
CGCCTGTG	0.09
TCCCTGTG	0.12
GCCCTGTG	0.1
CCCCTGTG	0.1
TACCTGTG	0.11
GACCTGTG	0.09
CACCTGTG	0.1
TTACTGTG	0.1
GTACTGTG	0.09
CTACTGTG	0.11
TGACTGTG	0.09
GGACTGTG	0.1
CGACTGTG	0.1
TCACTGTG	0.1
GCACTGTG	0.09
CCACTGTG	0.1
TAACTGTG	0.1
GAACTGTG	0.11
TTTATGTG	0.1
GTTATGTG	0.1
CTTATGTG	0.09
TGTATGTG	0.1
GGTATGTG	0.11
CGTATGTG	0.11
TCTATGTG	0.11
GCTATGTG	0.09
CCTATGTG	0.1
TATATGTG	0.09
GATATGTG	0.1
CATATGTG	0.09
TTGATGTG	0.1
GTGATGTG	0.12
CTGATGTG	0.09
TGGATGTG	0.12
GGGATGTG	0.14
CGGATGTG	0.54
TCGATGTG	0.1
GCGATGTG	0.1
CCGATGTG	0.1
TAGATGTG	0.12
GAGATGTG	0.1
CAGATGTG	0.1
TTCATGTG	0.09
GTCATGTG	0.09
CTCATGTG	0.09
TGCATGTG	0.09
GGCATGTG	0.1
CGCATGTG	0.1
TCCATGTG	0.1
GCCATGTG	0.09
CCCATGTG	0.1
TACATGTG	0.09
GACATGTG	0.1
TTAATGTG	0.1
GTAATGTG	0.11
CTAATGTG	0.1
TGAATGTG	0.11
GGAATGTG	0.1
CGAATGTG	0.1
TCAATGTG	0.11
GCAATGTG	0.09
CCAATGTG	0.1
TAAATGTG	0.1
GAAATGTG	0.12
TTTTGGTG	0.1
GTTTGGTG	0.12
CTTTGGTG	0.1
TGTTGGTG	0.1
GGTTGGTG	0.11
CGTTGGTG	0.09
TCTTGGTG	0.1
GCTTGGTG	0.1
CCTTGGTG	0.09
TATTGGTG	0.11
GATTGGTG	0.11
CATTGGTG	0.1
TTGTGGTG	0.12
GTGTGGTG	0.1
CTGTGGTG	0.12
TGGTGGTG	0.11
GGGTGGTG	0.13
CGGTGGTG	0.1
TCGTGGTG	0.09
GCGTGGTG	0.1
CCGTGGTG	0.1
TAGTGGTG	0.12
GAGTGGTG	0.11
CAGTGGTG	0.1
TTCTGGTG	0.09
GTCTGGTG	0.09
CTCTGGTG	0.1
TGCTGGTG	0.09
GGCTGGTG	0.11
CGCTGGTG	0.1
TCCTGGTG	0.14
GCCTGGTG	0.1
CCCTGGTG	0.1
TACTGGTG	0.1
GACTGGTG	0.09
CACTGGTG	0.1
TTATGGTG	0.1
GTATGGTG	0.09
CTATGGTG	0.1
TGATGGTG	0.1
GGATGGTG	0.12
CGATGGTG	0.09
TCATGGTG	0.09
GCATGGTG	0.1
CCATGGTG	0.09
TAATGGTG	0.13
GAATGGTG	0.1
TTTGGGTG	0.11
GTTGGGTG	0.11
CTTGGGTG	0.1
TGTGGGTG	0.1
GGTGGGTG	0.11
CGTGGGTG	0.11
TCTGGGTG	0.09
GCTGGGTG	0.11
CCTGGGTG	0.1
TATGGGTG	0.09
GATGGGTG	0.11
CATGGGTG	0.1
TTGGGGTG	0.11
GTGGGGTG	0.1
CTGGGGTG	0.11
TGGGGGTG	0.11
GGGGGGTG	0.1
CGGGGGTG	0.1
TCGGGGTG	0.11
GCGGGGTG	0.11
CCGGGGTG	0.11
TAGGGGTG	0.1
GAGGGGTG	0.1
CAGGGGTG	0.1
TTCGGGTG	0.12
GTCGGGTG	0.11
CTCGGGTG	0.11
TGCGGGTG	0.1
GGCGGGTG	0.09
CGCGGGTG	0.11
TCCGGGTG	0.13
GCCGGGTG	0.11
CCCGGGTG	0.12
TACGGGTG	0.09
GACGGGTG	0.1
CACGGGTG	0.1
TTAGGGTG	0.1
GTAGGGTG	0.09
CTAGGGTG	0.09
TGAGGGTG	0.1
GGAGGGTG	0.1
CGAGGGTG	0.11
TCAGGGTG	0.1
GCAGGGTG	0.09
CCAGGGTG	0.1
TAAGGGTG	0.1
GAAGGGTG	0.11
TTTCGGTG	0.1
GTTCGGTG	0.1
CTTCGGTG	0.1
TGTCGGTG	0.13
GGTCGGTG	0.1
CGTCGGTG	0.11
TCTCGGTG	0.1
GCTCGGTG	0.09
CCTCGGTG	0.1
TATCGGTG	0.09
GATCGGTG	0.1
CATCGGTG	0.11
TTGCGGTG	0.1
GTGCGGTG	0.1
CTGCGGTG	0.11
TGGCGGTG	0.11
GGGCGGTG	0.1
CGGCGGTG	0.11
TCGCGGTG	0.1
GCGCGGTG	0.1
CCGCGGTG	0.11
TAGCGGTG	0.11
GAGCGGTG	0.11
CAGCGGTG	0.09
TTCCGGTG	0.67
GTCCGGTG	0.18
CTCCGGTG	0.11
TGCCGGTG	0.1
GGCCGGTG	0.09
CGCCGGTG	0.11
TCCCGGTG	0.13
GCCCGGTG	0.11
CCCCGGTG	0.1
TACCGGTG	0.12
GACCGGTG	0.11
TTACGGTG	0.1
GTACGGTG	0.09
CTACGGTG	0.11
TGACGGTG	0.11
GGACGGTG	0.1
CGACGGTG	0.1
TCACGGTG	0.1
GCACGGTG	0.1
CCACGGTG	0.1
TAACGGTG	0.11
GAACGGTG	0.1
TTTAGGTG	0.09
GTTAGGTG	0.11
CTTAGGTG	0.1
TGTAGGTG	0.1
GGTAGGTG	0.09
CGTAGGTG	0.09
TCTAGGTG	0.12
GCTAGGTG	0.09
CCTAGGTG	0.09
TATAGGTG	0.09
GATAGGTG	0.1
CATAGGTG	0.1
TTGAGGTG	0.11
GTGAGGTG	0.11
CTGAGGTG	0.09
TGGAGGTG	0.11
GGGAGGTG	0.1
CGGAGGTG	0.1
TCGAGGTG	0.11
GCGAGGTG	0.1
CCGAGGTG	0.09
TAGAGGTG	0.12
GAGAGGTG	0.1
CAGAGGTG	0.1
TTCAGGTG	0.11
GTCAGGTG	0.09
CTCAGGTG	0.09
TGCAGGTG	0.1
GGCAGGTG	0.1
CGCAGGTG	0.11
TCCAGGTG	0.1
GCCAGGTG	0.09
CCCAGGTG	0.1
TACAGGTG	0.1
GACAGGTG	0.1
TTAAGGTG	0.1
GTAAGGTG	0.1
CTAAGGTG	0.09
TGAAGGTG	0.09
GGAAGGTG	0.11
CGAAGGTG	0.1
TCAAGGTG	0.1
GCAAGGTG	0.09
CCAAGGTG	0.11
TAAAGGTG	0.11
GAAAGGTG	0.12
TTTTCGTG	0.13
GTTTCGTG	0.12
CTTTCGTG	0.1
TGTTCGTG	0.1
GGTTCGTG	0.1
CGTTCGTG	0.1
TCTTCGTG	0.1
GCTTCGTG	0.09
CCTTCGTG	0.11
TATTCGTG	0.09
GATTCGTG	0.1
CATTCGTG	0.09
TTGTCGTG	0.1
GTGTCGTG	0.1
CTGTCGTG	0.1
TGGTCGTG	0.1
GGGTCGTG	0.1
CGGTCGTG	0.09
TCGTCGTG	0.09
GCGTCGTG	0.1
CCGTCGTG	0.11
TAGTCGTG	0.1
GAGTCGTG	0.1
CAGTCGTG	0.08
TTCTCGTG	0.11
GTCTCGTG	0.1
CTCTCGTG	0.11
TGCTCGTG	0.09
GGCTCGTG	0.09
CGCTCGTG	0.09
TCCTCGTG	0.1
GCCTCGTG	0.09
CCCTCGTG	0.09
TACTCGTG	0.1
GACTCGTG	0.1
CACTCGTG	0.09
TTATCGTG	0.11
GTATCGTG	0.09
CTATCGTG	0.1
TGATCGTG	0.1
GGATCGTG	0.1
CGATCGTG	0.09
TCATCGTG	0.1
GCATCGTG	0.1
CCATCGTG	0.09
TAATCGTG	0.1
GAATCGTG	0.11
TTTGCGTG	0.11
GTTGCGTG	0.09
CTTGCGTG	0.1
TGTGCGTG	0.1
GGTGCGTG	0.09
CGTGCGTG	0.1
TCTGCGTG	0.1
GCTGCGTG	0.09
CCTGCGTG	0.1
TATGCGTG	0.1
GATGCGTG	0.1
CATGCGTG	0.09
TTGGCGTG	0.1
GTGGCGTG	0.09
CTGGCGTG	0.09
TGGGCGTG	0.1
GGGGCGTG	0.11
CGGGCGTG	0.1
TCGGCGTG	0.11
GCGGCGTG	0.11
CCGGCGTG	0.11
TAGGCGTG	0.1
GAGGCGTG	0.08
CAGGCGTG	0.09
TTCGCGTG	0.1
GTCGCGTG	0.09
CTCGCGTG	0.1
TGCGCGTG	0.09
GGCGCGTG	0.1
CGCGCGTG	0.1
TCCGCGTG	0.12
GCCGCGTG	0.1
CCCGCGTG	0.12
TACGCGTG	0.08
GACGCGTG	0.11
TTAGCGTG	0.09
GTAGCGTG	0.1
CTAGCGTG	0.1
TGAGCGTG	0.1
GGAGCGTG	0.1
CGAGCGTG	0.09
TCAGCGTG	0.1
GCAGCGTG	0.09
CCAGCGTG	0.09
TAAGCGTG	0.1
GAAGCGTG	0.1
TTTCCGTG	0.18
GTTCCGTG	0.12
CTTCCGTG	0.21
TGTCCGTG	0.09
GGTCCGTG	0.11
CGTCCGTG	0.13
TCTCCGTG	0.09
GCTCCGTG	0.1
CCTCCGTG	0.11
TATCCGTG	0.14
GATCCGTG	0.1
CATCCGTG	0.18
TTGCCGTG	0.09
GTGCCGTG	0.09
CTGCCGTG	0.09
TGGCCGTG	0.1
GGGCCGTG	0.09
CGGCCGTG	0.08
TCGCCGTG	0.09
GCGCCGTG	0.08
CCGCCGTG	0.1
TAGCCGTG	0.1
GAGCCGTG	0.11
CAGCCGTG	0.1
TTCCCGTG	0.13
GTCCCGTG	0.08
CTCCCGTG	0.09
TGCCCGTG	0.1
GGCCCGTG	0.09
CGCCCGTG	0.09
TCCCCGTG	0.1
GCCCCGTG	0.11
CCCCCGTG	0.11
TACCCGTG	0.1
GACCCGTG	0.09
TTACCGTG	0.09
GTACCGTG	0.09
CTACCGTG	0.11
TGACCGTG	0.09
GGACCGTG	0.08
CGACCGTG	0.08
TCACCGTG	0.1
GCACCGTG	0.09
CCACCGTG	0.1
TAACCGTG	0.1
GAACCGTG	0.1
TTTACGTG	0.08
GTTACGTG	0.09
CTTACGTG	0.1
TGTACGTG	0.09
GGTACGTG	0.1
CGTACGTG	0.1
TCTACGTG	0.1
GCTACGTG	0.09
CCTACGTG	0.1
TATACGTG	0.11
GATACGTG	0.1
CATACGTG	0.09
TTGACGTG	0.1
GTGACGTG	0.1
CTGACGTG	0.09
TGGACGTG	0.09
GGGACGTG	0.11
CGGACGTG	0.25
TCGACGTG	0.1
GCGACGTG	0.1
CCGACGTG	0.09
TAGACGTG	0.11
GAGACGTG	0.09
CAGACGTG	0.1
TTCACGTG	0.1
GTCACGTG	0.09
CTCACGTG	0.07
TGCACGTG	0.08
GGCACGTG	0.1
CGCACGTG	0.08
TCCACGTG	0.11
GCCACGTG	0.08
CCCACGTG	0.09
TACACGTG	0.08
GACACGTG	0.09
TTAACGTG	0.11
GTAACGTG	0.08
CTAACGTG	0.1
TGAACGTG	0.09
GGAACGTG	0.1
CGAACGTG	0.08
TCAACGTG	0.1
GCAACGTG	0.09
CCAACGTG	0.1
TAAACGTG	0.1
GAAACGTG	0.11
TTTTAGTG	0.1
GTTTAGTG	0.11
CTTTAGTG	0.1
TGTTAGTG	0.1
GGTTAGTG	0.11
CGTTAGTG	0.08
TCTTAGTG	0.1
GCTTAGTG	0.1
CCTTAGTG	0.1
TATTAGTG	0.11
GATTAGTG	0.1
CATTAGTG	0.12
TTGTAGTG	0.11
GTGTAGTG	0.09
CTGTAGTG	0.1
TGGTAGTG	0.1
GGGTAGTG	0.1
CGGTAGTG	0.11
TCGTAGTG	0.12
GCGTAGTG	0.09
CCGTAGTG	0.14
TAGTAGTG	0.11
GAGTAGTG	0.11
CAGTAGTG	0.09
TTCTAGTG	0.11
GTCTAGTG	0.11
CTCTAGTG	0.11
TGCTAGTG	0.09
GGCTAGTG	0.1
CGCTAGTG	0.1
TCCTAGTG	0.12
GCCTAGTG	0.1
CCCTAGTG	0.08
TACTAGTG	0.1
GACTAGTG	0.09
TTATAGTG	0.09
GTATAGTG	0.1
CTATAGTG	0.1
TGATAGTG	0.1
GGATAGTG	0.1
CGATAGTG	0.11
TCATAGTG	0.11
GCATAGTG	0.1
CCATAGTG	0.1
TAATAGTG	0.1
GAATAGTG	0.09
TTTGAGTG	0.11
GTTGAGTG	0.12
CTTGAGTG	0.1
TGTGAGTG	0.1
GGTGAGTG	0.12
CGTGAGTG	0.08
TCTGAGTG	0.12
GCTGAGTG	0.1
CCTGAGTG	0.11
TATGAGTG	0.09
GATGAGTG	0.1
CATGAGTG	0.1
TTGGAGTG	0.09
GTGGAGTG	0.1
CTGGAGTG	0.11
TGGGAGTG	0.11
GGGGAGTG	0.11
CGGGAGTG	0.1
TCGGAGTG	0.1
GCGGAGTG	0.11
CCGGAGTG	0.12
TAGGAGTG	0.1
GAGGAGTG	0.09
CAGGAGTG	0.11
TTCGAGTG	0.11
GTCGAGTG	0.11
CTCGAGTG	0.1
TGCGAGTG	0.09
GGCGAGTG	0.1
CGCGAGTG	0.1
TCCGAGTG	0.12
GCCGAGTG	0.09
CCCGAGTG	0.1
TACGAGTG	0.09
GACGAGTG	0.09
TTAGAGTG	0.1
GTAGAGTG	0.09
CTAGAGTG	0.11
TGAGAGTG	0.1
GGAGAGTG	0.09
CGAGAGTG	0.1
TCAGAGTG	0.1
GCAGAGTG	0.11
CCAGAGTG	0.09
TAAGAGTG	0.11
GAAGAGTG	0.1
TTTCAGTG	0.1
GTTCAGTG	0.1
CTTCAGTG	0.11
TGTCAGTG	0.12
GGTCAGTG	0.1
CGTCAGTG	0.1
TCTCAGTG	0.1
GCTCAGTG	0.09
CCTCAGTG	0.09
TATCAGTG	0.09
GATCAGTG	0.1
CATCAGTG	0.1
TTGCAGTG	0.09
GTGCAGTG	0.09
CTGCAGTG	0.1
TGGCAGTG	0.11
GGGCAGTG	0.09
CGGCAGTG	0.11
TCGCAGTG	0.1
GCGCAGTG	0.09
CCGCAGTG	0.09
TAGCAGTG	0.12
GAGCAGTG	0.1
CAGCAGTG	0.09
TTCCAGTG	0.1
GTCCAGTG	0.1
CTCCAGTG	0.09
TGCCAGTG	0.11
GGCCAGTG	0.1
CGCCAGTG	0.1
TCCCAGTG	0.11
GCCCAGTG	0.1
CCCCAGTG	0.09
TACCAGTG	0.09
GACCAGTG	0.1
TTACAGTG	0.1
GTACAGTG	0.09
CTACAGTG	0.1
TGACAGTG	0.1
GGACAGTG	0.1
CGACAGTG	0.09
TCACAGTG	0.1
GCACAGTG	0.09
CCACAGTG	0.1
TAACAGTG	0.08
GAACAGTG	0.1
TTTAAGTG	0.11
GTTAAGTG	0.11
CTTAAGTG	0.1
TGTAAGTG	0.1
GGTAAGTG	0.12
CGTAAGTG	0.1
TCTAAGTG	0.11
GCTAAGTG	0.1
CCTAAGTG	0.12
TATAAGTG	0.09
GATAAGTG	0.12
CATAAGTG	0.1
TTGAAGTG	0.1
GTGAAGTG	0.09
CTGAAGTG	0.1
TGGAAGTG	0.17
GGGAAGTG	0.25
CGGAAGTG	0.61
TCGAAGTG	0.1
GCGAAGTG	0.09
CCGAAGTG	0.1
TAGAAGTG	0.11
GAGAAGTG	0.09
CAGAAGTG	0.1
TTCAAGTG	0.1
GTCAAGTG	0.11
CTCAAGTG	0.1
TGCAAGTG	0.1
GGCAAGTG	0.1
CGCAAGTG	0.09
TCCAAGTG	0.11
GCCAAGTG	0.11
CCCAAGTG	0.09
TACAAGTG	0.09
GACAAGTG	0.09
TTAAAGTG	0.12
GTAAAGTG	0.11
CTAAAGTG	0.09
TGAAAGTG	0.1
GGAAAGTG	0.14
CGAAAGTG	0.12
TCAAAGTG	0.09
GCAAAGTG	0.1
CCAAAGTG	0.09
TAAAAGTG	0.1
GAAAAGTG	0.1
TTTTTCTG	0.11
GTTTTCTG	0.11
CTTTTCTG	0.1
TGTTTCTG	0.1
GGTTTCTG	0.1
CGTTTCTG	0.11
TCTTTCTG	0.11
GCTTTCTG	0.08
CCTTTCTG	0.12
TATTTCTG	0.13
GATTTCTG	0.12
CATTTCTG	0.11
TTGTTCTG	0.12
GTGTTCTG	0.1
CTGTTCTG	0.11
TGGTTCTG	0.1
GGGTTCTG	0.1
CGGTTCTG	0.11
TCGTTCTG	0.11
GCGTTCTG	0.1
CCGTTCTG	0.12
TAGTTCTG	0.11
GAGTTCTG	0.09
CAGTTCTG	0.11
TTCTTCTG	0.12
GTCTTCTG	0.11
CTCTTCTG	0.11
TGCTTCTG	0.11
GGCTTCTG	0.1
CGCTTCTG	0.11
TCCTTCTG	0.11
GCCTTCTG	0.11
CCCTTCTG	0.1
TACTTCTG	0.11
GACTTCTG	0.09
TTATTCTG	0.11
GTATTCTG	0.1
CTATTCTG	0.1
TGATTCTG	0.09
GGATTCTG	0.11
CGATTCTG	0.1
TCATTCTG	0.09
GCATTCTG	0.1
CCATTCTG	0.1
TAATTCTG	0.1
GAATTCTG	0.1
TTTGTCTG	0.11
GTTGTCTG	0.1
CTTGTCTG	0.1
TGTGTCTG	0.1
GGTGTCTG	0.11
CGTGTCTG	0.1
TCTGTCTG	0.1
GCTGTCTG	0.1
CCTGTCTG	0.1
TATGTCTG	0.1
GATGTCTG	0.1
CATGTCTG	0.1
TTGGTCTG	0.11
GTGGTCTG	0.09
CTGGTCTG	0.11
TGGGTCTG	0.1
GGGGTCTG	0.1
CGGGTCTG	0.1
TCGGTCTG	0.1
GCGGTCTG	0.1
CCGGTCTG	0.11
TAGGTCTG	0.09
GAGGTCTG	0.09
CAGGTCTG	0.1
TTCGTCTG	0.11
GTCGTCTG	0.09
CTCGTCTG	0.09
TGCGTCTG	0.1
GGCGTCTG	0.1
CGCGTCTG	0.08
TCCGTCTG	0.12
GCCGTCTG	0.09
CCCGTCTG	0.09
TACGTCTG	0.09
GACGTCTG	0.1
TTAGTCTG	0.1
GTAGTCTG	0.08
CTAGTCTG	0.08
TGAGTCTG	0.09
GGAGTCTG	0.1
CGAGTCTG	0.08
TCAGTCTG	0.1
GCAGTCTG	0.07
CCAGTCTG	0.09
TAAGTCTG	0.1
GAAGTCTG	0.12
TTTCTCTG	0.12
GTTCTCTG	0.1
CTTCTCTG	0.11
TGTCTCTG	0.09
GGTCTCTG	0.1
CGTCTCTG	0.11
TCTCTCTG	0.1
GCTCTCTG	0.09
CCTCTCTG	0.1
TATCTCTG	0.11
GATCTCTG	0.09
CATCTCTG	0.11
TTGCTCTG	0.12
GTGCTCTG	0.11
CTGCTCTG	0.1
TGGCTCTG	0.09
GGGCTCTG	0.09
CGGCTCTG	0.1
TCGCTCTG	0.1
GCGCTCTG	0.09
CCGCTCTG	0.11
TAGCTCTG	0.1
GAGCTCTG	0.1
CAGCTCTG	0.08
TTCCTCTG	0.18
GTCCTCTG	0.11
CTCCTCTG	0.1
TGCCTCTG	0.11
GGCCTCTG	0.09
CGCCTCTG	0.1
TCCCTCTG	0.11
GCCCTCTG	0.11
CCCCTCTG	0.1
TACCTCTG	0.1
GACCTCTG	0.09
TTACTCTG	0.11
GTACTCTG	0.1
CTACTCTG	0.1
TGACTCTG	0.09
GGACTCTG	0.09
CGACTCTG	0.09
TCACTCTG	0.1
GCACTCTG	0.1
CCACTCTG	0.11
TAACTCTG	0.1
GAACTCTG	0.1
TTTATCTG	0.11
GTTATCTG	0.12
CTTATCTG	0.1
TGTATCTG	0.1
GGTATCTG	0.11
CGTATCTG	0.1
TCTATCTG	0.09
GCTATCTG	0.1
CCTATCTG	0.1
TATATCTG	0.11
GATATCTG	0.1
CATATCTG	0.1
TTGATCTG	0.11
GTGATCTG	0.09
CTGATCTG	0.09
TGGATCTG	0.13
GGGATCTG	0.09
CGGATCTG	0.14
TCGATCTG	0.09
GCGATCTG	0.09
CCGATCTG	0.1
TAGATCTG	0.09
GAGATCTG	0.1
TTCATCTG	0.1
GTCATCTG	0.09
CTCATCTG	0.1
TGCATCTG	0.09
GGCATCTG	0.09
CGCATCTG	0.09
TCCATCTG	0.11
GCCATCTG	0.11
CCCATCTG	0.09
TACATCTG	0.08
GACATCTG	0.1
TTAATCTG	0.12
GTAATCTG	0.12
CTAATCTG	0.09
TGAATCTG	0.11
GGAATCTG	0.12
CGAATCTG	0.1
TCAATCTG	0.09
GCAATCTG	0.09
CCAATCTG	0.1
TAAATCTG	0.11
GAAATCTG	0.12
TTTTGCTG	0.11
GTTTGCTG	0.11
CTTTGCTG	0.11
TGTTGCTG	0.11
GGTTGCTG	0.12
CGTTGCTG	0.11
TCTTGCTG	0.1
GCTTGCTG	0.08
CCTTGCTG	0.11
TATTGCTG	0.1
GATTGCTG	0.09
CATTGCTG	0.09
TTGTGCTG	0.1
GTGTGCTG	0.09
CTGTGCTG	0.12
TGGTGCTG	0.11
GGGTGCTG	0.09
CGGTGCTG	0.1
TCGTGCTG	0.09
GCGTGCTG	0.1
CCGTGCTG	0.11
TAGTGCTG	0.09
GAGTGCTG	0.09
CAGTGCTG	0.08
TTCTGCTG	0.1
GTCTGCTG	0.09
CTCTGCTG	0.1
TGCTGCTG	0.09
GGCTGCTG	0.09
CGCTGCTG	0.1
TCCTGCTG	0.13
GCCTGCTG	0.09
CCCTGCTG	0.1
TACTGCTG	0.1
GACTGCTG	0.1
TTATGCTG	0.11
GTATGCTG	0.1
CTATGCTG	0.1
TGATGCTG	0.1
GGATGCTG	0.16
CGATGCTG	0.1
TCATGCTG	0.09
GCATGCTG	0.1
CCATGCTG	0.09
TAATGCTG	0.09
GAATGCTG	0.1
TTTGGCTG	0.11
GTTGGCTG	0.09
CTTGGCTG	0.1
TGTGGCTG	0.11
GGTGGCTG	0.1
CGTGGCTG	0.1
TCTGGCTG	0.11
GCTGGCTG	0.1
CCTGGCTG	0.11
TATGGCTG	0.09
GATGGCTG	0.1
CATGGCTG	0.08
TTGGGCTG	0.09
GTGGGCTG	0.1
CTGGGCTG	0.1
TGGGGCTG	0.09
GGGGGCTG	0.1
CGGGGCTG	0.1
TCGGGCTG	0.09
GCGGGCTG	0.1
CCGGGCTG	0.11
TAGGGCTG	0.1
GAGGGCTG	0.11
CAGGGCTG	0.09
TTCGGCTG	0.09
GTCGGCTG	0.09
CTCGGCTG	0.1
TGCGGCTG	0.09
GGCGGCTG	0.1
CGCGGCTG	0.09
TCCGGCTG	0.19
GCCGGCTG	0.11
CCCGGCTG	0.11
TACGGCTG	0.09
GACGGCTG	0.1
TTAGGCTG	0.1
GTAGGCTG	0.1
CTAGGCTG	0.11
TGAGGCTG	0.1
GGAGGCTG	0.1
CGAGGCTG	0.09
TCAGGCTG	0.1
GCAGGCTG	0.08
CCAGGCTG	0.11
TAAGGCTG	0.1
GAAGGCTG	0.12
TTTCGCTG	0.1
GTTCGCTG	0.09
CTTCGCTG	0.1
TGTCGCTG	0.11
GGTCGCTG	0.08
CGTCGCTG	0.09
TCTCGCTG	0.1
GCTCGCTG	0.1
CCTCGCTG	0.1
TATCGCTG	0.11
GATCGCTG	0.09
CATCGCTG	0.1
TTGCGCTG	0.09
GTGCGCTG	0.1
CTGCGCTG	0.1
TGGCGCTG	0.09
GGGCGCTG	0.1
CGGCGCTG	0.1
TCGCGCTG	0.1
GCGCGCTG	0.09
CCGCGCTG	0.1
TAGCGCTG	0.1
GAGCGCTG	0.1
TTCCGCTG	0.3
GTCCGCTG	0.12
CTCCGCTG	0.11
TGCCGCTG	0.1
GGCCGCTG	0.1
CGCCGCTG	0.1
TCCCGCTG	0.11
GCCCGCTG	0.1
CCCCGCTG	0.1
TACCGCTG	0.09
GACCGCTG	0.09
TTACGCTG	0.1
GTACGCTG	0.09
CTACGCTG	0.1
TGACGCTG	0.1
GGACGCTG	0.11
CGACGCTG	0.09
TCACGCTG	0.09
GCACGCTG	0.1
CCACGCTG	0.1
TAACGCTG	0.1
GAACGCTG	0.1
TTTAGCTG	0.11
GTTAGCTG	0.1
CTTAGCTG	0.09
TGTAGCTG	0.1
GGTAGCTG	0.1
CGTAGCTG	0.09
TCTAGCTG	0.1
GCTAGCTG	0.09
CCTAGCTG	0.1
TATAGCTG	0.09
GATAGCTG	0.1
CATAGCTG	0.09
TTGAGCTG	0.1
GTGAGCTG	0.1
CTGAGCTG	0.08
TGGAGCTG	0.09
GGGAGCTG	0.08
CGGAGCTG	0.11
TCGAGCTG	0.1
GCGAGCTG	0.1
CCGAGCTG	0.09
TAGAGCTG	0.08
GAGAGCTG	0.1
TTCAGCTG	0.1
GTCAGCTG	0.09
CTCAGCTG	0.1
TGCAGCTG	0.1
GGCAGCTG	0.1
CGCAGCTG	0.09
TCCAGCTG	0.08
GCCAGCTG	0.1
CCCAGCTG	0.1
TACAGCTG	0.11
GACAGCTG	0.08
TTAAGCTG	0.1
GTAAGCTG	0.1
CTAAGCTG	0.11
TGAAGCTG	0.11
GGAAGCTG	0.15
CGAAGCTG	0.09
TCAAGCTG	0.09
GCAAGCTG	0.09
CCAAGCTG	0.1
TAAAGCTG	0.1
GAAAGCTG	0.1
TTTTCCTG	0.18
GTTTCCTG	0.4
CTTTCCTG	0.17
TGTTCCTG	0.12
GGTTCCTG	0.13
CGTTCCTG	0.1
TCTTCCTG	0.23
GCTTCCTG	0.58
CCTTCCTG	0.29
TATTCCTG	0.11
GATTCCTG	0.13
CATTCCTG	0.1
TTGTCCTG	0.11
GTGTCCTG	0.11
CTGTCCTG	0.1
TGGTCCTG	0.09
GGGTCCTG	0.09
CGGTCCTG	0.1
TCGTCCTG	0.12
GCGTCCTG	0.15
CCGTCCTG	0.11
TAGTCCTG	0.11
GAGTCCTG	0.09
CAGTCCTG	0.1
TTCTCCTG	0.12
GTCTCCTG	0.09
CTCTCCTG	0.09
TGCTCCTG	0.09
GGCTCCTG	0.09
CGCTCCTG	0.1
TCCTCCTG	0.12
GCCTCCTG	0.1
CCCTCCTG	0.11
TACTCCTG	0.1
GACTCCTG	0.1
TTATCCTG	0.14
GTATCCTG	0.26
CTATCCTG	0.15
TGATCCTG	0.11
GGATCCTG	0.12
CGATCCTG	0.11
TCATCCTG	0.17
GCATCCTG	0.34
CCATCCTG	0.15
TAATCCTG	0.13
GAATCCTG	0.11
TTTGCCTG	0.11
GTTGCCTG	0.11
CTTGCCTG	0.09
TGTGCCTG	0.1
GGTGCCTG	0.09
CGTGCCTG	0.1
TCTGCCTG	0.11
GCTGCCTG	0.1
CCTGCCTG	0.11
TATGCCTG	0.08
GATGCCTG	0.1
CATGCCTG	0.09
TTGGCCTG	0.1
GTGGCCTG	0.09
CTGGCCTG	0.1
TGGGCCTG	0.1
GGGGCCTG	0.1
CGGGCCTG	0.09
TCGGCCTG	0.09
GCGGCCTG	0.1
CCGGCCTG	0.12
TAGGCCTG	0.09
GAGGCCTG	0.07
TTCGCCTG	0.1
GTCGCCTG	0.09
CTCGCCTG	0.11
TGCGCCTG	0.11
GGCGCCTG	0.1
CGCGCCTG	0.1
TCCGCCTG	0.16
GCCGCCTG	0.1
CCCGCCTG	0.09
TACGCCTG	0.09
GACGCCTG	0.1
TTAGCCTG	0.09
GTAGCCTG	0.1
CTAGCCTG	0.09
TGAGCCTG	0.1
GGAGCCTG	0.1
CGAGCCTG	0.09
TCAGCCTG	0.1
GCAGCCTG	0.09
CCAGCCTG	0.1
TAAGCCTG	0.1
GAAGCCTG	0.12
TTTCCCTG	0.13
GTTCCCTG	0.1
CTTCCCTG	0.12
TGTCCCTG	0.1
GGTCCCTG	0.1
CGTCCCTG	0.09
TCTCCCTG	0.1
GCTCCCTG	0.11
CCTCCCTG	0.1
TATCCCTG	0.09
GATCCCTG	0.09
CATCCCTG	0.1
TTGCCCTG	0.09
GTGCCCTG	0.09
CTGCCCTG	0.1
TGGCCCTG	0.1
GGGCCCTG	0.09
CGGCCCTG	0.1
TCGCCCTG	0.09
GCGCCCTG	0.09
CCGCCCTG	0.1
TAGCCCTG	0.1
GAGCCCTG	0.09
TTCCCCTG	0.11
GTCCCCTG	0.1
CTCCCCTG	0.1
TGCCCCTG	0.1
GGCCCCTG	0.08
CGCCCCTG	0.09
TCCCCCTG	0.11
GCCCCCTG	0.11
CCCCCCTG	0.1
TACCCCTG	0.09
GACCCCTG	0.1
TTACCCTG	0.1
GTACCCTG	0.1
CTACCCTG	0.09
TGACCCTG	0.1
GGACCCTG	0.09
CGACCCTG	0.1
TCACCCTG	0.11
GCACCCTG	0.09
CCACCCTG	0.09
TAACCCTG	0.09
GAACCCTG	0.11
TTTACCTG	0.1
GTTACCTG	0.11
CTTACCTG	0.12
TGTACCTG	0.11
GGTACCTG	0.09
CGTACCTG	0.11
TCTACCTG	0.11
GCTACCTG	0.1
CCTACCTG	0.1
TATACCTG	0.11
GATACCTG	0.1
CATACCTG	0.1
TTGACCTG	0.1
GTGACCTG	0.09
CTGACCTG	0.09
TGGACCTG	0.09
GGGACCTG	0.1
CGGACCTG	0.09
TCGACCTG	0.09
GCGACCTG	0.09
CCGACCTG	0.1
TAGACCTG	0.11
GAGACCTG	0.1
TTCACCTG	0.09
GTCACCTG	0.09
CTCACCTG	0.09
TGCACCTG	0.1
GGCACCTG	0.09
CGCACCTG	0.09
TCCACCTG	0.11
GCCACCTG	0.09
CCCACCTG	0.11
TACACCTG	0.09
GACACCTG	0.09
TTAACCTG	0.11
GTAACCTG	0.1
CTAACCTG	0.09
TGAACCTG	0.08
GGAACCTG	0.11
CGAACCTG	0.09
TCAACCTG	0.1
GCAACCTG	0.1
CCAACCTG	0.1
TAAACCTG	0.11
GAAACCTG	0.12
TTTTACTG	0.11
GTTTACTG	0.1
CTTTACTG	0.11
TGTTACTG	0.11
GGTTACTG	0.1
CGTTACTG	0.09
TCTTACTG	0.11
GCTTACTG	0.11
CCTTACTG	0.12
TATTACTG	0.1
GATTACTG	0.1
CATTACTG	0.1
TTGTACTG	0.1
GTGTACTG	0.09
CTGTACTG	0.09
TGGTACTG	0.1
GGGTACTG	0.11
CGGTACTG	0.1
TCGTACTG	0.1
GCGTACTG	0.09
CCGTACTG	0.1
TAGTACTG	0.1
GAGTACTG	0.1
TTCTACTG	0.1
GTCTACTG	0.09
CTCTACTG	0.09
TGCTACTG	0.1
GGCTACTG	0.1
CGCTACTG	0.1
TCCTACTG	0.1
GCCTACTG	0.1
CCCTACTG	0.1
TACTACTG	0.1
GACTACTG	0.1
TTATACTG	0.1
GTATACTG	0.1
CTATACTG	0.11
TGATACTG	0.11
GGATACTG	0.13
CGATACTG	0.09
TCATACTG	0.1
GCATACTG	0.11
CCATACTG	0.11
TAATACTG	0.12
GAATACTG	0.1
TTTGACTG	0.11
GTTGACTG	0.12
CTTGACTG	0.11
TGTGACTG	0.09
GGTGACTG	0.09
CGTGACTG	0.09
TCTGACTG	0.09
GCTGACTG	0.08
CCTGACTG	0.1
TATGACTG	0.11
GATGACTG	0.09
CATGACTG	0.09
TTGGACTG	0.1
GTGGACTG	0.1
CTGGACTG	0.1
TGGGACTG	0.1
GGGGACTG	0.09
CGGGACTG	0.11
TCGGACTG	0.09
GCGGACTG	0.09
CCGGACTG	0.11
TAGGACTG	0.09
GAGGACTG	0.1
TTCGACTG	0.1
GTCGACTG	0.1
CTCGACTG	0.09
TGCGACTG	0.09
GGCGACTG	0.09
CGCGACTG	0.09
TCCGACTG	0.11
GCCGACTG	0.1
CCCGACTG	0.1
TACGACTG	0.09
GACGACTG	0.09
TTAGACTG	0.1
GTAGACTG	0.11
CTAGACTG	0.09
TGAGACTG	0.11
GGAGACTG	0.1
CGAGACTG	0.1
TCAGACTG	0.09
GCAGACTG	0.09
CCAGACTG	0.09
TAAGACTG	0.09
GAAGACTG	0.09
TTTCACTG	0.1
GTTCACTG	0.1
CTTCACTG	0.11
TGTCACTG	0.11
GGTCACTG	0.09
CGTCACTG	0.1
TCTCACTG	0.1
GCTCACTG	0.1
CCTCACTG	0.09
TATCACTG	0.11
GATCACTG	0.09
CATCACTG	0.1
TTGCACTG	0.1
GTGCACTG	0.09
CTGCACTG	0.1
TGGCACTG	0.09
GGGCACTG	0.1
CGGCACTG	0.1
TCGCACTG	0.11
GCGCACTG	0.07
CCGCACTG	0.11
TAGCACTG	0.1
GAGCACTG	0.09
TTCCACTG	0.11
GTCCACTG	0.1
CTCCACTG	0.11
TGCCACTG	0.09
GGCCACTG	0.1
CGCCACTG	0.09
TCCCACTG	0.11
GCCCACTG	0.09
CCCCACTG	0.1
TACCACTG	0.1
GACCACTG	0.1
TTACACTG	0.11
GTACACTG	0.09
CTACACTG	0.1
TGACACTG	0.09
GGACACTG	0.11
CGACACTG	0.09
TCACACTG	0.1
GCACACTG	0.1
CCACACTG	0.09
TAACACTG	0.11
GAACACTG	0.11
TTTAACTG	0.12
GTTAACTG	0.09
CTTAACTG	0.1
TGTAACTG	0.1
GGTAACTG	0.1
CGTAACTG	0.09
TCTAACTG	0.09
GCTAACTG	0.08
CCTAACTG	0.12
TATAACTG	0.1
GATAACTG	0.09
CATAACTG	0.09
TTGAACTG	0.11
GTGAACTG	0.11
CTGAACTG	0.1
TGGAACTG	0.11
GGGAACTG	0.11
CGGAACTG	0.19
TCGAACTG	0.1
GCGAACTG	0.1
CCGAACTG	0.1
TAGAACTG	0.1
GAGAACTG	0.1
TTCAACTG	0.09
GTCAACTG	0.1
CTCAACTG	0.09
TGCAACTG	0.11
GGCAACTG	0.09
CGCAACTG	0.1
TCCAACTG	0.1
GCCAACTG	0.09
CCCAACTG	0.1
TACAACTG	0.1
GACAACTG	0.09
TTAAACTG	0.11
GTAAACTG	0.09
CTAAACTG	0.1
TGAAACTG	0.11
GGAAACTG	0.19
CGAAACTG	0.11
TCAAACTG	0.12
GCAAACTG	0.11
CCAAACTG	0.09
TAAAACTG	0.1
GAAAACTG	0.11
TTTTTATG	0.13
GTTTTATG	0.12
CTTTTATG	0.11
TGTTTATG	0.11
GGTTTATG	0.1
CGTTTATG	0.1
TCTTTATG	0.1
GCTTTATG	0.09
CCTTTATG	0.1
TATTTATG	0.12
GATTTATG	0.12
CATTTATG	0.09
TTGTTATG	0.11
GTGTTATG	0.11
CTGTTATG	0.1
TGGTTATG	0.11
GGGTTATG	0.1
CGGTTATG	0.11
TCGTTATG	0.1
GCGTTATG	0.1
CCGTTATG	0.11
TAGTTATG	0.11
GAGTTATG	0.1
TTCTTATG	0.12
GTCTTATG	0.1
CTCTTATG	0.1
TGCTTATG	0.09
GGCTTATG	0.1
CGCTTATG	0.09
TCCTTATG	0.11
GCCTTATG	0.1
CCCTTATG	0.11
TACTTATG	0.11
GACTTATG	0.1
TTATTATG	0.11
GTATTATG	0.11
CTATTATG	0.11
TGATTATG	0.1
GGATTATG	0.1
CGATTATG	0.13
TCATTATG	0.1
GCATTATG	0.1
CCATTATG	0.1
TAATTATG	0.1
GAATTATG	0.11
TTTGTATG	0.11
GTTGTATG	0.11
CTTGTATG	0.09
TGTGTATG	0.09
GGTGTATG	0.11
CGTGTATG	0.1
TCTGTATG	0.12
GCTGTATG	0.1
CCTGTATG	0.11
TATGTATG	0.11
GATGTATG	0.14
CATGTATG	0.09
TTGGTATG	0.09
GTGGTATG	0.1
CTGGTATG	0.1
TGGGTATG	0.11
GGGGTATG	0.11
CGGGTATG	0.1
TCGGTATG	0.11
GCGGTATG	0.11
CCGGTATG	0.12
TAGGTATG	0.1
GAGGTATG	0.11
TTCGTATG	0.1
GTCGTATG	0.1
CTCGTATG	0.1
TGCGTATG	0.1
GGCGTATG	0.09
CGCGTATG	0.11
TCCGTATG	0.12
GCCGTATG	0.1
CCCGTATG	0.08
TACGTATG	0.09
GACGTATG	0.11
TTAGTATG	0.1
GTAGTATG	0.1
CTAGTATG	0.1
TGAGTATG	0.1
GGAGTATG	0.1
CGAGTATG	0.1
TCAGTATG	0.11
GCAGTATG	0.09
CCAGTATG	0.1
TAAGTATG	0.1
GAAGTATG	0.11
TTTCTATG	0.12
GTTCTATG	0.1
CTTCTATG	0.12
TGTCTATG	0.11
GGTCTATG	0.08
CGTCTATG	0.1
TCTCTATG	0.09
GCTCTATG	0.1
CCTCTATG	0.11
TATCTATG	0.1
GATCTATG	0.09
CATCTATG	0.1
TTGCTATG	0.12
GTGCTATG	0.1
CTGCTATG	0.11
TGGCTATG	0.09
GGGCTATG	0.1
CGGCTATG	0.1
TCGCTATG	0.09
GCGCTATG	0.1
CCGCTATG	0.11
TAGCTATG	0.09
GAGCTATG	0.09
TTCCTATG	0.13
GTCCTATG	0.1
CTCCTATG	0.09
TGCCTATG	0.11
GGCCTATG	0.08
CGCCTATG	0.1
TCCCTATG	0.1
GCCCTATG	0.09
CCCCTATG	0.1
TACCTATG	0.1
GACCTATG	0.09
TTACTATG	0.11
GTACTATG	0.1
CTACTATG	0.1
TGACTATG	0.09
GGACTATG	0.11
CGACTATG	0.1
TCACTATG	0.11
GCACTATG	0.11
CCACTATG	0.1
TAACTATG	0.09
GAACTATG	0.1
TTTATATG	0.1
GTTATATG	0.11
CTTATATG	0.13
TGTATATG	0.1
GGTATATG	0.11
CGTATATG	0.1
TCTATATG	0.11
GCTATATG	0.1
CCTATATG	0.1
TATATATG	0.11
GATATATG	0.11
TTGATATG	0.12
GTGATATG	0.09
CTGATATG	0.12
TGGATATG	0.09
GGGATATG	0.15
CGGATATG	0.46
TCGATATG	0.1
GCGATATG	0.09
CCGATATG	0.11
TAGATATG	0.11
GAGATATG	0.11
TTCATATG	0.11
GTCATATG	0.11
CTCATATG	0.12
TGCATATG	0.1
GGCATATG	0.1
CGCATATG	0.11
TCCATATG	0.1
GCCATATG	0.11
CCCATATG	0.09
TACATATG	0.11
GACATATG	0.09
TTAATATG	0.12
GTAATATG	0.12
CTAATATG	0.09
TGAATATG	0.09
GGAATATG	0.1
CGAATATG	0.09
TCAATATG	0.1
GCAATATG	0.1
CCAATATG	0.11
TAAATATG	0.09
GAAATATG	0.13
TTTTGATG	0.1
GTTTGATG	0.11
CTTTGATG	0.1
TGTTGATG	0.1
GGTTGATG	0.1
CGTTGATG	0.11
TCTTGATG	0.1
GCTTGATG	0.1
CCTTGATG	0.11
TATTGATG	0.11
GATTGATG	0.1
CATTGATG	0.1
TTGTGATG	0.11
GTGTGATG	0.11
CTGTGATG	0.09
TGGTGATG	0.1
GGGTGATG	0.1
CGGTGATG	0.12
TCGTGATG	0.09
GCGTGATG	0.09
CCGTGATG	0.1
TAGTGATG	0.1
GAGTGATG	0.11
TTCTGATG	0.1
GTCTGATG	0.09
CTCTGATG	0.1
TGCTGATG	0.1
GGCTGATG	0.11
CGCTGATG	0.09
TCCTGATG	0.13
GCCTGATG	0.1
CCCTGATG	0.1
TACTGATG	0.1
GACTGATG	0.1
TTATGATG	0.11
GTATGATG	0.11
CTATGATG	0.11
TGATGATG	0.11
GGATGATG	0.08
CGATGATG	0.1
TCATGATG	0.1
GCATGATG	0.1
CCATGATG	0.12
TAATGATG	0.11
GAATGATG	0.11
TTTGGATG	0.1
GTTGGATG	0.1
CTTGGATG	0.1
TGTGGATG	0.11
GGTGGATG	0.11
CGTGGATG	0.11
TCTGGATG	0.1
GCTGGATG	0.11
CCTGGATG	0.1
TATGGATG	0.1
GATGGATG	0.11
CATGGATG	0.1
TTGGGATG	0.12
GTGGGATG	0.1
CTGGGATG	0.12
TGGGGATG	0.1
GGGGGATG	0.11
CGGGGATG	0.12
TCGGGATG	0.11
GCGGGATG	0.13
CCGGGATG	0.13
TAGGGATG	0.11
GAGGGATG	0.12
TTCGGATG	0.13
GTCGGATG	0.16
CTCGGATG	0.11
TGCGGATG	0.35
GGCGGATG	0.35
CGCGGATG	0.18
TCCGGATG	0.54
GCCGGATG	0.65
CCCGGATG	0.42
TACGGATG	0.22
GACGGATG	0.25
TTAGGATG	0.14
GTAGGATG	0.14
CTAGGATG	0.11
TGAGGATG	0.17
GGAGGATG	0.18
CGAGGATG	0.12
TCAGGATG	0.18
GCAGGATG	0.29
CCAGGATG	0.2
TAAGGATG	0.13
GAAGGATG	0.15
TTTCGATG	0.09
GTTCGATG	0.1
CTTCGATG	0.11
TGTCGATG	0.1
GGTCGATG	0.1
CGTCGATG	0.1
TCTCGATG	0.1
GCTCGATG	0.1
CCTCGATG	0.09
TATCGATG	0.1
GATCGATG	0.09
TTGCGATG	0.09
GTGCGATG	0.11
CTGCGATG	0.09
TGGCGATG	0.11
GGGCGATG	0.1
CGGCGATG	0.11
TCGCGATG	0.1
GCGCGATG	0.09
CCGCGATG	0.1
TAGCGATG	0.09
GAGCGATG	0.09
TTCCGATG	0.15
GTCCGATG	0.1
CTCCGATG	0.1
TGCCGATG	0.12
GGCCGATG	0.09
CGCCGATG	0.09
TCCCGATG	0.1
GCCCGATG	0.09
CCCCGATG	0.09
TACCGATG	0.1
GACCGATG	0.1
TTACGATG	0.11
GTACGATG	0.1
CTACGATG	0.09
TGACGATG	0.11
GGACGATG	0.1
CGACGATG	0.1
TCACGATG	0.08
GCACGATG	0.09
CCACGATG	0.1
TAACGATG	0.1
GAACGATG	0.1
TTTAGATG	0.1
GTTAGATG	0.08
CTTAGATG	0.11
TGTAGATG	0.1
GGTAGATG	0.11
CGTAGATG	0.11
TCTAGATG	0.1
GCTAGATG	0.1
CCTAGATG	0.09
TATAGATG	0.12
GATAGATG	0.1
TTGAGATG	0.11
GTGAGATG	0.1
CTGAGATG	0.1
TGGAGATG	0.09
GGGAGATG	0.1
CGGAGATG	0.12
TCGAGATG	0.12
GCGAGATG	0.09
CCGAGATG	0.12
TAGAGATG	0.09
GAGAGATG	0.1
TTCAGATG	0.1
GTCAGATG	0.1
CTCAGATG	0.08
TGCAGATG	0.1
GGCAGATG	0.1
CGCAGATG	0.09
TCCAGATG	0.1
GCCAGATG	0.1
CCCAGATG	0.1
TACAGATG	0.09
GACAGATG	0.09
TTAAGATG	0.11
GTAAGATG	0.1
CTAAGATG	0.11
TGAAGATG	0.1
GGAAGATG	0.17
CGAAGATG	0.1
TCAAGATG	0.09
GCAAGATG	0.1
CCAAGATG	0.11
TAAAGATG	0.1
GAAAGATG	0.11
TTTTCATG	0.13
GTTTCATG	0.11
CTTTCATG	0.13
TGTTCATG	0.11
GGTTCATG	0.1
CGTTCATG	0.09
TCTTCATG	0.11
GCTTCATG	0.1
CCTTCATG	0.09
TATTCATG	0.12
GATTCATG	0.11
CATTCATG	0.09
TTGTCATG	0.12
GTGTCATG	0.12
CTGTCATG	0.08
TGGTCATG	0.1
GGGTCATG	0.09
CGGTCATG	0.1
TCGTCATG	0.11
GCGTCATG	0.08
CCGTCATG	0.11
TAGTCATG	0.09
GAGTCATG	0.09
TTCTCATG	0.09
GTCTCATG	0.11
CTCTCATG	0.09
TGCTCATG	0.1
GGCTCATG	0.09
CGCTCATG	0.08
TCCTCATG	0.11
GCCTCATG	0.08
CCCTCATG	0.09
TACTCATG	0.11
GACTCATG	0.1
TTATCATG	0.1
GTATCATG	0.11
CTATCATG	0.11
TGATCATG	0.1
GGATCATG	0.1
CGATCATG	0.11
TCATCATG	0.1
GCATCATG	0.1
CCATCATG	0.09
TAATCATG	0.1
GAATCATG	0.09
TTTGCATG	0.1
GTTGCATG	0.11
CTTGCATG	0.08
TGTGCATG	0.09
GGTGCATG	0.09
CGTGCATG	0.08
TCTGCATG	0.08
GCTGCATG	0.09
CCTGCATG	0.09
TATGCATG	0.1
GATGCATG	0.11
TTGGCATG	0.1
GTGGCATG	0.09
CTGGCATG	0.08
TGGGCATG	0.1
GGGGCATG	0.1
CGGGCATG	0.1
TCGGCATG	0.09
GCGGCATG	0.09
CCGGCATG	0.12
TAGGCATG	0.09
GAGGCATG	0.1
TTCGCATG	0.09
GTCGCATG	0.08
CTCGCATG	0.1
TGCGCATG	0.09
GGCGCATG	0.1
CGCGCATG	0.09
TCCGCATG	0.11
GCCGCATG	0.11
CCCGCATG	0.1
TACGCATG	0.11
GACGCATG	0.09
TTAGCATG	0.11
GTAGCATG	0.09
CTAGCATG	0.09
TGAGCATG	0.09
GGAGCATG	0.09
CGAGCATG	0.09
TCAGCATG	0.11
GCAGCATG	0.1
CCAGCATG	0.1
TAAGCATG	0.1
GAAGCATG	0.12
TTTCCATG	0.1
GTTCCATG	0.1
CTTCCATG	0.12
TGTCCATG	0.09
GGTCCATG	0.09
CGTCCATG	0.1
TCTCCATG	0.1
GCTCCATG	0.09
CCTCCATG	0.09
TATCCATG	0.1
GATCCATG	0.11
TTGCCATG	0.1
GTGCCATG	0.08
CTGCCATG	0.09
TGGCCATG	0.09
GGGCCATG	0.09
CGGCCATG	0.1
TCGCCATG	0.1
GCGCCATG	0.08
CCGCCATG	0.11
TAGCCATG	0.1
GAGCCATG	0.09
TTCCCATG	0.11
GTCCCATG	0.09
CTCCCATG	0.09
TGCCCATG	0.09
GGCCCATG	0.1
CGCCCATG	0.1
TCCCCATG	0.11
GCCCCATG	0.08
CCCCCATG	0.11
TACCCATG	0.11
GACCCATG	0.1
TTACCATG	0.1
GTACCATG	0.09
CTACCATG	0.09
TGACCATG	0.11
GGACCATG	0.09
CGACCATG	0.08
TCACCATG	0.09
GCACCATG	0.09
CCACCATG	0.09
TAACCATG	0.09
GAACCATG	0.1
TTTACATG	0.09
GTTACATG	0.1
CTTACATG	0.1
TGTACATG	0.09
GGTACATG	0.09
CGTACATG	0.09
TCTACATG	0.09
GCTACATG	0.1
CCTACATG	0.09
TATACATG	0.09
GATACATG	0.09
TTGACATG	0.1
GTGACATG	0.1
CTGACATG	0.11
TGGACATG	0.09
GGGACATG	0.1
CGGACATG	0.14
TCGACATG	0.09
GCGACATG	0.1
CCGACATG	0.12
TAGACATG	0.11
GAGACATG	0.1
TTCACATG	0.09
GTCACATG	0.09
CTCACATG	0.1
TGCACATG	0.09
GGCACATG	0.09
CGCACATG	0.1
TCCACATG	0.1
GCCACATG	0.1
CCCACATG	0.11
TACACATG	0.1
GACACATG	0.09
TTAACATG	0.11
GTAACATG	0.1
CTAACATG	0.09
TGAACATG	0.1
GGAACATG	0.11
CGAACATG	0.09
TCAACATG	0.1
GCAACATG	0.1
CCAACATG	0.09
TAAACATG	0.09
GAAACATG	0.1
TTTTAATG	0.13
GTTTAATG	0.11
CTTTAATG	0.1
TGTTAATG	0.11
GGTTAATG	0.12
CGTTAATG	0.11
TCTTAATG	0.11
GCTTAATG	0.09
CCTTAATG	0.12
TATTAATG	0.13
GATTAATG	0.12
TTGTAATG	0.12
GTGTAATG	0.12
CTGTAATG	0.1
TGGTAATG	0.11
GGGTAATG	0.1
CGGTAATG	0.1
TCGTAATG	0.09
GCGTAATG	0.12
CCGTAATG	0.1
TAGTAATG	0.1
GAGTAATG	0.11
TTCTAATG	0.11
GTCTAATG	0.11
CTCTAATG	0.1
TGCTAATG	0.11
GGCTAATG	0.08
CGCTAATG	0.09
TCCTAATG	0.1
GCCTAATG	0.1
CCCTAATG	0.1
TACTAATG	0.11
GACTAATG	0.09
TTATAATG	0.1
GTATAATG	0.1
CTATAATG	0.1
TGATAATG	0.11
GGATAATG	0.12
CGATAATG	0.1
TCATAATG	0.1
GCATAATG	0.1
CCATAATG	0.1
TAATAATG	0.12
GAATAATG	0.11
TTTGAATG	0.11
GTTGAATG	0.11
CTTGAATG	0.11
TGTGAATG	0.1
GGTGAATG	0.12
CGTGAATG	0.1
TCTGAATG	0.1
GCTGAATG	0.11
CCTGAATG	0.12
TATGAATG	0.11
GATGAATG	0.1
TTGGAATG	0.1
GTGGAATG	0.09
CTGGAATG	0.09
TGGGAATG	0.11
GGGGAATG	0.11
CGGGAATG	0.1
TCGGAATG	0.12
GCGGAATG	0.12
CCGGAATG	0.15
TAGGAATG	0.1
GAGGAATG	0.12
TTCGAATG	0.11
GTCGAATG	0.1
CTCGAATG	0.09
TGCGAATG	0.1
GGCGAATG	0.1
CGCGAATG	0.11
TCCGAATG	0.1
GCCGAATG	0.11
CCCGAATG	0.1
TACGAATG	0.1
GACGAATG	0.09
TTAGAATG	0.11
GTAGAATG	0.11
CTAGAATG	0.1
TGAGAATG	0.12
GGAGAATG	0.11
CGAGAATG	0.11
TCAGAATG	0.11
GCAGAATG	0.09
CCAGAATG	0.08
TAAGAATG	0.11
GAAGAATG	0.11
TTTCAATG	0.12
GTTCAATG	0.09
CTTCAATG	0.11
TGTCAATG	0.1
GGTCAATG	0.11
CGTCAATG	0.11
TCTCAATG	0.1
GCTCAATG	0.1
CCTCAATG	0.09
TATCAATG	0.1
GATCAATG	0.1
TTGCAATG	0.09
GTGCAATG	0.11
CTGCAATG	0.09
TGGCAATG	0.1
GGGCAATG	0.09
CGGCAATG	0.09
TCGCAATG	0.11
GCGCAATG	0.1
CCGCAATG	0.11
TAGCAATG	0.09
GAGCAATG	0.11
TTCCAATG	0.11
GTCCAATG	0.09
CTCCAATG	0.11
TGCCAATG	0.1
GGCCAATG	0.08
CGCCAATG	0.1
TCCCAATG	0.1
GCCCAATG	0.09
CCCCAATG	0.12
TACCAATG	0.11
GACCAATG	0.09
TTACAATG	0.1
GTACAATG	0.09
CTACAATG	0.11
TGACAATG	0.12
GGACAATG	0.1
CGACAATG	0.1
TCACAATG	0.09
GCACAATG	0.1
CCACAATG	0.09
TAACAATG	0.11
GAACAATG	0.1
TTTAAATG	0.11
GTTAAATG	0.1
CTTAAATG	0.11
TGTAAATG	0.1
GGTAAATG	0.11
CGTAAATG	0.1
TCTAAATG	0.11
GCTAAATG	0.09
CCTAAATG	0.1
TATAAATG	0.1
GATAAATG	0.11
TTGAAATG	0.11
GTGAAATG	0.1
CTGAAATG	0.11
TGGAAATG	0.14
GGGAAATG	0.2
CGGAAATG	0.59
TCGAAATG	0.1
GCGAAATG	0.09
CCGAAATG	0.11
TAGAAATG	0.11
GAGAAATG	0.11
TTCAAATG	0.11
GTCAAATG	0.12
CTCAAATG	0.1
TGCAAATG	0.11
GGCAAATG	0.09
CGCAAATG	0.1
TCCAAATG	0.1
GCCAAATG	0.1
CCCAAATG	0.1
TACAAATG	0.11
GACAAATG	0.1
TTAAAATG	0.1
GTAAAATG	0.11
CTAAAATG	0.12
TGAAAATG	0.12
GGAAAATG	0.13
CGAAAATG	0.12
TCAAAATG	0.1
GCAAAATG	0.1
CCAAAATG	0.1
TAAAAATG	0.12
GAAAAATG	0.11
TTTTTTGG	0.14
GTTTTTGG	0.12
CTTTTTGG	0.11
TGTTTTGG	0.11
GGTTTTGG	0.11
CGTTTTGG	0.1
TCTTTTGG	0.13
GCTTTTGG	0.12
CCTTTTGG	0.12
TATTTTGG	0.13
GATTTTGG	0.1
TTGTTTGG	0.12
GTGTTTGG	0.1
CTGTTTGG	0.1
TGGTTTGG	0.11
GGGTTTGG	0.12
CGGTTTGG	0.1
TCGTTTGG	0.09
GCGTTTGG	0.1
CCGTTTGG	0.1
TAGTTTGG	0.11
GAGTTTGG	0.11
TTCTTTGG	0.12
GTCTTTGG	0.1
CTCTTTGG	0.11
TGCTTTGG	0.12
GGCTTTGG	0.1
CGCTTTGG	0.11
TCCTTTGG	0.11
GCCTTTGG	0.09
CCCTTTGG	0.1
TACTTTGG	0.1
GACTTTGG	0.09
TTATTTGG	0.11
GTATTTGG	0.11
CTATTTGG	0.1
TGATTTGG	0.1
GGATTTGG	0.13
CGATTTGG	0.1
TCATTTGG	0.12
GCATTTGG	0.1
CCATTTGG	0.1
TAATTTGG	0.1
GAATTTGG	0.11
TTTGTTGG	0.13
GTTGTTGG	0.11
CTTGTTGG	0.11
TGTGTTGG	0.1
GGTGTTGG	0.11
CGTGTTGG	0.09
TCTGTTGG	0.13
GCTGTTGG	0.1
CCTGTTGG	0.11
TATGTTGG	0.12
GATGTTGG	0.1
TTGGTTGG	0.11
GTGGTTGG	0.11
CTGGTTGG	0.09
TGGGTTGG	0.1
GGGGTTGG	0.1
CGGGTTGG	0.11
TCGGTTGG	0.1
GCGGTTGG	0.1
CCGGTTGG	0.12
TAGGTTGG	0.1
GAGGTTGG	0.1
TTCGTTGG	0.11
GTCGTTGG	0.09
CTCGTTGG	0.1
TGCGTTGG	0.11
GGCGTTGG	0.1
CGCGTTGG	0.11
TCCGTTGG	0.11
GCCGTTGG	0.1
CCCGTTGG	0.11
TACGTTGG	0.08
GACGTTGG	0.09
TTAGTTGG	0.1
GTAGTTGG	0.1
CTAGTTGG	0.09
TGAGTTGG	0.1
GGAGTTGG	0.12
CGAGTTGG	0.09
TCAGTTGG	0.1
GCAGTTGG	0.1
CCAGTTGG	0.1
TAAGTTGG	0.11
GAAGTTGG	0.11
TTTCTTGG	0.12
GTTCTTGG	0.11
CTTCTTGG	0.12
TGTCTTGG	0.1
GGTCTTGG	0.11
CGTCTTGG	0.11
TCTCTTGG	0.11
GCTCTTGG	0.11
CCTCTTGG	0.11
TATCTTGG	0.12
GATCTTGG	0.1
TTGCTTGG	0.09
GTGCTTGG	0.11
CTGCTTGG	0.09
TGGCTTGG	0.09
GGGCTTGG	0.1
CGGCTTGG	0.11
TCGCTTGG	0.1
GCGCTTGG	0.09
CCGCTTGG	0.09
TAGCTTGG	0.09
GAGCTTGG	0.09
TTCCTTGG	0.13
GTCCTTGG	0.1
CTCCTTGG	0.11
TGCCTTGG	0.09
GGCCTTGG	0.1
CGCCTTGG	0.1
TCCCTTGG	0.1
GCCCTTGG	0.09
CCCCTTGG	0.11
TACCTTGG	0.1
GACCTTGG	0.09
TTACTTGG	0.11
GTACTTGG	0.09
CTACTTGG	0.1
TGACTTGG	0.1
GGACTTGG	0.09
CGACTTGG	0.1
TCACTTGG	0.1
GCACTTGG	0.11
CCACTTGG	0.09
TAACTTGG	0.12
GAACTTGG	0.11
TTTATTGG	0.11
GTTATTGG	0.09
CTTATTGG	0.11
TGTATTGG	0.11
GGTATTGG	0.1
CGTATTGG	0.11
TCTATTGG	0.11
GCTATTGG	0.1
CCTATTGG	0.09
TATATTGG	0.1
GATATTGG	0.11
TTGATTGG	0.13
GTGATTGG	0.1
CTGATTGG	0.09
TGGATTGG	0.12
GGGATTGG	0.11
CGGATTGG	0.12
TCGATTGG	0.1
GCGATTGG	0.1
CCGATTGG	0.1
TAGATTGG	0.1
GAGATTGG	0.12
TTCATTGG	0.11
GTCATTGG	0.09
CTCATTGG	0.1
TGCATTGG	0.1
GGCATTGG	0.1
CGCATTGG	0.11
TCCATTGG	0.1
GCCATTGG	0.09
CCCATTGG	0.1
TACATTGG	0.1
GACATTGG	0.1
TTAATTGG	0.11
GTAATTGG	0.1
CTAATTGG	0.11
TGAATTGG	0.09
GGAATTGG	0.13
CGAATTGG	0.1
TCAATTGG	0.1
GCAATTGG	0.1
TAAATTGG	0.11
GAAATTGG	0.1
TTTTGTGG	0.12
GTTTGTGG	0.11
CTTTGTGG	0.11
TGTTGTGG	0.11
GGTTGTGG	0.12
CGTTGTGG	0.1
TCTTGTGG	0.12
GCTTGTGG	0.09
CCTTGTGG	0.1
TATTGTGG	0.11
GATTGTGG	0.1
TTGTGTGG	0.11
GTGTGTGG	0.12
CTGTGTGG	0.11
TGGTGTGG	0.12
GGGTGTGG	0.12
CGGTGTGG	0.11
TCGTGTGG	0.1
GCGTGTGG	0.1
CCGTGTGG	0.11
TAGTGTGG	0.11
GAGTGTGG	0.08
TTCTGTGG	0.12
GTCTGTGG	0.1
CTCTGTGG	0.09
TGCTGTGG	0.1
GGCTGTGG	0.09
CGCTGTGG	0.1
TCCTGTGG	0.13
GCCTGTGG	0.1
CCCTGTGG	0.11
TACTGTGG	0.11
GACTGTGG	0.1
TTATGTGG	0.1
GTATGTGG	0.1
CTATGTGG	0.1
TGATGTGG	0.1
GGATGTGG	0.24
CGATGTGG	0.11
TCATGTGG	0.1
GCATGTGG	0.1
CCATGTGG	0.1
TAATGTGG	0.1
GAATGTGG	0.11
TTTGGTGG	0.1
GTTGGTGG	0.1
CTTGGTGG	0.1
TGTGGTGG	0.12
GGTGGTGG	0.11
CGTGGTGG	0.11
TCTGGTGG	0.1
GCTGGTGG	0.11
CCTGGTGG	0.11
TATGGTGG	0.1
GATGGTGG	0.11
TTGGGTGG	0.11
GTGGGTGG	0.1
CTGGGTGG	0.1
TGGGGTGG	0.11
GGGGGTGG	0.1
CGGGGTGG	0.11
TCGGGTGG	0.12
GCGGGTGG	0.11
CCGGGTGG	0.1
TAGGGTGG	0.09
GAGGGTGG	0.11
TTCGGTGG	0.09
GTCGGTGG	0.11
CTCGGTGG	0.1
TGCGGTGG	0.09
GGCGGTGG	0.1
CGCGGTGG	0.1
TCCGGTGG	0.24
GCCGGTGG	0.09
CCCGGTGG	0.11
TACGGTGG	0.1
GACGGTGG	0.1
TTAGGTGG	0.09
GTAGGTGG	0.1
CTAGGTGG	0.1
TGAGGTGG	0.11
GGAGGTGG	0.11
CGAGGTGG	0.09
TCAGGTGG	0.1
GCAGGTGG	0.11
CCAGGTGG	0.1
TAAGGTGG	0.12
GAAGGTGG	0.09
TTTCGTGG	0.11
GTTCGTGG	0.1
CTTCGTGG	0.09
TGTCGTGG	0.09
GGTCGTGG	0.1
CGTCGTGG	0.1
TCTCGTGG	0.11
GCTCGTGG	0.1
CCTCGTGG	0.09
TATCGTGG	0.11
GATCGTGG	0.09
TTGCGTGG	0.11
GTGCGTGG	0.1
CTGCGTGG	0.09
TGGCGTGG	0.09
GGGCGTGG	0.09
CGGCGTGG	0.1
TCGCGTGG	0.08
GCGCGTGG	0.1
CCGCGTGG	0.1
TAGCGTGG	0.08
GAGCGTGG	0.1
TTCCGTGG	0.14
GTCCGTGG	0.1
CTCCGTGG	0.1
TGCCGTGG	0.1
GGCCGTGG	0.09
CGCCGTGG	0.1
TCCCGTGG	0.09
GCCCGTGG	0.09
CCCCGTGG	0.09
TACCGTGG	0.09
GACCGTGG	0.09
TTACGTGG	0.09
GTACGTGG	0.11
CTACGTGG	0.09
TGACGTGG	0.09
GGACGTGG	0.13
CGACGTGG	0.1
TCACGTGG	0.09
GCACGTGG	0.09
TAACGTGG	0.1
GAACGTGG	0.08
TTTAGTGG	0.11
GTTAGTGG	0.1
CTTAGTGG	0.1
TGTAGTGG	0.1
GGTAGTGG	0.11
CGTAGTGG	0.11
TCTAGTGG	0.1
GCTAGTGG	0.08
CCTAGTGG	0.11
TATAGTGG	0.1
GATAGTGG	0.09
TTGAGTGG	0.11
GTGAGTGG	0.1
CTGAGTGG	0.1
TGGAGTGG	0.1
GGGAGTGG	0.11
CGGAGTGG	0.12
TCGAGTGG	0.11
GCGAGTGG	0.11
CCGAGTGG	0.11
TAGAGTGG	0.1
GAGAGTGG	0.1
TTCAGTGG	0.11
GTCAGTGG	0.11
CTCAGTGG	0.1
TGCAGTGG	0.09
GGCAGTGG	0.09
CGCAGTGG	0.09
TCCAGTGG	0.09
GCCAGTGG	0.11
CCCAGTGG	0.09
TACAGTGG	0.1
GACAGTGG	0.09
TTAAGTGG	0.12
GTAAGTGG	0.1
CTAAGTGG	0.11
TGAAGTGG	0.09
GGAAGTGG	0.34
CGAAGTGG	0.09
TCAAGTGG	0.11
GCAAGTGG	0.1
TAAAGTGG	0.12
GAAAGTGG	0.1
TTTTCTGG	0.1
GTTTCTGG	0.11
CTTTCTGG	0.12
TGTTCTGG	0.11
GGTTCTGG	0.1
CGTTCTGG	0.1
TCTTCTGG	0.12
GCTTCTGG	0.12
CCTTCTGG	0.11
TATTCTGG	0.1
GATTCTGG	0.11
TTGTCTGG	0.1
GTGTCTGG	0.1
CTGTCTGG	0.1
TGGTCTGG	0.1
GGGTCTGG	0.09
CGGTCTGG	0.11
TCGTCTGG	0.09
GCGTCTGG	0.1
CCGTCTGG	0.1
TAGTCTGG	0.1
GAGTCTGG	0.09
TTCTCTGG	0.1
GTCTCTGG	0.1
CTCTCTGG	0.13
TGCTCTGG	0.1
GGCTCTGG	0.1
CGCTCTGG	0.11
TCCTCTGG	0.12
GCCTCTGG	0.1
CCCTCTGG	0.1
TACTCTGG	0.09
GACTCTGG	0.09
TTATCTGG	0.11
GTATCTGG	0.09
CTATCTGG	0.1
TGATCTGG	0.11
GGATCTGG	0.12
CGATCTGG	0.09
TCATCTGG	0.09
GCATCTGG	0.1
CCATCTGG	0.09
TAATCTGG	0.11
GAATCTGG	0.09
TTTGCTGG	0.11
GTTGCTGG	0.1
CTTGCTGG	0.09
TGTGCTGG	0.1
GGTGCTGG	0.1
CGTGCTGG	0.1
TCTGCTGG	0.1
GCTGCTGG	0.11
CCTGCTGG	0.09
TATGCTGG	0.1
GATGCTGG	0.12
TTGGCTGG	0.09
GTGGCTGG	0.1
CTGGCTGG	0.11
TGGGCTGG	0.11
GGGGCTGG	0.09
CGGGCTGG	0.09
TCGGCTGG	0.1
GCGGCTGG	0.09
CCGGCTGG	0.12
TAGGCTGG	0.09
GAGGCTGG	0.09
TTCGCTGG	0.1
GTCGCTGG	0.1
CTCGCTGG	0.1
TGCGCTGG	0.1
GGCGCTGG	0.1
CGCGCTGG	0.09
TCCGCTGG	0.13
GCCGCTGG	0.1
CCCGCTGG	0.11
TACGCTGG	0.1
GACGCTGG	0.1
TTAGCTGG	0.1
GTAGCTGG	0.11
CTAGCTGG	0.1
TGAGCTGG	0.1
GGAGCTGG	0.09
CGAGCTGG	0.08
TCAGCTGG	0.09
GCAGCTGG	0.09
TAAGCTGG	0.1
GAAGCTGG	0.11
TTTCCTGG	0.29
GTTCCTGG	0.11
CTTCCTGG	0.36
TGTCCTGG	0.1
GGTCCTGG	0.09
CGTCCTGG	0.14
TCTCCTGG	0.11
GCTCCTGG	0.09
CCTCCTGG	0.11
TATCCTGG	0.16
GATCCTGG	0.12
TTGCCTGG	0.1
GTGCCTGG	0.1
CTGCCTGG	0.1
TGGCCTGG	0.09
GGGCCTGG	0.11
CGGCCTGG	0.11
TCGCCTGG	0.1
GCGCCTGG	0.1
CCGCCTGG	0.11
TAGCCTGG	0.09
GAGCCTGG	0.09
TTCCCTGG	0.11
GTCCCTGG	0.09
CTCCCTGG	0.1
TGCCCTGG	0.09
GGCCCTGG	0.09
CGCCCTGG	0.11
TCCCCTGG	0.1
GCCCCTGG	0.09
CCCCCTGG	0.11
TACCCTGG	0.1
GACCCTGG	0.1
TTACCTGG	0.1
GTACCTGG	0.1
CTACCTGG	0.11
TGACCTGG	0.09
GGACCTGG	0.1
CGACCTGG	0.09
TCACCTGG	0.1
GCACCTGG	0.08
TAACCTGG	0.09
GAACCTGG	0.09
TTTACTGG	0.1
GTTACTGG	0.1
CTTACTGG	0.1
TGTACTGG	0.1
GGTACTGG	0.12
CGTACTGG	0.1
TCTACTGG	0.09
GCTACTGG	0.11
CCTACTGG	0.11
TATACTGG	0.12
GATACTGG	0.11
TTGACTGG	0.11
GTGACTGG	0.09
CTGACTGG	0.09
TGGACTGG	0.09
GGGACTGG	0.08
CGGACTGG	0.1
TCGACTGG	0.09
GCGACTGG	0.08
CCGACTGG	0.1
TAGACTGG	0.09
GAGACTGG	0.09
TTCACTGG	0.1
GTCACTGG	0.09
CTCACTGG	0.11
TGCACTGG	0.09
GGCACTGG	0.09
CGCACTGG	0.11
TCCACTGG	0.09
GCCACTGG	0.09
CCCACTGG	0.1
TACACTGG	0.11
GACACTGG	0.09
TTAACTGG	0.11
GTAACTGG	0.11
CTAACTGG	0.09
TGAACTGG	0.1
GGAACTGG	0.12
CGAACTGG	0.1
TCAACTGG	0.09
GCAACTGG	0.08
TAAACTGG	0.1
GAAACTGG	0.12
TTTTATGG	0.12
GTTTATGG	0.09
CTTTATGG	0.08
TGTTATGG	0.12
GGTTATGG	0.1
CGTTATGG	0.1
TCTTATGG	0.1
GCTTATGG	0.09
CCTTATGG	0.11
TATTATGG	0.1
GATTATGG	0.1
TTGTATGG	0.09
GTGTATGG	0.1
CTGTATGG	0.09
TGGTATGG	0.1
GGGTATGG	0.1
CGGTATGG	0.11
TCGTATGG	0.1
GCGTATGG	0.09
CCGTATGG	0.09
TAGTATGG	0.1
GAGTATGG	0.1
TTCTATGG	0.11
GTCTATGG	0.1
CTCTATGG	0.08
TGCTATGG	0.09
GGCTATGG	0.1
CGCTATGG	0.09
TCCTATGG	0.1
GCCTATGG	0.1
CCCTATGG	0.09
TACTATGG	0.1
GACTATGG	0.09
TTATATGG	0.1
GTATATGG	0.1
CTATATGG	0.11
TGATATGG	0.1
GGATATGG	0.17
CGATATGG	0.1
TCATATGG	0.11
GCATATGG	0.1
TAATATGG	0.12
GAATATGG	0.11
TTTGATGG	0.11
GTTGATGG	0.11
CTTGATGG	0.1
TGTGATGG	0.1
GGTGATGG	0.1
CGTGATGG	0.1
TCTGATGG	0.1
GCTGATGG	0.11
CCTGATGG	0.11
TATGATGG	0.1
GATGATGG	0.11
TTGGATGG	0.1
GTGGATGG	0.1
CTGGATGG	0.1
TGGGATGG	0.11
GGGGATGG	0.11
CGGGATGG	0.12
TCGGATGG	0.12
GCGGATGG	0.22
CCGGATGG	0.35
TAGGATGG	0.12
GAGGATGG	0.13
TTCGATGG	0.1
GTCGATGG	0.09
CTCGATGG	0.1
TGCGATGG	0.09
GGCGATGG	0.1
CGCGATGG	0.1
TCCGATGG	0.11
GCCGATGG	0.09
CCCGATGG	0.1
TACGATGG	0.09
GACGATGG	0.11
TTAGATGG	0.1
GTAGATGG	0.1
CTAGATGG	0.1
TGAGATGG	0.1
GGAGATGG	0.14
CGAGATGG	0.12
TCAGATGG	0.1
GCAGATGG	0.1
TAAGATGG	0.11
GAAGATGG	0.11
TTTCATGG	0.13
GTTCATGG	0.1
CTTCATGG	0.11
TGTCATGG	0.11
GGTCATGG	0.09
CGTCATGG	0.09
TCTCATGG	0.11
GCTCATGG	0.08
CCTCATGG	0.09
TATCATGG	0.1
GATCATGG	0.09
TTGCATGG	0.11
GTGCATGG	0.09
CTGCATGG	0.09
TGGCATGG	0.09
GGGCATGG	0.09
CGGCATGG	0.09
TCGCATGG	0.1
GCGCATGG	0.1
CCGCATGG	0.11
TAGCATGG	0.1
GAGCATGG	0.09
TTCCATGG	0.1
GTCCATGG	0.1
CTCCATGG	0.09
TGCCATGG	0.09
GGCCATGG	0.09
CGCCATGG	0.1
TCCCATGG	0.1
GCCCATGG	0.09
CCCCATGG	0.11
TACCATGG	0.09
GACCATGG	0.09
TTACATGG	0.12
GTACATGG	0.1
CTACATGG	0.1
TGACATGG	0.1
GGACATGG	0.11
CGACATGG	0.1
TCACATGG	0.1
GCACATGG	0.09
TAACATGG	0.1
GAACATGG	0.09
TTTAATGG	0.12
GTTAATGG	0.15
CTTAATGG	0.1
TGTAATGG	0.12
GGTAATGG	0.11
CGTAATGG	0.09
TCTAATGG	0.1
GCTAATGG	0.09
CCTAATGG	0.1
TATAATGG	0.11
GATAATGG	0.1
TTGAATGG	0.11
GTGAATGG	0.1
CTGAATGG	0.12
TGGAATGG	0.1
GGGAATGG	0.1
CGGAATGG	0.13
TCGAATGG	0.09
GCGAATGG	0.11
CCGAATGG	0.1
TAGAATGG	0.1
GAGAATGG	0.1
TTCAATGG	0.11
GTCAATGG	0.1
CTCAATGG	0.1
TGCAATGG	0.11
GGCAATGG	0.11
CGCAATGG	0.11
TCCAATGG	0.11
GCCAATGG	0.08
CCCAATGG	0.1
TACAATGG	0.11
GACAATGG	0.1
TTAAATGG	0.11
GTAAATGG	0.1
CTAAATGG	0.1
TGAAATGG	0.1
GGAAATGG	0.31
CGAAATGG	0.1
TCAAATGG	0.11
GCAAATGG	0.1
TAAAATGG	0.11
GAAAATGG	0.11
TTTTTGGG	0.12
GTTTTGGG	0.1
CTTTTGGG	0.11
TGTTTGGG	0.1
GGTTTGGG	0.1
CGTTTGGG	0.1
TCTTTGGG	0.11
GCTTTGGG	0.1
CCTTTGGG	0.1
TATTTGGG	0.11
GATTTGGG	0.12
TTGTTGGG	0.11
GTGTTGGG	0.1
CTGTTGGG	0.11
TGGTTGGG	0.12
GGGTTGGG	0.11
CGGTTGGG	0.1
TCGTTGGG	0.1
GCGTTGGG	0.12
CCGTTGGG	0.11
TAGTTGGG	0.09
GAGTTGGG	0.1
TTCTTGGG	0.1
GTCTTGGG	0.1
CTCTTGGG	0.11
TGCTTGGG	0.11
GGCTTGGG	0.1
CGCTTGGG	0.09
TCCTTGGG	0.1
GCCTTGGG	0.1
CCCTTGGG	0.1
TACTTGGG	0.12
GACTTGGG	0.1
TTATTGGG	0.1
GTATTGGG	0.1
CTATTGGG	0.11
TGATTGGG	0.11
GGATTGGG	0.11
CGATTGGG	0.1
TCATTGGG	0.1
GCATTGGG	0.11
TAATTGGG	0.11
GAATTGGG	0.12
TTTGTGGG	0.11
GTTGTGGG	0.11
CTTGTGGG	0.11
TGTGTGGG	0.1
GGTGTGGG	0.11
CGTGTGGG	0.1
TCTGTGGG	0.11
GCTGTGGG	0.09
CCTGTGGG	0.09
TATGTGGG	0.1
GATGTGGG	0.11
TTGGTGGG	0.1
GTGGTGGG	0.11
CTGGTGGG	0.1
TGGGTGGG	0.11
GGGGTGGG	0.11
CGGGTGGG	0.1
TCGGTGGG	0.1
GCGGTGGG	0.09
CCGGTGGG	0.12
TAGGTGGG	0.1
GAGGTGGG	0.1
TTCGTGGG	0.1
GTCGTGGG	0.09
CTCGTGGG	0.1
TGCGTGGG	0.12
GGCGTGGG	0.09
CGCGTGGG	0.1
TCCGTGGG	0.11
GCCGTGGG	0.1
CCCGTGGG	0.1
TACGTGGG	0.09
GACGTGGG	0.12
TTAGTGGG	0.1
GTAGTGGG	0.11
CTAGTGGG	0.09
TGAGTGGG	0.1
GGAGTGGG	0.1
CGAGTGGG	0.11
TCAGTGGG	0.1
GCAGTGGG	0.09
TAAGTGGG	0.11
GAAGTGGG	0.12
TTTCTGGG	0.1
GTTCTGGG	0.09
CTTCTGGG	0.12
TGTCTGGG	0.11
GGTCTGGG	0.09
CGTCTGGG	0.11
TCTCTGGG	0.1
GCTCTGGG	0.1
CCTCTGGG	0.1
TATCTGGG	0.11
GATCTGGG	0.09
TTGCTGGG	0.09
GTGCTGGG	0.1
CTGCTGGG	0.11
TGGCTGGG	0.09
GGGCTGGG	0.09
CGGCTGGG	0.1
TCGCTGGG	0.1
GCGCTGGG	0.1
CCGCTGGG	0.1
TAGCTGGG	0.11
GAGCTGGG	0.09
TTCCTGGG	0.15
GTCCTGGG	0.09
CTCCTGGG	0.1
TGCCTGGG	0.11
GGCCTGGG	0.1
CGCCTGGG	0.1
TCCCTGGG	0.1
GCCCTGGG	0.09
CCCCTGGG	0.08
TACCTGGG	0.09
GACCTGGG	0.09
TTACTGGG	0.11
GTACTGGG	0.11
CTACTGGG	0.11
TGACTGGG	0.08
GGACTGGG	0.1
CGACTGGG	0.09
TCACTGGG	0.11
GCACTGGG	0.09
TAACTGGG	0.11
GAACTGGG	0.12
TTTATGGG	0.09
GTTATGGG	0.1
CTTATGGG	0.11
TGTATGGG	0.09
GGTATGGG	0.11
CGTATGGG	0.09
TCTATGGG	0.1
GCTATGGG	0.1
CCTATGGG	0.1
TATATGGG	0.1
GATATGGG	0.12
TTGATGGG	0.11
GTGATGGG	0.1
CTGATGGG	0.11
TGGATGGG	0.1
GGGATGGG	0.12
CGGATGGG	0.16
TCGATGGG	0.1
GCGATGGG	0.1
CCGATGGG	0.1
TAGATGGG	0.09
GAGATGGG	0.1
TTCATGGG	0.11
GTCATGGG	0.09
CTCATGGG	0.09
TGCATGGG	0.1
GGCATGGG	0.1
CGCATGGG	0.09
TCCATGGG	0.1
GCCATGGG	0.09
TACATGGG	0.09
GACATGGG	0.11
TTAATGGG	0.12
GTAATGGG	0.1
CTAATGGG	0.09
TGAATGGG	0.1
GGAATGGG	0.1
CGAATGGG	0.1
TCAATGGG	0.11
GCAATGGG	0.11
TAAATGGG	0.11
GAAATGGG	0.12
TTTTGGGG	0.1
GTTTGGGG	0.11
CTTTGGGG	0.1
TGTTGGGG	0.1
GGTTGGGG	0.1
CGTTGGGG	0.1
TCTTGGGG	0.1
GCTTGGGG	0.1
CCTTGGGG	0.1
TATTGGGG	0.11
GATTGGGG	0.1
TTGTGGGG	0.11
GTGTGGGG	0.1
CTGTGGGG	0.09
TGGTGGGG	0.11
GGGTGGGG	0.11
CGGTGGGG	0.1
TCGTGGGG	0.09
GCGTGGGG	0.1
CCGTGGGG	0.1
TAGTGGGG	0.09
GAGTGGGG	0.11
TTCTGGGG	0.11
GTCTGGGG	0.11
CTCTGGGG	0.1
TGCTGGGG	0.1
GGCTGGGG	0.1
CGCTGGGG	0.1
TCCTGGGG	0.11
GCCTGGGG	0.11
CCCTGGGG	0.09
TACTGGGG	0.11
GACTGGGG	0.1
TTATGGGG	0.1
GTATGGGG	0.09
CTATGGGG	0.1
TGATGGGG	0.12
GGATGGGG	0.13
CGATGGGG	0.1
TCATGGGG	0.09
GCATGGGG	0.09
TAATGGGG	0.1
GAATGGGG	0.11
TTTGGGGG	0.12
GTTGGGGG	0.12
CTTGGGGG	0.11
TGTGGGGG	0.08
GGTGGGGG	0.1
CGTGGGGG	0.09
TCTGGGGG	0.1
GCTGGGGG	0.11
CCTGGGGG	0.1
TATGGGGG	0.1
GATGGGGG	0.1
TTGGGGGG	0.1
GTGGGGGG	0.1
CTGGGGGG	0.11
TGGGGGGG	0.11
GGGGGGGG	0.11
CGGGGGGG	0.1
TCGGGGGG	0.11
GCGGGGGG	0.11
CCGGGGGG	0.11
TAGGGGGG	0.1
GAGGGGGG	0.11
TTCGGGGG	0.1
GTCGGGGG	0.11
CTCGGGGG	0.09
TGCGGGGG	0.1
GGCGGGGG	0.12
CGCGGGGG	0.1
TCCGGGGG	0.13
GCCGGGGG	0.11
CCCGGGGG	0.15
TACGGGGG	0.11
GACGGGGG	0.1
TTAGGGGG	0.1
GTAGGGGG	0.1
CTAGGGGG	0.1
TGAGGGGG	0.11
GGAGGGGG	0.11
CGAGGGGG	0.11
TCAGGGGG	0.1
GCAGGGGG	0.11
TAAGGGGG	0.11
GAAGGGGG	0.12
TTTCGGGG	0.11
GTTCGGGG	0.1
CTTCGGGG	0.11
TGTCGGGG	0.11
GGTCGGGG	0.11
CGTCGGGG	0.11
TCTCGGGG	0.11
GCTCGGGG	0.1
CCTCGGGG	0.09
TATCGGGG	0.1
GATCGGGG	0.11
TTGCGGGG	0.1
GTGCGGGG	0.1
CTGCGGGG	0.09
TGGCGGGG	0.11
GGGCGGGG	0.11
CGGCGGGG	0.11
TCGCGGGG	0.1
GCGCGGGG	0.08
CCGCGGGG	0.1
TAGCGGGG	0.1
GAGCGGGG	0.1
TTCCGGGG	0.36
GTCCGGGG	0.13
CTCCGGGG	0.09
TGCCGGGG	0.1
GGCCGGGG	0.1
CGCCGGGG	0.1
TCCCGGGG	0.11
GCCCGGGG	0.11
TACCGGGG	0.11
GACCGGGG	0.12
TTACGGGG	0.11
GTACGGGG	0.09
CTACGGGG	0.1
TGACGGGG	0.11
GGACGGGG	0.1
CGACGGGG	0.1
TCACGGGG	0.11
GCACGGGG	0.11
TAACGGGG	0.11
GAACGGGG	0.11
TTTAGGGG	0.1
GTTAGGGG	0.1
CTTAGGGG	0.09
TGTAGGGG	0.11
GGTAGGGG	0.11
CGTAGGGG	0.1
TCTAGGGG	0.09
GCTAGGGG	0.1
CCTAGGGG	0.1
TATAGGGG	0.11
GATAGGGG	0.1
TTGAGGGG	0.1
GTGAGGGG	0.11
CTGAGGGG	0.1
TGGAGGGG	0.1
GGGAGGGG	0.12
CGGAGGGG	0.1
TCGAGGGG	0.11
GCGAGGGG	0.1
CCGAGGGG	0.09
TAGAGGGG	0.1
GAGAGGGG	0.11
TTCAGGGG	0.1
GTCAGGGG	0.11
CTCAGGGG	0.09
TGCAGGGG	0.11
GGCAGGGG	0.11
CGCAGGGG	0.09
TCCAGGGG	0.1
GCCAGGGG	0.11
TACAGGGG	0.1
GACAGGGG	0.09
TTAAGGGG	0.11
GTAAGGGG	0.11
CTAAGGGG	0.1
TGAAGGGG	0.11
GGAAGGGG	0.15
CGAAGGGG	0.1
TCAAGGGG	0.12
GCAAGGGG	0.09
TAAAGGGG	0.11
GAAAGGGG	0.12
TTTTCGGG	0.12
GTTTCGGG	0.1
CTTTCGGG	0.1
TGTTCGGG	0.1
GGTTCGGG	0.1
CGTTCGGG	0.1
TCTTCGGG	0.12
GCTTCGGG	0.11
CCTTCGGG	0.1
TATTCGGG	0.11
GATTCGGG	0.11
TTGTCGGG	0.12
GTGTCGGG	0.1
CTGTCGGG	0.11
TGGTCGGG	0.1
GGGTCGGG	0.1
CGGTCGGG	0.09
TCGTCGGG	0.11
GCGTCGGG	0.1
CCGTCGGG	0.11
TAGTCGGG	0.1
GAGTCGGG	0.1
TTCTCGGG	0.11
GTCTCGGG	0.1
CTCTCGGG	0.1
TGCTCGGG	0.1
GGCTCGGG	0.12
CGCTCGGG	0.1
TCCTCGGG	0.09
GCCTCGGG	0.09
CCCTCGGG	0.09
TACTCGGG	0.1
GACTCGGG	0.09
TTATCGGG	0.1
GTATCGGG	0.11
CTATCGGG	0.09
TGATCGGG	0.1
GGATCGGG	0.1
CGATCGGG	0.09
TCATCGGG	0.11
GCATCGGG	0.1
TAATCGGG	0.1
GAATCGGG	0.1
TTTGCGGG	0.11
GTTGCGGG	0.1
CTTGCGGG	0.1
TGTGCGGG	0.09
GGTGCGGG	0.1
CGTGCGGG	0.1
TCTGCGGG	0.1
GCTGCGGG	0.09
CCTGCGGG	0.1
TATGCGGG	0.11
GATGCGGG	0.12
TTGGCGGG	0.11
GTGGCGGG	0.11
CTGGCGGG	0.1
TGGGCGGG	0.1
GGGGCGGG	0.11
CGGGCGGG	0.11
TCGGCGGG	0.11
GCGGCGGG	0.09
CCGGCGGG	0.12
TAGGCGGG	0.11
GAGGCGGG	0.1
TTCGCGGG	0.09
GTCGCGGG	0.1
CTCGCGGG	0.09
TGCGCGGG	0.09
GGCGCGGG	0.09
CGCGCGGG	0.11
TCCGCGGG	0.11
GCCGCGGG	0.1
TACGCGGG	0.11
GACGCGGG	0.1
TTAGCGGG	0.11
GTAGCGGG	0.11
CTAGCGGG	0.11
TGAGCGGG	0.09
GGAGCGGG	0.09
CGAGCGGG	0.11
TCAGCGGG	0.1
GCAGCGGG	0.1
TAAGCGGG	0.11
GAAGCGGG	0.13
TTTCCGGG	0.5
GTTCCGGG	0.21
CTTCCGGG	0.59
TGTCCGGG	0.15
GGTCCGGG	0.1
CGTCCGGG	0.16
TCTCCGGG	0.11
GCTCCGGG	0.11
CCTCCGGG	0.11
TATCCGGG	0.33
GATCCGGG	0.15
TTGCCGGG	0.11
GTGCCGGG	0.1
CTGCCGGG	0.1
TGGCCGGG	0.1
GGGCCGGG	0.11
CGGCCGGG	0.11
TCGCCGGG	0.1
GCGCCGGG	0.09
CCGCCGGG	0.12
TAGCCGGG	0.1
GAGCCGGG	0.1
TTCCCGGG	0.15
GTCCCGGG	0.12
CTCCCGGG	0.1
TGCCCGGG	0.11
GGCCCGGG	0.11
CGCCCGGG	0.11
TCCCCGGG	0.11
GCCCCGGG	0.1
TACCCGGG	0.11
GACCCGGG	0.11
TTACCGGG	0.13
GTACCGGG	0.11
CTACCGGG	0.11
TGACCGGG	0.11
GGACCGGG	0.1
CGACCGGG	0.1
TCACCGGG	0.1
GCACCGGG	0.1
TAACCGGG	0.1
GAACCGGG	0.12
TTTACGGG	0.1
GTTACGGG	0.1
CTTACGGG	0.1
TGTACGGG	0.09
GGTACGGG	0.1
CGTACGGG	0.09
TCTACGGG	0.08
GCTACGGG	0.1
CCTACGGG	0.09
TATACGGG	0.11
GATACGGG	0.11
TTGACGGG	0.11
GTGACGGG	0.1
CTGACGGG	0.1
TGGACGGG	0.11
GGGACGGG	0.1
CGGACGGG	0.11
TCGACGGG	0.1
GCGACGGG	0.09
CCGACGGG	0.1
TAGACGGG	0.1
GAGACGGG	0.11
TTCACGGG	0.09
GTCACGGG	0.1
CTCACGGG	0.1
TGCACGGG	0.1
GGCACGGG	0.1
CGCACGGG	0.1
TCCACGGG	0.11
GCCACGGG	0.09
TACACGGG	0.1
GACACGGG	0.1
TTAACGGG	0.09
GTAACGGG	0.12
CTAACGGG	0.1
TGAACGGG	0.11
GGAACGGG	0.13
CGAACGGG	0.1
TCAACGGG	0.11
GCAACGGG	0.11
TAAACGGG	0.1
GAAACGGG	0.1
TTTTAGGG	0.1
GTTTAGGG	0.12
CTTTAGGG	0.09
TGTTAGGG	0.12
GGTTAGGG	0.09
CGTTAGGG	0.11
TCTTAGGG	0.1
GCTTAGGG	0.1
CCTTAGGG	0.11
TATTAGGG	0.1
GATTAGGG	0.1
TTGTAGGG	0.11
GTGTAGGG	0.11
CTGTAGGG	0.1
TGGTAGGG	0.11
GGGTAGGG	0.1
CGGTAGGG	0.1
TCGTAGGG	0.09
GCGTAGGG	0.1
CCGTAGGG	0.11
TAGTAGGG	0.09
GAGTAGGG	0.11
TTCTAGGG	0.11
GTCTAGGG	0.08
CTCTAGGG	0.1
TGCTAGGG	0.09
GGCTAGGG	0.1
CGCTAGGG	0.1
TCCTAGGG	0.1
GCCTAGGG	0.11
TACTAGGG	0.09
GACTAGGG	0.1
TTATAGGG	0.11
GTATAGGG	0.1
CTATAGGG	0.1
TGATAGGG	0.12
GGATAGGG	0.1
CGATAGGG	0.09
TCATAGGG	0.1
GCATAGGG	0.09
TAATAGGG	0.1
GAATAGGG	0.09
TTTGAGGG	0.1
GTTGAGGG	0.1
CTTGAGGG	0.1
TGTGAGGG	0.12
GGTGAGGG	0.1
CGTGAGGG	0.1
TCTGAGGG	0.09
GCTGAGGG	0.09
CCTGAGGG	0.09
TATGAGGG	0.11
GATGAGGG	0.09
TTGGAGGG	0.1
GTGGAGGG	0.1
CTGGAGGG	0.12
TGGGAGGG	0.11
GGGGAGGG	0.1
CGGGAGGG	0.11
TCGGAGGG	0.1
GCGGAGGG	0.1
CCGGAGGG	0.11
TAGGAGGG	0.1
GAGGAGGG	0.08
TTCGAGGG	0.1
GTCGAGGG	0.09
CTCGAGGG	0.1
TGCGAGGG	0.11
GGCGAGGG	0.08
CGCGAGGG	0.1
TCCGAGGG	0.11
GCCGAGGG	0.09
TACGAGGG	0.11
GACGAGGG	0.11
TTAGAGGG	0.09
GTAGAGGG	0.1
CTAGAGGG	0.1
TGAGAGGG	0.11
GGAGAGGG	0.1
CGAGAGGG	0.11
TCAGAGGG	0.11
GCAGAGGG	0.11
TAAGAGGG	0.1
GAAGAGGG	0.1
TTTCAGGG	0.1
GTTCAGGG	0.12
CTTCAGGG	0.09
TGTCAGGG	0.1
GGTCAGGG	0.1
CGTCAGGG	0.09
TCTCAGGG	0.1
GCTCAGGG	0.09
CCTCAGGG	0.08
TATCAGGG	0.1
GATCAGGG	0.08
TTGCAGGG	0.09
GTGCAGGG	0.1
CTGCAGGG	0.11
TGGCAGGG	0.09
GGGCAGGG	0.1
CGGCAGGG	0.11
TCGCAGGG	0.1
GCGCAGGG	0.09
CCGCAGGG	0.09
TAGCAGGG	0.1
GAGCAGGG	0.09
TTCCAGGG	0.11
GTCCAGGG	0.1
CTCCAGGG	0.11
TGCCAGGG	0.1
GGCCAGGG	0.1
CGCCAGGG	0.1
TCCCAGGG	0.1
GCCCAGGG	0.09
TACCAGGG	0.1
GACCAGGG	0.11
TTACAGGG	0.11
GTACAGGG	0.1
CTACAGGG	0.1
TGACAGGG	0.09
GGACAGGG	0.09
CGACAGGG	0.1
TCACAGGG	0.11
GCACAGGG	0.09
TAACAGGG	0.11
GAACAGGG	0.1
TTTAAGGG	0.12
GTTAAGGG	0.1
CTTAAGGG	0.11
TGTAAGGG	0.11
GGTAAGGG	0.11
CGTAAGGG	0.13
TCTAAGGG	0.1
GCTAAGGG	0.09
CCTAAGGG	0.1
TATAAGGG	0.12
GATAAGGG	0.11
TTGAAGGG	0.11
GTGAAGGG	0.1
CTGAAGGG	0.1
TGGAAGGG	0.1
GGGAAGGG	0.13
CGGAAGGG	0.23
TCGAAGGG	0.09
GCGAAGGG	0.09
CCGAAGGG	0.1
TAGAAGGG	0.12
GAGAAGGG	0.1
TTCAAGGG	0.1
GTCAAGGG	0.13
CTCAAGGG	0.09
TGCAAGGG	0.09
GGCAAGGG	0.1
CGCAAGGG	0.09
TCCAAGGG	0.1
GCCAAGGG	0.1
TACAAGGG	0.11
GACAAGGG	0.11
TTAAAGGG	0.11
GTAAAGGG	0.11
CTAAAGGG	0.09
TGAAAGGG	0.1
GGAAAGGG	0.12
CGAAAGGG	0.11
TCAAAGGG	0.1
GCAAAGGG	0.11
TAAAAGGG	0.1
GAAAAGGG	0.12
TTTTTCGG	0.12
GTTTTCGG	0.11
CTTTTCGG	0.11
TGTTTCGG	0.11
GGTTTCGG	0.11
CGTTTCGG	0.1
TCTTTCGG	0.12
GCTTTCGG	0.1
CCTTTCGG	0.1
TATTTCGG	0.11
GATTTCGG	0.11
TTGTTCGG	0.11
GTGTTCGG	0.1
CTGTTCGG	0.1
TGGTTCGG	0.09
GGGTTCGG	0.1
CGGTTCGG	0.11
TCGTTCGG	0.09
GCGTTCGG	0.11
CCGTTCGG	0.11
TAGTTCGG	0.12
GAGTTCGG	0.11
TTCTTCGG	0.12
GTCTTCGG	0.1
CTCTTCGG	0.1
TGCTTCGG	0.1
GGCTTCGG	0.11
CGCTTCGG	0.11
TCCTTCGG	0.1
GCCTTCGG	0.1
TACTTCGG	0.11
GACTTCGG	0.11
TTATTCGG	0.1
GTATTCGG	0.1
CTATTCGG	0.1
TGATTCGG	0.09
GGATTCGG	0.12
CGATTCGG	0.1
TCATTCGG	0.1
GCATTCGG	0.09
TAATTCGG	0.11
GAATTCGG	0.11
TTTGTCGG	0.14
GTTGTCGG	0.11
CTTGTCGG	0.12
TGTGTCGG	0.09
GGTGTCGG	0.12
CGTGTCGG	0.1
TCTGTCGG	0.12
GCTGTCGG	0.11
CCTGTCGG	0.11
TATGTCGG	0.11
GATGTCGG	0.12
TTGGTCGG	0.11
GTGGTCGG	0.1
CTGGTCGG	0.1
TGGGTCGG	0.09
GGGGTCGG	0.09
CGGGTCGG	0.11
TCGGTCGG	0.1
GCGGTCGG	0.09
CCGGTCGG	0.11
TAGGTCGG	0.11
GAGGTCGG	0.12
TTCGTCGG	0.12
GTCGTCGG	0.11
CTCGTCGG	0.1
TGCGTCGG	0.1
GGCGTCGG	0.11
CGCGTCGG	0.1
TCCGTCGG	0.13
GCCGTCGG	0.1
TACGTCGG	0.11
GACGTCGG	0.11
TTAGTCGG	0.12
GTAGTCGG	0.1
CTAGTCGG	0.11
TGAGTCGG	0.1
GGAGTCGG	0.08
CGAGTCGG	0.09
TCAGTCGG	0.1
GCAGTCGG	0.1
TAAGTCGG	0.11
GAAGTCGG	0.12
TTTCTCGG	0.14
GTTCTCGG	0.11
CTTCTCGG	0.11
TGTCTCGG	0.09
GGTCTCGG	0.1
CGTCTCGG	0.1
TCTCTCGG	0.11
GCTCTCGG	0.09
CCTCTCGG	0.1
TATCTCGG	0.11
GATCTCGG	0.12
TTGCTCGG	0.1
GTGCTCGG	0.09
CTGCTCGG	0.1
TGGCTCGG	0.1
GGGCTCGG	0.09
CGGCTCGG	0.1
TCGCTCGG	0.1
GCGCTCGG	0.1
CCGCTCGG	0.1
TAGCTCGG	0.09
GAGCTCGG	0.09
TTCCTCGG	0.12
GTCCTCGG	0.1
CTCCTCGG	0.1
TGCCTCGG	0.1
GGCCTCGG	0.09
CGCCTCGG	0.09
TCCCTCGG	0.1
GCCCTCGG	0.11
TACCTCGG	0.09
GACCTCGG	0.08
TTACTCGG	0.09
GTACTCGG	0.09
CTACTCGG	0.11
TGACTCGG	0.1
GGACTCGG	0.11
CGACTCGG	0.09
TCACTCGG	0.09
GCACTCGG	0.09
TAACTCGG	0.11
GAACTCGG	0.1
TTTATCGG	0.11
GTTATCGG	0.1
CTTATCGG	0.11
TGTATCGG	0.12
GGTATCGG	0.1
CGTATCGG	0.1
TCTATCGG	0.1
GCTATCGG	0.1
CCTATCGG	0.1
TATATCGG	0.11
GATATCGG	0.1
TTGATCGG	0.1
GTGATCGG	0.1
CTGATCGG	0.11
TGGATCGG	0.09
GGGATCGG	0.1
CGGATCGG	0.13
TCGATCGG	0.09
GCGATCGG	0.09
TAGATCGG	0.09
GAGATCGG	0.1
TTCATCGG	0.13
GTCATCGG	0.11
CTCATCGG	0.09
TGCATCGG	0.1
GGCATCGG	0.1
CGCATCGG	0.09
TCCATCGG	0.11
GCCATCGG	0.1
TACATCGG	0.1
GACATCGG	0.09
TTAATCGG	0.1
GTAATCGG	0.11
CTAATCGG	0.11
TGAATCGG	0.1
GGAATCGG	0.13
CGAATCGG	0.11
TCAATCGG	0.1
GCAATCGG	0.1
TAAATCGG	0.11
GAAATCGG	0.09
TTTTGCGG	0.1
GTTTGCGG	0.11
CTTTGCGG	0.11
TGTTGCGG	0.1
GGTTGCGG	0.12
CGTTGCGG	0.1
TCTTGCGG	0.1
GCTTGCGG	0.1
CCTTGCGG	0.1
TATTGCGG	0.1
GATTGCGG	0.11
TTGTGCGG	0.11
GTGTGCGG	0.1
CTGTGCGG	0.1
TGGTGCGG	0.1
GGGTGCGG	0.09
CGGTGCGG	0.1
TCGTGCGG	0.1
GCGTGCGG	0.09
CCGTGCGG	0.1
TAGTGCGG	0.1
GAGTGCGG	0.11
TTCTGCGG	0.1
GTCTGCGG	0.1
CTCTGCGG	0.11
TGCTGCGG	0.09
GGCTGCGG	0.11
CGCTGCGG	0.11
TCCTGCGG	0.12
GCCTGCGG	0.1
TACTGCGG	0.1
GACTGCGG	0.11
TTATGCGG	0.12
GTATGCGG	0.12
CTATGCGG	0.11
TGATGCGG	0.1
GGATGCGG	0.15
CGATGCGG	0.1
TCATGCGG	0.11
GCATGCGG	0.1
TAATGCGG	0.11
GAATGCGG	0.1
TTTGGCGG	0.12
GTTGGCGG	0.1
CTTGGCGG	0.12
TGTGGCGG	0.1
GGTGGCGG	0.1
CGTGGCGG	0.1
TCTGGCGG	0.11
GCTGGCGG	0.11
CCTGGCGG	0.11
TATGGCGG	0.11
GATGGCGG	0.11
TTGGGCGG	0.12
GTGGGCGG	0.1
CTGGGCGG	0.1
TGGGGCGG	0.1
GGGGGCGG	0.11
CGGGGCGG	0.11
TCGGGCGG	0.1
GCGGGCGG	0.1
CCGGGCGG	0.14
TAGGGCGG	0.11
GAGGGCGG	0.11
TTCGGCGG	0.11
GTCGGCGG	0.1
CTCGGCGG	0.11
TGCGGCGG	0.12
GGCGGCGG	0.11
CGCGGCGG	0.12
TCCGGCGG	0.14
GCCGGCGG	0.11
TACGGCGG	0.11
GACGGCGG	0.1
TTAGGCGG	0.1
GTAGGCGG	0.11
CTAGGCGG	0.1
TGAGGCGG	0.1
GGAGGCGG	0.1
CGAGGCGG	0.09
TCAGGCGG	0.09
GCAGGCGG	0.1
TAAGGCGG	0.1
GAAGGCGG	0.11
TTTCGCGG	0.12
GTTCGCGG	0.12
CTTCGCGG	0.09
TGTCGCGG	0.1
GGTCGCGG	0.11
CGTCGCGG	0.1
TCTCGCGG	0.08
GCTCGCGG	0.1
CCTCGCGG	0.1
TATCGCGG	0.11
GATCGCGG	0.1
TTGCGCGG	0.09
GTGCGCGG	0.1
CTGCGCGG	0.1
TGGCGCGG	0.1
GGGCGCGG	0.1
CGGCGCGG	0.11
TCGCGCGG	0.1
GCGCGCGG	0.1
TAGCGCGG	0.09
GAGCGCGG	0.09
TTCCGCGG	0.14
GTCCGCGG	0.09
CTCCGCGG	0.1
TGCCGCGG	0.11
GGCCGCGG	0.1
CGCCGCGG	0.1
TCCCGCGG	0.1
GCCCGCGG	0.1
TACCGCGG	0.1
GACCGCGG	0.1
TTACGCGG	0.12
GTACGCGG	0.11
CTACGCGG	0.1
TGACGCGG	0.1
GGACGCGG	0.13
CGACGCGG	0.1
TCACGCGG	0.11
GCACGCGG	0.1
TAACGCGG	0.1
GAACGCGG	0.09
TTTAGCGG	0.11
GTTAGCGG	0.11
CTTAGCGG	0.11
TGTAGCGG	0.11
GGTAGCGG	0.11
CGTAGCGG	0.1
TCTAGCGG	0.1
GCTAGCGG	0.1
CCTAGCGG	0.11
TATAGCGG	0.1
GATAGCGG	0.11
TTGAGCGG	0.11
GTGAGCGG	0.11
CTGAGCGG	0.1
TGGAGCGG	0.12
GGGAGCGG	0.1
CGGAGCGG	0.1
TCGAGCGG	0.11
GCGAGCGG	0.1
TAGAGCGG	0.11
GAGAGCGG	0.1
TTCAGCGG	0.11
GTCAGCGG	0.11
CTCAGCGG	0.11
TGCAGCGG	0.11
GGCAGCGG	0.1
CGCAGCGG	0.11
TCCAGCGG	0.12
GCCAGCGG	0.09
TACAGCGG	0.12
GACAGCGG	0.1
TTAAGCGG	0.11
GTAAGCGG	0.09
CTAAGCGG	0.11
TGAAGCGG	0.1
GGAAGCGG	0.26
CGAAGCGG	0.11
TCAAGCGG	0.11
GCAAGCGG	0.1
TAAAGCGG	0.13
GAAAGCGG	0.12
TTTTCCGG	0.49
GTTTCCGG	0.71
CTTTCCGG	0.39
TGTTCCGG	0.31
GGTTCCGG	0.31
CGTTCCGG	0.17
TCTTCCGG	0.6
GCTTCCGG	0.76
CCTTCCGG	0.5
TATTCCGG	0.2
GATTCCGG	0.18
TTGTCCGG	0.13
GTGTCCGG	0.19
CTGTCCGG	0.14
TGGTCCGG	0.13
GGGTCCGG	0.11
CGGTCCGG	0.1
TCGTCCGG	0.17
GCGTCCGG	0.26
CCGTCCGG	0.19
TAGTCCGG	0.11
GAGTCCGG	0.11
TTCTCCGG	0.12
GTCTCCGG	0.12
CTCTCCGG	0.1
TGCTCCGG	0.11
GGCTCCGG	0.12
CGCTCCGG	0.11
TCCTCCGG	0.13
GCCTCCGG	0.13
TACTCCGG	0.1
GACTCCGG	0.09
TTATCCGG	0.31
GTATCCGG	0.6
CTATCCGG	0.24
TGATCCGG	0.15
GGATCCGG	0.24
CGATCCGG	0.13
TCATCCGG	0.44
GCATCCGG	0.73
TAATCCGG	0.15
GAATCCGG	0.17
TTTGCCGG	0.15
GTTGCCGG	0.12
CTTGCCGG	0.11
TGTGCCGG	0.11
GGTGCCGG	0.12
CGTGCCGG	0.11
TCTGCCGG	0.11
GCTGCCGG	0.12
CCTGCCGG	0.11
TATGCCGG	0.11
GATGCCGG	0.12
TTGGCCGG	0.12
GTGGCCGG	0.1
CTGGCCGG	0.13
TGGGCCGG	0.09
GGGGCCGG	0.11
CGGGCCGG	0.11
TCGGCCGG	0.1
GCGGCCGG	0.11
TAGGCCGG	0.1
GAGGCCGG	0.12
TTCGCCGG	0.1
GTCGCCGG	0.1
CTCGCCGG	0.11
TGCGCCGG	0.1
GGCGCCGG	0.1
CGCGCCGG	0.1
TCCGCCGG	0.15
GCCGCCGG	0.11
TACGCCGG	0.11
GACGCCGG	0.13
TTAGCCGG	0.11
GTAGCCGG	0.11
CTAGCCGG	0.1
TGAGCCGG	0.12
GGAGCCGG	0.11
CGAGCCGG	0.09
TCAGCCGG	0.1
GCAGCCGG	0.11
TAAGCCGG	0.11
GAAGCCGG	0.12
TTTCCCGG	0.17
GTTCCCGG	0.13
CTTCCCGG	0.16
TGTCCCGG	0.13
GGTCCCGG	0.11
CGTCCCGG	0.11
TCTCCCGG	0.12
GCTCCCGG	0.11
CCTCCCGG	0.15
TATCCCGG	0.14
GATCCCGG	0.12
TTGCCCGG	0.11
GTGCCCGG	0.11
CTGCCCGG	0.11
TGGCCCGG	0.1
GGGCCCGG	0.12
CGGCCCGG	0.11
TCGCCCGG	0.11
GCGCCCGG	0.11
TAGCCCGG	0.1
GAGCCCGG	0.1
TTCCCCGG	0.14
GTCCCCGG	0.1
CTCCCCGG	0.11
TGCCCCGG	0.09
GGCCCCGG	0.11
CGCCCCGG	0.1
TCCCCCGG	0.14
GCCCCCGG	0.1
TACCCCGG	0.11
GACCCCGG	0.1
TTACCCGG	0.12
GTACCCGG	0.11
CTACCCGG	0.1
TGACCCGG	0.12
GGACCCGG	0.12
CGACCCGG	0.11
TCACCCGG	0.12
GCACCCGG	0.12
TAACCCGG	0.11
GAACCCGG	0.11
TTTACCGG	0.16
GTTACCGG	0.12
CTTACCGG	0.12
TGTACCGG	0.12
GGTACCGG	0.12
CGTACCGG	0.11
TCTACCGG	0.12
GCTACCGG	0.12
CCTACCGG	0.12
TATACCGG	0.13
GATACCGG	0.12
TTGACCGG	0.11
GTGACCGG	0.12
CTGACCGG	0.11
TGGACCGG	0.11
GGGACCGG	0.12
CGGACCGG	0.11
TCGACCGG	0.13
GCGACCGG	0.13
TAGACCGG	0.11
GAGACCGG	0.11
TTCACCGG	0.11
GTCACCGG	0.11
CTCACCGG	0.1
TGCACCGG	0.12
GGCACCGG	0.1
CGCACCGG	0.13
TCCACCGG	0.12
GCCACCGG	0.1
TACACCGG	0.11
GACACCGG	0.12
TTAACCGG	0.11
GTAACCGG	0.12
CTAACCGG	0.12
TGAACCGG	0.1
GGAACCGG	0.15
CGAACCGG	0.11
TCAACCGG	0.11
GCAACCGG	0.13
TAAACCGG	0.12
GAAACCGG	0.13
TTTTACGG	0.1
GTTTACGG	0.09
CTTTACGG	0.1
TGTTACGG	0.11
GGTTACGG	0.1
CGTTACGG	0.1
TCTTACGG	0.1
GCTTACGG	0.09
CCTTACGG	0.1
TATTACGG	0.11
GATTACGG	0.11
TTGTACGG	0.11
GTGTACGG	0.1
CTGTACGG	0.09
TGGTACGG	0.1
GGGTACGG	0.09
CGGTACGG	0.09
TCGTACGG	0.11
GCGTACGG	0.09
TAGTACGG	0.1
GAGTACGG	0.11
TTCTACGG	0.11
GTCTACGG	0.1
CTCTACGG	0.1
TGCTACGG	0.11
GGCTACGG	0.1
CGCTACGG	0.1
TCCTACGG	0.1
GCCTACGG	0.09
TACTACGG	0.11
GACTACGG	0.1
TTATACGG	0.12
GTATACGG	0.11
CTATACGG	0.12
TGATACGG	0.09
GGATACGG	0.2
CGATACGG	0.1
TCATACGG	0.12
GCATACGG	0.11
TAATACGG	0.11
GAATACGG	0.11
TTTGACGG	0.11
GTTGACGG	0.12
CTTGACGG	0.11
TGTGACGG	0.11
GGTGACGG	0.1
CGTGACGG	0.11
TCTGACGG	0.1
GCTGACGG	0.11
CCTGACGG	0.1
TATGACGG	0.12
GATGACGG	0.11
TTGGACGG	0.11
GTGGACGG	0.1
CTGGACGG	0.1
TGGGACGG	0.09
GGGGACGG	0.1
CGGGACGG	0.11
TCGGACGG	0.12
GCGGACGG	0.11
TAGGACGG	0.1
GAGGACGG	0.1
TTCGACGG	0.1
GTCGACGG	0.1
CTCGACGG	0.1
TGCGACGG	0.1
GGCGACGG	0.11
CGCGACGG	0.1
TCCGACGG	0.12
GCCGACGG	0.1
TACGACGG	0.11
GACGACGG	0.1
TTAGACGG	0.1
GTAGACGG	0.12
CTAGACGG	0.09
TGAGACGG	0.11
GGAGACGG	0.1
CGAGACGG	0.11
TCAGACGG	0.09
GCAGACGG	0.09
TAAGACGG	0.1
GAAGACGG	0.12
TTTCACGG	0.11
GTTCACGG	0.1
CTTCACGG	0.09
TGTCACGG	0.1
GGTCACGG	0.1
CGTCACGG	0.12
TCTCACGG	0.09
GCTCACGG	0.1
CCTCACGG	0.11
TATCACGG	0.1
GATCACGG	0.09
TTGCACGG	0.1
GTGCACGG	0.1
CTGCACGG	0.1
TGGCACGG	0.09
GGGCACGG	0.1
CGGCACGG	0.1
TCGCACGG	0.11
GCGCACGG	0.09
TAGCACGG	0.1
GAGCACGG	0.09
TTCCACGG	0.11
GTCCACGG	0.09
CTCCACGG	0.11
TGCCACGG	0.09
GGCCACGG	0.1
CGCCACGG	0.11
TCCCACGG	0.1
GCCCACGG	0.09
TACCACGG	0.1
GACCACGG	0.1
TTACACGG	0.1
GTACACGG	0.1
CTACACGG	0.1
TGACACGG	0.11
GGACACGG	0.12
CGACACGG	0.09
TCACACGG	0.1
GCACACGG	0.1
TAACACGG	0.11
GAACACGG	0.12
TTTAACGG	0.1
GTTAACGG	0.1
CTTAACGG	0.1
TGTAACGG	0.1
GGTAACGG	0.11
CGTAACGG	0.12
TCTAACGG	0.11
GCTAACGG	0.11
CCTAACGG	0.11
TATAACGG	0.11
GATAACGG	0.12
TTGAACGG	0.12
GTGAACGG	0.12
CTGAACGG	0.11
TGGAACGG	0.13
GGGAACGG	0.11
CGGAACGG	0.12
TCGAACGG	0.1
GCGAACGG	0.11
TAGAACGG	0.12
GAGAACGG	0.11
TTCAACGG	0.1
GTCAACGG	0.11
CTCAACGG	0.09
TGCAACGG	0.1
GGCAACGG	0.1
CGCAACGG	0.11
TCCAACGG	0.1
GCCAACGG	0.1
TACAACGG	0.11
GACAACGG	0.1
TTAAACGG	0.1
GTAAACGG	0.12
CTAAACGG	0.11
TGAAACGG	0.1
GGAAACGG	0.26
CGAAACGG	0.1
TCAAACGG	0.11
GCAAACGG	0.11
TAAAACGG	0.12
GAAAACGG	0.13
TTTTTAGG	0.12
GTTTTAGG	0.11
CTTTTAGG	0.1
TGTTTAGG	0.12
GGTTTAGG	0.1
CGTTTAGG	0.12
TCTTTAGG	0.09
GCTTTAGG	0.09
CCTTTAGG	0.09
TATTTAGG	0.1
GATTTAGG	0.1
TTGTTAGG	0.11
GTGTTAGG	0.1
CTGTTAGG	0.1
TGGTTAGG	0.11
GGGTTAGG	0.09
CGGTTAGG	0.11
TCGTTAGG	0.09
GCGTTAGG	0.1
TAGTTAGG	0.11
GAGTTAGG	0.1
TTCTTAGG	0.11
GTCTTAGG	0.09
CTCTTAGG	0.11
TGCTTAGG	0.1
GGCTTAGG	0.1
CGCTTAGG	0.1
TCCTTAGG	0.13
GCCTTAGG	0.1
TACTTAGG	0.11
GACTTAGG	0.1
TTATTAGG	0.12
GTATTAGG	0.11
CTATTAGG	0.1
TGATTAGG	0.11
GGATTAGG	0.12
CGATTAGG	0.1
TCATTAGG	0.11
GCATTAGG	0.08
TAATTAGG	0.11
GAATTAGG	0.1
TTTGTAGG	0.11
GTTGTAGG	0.1
CTTGTAGG	0.11
TGTGTAGG	0.11
GGTGTAGG	0.1
CGTGTAGG	0.09
TCTGTAGG	0.1
GCTGTAGG	0.1
CCTGTAGG	0.1
TATGTAGG	0.1
GATGTAGG	0.1
TTGGTAGG	0.12
GTGGTAGG	0.09
CTGGTAGG	0.1
TGGGTAGG	0.11
GGGGTAGG	0.1
CGGGTAGG	0.1
TCGGTAGG	0.1
GCGGTAGG	0.09
TAGGTAGG	0.11
GAGGTAGG	0.1
TTCGTAGG	0.11
GTCGTAGG	0.1
CTCGTAGG	0.09
TGCGTAGG	0.1
GGCGTAGG	0.09
CGCGTAGG	0.1
TCCGTAGG	0.13
GCCGTAGG	0.1
TACGTAGG	0.1
GACGTAGG	0.1
TTAGTAGG	0.11
GTAGTAGG	0.09
CTAGTAGG	0.09
TGAGTAGG	0.1
GGAGTAGG	0.1
CGAGTAGG	0.1
TCAGTAGG	0.1
GCAGTAGG	0.11
TAAGTAGG	0.12
GAAGTAGG	0.11
TTTCTAGG	0.12
GTTCTAGG	0.11
CTTCTAGG	0.11
TGTCTAGG	0.09
GGTCTAGG	0.1
CGTCTAGG	0.1
TCTCTAGG	0.09
GCTCTAGG	0.09
CCTCTAGG	0.1
TATCTAGG	0.09
GATCTAGG	0.1
TTGCTAGG	0.1
GTGCTAGG	0.1
CTGCTAGG	0.1
TGGCTAGG	0.09
GGGCTAGG	0.11
CGGCTAGG	0.11
TCGCTAGG	0.1
GCGCTAGG	0.11
TAGCTAGG	0.08
GAGCTAGG	0.1
TTCCTAGG	0.11
GTCCTAGG	0.1
CTCCTAGG	0.12
TGCCTAGG	0.09
GGCCTAGG	0.1
CGCCTAGG	0.09
TCCCTAGG	0.1
GCCCTAGG	0.1
TACCTAGG	0.09
GACCTAGG	0.09
TTACTAGG	0.1
GTACTAGG	0.09
CTACTAGG	0.09
TGACTAGG	0.11
GGACTAGG	0.1
CGACTAGG	0.1
TCACTAGG	0.1
GCACTAGG	0.08
TAACTAGG	0.1
GAACTAGG	0.11
TTTATAGG	0.11
GTTATAGG	0.1
CTTATAGG	0.1
TGTATAGG	0.11
GGTATAGG	0.11
CGTATAGG	0.12
TCTATAGG	0.1
GCTATAGG	0.09
TATATAGG	0.1
GATATAGG	0.12
TTGATAGG	0.1
GTGATAGG	0.11
CTGATAGG	0.11
TGGATAGG	0.1
GGGATAGG	0.1
CGGATAGG	0.13
TCGATAGG	0.1
GCGATAGG	0.09
TAGATAGG	0.11
GAGATAGG	0.11
TTCATAGG	0.1
GTCATAGG	0.1
CTCATAGG	0.09
TGCATAGG	0.12
GGCATAGG	0.09
CGCATAGG	0.1
TCCATAGG	0.09
GCCATAGG	0.1
TACATAGG	0.1
GACATAGG	0.1
TTAATAGG	0.1
GTAATAGG	0.09
CTAATAGG	0.09
TGAATAGG	0.1
GGAATAGG	0.13
CGAATAGG	0.1
TCAATAGG	0.11
GCAATAGG	0.09
TAAATAGG	0.12
GAAATAGG	0.12
TTTTGAGG	0.11
GTTTGAGG	0.11
CTTTGAGG	0.1
TGTTGAGG	0.12
GGTTGAGG	0.11
CGTTGAGG	0.1
TCTTGAGG	0.1
GCTTGAGG	0.11
CCTTGAGG	0.1
TATTGAGG	0.12
GATTGAGG	0.11
TTGTGAGG	0.11
GTGTGAGG	0.11
CTGTGAGG	0.1
TGGTGAGG	0.11
GGGTGAGG	0.1
CGGTGAGG	0.09
TCGTGAGG	0.11
GCGTGAGG	0.1
TAGTGAGG	0.11
GAGTGAGG	0.11
TTCTGAGG	0.11
GTCTGAGG	0.12
CTCTGAGG	0.1
TGCTGAGG	0.1
GGCTGAGG	0.1
CGCTGAGG	0.1
TCCTGAGG	0.11
GCCTGAGG	0.1
TACTGAGG	0.11
GACTGAGG	0.1
TTATGAGG	0.1
GTATGAGG	0.12
CTATGAGG	0.09
TGATGAGG	0.1
GGATGAGG	0.12
CGATGAGG	0.1
TCATGAGG	0.09
GCATGAGG	0.08
TAATGAGG	0.11
GAATGAGG	0.11
TTTGGAGG	0.11
GTTGGAGG	0.1
CTTGGAGG	0.1
TGTGGAGG	0.1
GGTGGAGG	0.11
CGTGGAGG	0.1
TCTGGAGG	0.12
GCTGGAGG	0.11
CCTGGAGG	0.11
TATGGAGG	0.1
GATGGAGG	0.1
TTGGGAGG	0.1
GTGGGAGG	0.11
CTGGGAGG	0.1
TGGGGAGG	0.1
GGGGGAGG	0.12
CGGGGAGG	0.1
TCGGGAGG	0.1
GCGGGAGG	0.11
TAGGGAGG	0.1
GAGGGAGG	0.1
TTCGGAGG	0.11
GTCGGAGG	0.1
CTCGGAGG	0.1
TGCGGAGG	0.1
GGCGGAGG	0.11
CGCGGAGG	0.1
TCCGGAGG	0.13
GCCGGAGG	0.13
TACGGAGG	0.12
GACGGAGG	0.1
TTAGGAGG	0.1
GTAGGAGG	0.1
CTAGGAGG	0.11
TGAGGAGG	0.09
GGAGGAGG	0.12
CGAGGAGG	0.09
TCAGGAGG	0.13
GCAGGAGG	0.11
TAAGGAGG	0.12
GAAGGAGG	0.11
TTTCGAGG	0.11
GTTCGAGG	0.1
CTTCGAGG	0.1
TGTCGAGG	0.09
GGTCGAGG	0.09
CGTCGAGG	0.08
TCTCGAGG	0.1
GCTCGAGG	0.1
TATCGAGG	0.11
GATCGAGG	0.1
TTGCGAGG	0.11
GTGCGAGG	0.09
CTGCGAGG	0.1
TGGCGAGG	0.09
GGGCGAGG	0.11
CGGCGAGG	0.09
TCGCGAGG	0.1
GCGCGAGG	0.1
TAGCGAGG	0.1
GAGCGAGG	0.11
TTCCGAGG	0.12
GTCCGAGG	0.09
CTCCGAGG	0.11
TGCCGAGG	0.1
GGCCGAGG	0.09
CGCCGAGG	0.1
TCCCGAGG	0.09
GCCCGAGG	0.09
TACCGAGG	0.09
GACCGAGG	0.09
TTACGAGG	0.1
GTACGAGG	0.1
CTACGAGG	0.1
TGACGAGG	0.11
GGACGAGG	0.11
CGACGAGG	0.1
TCACGAGG	0.09
GCACGAGG	0.1
TAACGAGG	0.1
GAACGAGG	0.1
TTTAGAGG	0.11
GTTAGAGG	0.09
CTTAGAGG	0.1
TGTAGAGG	0.09
GGTAGAGG	0.12
CGTAGAGG	0.1
TCTAGAGG	0.1
GCTAGAGG	0.1
TATAGAGG	0.11
GATAGAGG	0.12
TTGAGAGG	0.11
GTGAGAGG	0.1
CTGAGAGG	0.11
TGGAGAGG	0.12
GGGAGAGG	0.11
CGGAGAGG	0.11
TCGAGAGG	0.09
GCGAGAGG	0.1
TAGAGAGG	0.08
GAGAGAGG	0.12
TTCAGAGG	0.1
GTCAGAGG	0.12
CTCAGAGG	0.1
TGCAGAGG	0.09
GGCAGAGG	0.1
CGCAGAGG	0.1
TCCAGAGG	0.11
GCCAGAGG	0.11
TACAGAGG	0.1
GACAGAGG	0.12
TTAAGAGG	0.12
GTAAGAGG	0.11
CTAAGAGG	0.11
TGAAGAGG	0.1
GGAAGAGG	0.15
CGAAGAGG	0.1
TCAAGAGG	0.1
GCAAGAGG	0.08
TAAAGAGG	0.11
GAAAGAGG	0.13
TTTTCAGG	0.11
GTTTCAGG	0.11
CTTTCAGG	0.12
TGTTCAGG	0.11
GGTTCAGG	0.1
CGTTCAGG	0.1
TCTTCAGG	0.09
GCTTCAGG	0.1
CCTTCAGG	0.1
TATTCAGG	0.1
GATTCAGG	0.11
TTGTCAGG	0.09
GTGTCAGG	0.11
CTGTCAGG	0.09
TGGTCAGG	0.11
GGGTCAGG	0.1
CGGTCAGG	0.1
TCGTCAGG	0.09
GCGTCAGG	0.08
TAGTCAGG	0.11
GAGTCAGG	0.1
TTCTCAGG	0.11
GTCTCAGG	0.1
CTCTCAGG	0.1
TGCTCAGG	0.09
GGCTCAGG	0.09
CGCTCAGG	0.09
TCCTCAGG	0.12
GCCTCAGG	0.08
TACTCAGG	0.1
GACTCAGG	0.1
TTATCAGG	0.1
GTATCAGG	0.11
CTATCAGG	0.1
TGATCAGG	0.11
GGATCAGG	0.11
CGATCAGG	0.1
TCATCAGG	0.1
GCATCAGG	0.11
TAATCAGG	0.11
GAATCAGG	0.11
TTTGCAGG	0.1
GTTGCAGG	0.1
CTTGCAGG	0.1
TGTGCAGG	0.1
GGTGCAGG	0.1
CGTGCAGG	0.09
TCTGCAGG	0.09
GCTGCAGG	0.1
TATGCAGG	0.11
GATGCAGG	0.1
TTGGCAGG	0.1
GTGGCAGG	0.11
CTGGCAGG	0.09
TGGGCAGG	0.12
GGGGCAGG	0.11
CGGGCAGG	0.1
TCGGCAGG	0.1
GCGGCAGG	0.1
TAGGCAGG	0.11
GAGGCAGG	0.11
TTCGCAGG	0.11
GTCGCAGG	0.09
CTCGCAGG	0.1
TGCGCAGG	0.1
GGCGCAGG	0.1
CGCGCAGG	0.11
TCCGCAGG	0.12
GCCGCAGG	0.09
TACGCAGG	0.11
GACGCAGG	0.1
TTAGCAGG	0.11
GTAGCAGG	0.1
CTAGCAGG	0.1
TGAGCAGG	0.1
GGAGCAGG	0.11
CGAGCAGG	0.1
TCAGCAGG	0.11
GCAGCAGG	0.11
TAAGCAGG	0.1
GAAGCAGG	0.13
TTTCCAGG	0.13
GTTCCAGG	0.1
CTTCCAGG	0.11
TGTCCAGG	0.1
GGTCCAGG	0.1
CGTCCAGG	0.1
TCTCCAGG	0.1
GCTCCAGG	0.1
TATCCAGG	0.09
GATCCAGG	0.1
TTGCCAGG	0.1
GTGCCAGG	0.1
CTGCCAGG	0.09
TGGCCAGG	0.08
GGGCCAGG	0.11
CGGCCAGG	0.09
TCGCCAGG	0.1
GCGCCAGG	0.12
TAGCCAGG	0.1
GAGCCAGG	0.1
TTCCCAGG	0.11
GTCCCAGG	0.1
CTCCCAGG	0.1
TGCCCAGG	0.1
GGCCCAGG	0.1
CGCCCAGG	0.1
TCCCCAGG	0.11
GCCCCAGG	0.1
TACCCAGG	0.11
GACCCAGG	0.09
TTACCAGG	0.1
GTACCAGG	0.09
CTACCAGG	0.11
TGACCAGG	0.1
GGACCAGG	0.12
CGACCAGG	0.11
TCACCAGG	0.1
GCACCAGG	0.11
TAACCAGG	0.11
GAACCAGG	0.09
TTTACAGG	0.1
GTTACAGG	0.1
CTTACAGG	0.1
TGTACAGG	0.11
GGTACAGG	0.1
CGTACAGG	0.09
TCTACAGG	0.11
GCTACAGG	0.1
TATACAGG	0.1
GATACAGG	0.11
TTGACAGG	0.11
GTGACAGG	0.1
CTGACAGG	0.1
TGGACAGG	0.11
GGGACAGG	0.12
CGGACAGG	0.11
TCGACAGG	0.1
GCGACAGG	0.1
TAGACAGG	0.11
GAGACAGG	0.11
TTCACAGG	0.12
GTCACAGG	0.12
CTCACAGG	0.1
TGCACAGG	0.09
GGCACAGG	0.11
CGCACAGG	0.11
TCCACAGG	0.11
GCCACAGG	0.11
TACACAGG	0.11
GACACAGG	0.08
TTAACAGG	0.11
GTAACAGG	0.11
CTAACAGG	0.1
TGAACAGG	0.12
GGAACAGG	0.12
CGAACAGG	0.11
TCAACAGG	0.11
GCAACAGG	0.09
TAAACAGG	0.1
GAAACAGG	0.13
TTTTAAGG	0.12
GTTTAAGG	0.11
CTTTAAGG	0.13
TGTTAAGG	0.1
GGTTAAGG	0.1
CGTTAAGG	0.11
TCTTAAGG	0.12
GCTTAAGG	0.1
TATTAAGG	0.12
GATTAAGG	0.12
TTGTAAGG	0.11
GTGTAAGG	0.13
CTGTAAGG	0.1
TGGTAAGG	0.11
GGGTAAGG	0.1
CGGTAAGG	0.11
TCGTAAGG	0.1
GCGTAAGG	0.12
TAGTAAGG	0.11
GAGTAAGG	0.13
TTCTAAGG	0.12
GTCTAAGG	0.1
CTCTAAGG	0.1
TGCTAAGG	0.09
GGCTAAGG	0.09
CGCTAAGG	0.09
TCCTAAGG	0.11
GCCTAAGG	0.1
TACTAAGG	0.09
GACTAAGG	0.09
TTATAAGG	0.1
GTATAAGG	0.11
CTATAAGG	0.12
TGATAAGG	0.11
GGATAAGG	0.12
CGATAAGG	0.11
TCATAAGG	0.1
GCATAAGG	0.12
TAATAAGG	0.12
GAATAAGG	0.12
TTTGAAGG	0.12
GTTGAAGG	0.11
CTTGAAGG	0.1
TGTGAAGG	0.11
GGTGAAGG	0.1
CGTGAAGG	0.1
TCTGAAGG	0.12
GCTGAAGG	0.09
TATGAAGG	0.1
GATGAAGG	0.12
TTGGAAGG	0.11
GTGGAAGG	0.11
CTGGAAGG	0.1
TGGGAAGG	0.12
GGGGAAGG	0.12
CGGGAAGG	0.12
TCGGAAGG	0.14
GCGGAAGG	0.27
TAGGAAGG	0.12
GAGGAAGG	0.13
TTCGAAGG	0.11
GTCGAAGG	0.1
CTCGAAGG	0.09
TGCGAAGG	0.1
GGCGAAGG	0.1
CGCGAAGG	0.11
TCCGAAGG	0.12
GCCGAAGG	0.1
TACGAAGG	0.09
GACGAAGG	0.1
TTAGAAGG	0.11
GTAGAAGG	0.11
CTAGAAGG	0.1
TGAGAAGG	0.11
GGAGAAGG	0.1
CGAGAAGG	0.09
TCAGAAGG	0.12
GCAGAAGG	0.1
TAAGAAGG	0.09
GAAGAAGG	0.11
TTTCAAGG	0.1
GTTCAAGG	0.1
CTTCAAGG	0.1
TGTCAAGG	0.09
GGTCAAGG	0.11
CGTCAAGG	0.11
TCTCAAGG	0.1
GCTCAAGG	0.11
TATCAAGG	0.11
GATCAAGG	0.1
TTGCAAGG	0.1
GTGCAAGG	0.11
CTGCAAGG	0.09
TGGCAAGG	0.1
GGGCAAGG	0.1
CGGCAAGG	0.1
TCGCAAGG	0.1
GCGCAAGG	0.09
TAGCAAGG	0.09
GAGCAAGG	0.1
TTCCAAGG	0.1
GTCCAAGG	0.09
CTCCAAGG	0.1
TGCCAAGG	0.1
GGCCAAGG	0.08
CGCCAAGG	0.1
TCCCAAGG	0.11
GCCCAAGG	0.1
TACCAAGG	0.1
GACCAAGG	0.1
TTACAAGG	0.1
GTACAAGG	0.1
CTACAAGG	0.11
TGACAAGG	0.11
GGACAAGG	0.11
CGACAAGG	0.09
TCACAAGG	0.1
GCACAAGG	0.09
TAACAAGG	0.12
GAACAAGG	0.1
TTTAAAGG	0.12
GTTAAAGG	0.13
CTTAAAGG	0.12
TGTAAAGG	0.1
GGTAAAGG	0.09
CGTAAAGG	0.13
TCTAAAGG	0.1
GCTAAAGG	0.1
TATAAAGG	0.13
GATAAAGG	0.11
TTGAAAGG	0.1
GTGAAAGG	0.12
CTGAAAGG	0.09
TGGAAAGG	0.11
GGGAAAGG	0.13
CGGAAAGG	0.2
TCGAAAGG	0.11
GCGAAAGG	0.11
TAGAAAGG	0.11
GAGAAAGG	0.11
TTCAAAGG	0.11
GTCAAAGG	0.1
CTCAAAGG	0.1
TGCAAAGG	0.1
GGCAAAGG	0.1
CGCAAAGG	0.1
TCCAAAGG	0.1
GCCAAAGG	0.09
TACAAAGG	0.1
GACAAAGG	0.11
TTAAAAGG	0.1
GTAAAAGG	0.11
CTAAAAGG	0.09
TGAAAAGG	0.14
GGAAAAGG	0.14
CGAAAAGG	0.11
TCAAAAGG	0.12
GCAAAAGG	0.09
TAAAAAGG	0.12
GAAAAAGG	0.12
TTTTTTCG	0.12
GTTTTTCG	0.1
CTTTTTCG	0.12
TGTTTTCG	0.09
GGTTTTCG	0.1
CGTTTTCG	0.12
TCTTTTCG	0.1
GCTTTTCG	0.11
TATTTTCG	0.1
GATTTTCG	0.11
TTGTTTCG	0.12
GTGTTTCG	0.11
CTGTTTCG	0.1
TGGTTTCG	0.12
GGGTTTCG	0.09
CGGTTTCG	0.11
TCGTTTCG	0.1
GCGTTTCG	0.09
TAGTTTCG	0.12
GAGTTTCG	0.09
TTCTTTCG	0.11
GTCTTTCG	0.11
CTCTTTCG	0.1
TGCTTTCG	0.1
GGCTTTCG	0.11
CGCTTTCG	0.09
TCCTTTCG	0.14
GCCTTTCG	0.1
TACTTTCG	0.1
GACTTTCG	0.1
TTATTTCG	0.11
GTATTTCG	0.11
CTATTTCG	0.09
TGATTTCG	0.1
GGATTTCG	0.13
CGATTTCG	0.1
TCATTTCG	0.11
GCATTTCG	0.1
TAATTTCG	0.11
GAATTTCG	0.1
TTTGTTCG	0.11
GTTGTTCG	0.1
CTTGTTCG	0.1
TGTGTTCG	0.08
GGTGTTCG	0.11
CGTGTTCG	0.09
TCTGTTCG	0.11
GCTGTTCG	0.08
TATGTTCG	0.1
GATGTTCG	0.11
TTGGTTCG	0.1
GTGGTTCG	0.1
CTGGTTCG	0.09
TGGGTTCG	0.1
GGGGTTCG	0.1
CGGGTTCG	0.09
TCGGTTCG	0.11
GCGGTTCG	0.1
TAGGTTCG	0.08
GAGGTTCG	0.11
TTCGTTCG	0.1
GTCGTTCG	0.11
CTCGTTCG	0.1
TGCGTTCG	0.12
GGCGTTCG	0.09
CGCGTTCG	0.11
TCCGTTCG	0.14
GCCGTTCG	0.1
TACGTTCG	0.09
GACGTTCG	0.09
TTAGTTCG	0.12
GTAGTTCG	0.09
CTAGTTCG	0.09
TGAGTTCG	0.09
GGAGTTCG	0.1
CGAGTTCG	0.09
TCAGTTCG	0.1
GCAGTTCG	0.1
TAAGTTCG	0.1
GAAGTTCG	0.13
TTTCTTCG	0.12
GTTCTTCG	0.11
CTTCTTCG	0.1
TGTCTTCG	0.11
GGTCTTCG	0.1
CGTCTTCG	0.09
TCTCTTCG	0.11
GCTCTTCG	0.1
TATCTTCG	0.11
GATCTTCG	0.1
TTGCTTCG	0.1
GTGCTTCG	0.1
CTGCTTCG	0.11
TGGCTTCG	0.1
GGGCTTCG	0.09
CGGCTTCG	0.1
TCGCTTCG	0.1
GCGCTTCG	0.1
TAGCTTCG	0.1
GAGCTTCG	0.08
TTCCTTCG	0.12
GTCCTTCG	0.09
CTCCTTCG	0.1
TGCCTTCG	0.1
GGCCTTCG	0.09
CGCCTTCG	0.1
TCCCTTCG	0.1
GCCCTTCG	0.09
TACCTTCG	0.11
GACCTTCG	0.09
TTACTTCG	0.1
GTACTTCG	0.11
CTACTTCG	0.09
TGACTTCG	0.09
GGACTTCG	0.1
CGACTTCG	0.1
TCACTTCG	0.1
GCACTTCG	0.08
TAACTTCG	0.1
GAACTTCG	0.13
TTTATTCG	0.1
GTTATTCG	0.1
CTTATTCG	0.1
TGTATTCG	0.11
GGTATTCG	0.1
CGTATTCG	0.11
TCTATTCG	0.1
GCTATTCG	0.09
TATATTCG	0.11
GATATTCG	0.11
TTGATTCG	0.13
GTGATTCG	0.12
CTGATTCG	0.1
TGGATTCG	0.1
GGGATTCG	0.11
CGGATTCG	0.12
TCGATTCG	0.1
GCGATTCG	0.09
TAGATTCG	0.11
GAGATTCG	0.11
TTCATTCG	0.11
GTCATTCG	0.11
CTCATTCG	0.09
TGCATTCG	0.09
GGCATTCG	0.1
CGCATTCG	0.09
TCCATTCG	0.09
GCCATTCG	0.1
TACATTCG	0.09
GACATTCG	0.1
TTAATTCG	0.1
GTAATTCG	0.1
CTAATTCG	0.1
TGAATTCG	0.1
GGAATTCG	0.11
TCAATTCG	0.09
GCAATTCG	0.09
TAAATTCG	0.12
GAAATTCG	0.11
TTTTGTCG	0.14
GTTTGTCG	0.1
CTTTGTCG	0.12
TGTTGTCG	0.09
GGTTGTCG	0.1
CGTTGTCG	0.11
TCTTGTCG	0.12
GCTTGTCG	0.1
TATTGTCG	0.12
GATTGTCG	0.12
TTGTGTCG	0.09
GTGTGTCG	0.11
CTGTGTCG	0.1
TGGTGTCG	0.1
GGGTGTCG	0.09
CGGTGTCG	0.1
TCGTGTCG	0.11
GCGTGTCG	0.1
TAGTGTCG	0.09
GAGTGTCG	0.12
TTCTGTCG	0.11
GTCTGTCG	0.09
CTCTGTCG	0.1
TGCTGTCG	0.1
GGCTGTCG	0.08
CGCTGTCG	0.1
TCCTGTCG	0.13
GCCTGTCG	0.1
TACTGTCG	0.1
GACTGTCG	0.1
TTATGTCG	0.09
GTATGTCG	0.1
CTATGTCG	0.12
TGATGTCG	0.11
GGATGTCG	0.18
CGATGTCG	0.09
TCATGTCG	0.1
GCATGTCG	0.1
TAATGTCG	0.12
GAATGTCG	0.1
TTTGGTCG	0.11
GTTGGTCG	0.11
CTTGGTCG	0.1
TGTGGTCG	0.1
GGTGGTCG	0.1
CGTGGTCG	0.09
TCTGGTCG	0.1
GCTGGTCG	0.11
TATGGTCG	0.1
GATGGTCG	0.11
TTGGGTCG	0.11
GTGGGTCG	0.1
CTGGGTCG	0.09
TGGGGTCG	0.1
GGGGGTCG	0.1
CGGGGTCG	0.1
TCGGGTCG	0.1
GCGGGTCG	0.1
TAGGGTCG	0.1
GAGGGTCG	0.11
TTCGGTCG	0.1
GTCGGTCG	0.1
CTCGGTCG	0.1
TGCGGTCG	0.11
GGCGGTCG	0.09
CGCGGTCG	0.09
TCCGGTCG	0.21
GCCGGTCG	0.11
TACGGTCG	0.08
GACGGTCG	0.09
TTAGGTCG	0.11
GTAGGTCG	0.1
CTAGGTCG	0.1
TGAGGTCG	0.11
GGAGGTCG	0.11
CGAGGTCG	0.1
TCAGGTCG	0.1
GCAGGTCG	0.1
TAAGGTCG	0.1
GAAGGTCG	0.1
TTTCGTCG	0.13
GTTCGTCG	0.09
CTTCGTCG	0.11
TGTCGTCG	0.12
GGTCGTCG	0.1
CGTCGTCG	0.1
TCTCGTCG	0.09
GCTCGTCG	0.1
TATCGTCG	0.09
GATCGTCG	0.09
TTGCGTCG	0.1
GTGCGTCG	0.09
CTGCGTCG	0.1
TGGCGTCG	0.1
GGGCGTCG	0.09
CGGCGTCG	0.1
TCGCGTCG	0.09
GCGCGTCG	0.1
TAGCGTCG	0.1
GAGCGTCG	0.09
TTCCGTCG	0.15
GTCCGTCG	0.1
CTCCGTCG	0.12
TGCCGTCG	0.09
GGCCGTCG	0.09
CGCCGTCG	0.09
TCCCGTCG	0.11
GCCCGTCG	0.1
TACCGTCG	0.1
GACCGTCG	0.09
TTACGTCG	0.12
GTACGTCG	0.1
CTACGTCG	0.09
TGACGTCG	0.1
GGACGTCG	0.12
TCACGTCG	0.11
GCACGTCG	0.09
TAACGTCG	0.11
GAACGTCG	0.1
TTTAGTCG	0.1
GTTAGTCG	0.12
CTTAGTCG	0.1
TGTAGTCG	0.1
GGTAGTCG	0.11
CGTAGTCG	0.09
TCTAGTCG	0.1
GCTAGTCG	0.11
TATAGTCG	0.1
GATAGTCG	0.09
TTGAGTCG	0.1
GTGAGTCG	0.09
CTGAGTCG	0.1
TGGAGTCG	0.1
GGGAGTCG	0.09
CGGAGTCG	0.1
TCGAGTCG	0.08
GCGAGTCG	0.09
TAGAGTCG	0.09
GAGAGTCG	0.09
TTCAGTCG	0.09
GTCAGTCG	0.1
CTCAGTCG	0.09
TGCAGTCG	0.09
GGCAGTCG	0.1
CGCAGTCG	0.1
TCCAGTCG	0.1
GCCAGTCG	0.09
TACAGTCG	0.1
GACAGTCG	0.09
TTAAGTCG	0.1
GTAAGTCG	0.11
CTAAGTCG	0.1
TGAAGTCG	0.11
GGAAGTCG	0.23
TCAAGTCG	0.09
GCAAGTCG	0.09
TAAAGTCG	0.11
GAAAGTCG	0.1
TTTTCTCG	0.1
GTTTCTCG	0.12
CTTTCTCG	0.1
TGTTCTCG	0.11
GGTTCTCG	0.09
CGTTCTCG	0.1
TCTTCTCG	0.11
GCTTCTCG	0.1
TATTCTCG	0.11
GATTCTCG	0.1
TTGTCTCG	0.09
GTGTCTCG	0.1
CTGTCTCG	0.08
TGGTCTCG	0.1
GGGTCTCG	0.09
CGGTCTCG	0.1
TCGTCTCG	0.1
GCGTCTCG	0.09
TAGTCTCG	0.12
GAGTCTCG	0.09
TTCTCTCG	0.1
GTCTCTCG	0.1
CTCTCTCG	0.13
TGCTCTCG	0.11
GGCTCTCG	0.09
CGCTCTCG	0.09
TCCTCTCG	0.11
GCCTCTCG	0.1
TACTCTCG	0.09
GACTCTCG	0.09
TTATCTCG	0.11
GTATCTCG	0.1
CTATCTCG	0.1
TGATCTCG	0.1
GGATCTCG	0.09
CGATCTCG	0.11
TCATCTCG	0.11
GCATCTCG	0.1
TAATCTCG	0.12
GAATCTCG	0.11
TTTGCTCG	0.1
GTTGCTCG	0.1
CTTGCTCG	0.1
TGTGCTCG	0.1
GGTGCTCG	0.09
CGTGCTCG	0.09
TCTGCTCG	0.1
GCTGCTCG	0.11
TATGCTCG	0.09
GATGCTCG	0.1
TTGGCTCG	0.1
GTGGCTCG	0.1
CTGGCTCG	0.11
TGGGCTCG	0.09
GGGGCTCG	0.11
CGGGCTCG	0.09
TCGGCTCG	0.09
GCGGCTCG	0.1
TAGGCTCG	0.11
GAGGCTCG	0.09
TTCGCTCG	0.11
GTCGCTCG	0.09
CTCGCTCG	0.1
TGCGCTCG	0.1
GGCGCTCG	0.08
CGCGCTCG	0.09
TCCGCTCG	0.11
GCCGCTCG	0.08
TACGCTCG	0.1
GACGCTCG	0.1
TTAGCTCG	0.09
GTAGCTCG	0.1
CTAGCTCG	0.1
TGAGCTCG	0.09
GGAGCTCG	0.1
TCAGCTCG	0.1
GCAGCTCG	0.09
TAAGCTCG	0.1
GAAGCTCG	0.12
TTTCCTCG	0.16
GTTCCTCG	0.11
CTTCCTCG	0.17
TGTCCTCG	0.1
GGTCCTCG	0.09
CGTCCTCG	0.1
TCTCCTCG	0.1
GCTCCTCG	0.09
TATCCTCG	0.11
GATCCTCG	0.1
TTGCCTCG	0.1
GTGCCTCG	0.1
CTGCCTCG	0.11
TGGCCTCG	0.09
GGGCCTCG	0.1
CGGCCTCG	0.1
TCGCCTCG	0.1
GCGCCTCG	0.09
TAGCCTCG	0.1
GAGCCTCG	0.09
TTCCCTCG	0.11
GTCCCTCG	0.1
CTCCCTCG	0.09
TGCCCTCG	0.09
GGCCCTCG	0.09
CGCCCTCG	0.1
TCCCCTCG	0.09
GCCCCTCG	0.1
TACCCTCG	0.09
GACCCTCG	0.09
TTACCTCG	0.1
GTACCTCG	0.09
CTACCTCG	0.08
TGACCTCG	0.09
GGACCTCG	0.08
TCACCTCG	0.1
GCACCTCG	0.11
TAACCTCG	0.1
GAACCTCG	0.09
TTTACTCG	0.09
GTTACTCG	0.11
CTTACTCG	0.12
TGTACTCG	0.09
GGTACTCG	0.1
CGTACTCG	0.09
TCTACTCG	0.1
GCTACTCG	0.09
TATACTCG	0.11
GATACTCG	0.09
TTGACTCG	0.09
GTGACTCG	0.09
CTGACTCG	0.1
TGGACTCG	0.1
GGGACTCG	0.09
CGGACTCG	0.09
TCGACTCG	0.09
GCGACTCG	0.09
TAGACTCG	0.09
GAGACTCG	0.09
TTCACTCG	0.1
GTCACTCG	0.1
CTCACTCG	0.1
TGCACTCG	0.09
GGCACTCG	0.09
CGCACTCG	0.1
TCCACTCG	0.1
GCCACTCG	0.11
TACACTCG	0.1
GACACTCG	0.09
TTAACTCG	0.1
GTAACTCG	0.12
CTAACTCG	0.11
TGAACTCG	0.1
GGAACTCG	0.11
TCAACTCG	0.1
GCAACTCG	0.1
TAAACTCG	0.1
GAAACTCG	0.11
TTTTATCG	0.11
GTTTATCG	0.1
CTTTATCG	0.11
TGTTATCG	0.11
GGTTATCG	0.1
CGTTATCG	0.1
TCTTATCG	0.11
GCTTATCG	0.11
TATTATCG	0.11
GATTATCG	0.1
TTGTATCG	0.12
GTGTATCG	0.1
CTGTATCG	0.1
TGGTATCG	0.1
GGGTATCG	0.09
CGGTATCG	0.1
TCGTATCG	0.1
GCGTATCG	0.1
TAGTATCG	0.11
GAGTATCG	0.09
TTCTATCG	0.11
GTCTATCG	0.1
CTCTATCG	0.1
TGCTATCG	0.09
GGCTATCG	0.1
CGCTATCG	0.09
TCCTATCG	0.11
GCCTATCG	0.1
TACTATCG	0.09
GACTATCG	0.09
TTATATCG	0.11
GTATATCG	0.11
CTATATCG	0.09
TGATATCG	0.1
GGATATCG	0.17
TCATATCG	0.1
GCATATCG	0.1
TAATATCG	0.13
GAATATCG	0.1
TTTGATCG	0.1
GTTGATCG	0.1
CTTGATCG	0.11
TGTGATCG	0.1
GGTGATCG	0.09
CGTGATCG	0.09
TCTGATCG	0.09
GCTGATCG	0.09
TATGATCG	0.09
GATGATCG	0.1
TTGGATCG	0.09
GTGGATCG	0.09
CTGGATCG	0.09
TGGGATCG	0.11
GGGGATCG	0.11
CGGGATCG	0.1
TCGGATCG	0.11
GCGGATCG	0.11
TAGGATCG	0.1
GAGGATCG	0.1
TTCGATCG	0.09
GTCGATCG	0.11
CTCGATCG	0.1
TGCGATCG	0.09
GGCGATCG	0.09
CGCGATCG	0.1
TCCGATCG	0.12
GCCGATCG	0.1
TACGATCG	0.11
GACGATCG	0.09
TTAGATCG	0.11
GTAGATCG	0.11
CTAGATCG	0.09
TGAGATCG	0.1
GGAGATCG	0.11
TCAGATCG	0.09
GCAGATCG	0.09
TAAGATCG	0.09
GAAGATCG	0.1
TTTCATCG	0.11
GTTCATCG	0.1
CTTCATCG	0.12
TGTCATCG	0.1
GGTCATCG	0.1
CGTCATCG	0.09
TCTCATCG	0.11
GCTCATCG	0.09
TATCATCG	0.1
GATCATCG	0.1
TTGCATCG	0.12
GTGCATCG	0.09
CTGCATCG	0.09
TGGCATCG	0.1
GGGCATCG	0.09
CGGCATCG	0.1
TCGCATCG	0.11
GCGCATCG	0.1
TAGCATCG	0.09
GAGCATCG	0.1
TTCCATCG	0.09
GTCCATCG	0.1
CTCCATCG	0.11
TGCCATCG	0.1
GGCCATCG	0.1
CGCCATCG	0.1
TCCCATCG	0.1
GCCCATCG	0.1
TACCATCG	0.1
GACCATCG	0.09
TTACATCG	0.1
GTACATCG	0.1
CTACATCG	0.1
TGACATCG	0.1
GGACATCG	0.12
TCACATCG	0.11
GCACATCG	0.09
TAACATCG	0.11
GAACATCG	0.09
TTTAATCG	0.11
GTTAATCG	0.09
CTTAATCG	0.12
TGTAATCG	0.09
GGTAATCG	0.09
CGTAATCG	0.1
TCTAATCG	0.1
GCTAATCG	0.08
TATAATCG	0.11
GATAATCG	0.11
TTGAATCG	0.1
GTGAATCG	0.11
CTGAATCG	0.1
TGGAATCG	0.12
GGGAATCG	0.12
CGGAATCG	0.12
TCGAATCG	0.11
GCGAATCG	0.1
TAGAATCG	0.1
GAGAATCG	0.1
TTCAATCG	0.11
GTCAATCG	0.09
CTCAATCG	0.1
TGCAATCG	0.1
GGCAATCG	0.1
CGCAATCG	0.11
TCCAATCG	0.1
GCCAATCG	0.1
TACAATCG	0.1
GACAATCG	0.09
TTAAATCG	0.12
GTAAATCG	0.12
CTAAATCG	0.11
TGAAATCG	0.09
GGAAATCG	0.2
TCAAATCG	0.11
GCAAATCG	0.11
TAAAATCG	0.11
GAAAATCG	0.11
TTTTTGCG	0.12
GTTTTGCG	0.1
CTTTTGCG	0.09
TGTTTGCG	0.1
GGTTTGCG	0.1
CGTTTGCG	0.11
TCTTTGCG	0.1
GCTTTGCG	0.09
TATTTGCG	0.1
GATTTGCG	0.11
TTGTTGCG	0.11
GTGTTGCG	0.09
CTGTTGCG	0.1
TGGTTGCG	0.1
GGGTTGCG	0.11
CGGTTGCG	0.1
TCGTTGCG	0.1
GCGTTGCG	0.1
TAGTTGCG	0.11
GAGTTGCG	0.1
TTCTTGCG	0.1
GTCTTGCG	0.1
CTCTTGCG	0.08
TGCTTGCG	0.1
GGCTTGCG	0.1
CGCTTGCG	0.09
TCCTTGCG	0.1
GCCTTGCG	0.1
TACTTGCG	0.1
GACTTGCG	0.09
TTATTGCG	0.13
GTATTGCG	0.09
CTATTGCG	0.1
TGATTGCG	0.1
GGATTGCG	0.09
TCATTGCG	0.11
GCATTGCG	0.09
TAATTGCG	0.1
GAATTGCG	0.1
TTTGTGCG	0.11
GTTGTGCG	0.09
CTTGTGCG	0.1
TGTGTGCG	0.1
GGTGTGCG	0.1
CGTGTGCG	0.1
TCTGTGCG	0.1
GCTGTGCG	0.1
TATGTGCG	0.11
GATGTGCG	0.1
TTGGTGCG	0.1
GTGGTGCG	0.11
CTGGTGCG	0.1
TGGGTGCG	0.09
GGGGTGCG	0.1
CGGGTGCG	0.1
TCGGTGCG	0.1
GCGGTGCG	0.1
TAGGTGCG	0.09
GAGGTGCG	0.1
TTCGTGCG	0.1
GTCGTGCG	0.1
CTCGTGCG	0.1
TGCGTGCG	0.09
GGCGTGCG	0.1
CGCGTGCG	0.09
TCCGTGCG	0.11
GCCGTGCG	0.08
TACGTGCG	0.09
GACGTGCG	0.1
TTAGTGCG	0.11
GTAGTGCG	0.11
CTAGTGCG	0.09
TGAGTGCG	0.11
GGAGTGCG	0.11
TCAGTGCG	0.1
GCAGTGCG	0.09
TAAGTGCG	0.11
GAAGTGCG	0.1
TTTCTGCG	0.11
GTTCTGCG	0.09
CTTCTGCG	0.09
TGTCTGCG	0.1
GGTCTGCG	0.1
CGTCTGCG	0.1
TCTCTGCG	0.1
GCTCTGCG	0.09
TATCTGCG	0.1
GATCTGCG	0.08
TTGCTGCG	0.09
GTGCTGCG	0.1
CTGCTGCG	0.09
TGGCTGCG	0.09
GGGCTGCG	0.11
CGGCTGCG	0.09
TCGCTGCG	0.09
GCGCTGCG	0.09
TAGCTGCG	0.1
GAGCTGCG	0.09
TTCCTGCG	0.16
GTCCTGCG	0.1
CTCCTGCG	0.1
TGCCTGCG	0.1
GGCCTGCG	0.08
CGCCTGCG	0.1
TCCCTGCG	0.1
GCCCTGCG	0.1
TACCTGCG	0.1
GACCTGCG	0.09
TTACTGCG	0.09
GTACTGCG	0.09
CTACTGCG	0.11
TGACTGCG	0.09
GGACTGCG	0.1
TCACTGCG	0.09
GCACTGCG	0.09
TAACTGCG	0.1
GAACTGCG	0.1
TTTATGCG	0.11
GTTATGCG	0.1
CTTATGCG	0.1
TGTATGCG	0.11
GGTATGCG	0.09
CGTATGCG	0.09
TCTATGCG	0.1
GCTATGCG	0.09
TATATGCG	0.09
GATATGCG	0.12
TTGATGCG	0.11
GTGATGCG	0.1
CTGATGCG	0.1
TGGATGCG	0.12
GGGATGCG	0.12
CGGATGCG	0.34
TCGATGCG	0.11
GCGATGCG	0.09
TAGATGCG	0.09
GAGATGCG	0.1
TTCATGCG	0.1
GTCATGCG	0.1
CTCATGCG	0.09
TGCATGCG	0.09
GGCATGCG	0.09
TCCATGCG	0.09
GCCATGCG	0.1
TACATGCG	0.09
GACATGCG	0.1
TTAATGCG	0.11
GTAATGCG	0.09
CTAATGCG	0.1
TGAATGCG	0.1
GGAATGCG	0.1
TCAATGCG	0.1
GCAATGCG	0.1
TAAATGCG	0.1
GAAATGCG	0.11
TTTTGGCG	0.11
GTTTGGCG	0.11
CTTTGGCG	0.1
TGTTGGCG	0.1
GGTTGGCG	0.11
CGTTGGCG	0.09
TCTTGGCG	0.1
GCTTGGCG	0.1
TATTGGCG	0.12
GATTGGCG	0.1
TTGTGGCG	0.11
GTGTGGCG	0.09
CTGTGGCG	0.1
TGGTGGCG	0.1
GGGTGGCG	0.1
CGGTGGCG	0.1
TCGTGGCG	0.09
GCGTGGCG	0.09
TAGTGGCG	0.09
GAGTGGCG	0.1
TTCTGGCG	0.11
GTCTGGCG	0.1
CTCTGGCG	0.1
TGCTGGCG	0.08
GGCTGGCG	0.1
CGCTGGCG	0.1
TCCTGGCG	0.13
GCCTGGCG	0.1
TACTGGCG	0.1
GACTGGCG	0.08
TTATGGCG	0.09
GTATGGCG	0.11
CTATGGCG	0.09
TGATGGCG	0.09
GGATGGCG	0.11
TCATGGCG	0.09
GCATGGCG	0.09
TAATGGCG	0.11
GAATGGCG	0.1
TTTGGGCG	0.1
GTTGGGCG	0.11
CTTGGGCG	0.1
TGTGGGCG	0.1
GGTGGGCG	0.12
CGTGGGCG	0.09
TCTGGGCG	0.1
GCTGGGCG	0.1
TATGGGCG	0.09
GATGGGCG	0.09
TTGGGGCG	0.12
GTGGGGCG	0.1
CTGGGGCG	0.11
TGGGGGCG	0.11
GGGGGGCG	0.11
CGGGGGCG	0.11
TCGGGGCG	0.1
GCGGGGCG	0.11
TAGGGGCG	0.11
GAGGGGCG	0.09
TTCGGGCG	0.1
GTCGGGCG	0.1
CTCGGGCG	0.09
TGCGGGCG	0.11
GGCGGGCG	0.1
CGCGGGCG	0.09
TCCGGGCG	0.17
GCCGGGCG	0.1
TACGGGCG	0.09
GACGGGCG	0.1
TTAGGGCG	0.1
GTAGGGCG	0.09
CTAGGGCG	0.1
TGAGGGCG	0.09
GGAGGGCG	0.1
TCAGGGCG	0.09
GCAGGGCG	0.09
TAAGGGCG	0.09
GAAGGGCG	0.12
TTTCGGCG	0.11
GTTCGGCG	0.11
CTTCGGCG	0.11
TGTCGGCG	0.11
GGTCGGCG	0.1
CGTCGGCG	0.09
TCTCGGCG	0.1
GCTCGGCG	0.1
TATCGGCG	0.1
GATCGGCG	0.11
TTGCGGCG	0.09
GTGCGGCG	0.1
CTGCGGCG	0.1
TGGCGGCG	0.1
GGGCGGCG	0.09
CGGCGGCG	0.1
TCGCGGCG	0.12
GCGCGGCG	0.09
TAGCGGCG	0.1
GAGCGGCG	0.1
TTCCGGCG	0.39
GTCCGGCG	0.11
CTCCGGCG	0.1
TGCCGGCG	0.11
GGCCGGCG	0.11
TCCCGGCG	0.11
GCCCGGCG	0.09
TACCGGCG	0.1
GACCGGCG	0.11
TTACGGCG	0.1
GTACGGCG	0.1
CTACGGCG	0.11
TGACGGCG	0.1
GGACGGCG	0.1
TCACGGCG	0.09
GCACGGCG	0.09
TAACGGCG	0.09
GAACGGCG	0.11
TTTAGGCG	0.1
GTTAGGCG	0.1
CTTAGGCG	0.1
TGTAGGCG	0.1
GGTAGGCG	0.1
CGTAGGCG	0.09
TCTAGGCG	0.09
GCTAGGCG	0.09
TATAGGCG	0.1
GATAGGCG	0.11
TTGAGGCG	0.1
GTGAGGCG	0.11
CTGAGGCG	0.1
TGGAGGCG	0.09
GGGAGGCG	0.11
CGGAGGCG	0.11
TCGAGGCG	0.1
GCGAGGCG	0.09
TAGAGGCG	0.11
GAGAGGCG	0.09
TTCAGGCG	0.11
GTCAGGCG	0.08
CTCAGGCG	0.1
TGCAGGCG	0.1
GGCAGGCG	0.1
TCCAGGCG	0.1
GCCAGGCG	0.1
TACAGGCG	0.1
GACAGGCG	0.09
TTAAGGCG	0.1
GTAAGGCG	0.1
CTAAGGCG	0.1
TGAAGGCG	0.1
GGAAGGCG	0.13
TCAAGGCG	0.1
GCAAGGCG	0.1
TAAAGGCG	0.1
GAAAGGCG	0.11
TTTTCGCG	0.12
GTTTCGCG	0.11
CTTTCGCG	0.1
TGTTCGCG	0.11
GGTTCGCG	0.1
CGTTCGCG	0.09
TCTTCGCG	0.1
GCTTCGCG	0.1
TATTCGCG	0.1
GATTCGCG	0.1
TTGTCGCG	0.09
GTGTCGCG	0.1
CTGTCGCG	0.12
TGGTCGCG	0.1
GGGTCGCG	0.1
CGGTCGCG	0.1
TCGTCGCG	0.1
GCGTCGCG	0.1
TAGTCGCG	0.1
GAGTCGCG	0.08
TTCTCGCG	0.09
GTCTCGCG	0.09
CTCTCGCG	0.1
TGCTCGCG	0.09
GGCTCGCG	0.1
CGCTCGCG	0.1
TCCTCGCG	0.11
GCCTCGCG	0.11
TACTCGCG	0.1
GACTCGCG	0.09
TTATCGCG	0.11
GTATCGCG	0.09
CTATCGCG	0.09
TGATCGCG	0.1
GGATCGCG	0.1
TCATCGCG	0.1
GCATCGCG	0.09
TAATCGCG	0.11
GAATCGCG	0.12
TTTGCGCG	0.1
GTTGCGCG	0.09
CTTGCGCG	0.09
TGTGCGCG	0.1
GGTGCGCG	0.1
CGTGCGCG	0.1
TCTGCGCG	0.09
GCTGCGCG	0.11
TATGCGCG	0.09
GATGCGCG	0.11
TTGGCGCG	0.1
GTGGCGCG	0.1
CTGGCGCG	0.1
TGGGCGCG	0.11
GGGGCGCG	0.1
CGGGCGCG	0.1
TCGGCGCG	0.1
GCGGCGCG	0.11
TAGGCGCG	0.11
GAGGCGCG	0.09
TTCGCGCG	0.1
GTCGCGCG	0.09
CTCGCGCG	0.1
TGCGCGCG	0.09
GGCGCGCG	0.1
TCCGCGCG	0.11
GCCGCGCG	0.1
TACGCGCG	0.1
GACGCGCG	0.11
TTAGCGCG	0.1
GTAGCGCG	0.09
CTAGCGCG	0.09
TGAGCGCG	0.09
GGAGCGCG	0.1
TCAGCGCG	0.1
GCAGCGCG	0.08
TAAGCGCG	0.1
GAAGCGCG	0.11
TTTCCGCG	0.18
GTTCCGCG	0.11
CTTCCGCG	0.2
TGTCCGCG	0.12
GGTCCGCG	0.1
CGTCCGCG	0.11
TCTCCGCG	0.11
GCTCCGCG	0.09
TATCCGCG	0.15
GATCCGCG	0.1
TTGCCGCG	0.09
GTGCCGCG	0.09
CTGCCGCG	0.1
TGGCCGCG	0.09
GGGCCGCG	0.1
CGGCCGCG	0.09
TCGCCGCG	0.1
GCGCCGCG	0.1
TAGCCGCG	0.11
GAGCCGCG	0.08
TTCCCGCG	0.1
GTCCCGCG	0.12
CTCCCGCG	0.09
TGCCCGCG	0.09
GGCCCGCG	0.09
TCCCCGCG	0.1
GCCCCGCG	0.1
TACCCGCG	0.09
GACCCGCG	0.11
TTACCGCG	0.1
GTACCGCG	0.09
CTACCGCG	0.09
TGACCGCG	0.1
GGACCGCG	0.1
TCACCGCG	0.11
GCACCGCG	0.1
TAACCGCG	0.1
GAACCGCG	0.1
TTTACGCG	0.1
GTTACGCG	0.1
CTTACGCG	0.11
TGTACGCG	0.1
GGTACGCG	0.1
CGTACGCG	0.1
TCTACGCG	0.09
GCTACGCG	0.1
TATACGCG	0.09
GATACGCG	0.1
TTGACGCG	0.1
GTGACGCG	0.1
CTGACGCG	0.1
TGGACGCG	0.09
GGGACGCG	0.1
CGGACGCG	0.14
TCGACGCG	0.09
GCGACGCG	0.09
TAGACGCG	0.1
GAGACGCG	0.1
TTCACGCG	0.1
GTCACGCG	0.11
CTCACGCG	0.11
TGCACGCG	0.09
GGCACGCG	0.11
TCCACGCG	0.09
GCCACGCG	0.1
TACACGCG	0.08
GACACGCG	0.11
TTAACGCG	0.1
GTAACGCG	0.09
CTAACGCG	0.09
TGAACGCG	0.1
GGAACGCG	0.1
TCAACGCG	0.1
GCAACGCG	0.11
TAAACGCG	0.1
GAAACGCG	0.09
TTTTAGCG	0.1
GTTTAGCG	0.1
CTTTAGCG	0.1
TGTTAGCG	0.1
GGTTAGCG	0.1
CGTTAGCG	0.1
TCTTAGCG	0.1
GCTTAGCG	0.11
TATTAGCG	0.09
GATTAGCG	0.1
TTGTAGCG	0.12
GTGTAGCG	0.11
CTGTAGCG	0.1
TGGTAGCG	0.1
GGGTAGCG	0.09
CGGTAGCG	0.1
TCGTAGCG	0.1
GCGTAGCG	0.09
TAGTAGCG	0.13
GAGTAGCG	0.09
TTCTAGCG	0.1
GTCTAGCG	0.09
CTCTAGCG	0.09
TGCTAGCG	0.09
GGCTAGCG	0.08
TCCTAGCG	0.1
GCCTAGCG	0.1
TACTAGCG	0.1
GACTAGCG	0.08
TTATAGCG	0.11
GTATAGCG	0.12
CTATAGCG	0.08
TGATAGCG	0.11
GGATAGCG	0.11
TCATAGCG	0.09
GCATAGCG	0.09
TAATAGCG	0.11
GAATAGCG	0.11
TTTGAGCG	0.1
GTTGAGCG	0.1
CTTGAGCG	0.1
TGTGAGCG	0.09
GGTGAGCG	0.11
CGTGAGCG	0.11
TCTGAGCG	0.09
GCTGAGCG	0.1
TATGAGCG	0.1
GATGAGCG	0.09
TTGGAGCG	0.1
GTGGAGCG	0.1
CTGGAGCG	0.1
TGGGAGCG	0.1
GGGGAGCG	0.09
CGGGAGCG	0.1
TCGGAGCG	0.1
GCGGAGCG	0.09
TAGGAGCG	0.1
GAGGAGCG	0.1
TTCGAGCG	0.09
GTCGAGCG	0.08
CTCGAGCG	0.09
TGCGAGCG	0.11
GGCGAGCG	0.11
TCCGAGCG	0.11
GCCGAGCG	0.1
TACGAGCG	0.09
GACGAGCG	0.09
TTAGAGCG	0.1
GTAGAGCG	0.1
CTAGAGCG	0.09
TGAGAGCG	0.1
GGAGAGCG	0.09
TCAGAGCG	0.1
GCAGAGCG	0.1
TAAGAGCG	0.1
GAAGAGCG	0.09
TTTCAGCG	0.11
GTTCAGCG	0.1
CTTCAGCG	0.1
TGTCAGCG	0.12
GGTCAGCG	0.1
CGTCAGCG	0.09
TCTCAGCG	0.09
GCTCAGCG	0.1
TATCAGCG	0.11
GATCAGCG	0.09
TTGCAGCG	0.09
GTGCAGCG	0.08
CTGCAGCG	0.1
TGGCAGCG	0.1
GGGCAGCG	0.1
CGGCAGCG	0.09
TCGCAGCG	0.1
GCGCAGCG	0.1
TAGCAGCG	0.1
GAGCAGCG	0.08
TTCCAGCG	0.11
GTCCAGCG	0.1
CTCCAGCG	0.12
TGCCAGCG	0.1
GGCCAGCG	0.09
TCCCAGCG	0.09
GCCCAGCG	0.1
TACCAGCG	0.1
GACCAGCG	0.09
TTACAGCG	0.1
GTACAGCG	0.1
CTACAGCG	0.1
TGACAGCG	0.09
GGACAGCG	0.1
TCACAGCG	0.09
GCACAGCG	0.11
TAACAGCG	0.09
GAACAGCG	0.09
TTTAAGCG	0.12
GTTAAGCG	0.1
CTTAAGCG	0.1
TGTAAGCG	0.09
GGTAAGCG	0.1
CGTAAGCG	0.09
TCTAAGCG	0.1
GCTAAGCG	0.11
TATAAGCG	0.1
GATAAGCG	0.1
TTGAAGCG	0.11
GTGAAGCG	0.1
CTGAAGCG	0.1
TGGAAGCG	0.11
GGGAAGCG	0.13
CGGAAGCG	0.44
TCGAAGCG	0.1
GCGAAGCG	0.09
TAGAAGCG	0.09
GAGAAGCG	0.09
TTCAAGCG	0.1
GTCAAGCG	0.11
CTCAAGCG	0.1
TGCAAGCG	0.1
GGCAAGCG	0.1
TCCAAGCG	0.1
GCCAAGCG	0.09
TACAAGCG	0.08
GACAAGCG	0.09
TTAAAGCG	0.12
GTAAAGCG	0.1
CTAAAGCG	0.1
TGAAAGCG	0.1
GGAAAGCG	0.13
TCAAAGCG	0.1
GCAAAGCG	0.1
TAAAAGCG	0.12
GAAAAGCG	0.11
TTTTTCCG	0.18
GTTTTCCG	0.17
CTTTTCCG	0.24
TGTTTCCG	0.4
GGTTTCCG	0.4
CGTTTCCG	0.42
TCTTTCCG	0.19
GCTTTCCG	0.17
TATTTCCG	0.58
GATTTCCG	0.45
TTGTTCCG	0.16
GTGTTCCG	0.13
CTGTTCCG	0.16
TGGTTCCG	0.16
GGGTTCCG	0.14
CGGTTCCG	0.15
TCGTTCCG	0.1
GCGTTCCG	0.12
TAGTTCCG	0.18
GAGTTCCG	0.21
TTCTTCCG	0.27
GTCTTCCG	0.21
CTCTTCCG	0.26
TGCTTCCG	0.49
GGCTTCCG	0.39
TCCTTCCG	0.32
GCCTTCCG	0.21
TACTTCCG	0.62
GACTTCCG	0.55
TTATTCCG	0.14
GTATTCCG	0.12
CTATTCCG	0.13
TGATTCCG	0.11
GGATTCCG	0.13
TCATTCCG	0.12
GCATTCCG	0.12
TAATTCCG	0.13
GAATTCCG	0.16
TTTGTCCG	0.13
GTTGTCCG	0.11
CTTGTCCG	0.1
TGTGTCCG	0.12
GGTGTCCG	0.12
CGTGTCCG	0.13
TCTGTCCG	0.11
GCTGTCCG	0.11
TATGTCCG	0.13
GATGTCCG	0.15
TTGGTCCG	0.11
GTGGTCCG	0.1
CTGGTCCG	0.11
TGGGTCCG	0.1
GGGGTCCG	0.09
CGGGTCCG	0.11
TCGGTCCG	0.11
GCGGTCCG	0.1
TAGGTCCG	0.1
GAGGTCCG	0.09
TTCGTCCG	0.12
GTCGTCCG	0.12
CTCGTCCG	0.13
TGCGTCCG	0.14
GGCGTCCG	0.14
TCCGTCCG	0.15
GCCGTCCG	0.12
TACGTCCG	0.21
GACGTCCG	0.18
TTAGTCCG	0.1
GTAGTCCG	0.1
CTAGTCCG	0.1
TGAGTCCG	0.11
GGAGTCCG	0.11
TCAGTCCG	0.1
GCAGTCCG	0.09
TAAGTCCG	0.11
GAAGTCCG	0.12
TTTCTCCG	0.11
GTTCTCCG	0.11
CTTCTCCG	0.12
TGTCTCCG	0.1
GGTCTCCG	0.11
CGTCTCCG	0.09
TCTCTCCG	0.11
GCTCTCCG	0.1
TATCTCCG	0.11
GATCTCCG	0.11
TTGCTCCG	0.11
GTGCTCCG	0.09
CTGCTCCG	0.11
TGGCTCCG	0.09
GGGCTCCG	0.09
CGGCTCCG	0.1
TCGCTCCG	0.11
GCGCTCCG	0.09
TAGCTCCG	0.09
GAGCTCCG	0.08
TTCCTCCG	0.15
GTCCTCCG	0.09
CTCCTCCG	0.11
TGCCTCCG	0.1
GGCCTCCG	0.1
TCCCTCCG	0.11
GCCCTCCG	0.1
TACCTCCG	0.11
GACCTCCG	0.16
TTACTCCG	0.1
GTACTCCG	0.11
CTACTCCG	0.11
TGACTCCG	0.09
GGACTCCG	0.11
TCACTCCG	0.11
GCACTCCG	0.11
TAACTCCG	0.1
GAACTCCG	0.11
TTTATCCG	0.2
GTTATCCG	0.15
CTTATCCG	0.17
TGTATCCG	0.24
GGTATCCG	0.19
CGTATCCG	0.29
TCTATCCG	0.15
GCTATCCG	0.12
TATATCCG	0.39
GATATCCG	0.39
TTGATCCG	0.12
GTGATCCG	0.11
CTGATCCG	0.1
TGGATCCG	0.12
GGGATCCG	0.11
TCGATCCG	0.11
GCGATCCG	0.1
TAGATCCG	0.17
GAGATCCG	0.14
TTCATCCG	0.23
GTCATCCG	0.17
CTCATCCG	0.22
TGCATCCG	0.36
GGCATCCG	0.29
TCCATCCG	0.18
GCCATCCG	0.16
TACATCCG	0.59
GACATCCG	0.52
TTAATCCG	0.12
GTAATCCG	0.12
CTAATCCG	0.11
TGAATCCG	0.12
GGAATCCG	0.13
TCAATCCG	0.12
GCAATCCG	0.11
TAAATCCG	0.12
GAAATCCG	0.14
TTTTGCCG	0.1
GTTTGCCG	0.12
CTTTGCCG	0.1
TGTTGCCG	0.11
GGTTGCCG	0.1
CGTTGCCG	0.1
TCTTGCCG	0.09
GCTTGCCG	0.1
TATTGCCG	0.1
GATTGCCG	0.11
TTGTGCCG	0.09
GTGTGCCG	0.09
CTGTGCCG	0.12
TGGTGCCG	0.12
GGGTGCCG	0.11
CGGTGCCG	0.1
TCGTGCCG	0.09
GCGTGCCG	0.1
TAGTGCCG	0.1
GAGTGCCG	0.09
TTCTGCCG	0.1
GTCTGCCG	0.1
CTCTGCCG	0.09
TGCTGCCG	0.1
GGCTGCCG	0.09
TCCTGCCG	0.11
GCCTGCCG	0.1
TACTGCCG	0.1
GACTGCCG	0.11
TTATGCCG	0.11
GTATGCCG	0.1
CTATGCCG	0.1
TGATGCCG	0.11
GGATGCCG	0.16
TCATGCCG	0.1
GCATGCCG	0.11
TAATGCCG	0.1
GAATGCCG	0.1
TTTGGCCG	0.1
GTTGGCCG	0.1
CTTGGCCG	0.11
TGTGGCCG	0.1
GGTGGCCG	0.09
CGTGGCCG	0.1
TCTGGCCG	0.11
GCTGGCCG	0.11
TATGGCCG	0.1
GATGGCCG	0.1
TTGGGCCG	0.11
GTGGGCCG	0.08
CTGGGCCG	0.08
TGGGGCCG	0.09
GGGGGCCG	0.1
CGGGGCCG	0.11
TCGGGCCG	0.1
GCGGGCCG	0.09
TAGGGCCG	0.1
GAGGGCCG	0.1
TTCGGCCG	0.1
GTCGGCCG	0.09
CTCGGCCG	0.09
TGCGGCCG	0.1
GGCGGCCG	0.09
TCCGGCCG	0.19
GCCGGCCG	0.11
TACGGCCG	0.1
GACGGCCG	0.09
TTAGGCCG	0.1
GTAGGCCG	0.09
CTAGGCCG	0.09
TGAGGCCG	0.11
GGAGGCCG	0.1
TCAGGCCG	0.09
GCAGGCCG	0.09
TAAGGCCG	0.11
GAAGGCCG	0.14
TTTCGCCG	0.12
GTTCGCCG	0.11
CTTCGCCG	0.1
TGTCGCCG	0.1
GGTCGCCG	0.1
CGTCGCCG	0.11
TCTCGCCG	0.1
GCTCGCCG	0.09
TATCGCCG	0.12
GATCGCCG	0.11
TTGCGCCG	0.09
GTGCGCCG	0.1
CTGCGCCG	0.08
TGGCGCCG	0.09
GGGCGCCG	0.1
TCGCGCCG	0.1
GCGCGCCG	0.11
TAGCGCCG	0.09
GAGCGCCG	0.08
TTCCGCCG	0.2
GTCCGCCG	0.11
CTCCGCCG	0.12
TGCCGCCG	0.1
GGCCGCCG	0.11
TCCCGCCG	0.1
GCCCGCCG	0.09
TACCGCCG	0.1
GACCGCCG	0.1
TTACGCCG	0.12
GTACGCCG	0.11
CTACGCCG	0.09
TGACGCCG	0.1
GGACGCCG	0.12
TCACGCCG	0.09
GCACGCCG	0.1
TAACGCCG	0.1
GAACGCCG	0.1
TTTAGCCG	0.12
GTTAGCCG	0.09
CTTAGCCG	0.11
TGTAGCCG	0.1
GGTAGCCG	0.11
CGTAGCCG	0.09
TCTAGCCG	0.1
GCTAGCCG	0.08
TATAGCCG	0.1
GATAGCCG	0.1
TTGAGCCG	0.1
GTGAGCCG	0.1
CTGAGCCG	0.1
TGGAGCCG	0.1
GGGAGCCG	0.09
TCGAGCCG	0.09
GCGAGCCG	0.1
TAGAGCCG	0.11
GAGAGCCG	0.1
TTCAGCCG	0.1
GTCAGCCG	0.09
CTCAGCCG	0.09
TGCAGCCG	0.1
GGCAGCCG	0.1
TCCAGCCG	0.09
GCCAGCCG	0.1
TACAGCCG	0.09
GACAGCCG	0.1
TTAAGCCG	0.11
GTAAGCCG	0.1
CTAAGCCG	0.1
TGAAGCCG	0.09
GGAAGCCG	0.16
TCAAGCCG	0.12
GCAAGCCG	0.11
TAAAGCCG	0.1
GAAAGCCG	0.11
TTTTCCCG	0.14
GTTTCCCG	0.18
CTTTCCCG	0.14
TGTTCCCG	0.13
GGTTCCCG	0.11
CGTTCCCG	0.1
TCTTCCCG	0.14
GCTTCCCG	0.16
TATTCCCG	0.12
GATTCCCG	0.11
TTGTCCCG	0.11
GTGTCCCG	0.1
CTGTCCCG	0.11
TGGTCCCG	0.09
GGGTCCCG	0.1
CGGTCCCG	0.11
TCGTCCCG	0.1
GCGTCCCG	0.11
TAGTCCCG	0.1
GAGTCCCG	0.1
TTCTCCCG	0.11
GTCTCCCG	0.12
CTCTCCCG	0.1
TGCTCCCG	0.1
GGCTCCCG	0.09
TCCTCCCG	0.13
GCCTCCCG	0.1
TACTCCCG	0.11
GACTCCCG	0.09
TTATCCCG	0.11
GTATCCCG	0.13
CTATCCCG	0.09
TGATCCCG	0.11
GGATCCCG	0.11
TCATCCCG	0.11
GCATCCCG	0.12
TAATCCCG	0.1
GAATCCCG	0.11
TTTGCCCG	0.11
GTTGCCCG	0.1
CTTGCCCG	0.09
TGTGCCCG	0.11
GGTGCCCG	0.09
CGTGCCCG	0.09
TCTGCCCG	0.1
GCTGCCCG	0.1
TATGCCCG	0.09
GATGCCCG	0.1
TTGGCCCG	0.09
GTGGCCCG	0.09
CTGGCCCG	0.1
TGGGCCCG	0.1
GGGGCCCG	0.1
TCGGCCCG	0.09
GCGGCCCG	0.09
TAGGCCCG	0.09
GAGGCCCG	0.1
TTCGCCCG	0.1
GTCGCCCG	0.1
CTCGCCCG	0.1
TGCGCCCG	0.09
GGCGCCCG	0.09
TCCGCCCG	0.15
GCCGCCCG	0.1
TACGCCCG	0.08
GACGCCCG	0.09
TTAGCCCG	0.09
GTAGCCCG	0.1
CTAGCCCG	0.09
TGAGCCCG	0.1
GGAGCCCG	0.09
TCAGCCCG	0.09
GCAGCCCG	0.1
TAAGCCCG	0.12
GAAGCCCG	0.11
TTTCCCCG	0.13
GTTCCCCG	0.12
CTTCCCCG	0.13
TGTCCCCG	0.1
GGTCCCCG	0.1
CGTCCCCG	0.1
TCTCCCCG	0.08
GCTCCCCG	0.1
TATCCCCG	0.1
GATCCCCG	0.09
TTGCCCCG	0.11
GTGCCCCG	0.09
CTGCCCCG	0.11
TGGCCCCG	0.1
GGGCCCCG	0.09
TCGCCCCG	0.1
GCGCCCCG	0.1
TAGCCCCG	0.11
GAGCCCCG	0.1
TTCCCCCG	0.14
GTCCCCCG	0.09
CTCCCCCG	0.11
TGCCCCCG	0.1
GGCCCCCG	0.09
TCCCCCCG	0.11
GCCCCCCG	0.11
TACCCCCG	0.11
GACCCCCG	0.1
TTACCCCG	0.12
GTACCCCG	0.09
CTACCCCG	0.12
TGACCCCG	0.09
GGACCCCG	0.1
TCACCCCG	0.12
GCACCCCG	0.1
TAACCCCG	0.11
GAACCCCG	0.11
TTTACCCG	0.11
GTTACCCG	0.1
CTTACCCG	0.1
TGTACCCG	0.1
GGTACCCG	0.1
CGTACCCG	0.1
TCTACCCG	0.11
GCTACCCG	0.11
TATACCCG	0.12
GATACCCG	0.11
TTGACCCG	0.11
GTGACCCG	0.09
CTGACCCG	0.11
TGGACCCG	0.1
GGGACCCG	0.1
TCGACCCG	0.09
GCGACCCG	0.09
TAGACCCG	0.09
GAGACCCG	0.1
TTCACCCG	0.1
GTCACCCG	0.11
CTCACCCG	0.1
TGCACCCG	0.1
GGCACCCG	0.11
TCCACCCG	0.1
GCCACCCG	0.11
TACACCCG	0.12
GACACCCG	0.12
TTAACCCG	0.1
GTAACCCG	0.1
CTAACCCG	0.09
TGAACCCG	0.1
GGAACCCG	0.14
TCAACCCG	0.11
GCAACCCG	0.09
TAAACCCG	0.11
GAAACCCG	0.12
TTTTACCG	0.12
GTTTACCG	0.1
CTTTACCG	0.1
TGTTACCG	0.12
GGTTACCG	0.1
CGTTACCG	0.1
TCTTACCG	0.1
GCTTACCG	0.1
TATTACCG	0.12
GATTACCG	0.1
TTGTACCG	0.11
GTGTACCG	0.1
CTGTACCG	0.1
TGGTACCG	0.1
GGGTACCG	0.1
TCGTACCG	0.1
GCGTACCG	0.09
TAGTACCG	0.12
GAGTACCG	0.1
TTCTACCG	0.09
GTCTACCG	0.1
CTCTACCG	0.1
TGCTACCG	0.1
GGCTACCG	0.11
TCCTACCG	0.11
GCCTACCG	0.11
TACTACCG	0.11
GACTACCG	0.11
TTATACCG	0.11
GTATACCG	0.1
CTATACCG	0.1
TGATACCG	0.11
GGATACCG	0.17
TCATACCG	0.12
GCATACCG	0.11
TAATACCG	0.12
GAATACCG	0.1
TTTGACCG	0.11
GTTGACCG	0.11
CTTGACCG	0.11
TGTGACCG	0.09
GGTGACCG	0.11
CGTGACCG	0.1
TCTGACCG	0.11
GCTGACCG	0.1
TATGACCG	0.11
GATGACCG	0.11
TTGGACCG	0.11
GTGGACCG	0.09
CTGGACCG	0.09
TGGGACCG	0.11
GGGGACCG	0.11
TCGGACCG	0.1
GCGGACCG	0.1
TAGGACCG	0.1
GAGGACCG	0.1
TTCGACCG	0.1
GTCGACCG	0.11
CTCGACCG	0.1
TGCGACCG	0.11
GGCGACCG	0.11
TCCGACCG	0.11
GCCGACCG	0.09
TACGACCG	0.09
GACGACCG	0.1
TTAGACCG	0.1
GTAGACCG	0.11
CTAGACCG	0.1
TGAGACCG	0.11
GGAGACCG	0.1
TCAGACCG	0.1
GCAGACCG	0.11
TAAGACCG	0.08
GAAGACCG	0.11
TTTCACCG	0.1
GTTCACCG	0.11
CTTCACCG	0.11
TGTCACCG	0.11
GGTCACCG	0.11
CGTCACCG	0.1
TCTCACCG	0.1
GCTCACCG	0.1
TATCACCG	0.11
GATCACCG	0.1
TTGCACCG	0.1
GTGCACCG	0.1
CTGCACCG	0.13
TGGCACCG	0.1
GGGCACCG	0.1
TCGCACCG	0.1
GCGCACCG	0.1
TAGCACCG	0.11
GAGCACCG	0.1
TTCCACCG	0.11
GTCCACCG	0.11
CTCCACCG	0.09
TGCCACCG	0.09
GGCCACCG	0.08
TCCCACCG	0.1
GCCCACCG	0.11
TACCACCG	0.1
GACCACCG	0.09
TTACACCG	0.11
GTACACCG	0.09
CTACACCG	0.1
TGACACCG	0.09
GGACACCG	0.11
TCACACCG	0.1
GCACACCG	0.1
TAACACCG	0.11
GAACACCG	0.1
TTTAACCG	0.12
GTTAACCG	0.1
CTTAACCG	0.1
TGTAACCG	0.13
GGTAACCG	0.1
CGTAACCG	0.11
TCTAACCG	0.1
GCTAACCG	0.09
TATAACCG	0.1
GATAACCG	0.11
TTGAACCG	0.1
GTGAACCG	0.09
CTGAACCG	0.1
TGGAACCG	0.11
GGGAACCG	0.11
TCGAACCG	0.1
GCGAACCG	0.1
TAGAACCG	0.11
GAGAACCG	0.11
TTCAACCG	0.1
GTCAACCG	0.11
CTCAACCG	0.11
TGCAACCG	0.1
GGCAACCG	0.1
TCCAACCG	0.1
GCCAACCG	0.11
TACAACCG	0.1
GACAACCG	0.11
TTAAACCG	0.11
GTAAACCG	0.1
CTAAACCG	0.11
TGAAACCG	0.11
GGAAACCG	0.18
TCAAACCG	0.09
GCAAACCG	0.11
TAAAACCG	0.12
GAAAACCG	0.11
TTTTTACG	0.1
GTTTTACG	0.1
CTTTTACG	0.11
TGTTTACG	0.1
GGTTTACG	0.1
CGTTTACG	0.09
TCTTTACG	0.1
GCTTTACG	0.09
TATTTACG	0.11
GATTTACG	0.12
TTGTTACG	0.13
GTGTTACG	0.1
CTGTTACG	0.1
TGGTTACG	0.11
GGGTTACG	0.1
TCGTTACG	0.11
GCGTTACG	0.1
TAGTTACG	0.11
GAGTTACG	0.1
TTCTTACG	0.11
GTCTTACG	0.08
CTCTTACG	0.11
TGCTTACG	0.1
GGCTTACG	0.11
TCCTTACG	0.11
GCCTTACG	0.1
TACTTACG	0.11
GACTTACG	0.1
TTATTACG	0.11
GTATTACG	0.11
CTATTACG	0.1
TGATTACG	0.1
GGATTACG	0.11
TCATTACG	0.1
GCATTACG	0.1
TAATTACG	0.1
GAATTACG	0.1
TTTGTACG	0.11
GTTGTACG	0.09
CTTGTACG	0.1
TGTGTACG	0.1
GGTGTACG	0.09
CGTGTACG	0.09
TCTGTACG	0.09
GCTGTACG	0.09
TATGTACG	0.1
GATGTACG	0.1
TTGGTACG	0.11
GTGGTACG	0.1
CTGGTACG	0.09
TGGGTACG	0.11
GGGGTACG	0.1
TCGGTACG	0.1
GCGGTACG	0.09
TAGGTACG	0.09
GAGGTACG	0.09
TTCGTACG	0.11
GTCGTACG	0.08
CTCGTACG	0.09
TGCGTACG	0.1
GGCGTACG	0.09
TCCGTACG	0.11
GCCGTACG	0.09
TACGTACG	0.08
GACGTACG	0.1
TTAGTACG	0.09
GTAGTACG	0.09
CTAGTACG	0.09
TGAGTACG	0.1
GGAGTACG	0.12
TCAGTACG	0.1
GCAGTACG	0.08
TAAGTACG	0.09
GAAGTACG	0.11
TTTCTACG	0.11
GTTCTACG	0.1
CTTCTACG	0.11
TGTCTACG	0.09
GGTCTACG	0.1
CGTCTACG	0.09
TCTCTACG	0.1
GCTCTACG	0.1
TATCTACG	0.09
GATCTACG	0.1
TTGCTACG	0.1
GTGCTACG	0.1
CTGCTACG	0.1
TGGCTACG	0.1
GGGCTACG	0.11
TCGCTACG	0.1
GCGCTACG	0.08
TAGCTACG	0.09
GAGCTACG	0.09
TTCCTACG	0.11
GTCCTACG	0.1
CTCCTACG	0.1
TGCCTACG	0.1
GGCCTACG	0.09
TCCCTACG	0.11
GCCCTACG	0.09
TACCTACG	0.1
GACCTACG	0.1
TTACTACG	0.1
GTACTACG	0.1
CTACTACG	0.1
TGACTACG	0.09
GGACTACG	0.09
TCACTACG	0.09
GCACTACG	0.09
TAACTACG	0.1
GAACTACG	0.1
TTTATACG	0.12
GTTATACG	0.1
CTTATACG	0.1
TGTATACG	0.1
GGTATACG	0.1
TCTATACG	0.1
GCTATACG	0.09
TATATACG	0.1
GATATACG	0.12
TTGATACG	0.1
GTGATACG	0.08
CTGATACG	0.09
TGGATACG	0.11
GGGATACG	0.12
TCGATACG	0.09
GCGATACG	0.1
TAGATACG	0.1
GAGATACG	0.1
TTCATACG	0.11
GTCATACG	0.09
CTCATACG	0.1
TGCATACG	0.11
GGCATACG	0.11
TCCATACG	0.09
GCCATACG	0.09
TACATACG	0.1
GACATACG	0.09
TTAATACG	0.11
GTAATACG	0.1
CTAATACG	0.12
TGAATACG	0.09
GGAATACG	0.12
TCAATACG	0.1
GCAATACG	0.09
TAAATACG	0.11
GAAATACG	0.12
TTTTGACG	0.12
GTTTGACG	0.1
CTTTGACG	0.09
TGTTGACG	0.1
GGTTGACG	0.11
CGTTGACG	0.11
TCTTGACG	0.09
GCTTGACG	0.1
TATTGACG	0.11
GATTGACG	0.09
TTGTGACG	0.1
GTGTGACG	0.11
CTGTGACG	0.1
TGGTGACG	0.09
GGGTGACG	0.1
TCGTGACG	0.09
GCGTGACG	0.11
TAGTGACG	0.1
GAGTGACG	0.1
TTCTGACG	0.1
GTCTGACG	0.1
CTCTGACG	0.09
TGCTGACG	0.09
GGCTGACG	0.1
TCCTGACG	0.11
GCCTGACG	0.08
TACTGACG	0.11
GACTGACG	0.1
TTATGACG	0.11
GTATGACG	0.12
CTATGACG	0.1
TGATGACG	0.1
GGATGACG	0.12
TCATGACG	0.09
GCATGACG	0.1
TAATGACG	0.1
GAATGACG	0.12
TTTGGACG	0.11
GTTGGACG	0.1
CTTGGACG	0.1
TGTGGACG	0.1
GGTGGACG	0.1
CGTGGACG	0.09
TCTGGACG	0.1
GCTGGACG	0.09
TATGGACG	0.1
GATGGACG	0.09
TTGGGACG	0.1
GTGGGACG	0.11
CTGGGACG	0.09
TGGGGACG	0.11
GGGGGACG	0.1
TCGGGACG	0.09
GCGGGACG	0.11
TAGGGACG	0.09
GAGGGACG	0.1
TTCGGACG	0.12
GTCGGACG	0.11
CTCGGACG	0.1
TGCGGACG	0.11
GGCGGACG	0.16
TCCGGACG	0.23
GCCGGACG	0.26
TACGGACG	0.12
GACGGACG	0.11
TTAGGACG	0.11
GTAGGACG	0.09
CTAGGACG	0.1
TGAGGACG	0.11
GGAGGACG	0.1
TCAGGACG	0.12
GCAGGACG	0.14
TAAGGACG	0.12
GAAGGACG	0.12
TTTCGACG	0.1
GTTCGACG	0.09
CTTCGACG	0.11
TGTCGACG	0.1
GGTCGACG	0.09
TCTCGACG	0.1
GCTCGACG	0.09
TATCGACG	0.09
GATCGACG	0.1
TTGCGACG	0.1
GTGCGACG	0.1
CTGCGACG	0.09
TGGCGACG	0.09
GGGCGACG	0.09
TCGCGACG	0.11
GCGCGACG	0.09
TAGCGACG	0.1
GAGCGACG	0.09
TTCCGACG	0.15
GTCCGACG	0.09
CTCCGACG	0.11
TGCCGACG	0.1
GGCCGACG	0.11
TCCCGACG	0.11
GCCCGACG	0.1
TACCGACG	0.1
GACCGACG	0.11
TTACGACG	0.11
GTACGACG	0.09
CTACGACG	0.09
TGACGACG	0.1
GGACGACG	0.09
TCACGACG	0.1
GCACGACG	0.11
TAACGACG	0.11
GAACGACG	0.1
TTTAGACG	0.1
GTTAGACG	0.1
CTTAGACG	0.09
TGTAGACG	0.1
GGTAGACG	0.1
TCTAGACG	0.09
GCTAGACG	0.1
TATAGACG	0.09
GATAGACG	0.1
TTGAGACG	0.11
GTGAGACG	0.11
CTGAGACG	0.1
TGGAGACG	0.1
GGGAGACG	0.1
TCGAGACG	0.1
GCGAGACG	0.1
TAGAGACG	0.09
GAGAGACG	0.1
TTCAGACG	0.1
GTCAGACG	0.09
CTCAGACG	0.11
TGCAGACG	0.09
GGCAGACG	0.09
TCCAGACG	0.09
GCCAGACG	0.09
TACAGACG	0.11
GACAGACG	0.09
TTAAGACG	0.1
GTAAGACG	0.11
CTAAGACG	0.08
TGAAGACG	0.12
GGAAGACG	0.15
TCAAGACG	0.12
GCAAGACG	0.09
TAAAGACG	0.12
GAAAGACG	0.12
TTTTCACG	0.11
GTTTCACG	0.1
CTTTCACG	0.1
TGTTCACG	0.1
GGTTCACG	0.1
CGTTCACG	0.1
TCTTCACG	0.1
GCTTCACG	0.09
TATTCACG	0.12
GATTCACG	0.1
TTGTCACG	0.1
GTGTCACG	0.1
CTGTCACG	0.1
TGGTCACG	0.09
GGGTCACG	0.1
TCGTCACG	0.11
GCGTCACG	0.09
TAGTCACG	0.1
GAGTCACG	0.09
TTCTCACG	0.09
GTCTCACG	0.1
CTCTCACG	0.1
TGCTCACG	0.09
GGCTCACG	0.09
TCCTCACG	0.11
GCCTCACG	0.1
TACTCACG	0.08
GACTCACG	0.09
TTATCACG	0.1
GTATCACG	0.09
CTATCACG	0.1
TGATCACG	0.08
GGATCACG	0.11
TCATCACG	0.09
GCATCACG	0.09
TAATCACG	0.1
GAATCACG	0.11
TTTGCACG	0.09
GTTGCACG	0.09
CTTGCACG	0.09
TGTGCACG	0.09
GGTGCACG	0.1
TCTGCACG	0.1
GCTGCACG	0.08
TATGCACG	0.1
GATGCACG	0.1
TTGGCACG	0.1
GTGGCACG	0.09
CTGGCACG	0.1
TGGGCACG	0.1
GGGGCACG	0.1
TCGGCACG	0.09
GCGGCACG	0.08
TAGGCACG	0.1
GAGGCACG	0.1
TTCGCACG	0.11
GTCGCACG	0.1
CTCGCACG	0.1
TGCGCACG	0.08
GGCGCACG	0.09
TCCGCACG	0.11
GCCGCACG	0.1
TACGCACG	0.1
GACGCACG	0.11
TTAGCACG	0.11
GTAGCACG	0.09
CTAGCACG	0.09
TGAGCACG	0.09
GGAGCACG	0.09
TCAGCACG	0.1
GCAGCACG	0.09
TAAGCACG	0.11
GAAGCACG	0.12
TTTCCACG	0.12
GTTCCACG	0.11
CTTCCACG	0.12
TGTCCACG	0.09
GGTCCACG	0.09
TCTCCACG	0.11
GCTCCACG	0.11
TATCCACG	0.1
GATCCACG	0.1
TTGCCACG	0.1
GTGCCACG	0.1
CTGCCACG	0.09
TGGCCACG	0.09
GGGCCACG	0.1
TCGCCACG	0.1
GCGCCACG	0.08
TAGCCACG	0.1
GAGCCACG	0.08
TTCCCACG	0.09
GTCCCACG	0.1
CTCCCACG	0.1
TGCCCACG	0.09
GGCCCACG	0.1
TCCCCACG	0.11
GCCCCACG	0.08
TACCCACG	0.1
GACCCACG	0.1
TTACCACG	0.09
GTACCACG	0.1
CTACCACG	0.09
TGACCACG	0.09
GGACCACG	0.09
TCACCACG	0.09
GCACCACG	0.1
TAACCACG	0.09
GAACCACG	0.09
TTTACACG	0.11
GTTACACG	0.1
CTTACACG	0.1
TGTACACG	0.09
GGTACACG	0.09
TCTACACG	0.12
GCTACACG	0.1
TATACACG	0.1
GATACACG	0.1
TTGACACG	0.08
GTGACACG	0.1
CTGACACG	0.11
TGGACACG	0.1
GGGACACG	0.1
TCGACACG	0.1
GCGACACG	0.1
TAGACACG	0.09
GAGACACG	0.09
TTCACACG	0.09
GTCACACG	0.09
CTCACACG	0.09
TGCACACG	0.1
GGCACACG	0.09
TCCACACG	0.1
GCCACACG	0.08
TACACACG	0.11
GACACACG	0.1
TTAACACG	0.1
GTAACACG	0.1
CTAACACG	0.1
TGAACACG	0.1
GGAACACG	0.12
TCAACACG	0.09
GCAACACG	0.11
TAAACACG	0.09
GAAACACG	0.1
TTTTAACG	0.11
GTTTAACG	0.1
CTTTAACG	0.11
TGTTAACG	0.1
GGTTAACG	0.09
TCTTAACG	0.1
GCTTAACG	0.11
TATTAACG	0.1
GATTAACG	0.1
TTGTAACG	0.1
GTGTAACG	0.1
CTGTAACG	0.1
TGGTAACG	0.1
GGGTAACG	0.09
TCGTAACG	0.11
GCGTAACG	0.11
TAGTAACG	0.1
GAGTAACG	0.09
TTCTAACG	0.1
GTCTAACG	0.09
CTCTAACG	0.11
TGCTAACG	0.12
GGCTAACG	0.1
TCCTAACG	0.11
GCCTAACG	0.1
TACTAACG	0.09
GACTAACG	0.1
TTATAACG	0.1
GTATAACG	0.1
CTATAACG	0.11
TGATAACG	0.1
GGATAACG	0.13
TCATAACG	0.11
GCATAACG	0.1
TAATAACG	0.1
GAATAACG	0.1
TTTGAACG	0.11
GTTGAACG	0.09
CTTGAACG	0.1
TGTGAACG	0.11
GGTGAACG	0.1
TCTGAACG	0.09
GCTGAACG	0.1
TATGAACG	0.1
GATGAACG	0.1
TTGGAACG	0.1
GTGGAACG	0.1
CTGGAACG	0.09
TGGGAACG	0.09
GGGGAACG	0.11
TCGGAACG	0.09
GCGGAACG	0.1
TAGGAACG	0.11
GAGGAACG	0.11
TTCGAACG	0.09
GTCGAACG	0.1
CTCGAACG	0.1
TGCGAACG	0.09
GGCGAACG	0.12
TCCGAACG	0.13
GCCGAACG	0.1
TACGAACG	0.11
GACGAACG	0.11
TTAGAACG	0.1
GTAGAACG	0.1
CTAGAACG	0.11
TGAGAACG	0.09
GGAGAACG	0.11
TCAGAACG	0.1
GCAGAACG	0.11
TAAGAACG	0.1
GAAGAACG	0.11
TTTCAACG	0.11
GTTCAACG	0.1
CTTCAACG	0.11
TGTCAACG	0.1
GGTCAACG	0.09
TCTCAACG	0.1
GCTCAACG	0.09
TATCAACG	0.11
GATCAACG	0.11
TTGCAACG	0.09
GTGCAACG	0.1
CTGCAACG	0.09
TGGCAACG	0.1
GGGCAACG	0.09
TCGCAACG	0.11
GCGCAACG	0.1
TAGCAACG	0.11
GAGCAACG	0.1
TTCCAACG	0.11
GTCCAACG	0.09
CTCCAACG	0.09
TGCCAACG	0.1
GGCCAACG	0.1
TCCCAACG	0.12
GCCCAACG	0.1
TACCAACG	0.1
GACCAACG	0.11
TTACAACG	0.1
GTACAACG	0.1
CTACAACG	0.11
TGACAACG	0.1
GGACAACG	0.11
TCACAACG	0.1
GCACAACG	0.1
TAACAACG	0.12
GAACAACG	0.1
TTTAAACG	0.1
GTTAAACG	0.11
CTTAAACG	0.11
TGTAAACG	0.1
GGTAAACG	0.12
TCTAAACG	0.1
GCTAAACG	0.1
TATAAACG	0.11
GATAAACG	0.1
TTGAAACG	0.1
GTGAAACG	0.1
CTGAAACG	0.11
TGGAAACG	0.11
GGGAAACG	0.15
TCGAAACG	0.1
GCGAAACG	0.11
TAGAAACG	0.1
GAGAAACG	0.1
TTCAAACG	0.11
GTCAAACG	0.1
CTCAAACG	0.11
TGCAAACG	0.12
GGCAAACG	0.09
TCCAAACG	0.09
GCCAAACG	0.1
TACAAACG	0.11
GACAAACG	0.1
TTAAAACG	0.12
GTAAAACG	0.09
CTAAAACG	0.12
TGAAAACG	0.13
GGAAAACG	0.13
TCAAAACG	0.11
GCAAAACG	0.09
TAAAAACG	0.11
GAAAAACG	0.1
TTTTTTAG	0.13
GTTTTTAG	0.1
CTTTTTAG	0.11
TGTTTTAG	0.09
GGTTTTAG	0.11
TCTTTTAG	0.1
GCTTTTAG	0.11
TATTTTAG	0.11
GATTTTAG	0.1
TTGTTTAG	0.11
GTGTTTAG	0.11
CTGTTTAG	0.11
TGGTTTAG	0.1
GGGTTTAG	0.13
TCGTTTAG	0.11
GCGTTTAG	0.1
TAGTTTAG	0.11
GAGTTTAG	0.11
TTCTTTAG	0.11
GTCTTTAG	0.1
CTCTTTAG	0.11
TGCTTTAG	0.1
GGCTTTAG	0.1
TCCTTTAG	0.12
GCCTTTAG	0.1
TACTTTAG	0.11
GACTTTAG	0.11
TTATTTAG	0.1
GTATTTAG	0.1
CTATTTAG	0.1
TGATTTAG	0.11
GGATTTAG	0.11
TCATTTAG	0.1
GCATTTAG	0.11
TAATTTAG	0.11
GAATTTAG	0.11
TTTGTTAG	0.1
GTTGTTAG	0.11
CTTGTTAG	0.11
TGTGTTAG	0.1
GGTGTTAG	0.1
TCTGTTAG	0.11
GCTGTTAG	0.1
TATGTTAG	0.12
GATGTTAG	0.12
TTGGTTAG	0.09
GTGGTTAG	0.1
CTGGTTAG	0.1
TGGGTTAG	0.09
GGGGTTAG	0.09
TCGGTTAG	0.12
GCGGTTAG	0.09
TAGGTTAG	0.11
GAGGTTAG	0.1
TTCGTTAG	0.1
GTCGTTAG	0.09
CTCGTTAG	0.1
TGCGTTAG	0.11
GGCGTTAG	0.1
TCCGTTAG	0.15
GCCGTTAG	0.09
TACGTTAG	0.1
GACGTTAG	0.1
TTAGTTAG	0.11
GTAGTTAG	0.1
CTAGTTAG	0.1
TGAGTTAG	0.11
GGAGTTAG	0.09
TCAGTTAG	0.1
GCAGTTAG	0.11
TAAGTTAG	0.12
GAAGTTAG	0.11
TTTCTTAG	0.13
GTTCTTAG	0.11
CTTCTTAG	0.09
TGTCTTAG	0.1
GGTCTTAG	0.1
TCTCTTAG	0.11
GCTCTTAG	0.1
TATCTTAG	0.09
GATCTTAG	0.1
TTGCTTAG	0.1
GTGCTTAG	0.1
CTGCTTAG	0.09
TGGCTTAG	0.11
GGGCTTAG	0.1
TCGCTTAG	0.1
GCGCTTAG	0.11
TAGCTTAG	0.11
GAGCTTAG	0.1
TTCCTTAG	0.13
GTCCTTAG	0.1
CTCCTTAG	0.11
TGCCTTAG	0.11
GGCCTTAG	0.09
TCCCTTAG	0.11
GCCCTTAG	0.09
TACCTTAG	0.1
GACCTTAG	0.09
TTACTTAG	0.1
GTACTTAG	0.09
CTACTTAG	0.12
TGACTTAG	0.1
GGACTTAG	0.11
TCACTTAG	0.11
GCACTTAG	0.1
TAACTTAG	0.1
GAACTTAG	0.1
TTTATTAG	0.1
GTTATTAG	0.12
CTTATTAG	0.09
TGTATTAG	0.12
GGTATTAG	0.11
TCTATTAG	0.1
GCTATTAG	0.1
TATATTAG	0.12
GATATTAG	0.12
TTGATTAG	0.11
GTGATTAG	0.11
CTGATTAG	0.1
TGGATTAG	0.1
GGGATTAG	0.1
TCGATTAG	0.1
GCGATTAG	0.09
TAGATTAG	0.12
GAGATTAG	0.11
TTCATTAG	0.13
GTCATTAG	0.1
CTCATTAG	0.1
TGCATTAG	0.09
GGCATTAG	0.1
TCCATTAG	0.11
GCCATTAG	0.1
TACATTAG	0.11
GACATTAG	0.11
TTAATTAG	0.11
GTAATTAG	0.1
TGAATTAG	0.1
GGAATTAG	0.13
TCAATTAG	0.11
GCAATTAG	0.11
TAAATTAG	0.1
GAAATTAG	0.12
TTTTGTAG	0.11
GTTTGTAG	0.11
CTTTGTAG	0.1
TGTTGTAG	0.1
GGTTGTAG	0.11
TCTTGTAG	0.1
GCTTGTAG	0.09
TATTGTAG	0.11
GATTGTAG	0.11
TTGTGTAG	0.11
GTGTGTAG	0.12
CTGTGTAG	0.1
TGGTGTAG	0.11
GGGTGTAG	0.1
TCGTGTAG	0.09
GCGTGTAG	0.09
TAGTGTAG	0.1
GAGTGTAG	0.09
TTCTGTAG	0.11
GTCTGTAG	0.11
CTCTGTAG	0.1
TGCTGTAG	0.09
GGCTGTAG	0.09
TCCTGTAG	0.13
GCCTGTAG	0.1
TACTGTAG	0.1
GACTGTAG	0.1
TTATGTAG	0.1
GTATGTAG	0.1
CTATGTAG	0.1
TGATGTAG	0.1
GGATGTAG	0.19
TCATGTAG	0.09
GCATGTAG	0.09
TAATGTAG	0.11
GAATGTAG	0.11
TTTGGTAG	0.11
GTTGGTAG	0.12
CTTGGTAG	0.1
TGTGGTAG	0.11
GGTGGTAG	0.1
TCTGGTAG	0.11
GCTGGTAG	0.1
TATGGTAG	0.1
GATGGTAG	0.12
TTGGGTAG	0.12
GTGGGTAG	0.1
CTGGGTAG	0.09
TGGGGTAG	0.1
GGGGGTAG	0.11
TCGGGTAG	0.1
GCGGGTAG	0.1
TAGGGTAG	0.09
GAGGGTAG	0.12
TTCGGTAG	0.1
GTCGGTAG	0.1
CTCGGTAG	0.11
TGCGGTAG	0.1
GGCGGTAG	0.09
TCCGGTAG	0.19
GCCGGTAG	0.12
TACGGTAG	0.1
GACGGTAG	0.12
TTAGGTAG	0.11
GTAGGTAG	0.11
CTAGGTAG	0.1
TGAGGTAG	0.11
GGAGGTAG	0.11
TCAGGTAG	0.1
GCAGGTAG	0.11
TAAGGTAG	0.12
GAAGGTAG	0.11
TTTCGTAG	0.11
GTTCGTAG	0.1
CTTCGTAG	0.09
TGTCGTAG	0.1
GGTCGTAG	0.1
TCTCGTAG	0.1
GCTCGTAG	0.09
TATCGTAG	0.11
GATCGTAG	0.1
TTGCGTAG	0.1
GTGCGTAG	0.1
CTGCGTAG	0.1
TGGCGTAG	0.09
GGGCGTAG	0.09
TCGCGTAG	0.09
GCGCGTAG	0.09
TAGCGTAG	0.09
GAGCGTAG	0.09
TTCCGTAG	0.18
GTCCGTAG	0.12
CTCCGTAG	0.11
TGCCGTAG	0.1
GGCCGTAG	0.1
TCCCGTAG	0.12
GCCCGTAG	0.09
TACCGTAG	0.1
GACCGTAG	0.08
TTACGTAG	0.1
GTACGTAG	0.1
TGACGTAG	0.1
GGACGTAG	0.12
TCACGTAG	0.1
GCACGTAG	0.09
TAACGTAG	0.1
GAACGTAG	0.1
TTTAGTAG	0.11
GTTAGTAG	0.12
CTTAGTAG	0.12
TGTAGTAG	0.1
GGTAGTAG	0.11
TCTAGTAG	0.1
GCTAGTAG	0.1
TATAGTAG	0.1
GATAGTAG	0.12
TTGAGTAG	0.12
GTGAGTAG	0.1
CTGAGTAG	0.1
TGGAGTAG	0.1
GGGAGTAG	0.11
TCGAGTAG	0.1
GCGAGTAG	0.1
TAGAGTAG	0.1
GAGAGTAG	0.1
TTCAGTAG	0.11
GTCAGTAG	0.11
CTCAGTAG	0.11
TGCAGTAG	0.1
GGCAGTAG	0.1
TCCAGTAG	0.1
GCCAGTAG	0.1
TACAGTAG	0.09
GACAGTAG	0.1
TTAAGTAG	0.11
GTAAGTAG	0.11
TGAAGTAG	0.1
GGAAGTAG	0.44
TCAAGTAG	0.09
GCAAGTAG	0.09
TAAAGTAG	0.09
GAAAGTAG	0.09
TTTTCTAG	0.12
GTTTCTAG	0.1
CTTTCTAG	0.1
TGTTCTAG	0.1
GGTTCTAG	0.11
TCTTCTAG	0.11
GCTTCTAG	0.1
TATTCTAG	0.1
GATTCTAG	0.11
TTGTCTAG	0.1
GTGTCTAG	0.09
CTGTCTAG	0.1
TGGTCTAG	0.09
GGGTCTAG	0.09
TCGTCTAG	0.09
GCGTCTAG	0.11
TAGTCTAG	0.1
GAGTCTAG	0.08
TTCTCTAG	0.11
GTCTCTAG	0.09
CTCTCTAG	0.09
TGCTCTAG	0.08
GGCTCTAG	0.1
TCCTCTAG	0.12
GCCTCTAG	0.09
TACTCTAG	0.1
GACTCTAG	0.08
TTATCTAG	0.1
GTATCTAG	0.1
CTATCTAG	0.09
TGATCTAG	0.1
GGATCTAG	0.11
TCATCTAG	0.09
GCATCTAG	0.1
TAATCTAG	0.11
GAATCTAG	0.11
TTTGCTAG	0.11
GTTGCTAG	0.1
CTTGCTAG	0.09
TGTGCTAG	0.11
GGTGCTAG	0.11
TCTGCTAG	0.1
GCTGCTAG	0.1
TATGCTAG	0.1
GATGCTAG	0.1
TTGGCTAG	0.1
GTGGCTAG	0.1
CTGGCTAG	0.09
TGGGCTAG	0.11
GGGGCTAG	0.11
TCGGCTAG	0.1
GCGGCTAG	0.11
TAGGCTAG	0.1
GAGGCTAG	0.08
TTCGCTAG	0.1
GTCGCTAG	0.1
CTCGCTAG	0.1
TGCGCTAG	0.09
GGCGCTAG	0.09
TCCGCTAG	0.15
GCCGCTAG	0.09
TACGCTAG	0.08
GACGCTAG	0.09
TTAGCTAG	0.1
GTAGCTAG	0.1
TGAGCTAG	0.1
GGAGCTAG	0.1
TCAGCTAG	0.09
GCAGCTAG	0.1
TAAGCTAG	0.1
GAAGCTAG	0.12
TTTCCTAG	0.13
GTTCCTAG	0.1
CTTCCTAG	0.12
TGTCCTAG	0.11
GGTCCTAG	0.1
TCTCCTAG	0.1
GCTCCTAG	0.11
TATCCTAG	0.1
GATCCTAG	0.1
TTGCCTAG	0.1
GTGCCTAG	0.1
CTGCCTAG	0.09
TGGCCTAG	0.09
GGGCCTAG	0.1
TCGCCTAG	0.09
GCGCCTAG	0.1
TAGCCTAG	0.1
GAGCCTAG	0.09
TTCCCTAG	0.1
GTCCCTAG	0.09
CTCCCTAG	0.1
TGCCCTAG	0.1
GGCCCTAG	0.09
TCCCCTAG	0.11
GCCCCTAG	0.09
TACCCTAG	0.09
GACCCTAG	0.08
TTACCTAG	0.1
GTACCTAG	0.1
TGACCTAG	0.1
GGACCTAG	0.1
TCACCTAG	0.09
GCACCTAG	0.1
TAACCTAG	0.1
GAACCTAG	0.1
TTTACTAG	0.12
GTTACTAG	0.1
CTTACTAG	0.1
TGTACTAG	0.09
GGTACTAG	0.09
TCTACTAG	0.1
GCTACTAG	0.09
TATACTAG	0.1
GATACTAG	0.1
TTGACTAG	0.09
GTGACTAG	0.11
CTGACTAG	0.1
TGGACTAG	0.09
GGGACTAG	0.1
TCGACTAG	0.11
GCGACTAG	0.1
TAGACTAG	0.09
GAGACTAG	0.1
TTCACTAG	0.1
GTCACTAG	0.1
CTCACTAG	0.11
TGCACTAG	0.09
GGCACTAG	0.08
TCCACTAG	0.11
GCCACTAG	0.09
TACACTAG	0.1
GACACTAG	0.1
TTAACTAG	0.12
GTAACTAG	0.1
TGAACTAG	0.11
GGAACTAG	0.16
TCAACTAG	0.11
GCAACTAG	0.09
TAAACTAG	0.09
GAAACTAG	0.12
TTTTATAG	0.12
GTTTATAG	0.11
CTTTATAG	0.11
TGTTATAG	0.11
GGTTATAG	0.1
TCTTATAG	0.11
GCTTATAG	0.11
TATTATAG	0.11
GATTATAG	0.11
TTGTATAG	0.13
GTGTATAG	0.1
CTGTATAG	0.09
TGGTATAG	0.11
GGGTATAG	0.11
TCGTATAG	0.1
GCGTATAG	0.1
TAGTATAG	0.11
GAGTATAG	0.09
TTCTATAG	0.09
GTCTATAG	0.1
CTCTATAG	0.11
TGCTATAG	0.11
GGCTATAG	0.08
TCCTATAG	0.1
GCCTATAG	0.08
TACTATAG	0.1
GACTATAG	0.09
TTATATAG	0.1
GTATATAG	0.12
TGATATAG	0.11
GGATATAG	0.17
TCATATAG	0.1
GCATATAG	0.1
TAATATAG	0.11
GAATATAG	0.11
TTTGATAG	0.1
GTTGATAG	0.1
CTTGATAG	0.1
TGTGATAG	0.11
GGTGATAG	0.11
TCTGATAG	0.1
GCTGATAG	0.11
TATGATAG	0.11
GATGATAG	0.11
TTGGATAG	0.1
GTGGATAG	0.11
CTGGATAG	0.1
TGGGATAG	0.09
GGGGATAG	0.1
TCGGATAG	0.1
GCGGATAG	0.13
TAGGATAG	0.11
GAGGATAG	0.11
TTCGATAG	0.09
GTCGATAG	0.1
CTCGATAG	0.09
TGCGATAG	0.1
GGCGATAG	0.1
TCCGATAG	0.11
GCCGATAG	0.1
TACGATAG	0.09
GACGATAG	0.1
TTAGATAG	0.12
GTAGATAG	0.1
TGAGATAG	0.11
GGAGATAG	0.12
TCAGATAG	0.09
GCAGATAG	0.09
TAAGATAG	0.11
GAAGATAG	0.11
TTTCATAG	0.1
GTTCATAG	0.09
CTTCATAG	0.12
TGTCATAG	0.1
GGTCATAG	0.11
TCTCATAG	0.09
GCTCATAG	0.09
TATCATAG	0.12
GATCATAG	0.09
TTGCATAG	0.1
GTGCATAG	0.1
CTGCATAG	0.09
TGGCATAG	0.09
GGGCATAG	0.09
TCGCATAG	0.08
GCGCATAG	0.1
TAGCATAG	0.1
GAGCATAG	0.09
TTCCATAG	0.11
GTCCATAG	0.1
CTCCATAG	0.1
TGCCATAG	0.08
GGCCATAG	0.1
TCCCATAG	0.11
GCCCATAG	0.09
TACCATAG	0.1
GACCATAG	0.09
TTACATAG	0.11
GTACATAG	0.09
TGACATAG	0.1
GGACATAG	0.11
TCACATAG	0.09
GCACATAG	0.11
TAACATAG	0.12
GAACATAG	0.11
TTTAATAG	0.11
GTTAATAG	0.1
CTTAATAG	0.11
TGTAATAG	0.1
GGTAATAG	0.12
TCTAATAG	0.08
GCTAATAG	0.1
TATAATAG	0.11
GATAATAG	0.1
TTGAATAG	0.1
GTGAATAG	0.11
CTGAATAG	0.1
TGGAATAG	0.1
GGGAATAG	0.12
TCGAATAG	0.1
GCGAATAG	0.09
TAGAATAG	0.11
GAGAATAG	0.11
TTCAATAG	0.11
GTCAATAG	0.09
CTCAATAG	0.11
TGCAATAG	0.1
GGCAATAG	0.1
TCCAATAG	0.11
GCCAATAG	0.1
TACAATAG	0.1
GACAATAG	0.1
TTAAATAG	0.12
GTAAATAG	0.11
TGAAATAG	0.11
GGAAATAG	0.32
TCAAATAG	0.11
GCAAATAG	0.1
TAAAATAG	0.11
GAAAATAG	0.12
TTTTTGAG	0.12
GTTTTGAG	0.11
CTTTTGAG	0.13
TGTTTGAG	0.11
GGTTTGAG	0.1
TCTTTGAG	0.1
GCTTTGAG	0.1
TATTTGAG	0.11
GATTTGAG	0.09
TTGTTGAG	0.12
GTGTTGAG	0.1
CTGTTGAG	0.1
TGGTTGAG	0.11
GGGTTGAG	0.1
TCGTTGAG	0.09
GCGTTGAG	0.1
TAGTTGAG	0.11
GAGTTGAG	0.12
TTCTTGAG	0.1
GTCTTGAG	0.11
CTCTTGAG	0.09
TGCTTGAG	0.09
GGCTTGAG	0.1
TCCTTGAG	0.13
GCCTTGAG	0.1
TACTTGAG	0.11
GACTTGAG	0.1
TTATTGAG	0.11
GTATTGAG	0.11
TGATTGAG	0.11
GGATTGAG	0.12
TCATTGAG	0.09
GCATTGAG	0.1
TAATTGAG	0.1
GAATTGAG	0.11
TTTGTGAG	0.1
GTTGTGAG	0.11
CTTGTGAG	0.1
TGTGTGAG	0.1
GGTGTGAG	0.11
TCTGTGAG	0.11
GCTGTGAG	0.11
TATGTGAG	0.1
GATGTGAG	0.13
TTGGTGAG	0.13
GTGGTGAG	0.11
CTGGTGAG	0.09
TGGGTGAG	0.11
GGGGTGAG	0.09
TCGGTGAG	0.1
GCGGTGAG	0.1
TAGGTGAG	0.1
GAGGTGAG	0.11
TTCGTGAG	0.12
GTCGTGAG	0.1
CTCGTGAG	0.09
TGCGTGAG	0.1
GGCGTGAG	0.09
TCCGTGAG	0.12
GCCGTGAG	0.1
TACGTGAG	0.09
GACGTGAG	0.11
TTAGTGAG	0.11
GTAGTGAG	0.1
TGAGTGAG	0.11
GGAGTGAG	0.11
TCAGTGAG	0.1
GCAGTGAG	0.09
TAAGTGAG	0.11
GAAGTGAG	0.12
TTTCTGAG	0.11
GTTCTGAG	0.11
CTTCTGAG	0.1
TGTCTGAG	0.11
GGTCTGAG	0.11
TCTCTGAG	0.1
GCTCTGAG	0.09
TATCTGAG	0.1
GATCTGAG	0.09
TTGCTGAG	0.11
GTGCTGAG	0.09
CTGCTGAG	0.1
TGGCTGAG	0.1
GGGCTGAG	0.09
TCGCTGAG	0.09
GCGCTGAG	0.08
TAGCTGAG	0.1
GAGCTGAG	0.09
TTCCTGAG	0.15
GTCCTGAG	0.1
CTCCTGAG	0.11
TGCCTGAG	0.1
GGCCTGAG	0.08
TCCCTGAG	0.09
GCCCTGAG	0.09
TACCTGAG	0.1
GACCTGAG	0.09
TTACTGAG	0.11
GTACTGAG	0.1
TGACTGAG	0.1
GGACTGAG	0.1
TCACTGAG	0.09
GCACTGAG	0.1
TAACTGAG	0.11
GAACTGAG	0.1
TTTATGAG	0.11
GTTATGAG	0.11
CTTATGAG	0.1
TGTATGAG	0.11
GGTATGAG	0.11
TCTATGAG	0.1
GCTATGAG	0.09
TATATGAG	0.1
GATATGAG	0.11
TTGATGAG	0.09
GTGATGAG	0.1
CTGATGAG	0.1
TGGATGAG	0.09
GGGATGAG	0.11
TCGATGAG	0.1
GCGATGAG	0.11
TAGATGAG	0.1
GAGATGAG	0.09
TTCATGAG	0.11
GTCATGAG	0.1
TGCATGAG	0.1
GGCATGAG	0.09
TCCATGAG	0.09
GCCATGAG	0.09
TACATGAG	0.09
GACATGAG	0.1
TTAATGAG	0.11
GTAATGAG	0.12
TGAATGAG	0.12
GGAATGAG	0.13
TCAATGAG	0.1
GCAATGAG	0.11
TAAATGAG	0.11
GAAATGAG	0.12
TTTTGGAG	0.12
GTTTGGAG	0.1
CTTTGGAG	0.12
TGTTGGAG	0.09
GGTTGGAG	0.12
TCTTGGAG	0.1
GCTTGGAG	0.09
TATTGGAG	0.11
GATTGGAG	0.11
TTGTGGAG	0.11
GTGTGGAG	0.1
CTGTGGAG	0.11
TGGTGGAG	0.1
GGGTGGAG	0.1
TCGTGGAG	0.09
GCGTGGAG	0.1
TAGTGGAG	0.09
GAGTGGAG	0.1
TTCTGGAG	0.12
GTCTGGAG	0.1
CTCTGGAG	0.1
TGCTGGAG	0.1
GGCTGGAG	0.09
TCCTGGAG	0.12
GCCTGGAG	0.1
TACTGGAG	0.1
GACTGGAG	0.1
TTATGGAG	0.11
GTATGGAG	0.11
TGATGGAG	0.1
GGATGGAG	0.12
TCATGGAG	0.1
GCATGGAG	0.09
TAATGGAG	0.1
GAATGGAG	0.09
TTTGGGAG	0.11
GTTGGGAG	0.1
CTTGGGAG	0.1
TGTGGGAG	0.11
GGTGGGAG	0.1
TCTGGGAG	0.1
GCTGGGAG	0.09
TATGGGAG	0.1
GATGGGAG	0.11
TTGGGGAG	0.11
GTGGGGAG	0.11
CTGGGGAG	0.1
TGGGGGAG	0.1
GGGGGGAG	0.1
TCGGGGAG	0.09
GCGGGGAG	0.1
TAGGGGAG	0.1
GAGGGGAG	0.11
TTCGGGAG	0.09
GTCGGGAG	0.09
CTCGGGAG	0.09
TGCGGGAG	0.1
GGCGGGAG	0.12
TCCGGGAG	0.15
GCCGGGAG	0.11
TACGGGAG	0.09
GACGGGAG	0.11
TTAGGGAG	0.1
GTAGGGAG	0.09
TGAGGGAG	0.1
GGAGGGAG	0.1
TCAGGGAG	0.1
GCAGGGAG	0.11
TAAGGGAG	0.09
GAAGGGAG	0.1
TTTCGGAG	0.11
GTTCGGAG	0.11
CTTCGGAG	0.11
TGTCGGAG	0.1
GGTCGGAG	0.12
TCTCGGAG	0.1
GCTCGGAG	0.1
TATCGGAG	0.11
GATCGGAG	0.09
TTGCGGAG	0.11
GTGCGGAG	0.09
CTGCGGAG	0.11
TGGCGGAG	0.11
GGGCGGAG	0.1
TCGCGGAG	0.1
GCGCGGAG	0.1
TAGCGGAG	0.1
GAGCGGAG	0.1
TTCCGGAG	0.22
GTCCGGAG	0.13
TGCCGGAG	0.11
GGCCGGAG	0.11
TCCCGGAG	0.11
GCCCGGAG	0.1
TACCGGAG	0.12
GACCGGAG	0.1
TTACGGAG	0.11
GTACGGAG	0.1
TGACGGAG	0.11
GGACGGAG	0.11
TCACGGAG	0.12
GCACGGAG	0.1
TAACGGAG	0.1
GAACGGAG	0.11
TTTAGGAG	0.1
GTTAGGAG	0.1
CTTAGGAG	0.1
TGTAGGAG	0.1
GGTAGGAG	0.1
TCTAGGAG	0.1
GCTAGGAG	0.09
TATAGGAG	0.1
GATAGGAG	0.11
TTGAGGAG	0.11
GTGAGGAG	0.09
CTGAGGAG	0.1
TGGAGGAG	0.09
GGGAGGAG	0.1
TCGAGGAG	0.09
GCGAGGAG	0.1
TAGAGGAG	0.1
GAGAGGAG	0.1
TTCAGGAG	0.1
GTCAGGAG	0.11
TGCAGGAG	0.1
GGCAGGAG	0.12
TCCAGGAG	0.11
GCCAGGAG	0.1
TACAGGAG	0.1
GACAGGAG	0.1
TTAAGGAG	0.1
GTAAGGAG	0.11
TGAAGGAG	0.09
GGAAGGAG	0.15
TCAAGGAG	0.1
GCAAGGAG	0.1
TAAAGGAG	0.1
GAAAGGAG	0.11
TTTTCGAG	0.1
GTTTCGAG	0.1
CTTTCGAG	0.11
TGTTCGAG	0.1
GGTTCGAG	0.1
TCTTCGAG	0.1
GCTTCGAG	0.1
TATTCGAG	0.1
GATTCGAG	0.1
TTGTCGAG	0.09
GTGTCGAG	0.09
CTGTCGAG	0.09
TGGTCGAG	0.09
GGGTCGAG	0.1
TCGTCGAG	0.08
GCGTCGAG	0.09
TAGTCGAG	0.09
GAGTCGAG	0.09
TTCTCGAG	0.1
GTCTCGAG	0.11
CTCTCGAG	0.09
TGCTCGAG	0.1
GGCTCGAG	0.09
TCCTCGAG	0.11
GCCTCGAG	0.1
TACTCGAG	0.1
GACTCGAG	0.08
TTATCGAG	0.11
GTATCGAG	0.11
TGATCGAG	0.11
GGATCGAG	0.11
TCATCGAG	0.1
GCATCGAG	0.1
TAATCGAG	0.12
GAATCGAG	0.11
TTTGCGAG	0.09
GTTGCGAG	0.11
CTTGCGAG	0.09
TGTGCGAG	0.11
GGTGCGAG	0.1
TCTGCGAG	0.09
GCTGCGAG	0.09
TATGCGAG	0.09
GATGCGAG	0.11
TTGGCGAG	0.1
GTGGCGAG	0.09
CTGGCGAG	0.09
TGGGCGAG	0.1
GGGGCGAG	0.1
TCGGCGAG	0.09
GCGGCGAG	0.1
TAGGCGAG	0.11
GAGGCGAG	0.1
TTCGCGAG	0.09
GTCGCGAG	0.09
TGCGCGAG	0.07
GGCGCGAG	0.1
TCCGCGAG	0.11
GCCGCGAG	0.1
TACGCGAG	0.09
GACGCGAG	0.09
TTAGCGAG	0.09
GTAGCGAG	0.1
TGAGCGAG	0.11
GGAGCGAG	0.1
TCAGCGAG	0.1
GCAGCGAG	0.1
TAAGCGAG	0.11
GAAGCGAG	0.11
TTTCCGAG	0.13
GTTCCGAG	0.1
CTTCCGAG	0.14
TGTCCGAG	0.1
GGTCCGAG	0.1
TCTCCGAG	0.1
GCTCCGAG	0.1
TATCCGAG	0.12
GATCCGAG	0.1
TTGCCGAG	0.1
GTGCCGAG	0.09
CTGCCGAG	0.1
TGGCCGAG	0.09
GGGCCGAG	0.09
TCGCCGAG	0.1
GCGCCGAG	0.1
TAGCCGAG	0.1
GAGCCGAG	0.09
TTCCCGAG	0.11
GTCCCGAG	0.09
TGCCCGAG	0.11
GGCCCGAG	0.1
TCCCCGAG	0.11
GCCCCGAG	0.09
TACCCGAG	0.11
GACCCGAG	0.1
TTACCGAG	0.1
GTACCGAG	0.09
TGACCGAG	0.08
GGACCGAG	0.09
TCACCGAG	0.1
GCACCGAG	0.1
TAACCGAG	0.11
GAACCGAG	0.1
TTTACGAG	0.11
GTTACGAG	0.11
CTTACGAG	0.11
TGTACGAG	0.1
GGTACGAG	0.11
TCTACGAG	0.08
GCTACGAG	0.09
TATACGAG	0.1
GATACGAG	0.09
TTGACGAG	0.11
GTGACGAG	0.09
CTGACGAG	0.09
TGGACGAG	0.1
GGGACGAG	0.09
TCGACGAG	0.12
GCGACGAG	0.09
TAGACGAG	0.09
GAGACGAG	0.09
TTCACGAG	0.09
GTCACGAG	0.09
TGCACGAG	0.1
GGCACGAG	0.09
TCCACGAG	0.1
GCCACGAG	0.1
TACACGAG	0.09
GACACGAG	0.09
TTAACGAG	0.1
GTAACGAG	0.11
TGAACGAG	0.11
GGAACGAG	0.11
TCAACGAG	0.09
GCAACGAG	0.09
TAAACGAG	0.1
GAAACGAG	0.11
TTTTAGAG	0.11
GTTTAGAG	0.11
CTTTAGAG	0.1
TGTTAGAG	0.11
GGTTAGAG	0.1
TCTTAGAG	0.12
GCTTAGAG	0.1
TATTAGAG	0.1
GATTAGAG	0.09
TTGTAGAG	0.11
GTGTAGAG	0.1
CTGTAGAG	0.09
TGGTAGAG	0.11
GGGTAGAG	0.12
TCGTAGAG	0.1
GCGTAGAG	0.09
TAGTAGAG	0.11
GAGTAGAG	0.1
TTCTAGAG	0.1
GTCTAGAG	0.09
TGCTAGAG	0.08
GGCTAGAG	0.09
TCCTAGAG	0.11
GCCTAGAG	0.09
TACTAGAG	0.1
GACTAGAG	0.1
TTATAGAG	0.12
GTATAGAG	0.11
TGATAGAG	0.09
GGATAGAG	0.11
TCATAGAG	0.1
GCATAGAG	0.1
TAATAGAG	0.1
GAATAGAG	0.1
TTTGAGAG	0.12
GTTGAGAG	0.1
CTTGAGAG	0.1
TGTGAGAG	0.13
GGTGAGAG	0.1
TCTGAGAG	0.1
GCTGAGAG	0.09
TATGAGAG	0.09
GATGAGAG	0.09
TTGGAGAG	0.1
GTGGAGAG	0.1
CTGGAGAG	0.09
TGGGAGAG	0.1
GGGGAGAG	0.12
TCGGAGAG	0.1
GCGGAGAG	0.13
TAGGAGAG	0.12
GAGGAGAG	0.09
TTCGAGAG	0.1
GTCGAGAG	0.1
TGCGAGAG	0.09
GGCGAGAG	0.11
TCCGAGAG	0.11
GCCGAGAG	0.09
TACGAGAG	0.1
GACGAGAG	0.11
TTAGAGAG	0.1
GTAGAGAG	0.1
TGAGAGAG	0.1
GGAGAGAG	0.1
TCAGAGAG	0.1
GCAGAGAG	0.09
TAAGAGAG	0.11
GAAGAGAG	0.11
TTTCAGAG	0.1
GTTCAGAG	0.1
CTTCAGAG	0.1
TGTCAGAG	0.1
GGTCAGAG	0.09
TCTCAGAG	0.09
GCTCAGAG	0.09
TATCAGAG	0.11
GATCAGAG	0.1
TTGCAGAG	0.09
GTGCAGAG	0.1
CTGCAGAG	0.1
TGGCAGAG	0.1
GGGCAGAG	0.1
TCGCAGAG	0.09
GCGCAGAG	0.09
TAGCAGAG	0.1
GAGCAGAG	0.11
TTCCAGAG	0.1
GTCCAGAG	0.1
TGCCAGAG	0.1
GGCCAGAG	0.11
TCCCAGAG	0.1
GCCCAGAG	0.1
TACCAGAG	0.1
GACCAGAG	0.09
TTACAGAG	0.1
GTACAGAG	0.11
TGACAGAG	0.1
GGACAGAG	0.11
TCACAGAG	0.1
GCACAGAG	0.11
TAACAGAG	0.09
GAACAGAG	0.1
TTTAAGAG	0.13
GTTAAGAG	0.11
CTTAAGAG	0.1
TGTAAGAG	0.12
GGTAAGAG	0.11
TCTAAGAG	0.11
GCTAAGAG	0.1
TATAAGAG	0.11
GATAAGAG	0.11
TTGAAGAG	0.1
GTGAAGAG	0.1
CTGAAGAG	0.09
TGGAAGAG	0.12
GGGAAGAG	0.13
TCGAAGAG	0.1
GCGAAGAG	0.1
TAGAAGAG	0.1
GAGAAGAG	0.12
TTCAAGAG	0.1
GTCAAGAG	0.11
TGCAAGAG	0.09
GGCAAGAG	0.1
TCCAAGAG	0.11
GCCAAGAG	0.11
TACAAGAG	0.11
GACAAGAG	0.1
TTAAAGAG	0.11
GTAAAGAG	0.12
TGAAAGAG	0.11
GGAAAGAG	0.15
TCAAAGAG	0.1
GCAAAGAG	0.1
TAAAAGAG	0.13
GAAAAGAG	0.1
TTTTTCAG	0.11
GTTTTCAG	0.1
CTTTTCAG	0.1
TGTTTCAG	0.1
GGTTTCAG	0.11
TCTTTCAG	0.11
GCTTTCAG	0.11
TATTTCAG	0.12
GATTTCAG	0.1
TTGTTCAG	0.1
GTGTTCAG	0.11
CTGTTCAG	0.1
TGGTTCAG	0.1
GGGTTCAG	0.11
TCGTTCAG	0.1
GCGTTCAG	0.1
TAGTTCAG	0.11
GAGTTCAG	0.11
TTCTTCAG	0.1
GTCTTCAG	0.1
TGCTTCAG	0.1
GGCTTCAG	0.1
TCCTTCAG	0.1
GCCTTCAG	0.1
TACTTCAG	0.1
GACTTCAG	0.11
TTATTCAG	0.13
GTATTCAG	0.1
TGATTCAG	0.1
GGATTCAG	0.1
TCATTCAG	0.12
GCATTCAG	0.09
TAATTCAG	0.12
GAATTCAG	0.09
TTTGTCAG	0.12
GTTGTCAG	0.09
CTTGTCAG	0.1
TGTGTCAG	0.1
GGTGTCAG	0.11
TCTGTCAG	0.1
GCTGTCAG	0.1
TATGTCAG	0.1
GATGTCAG	0.1
TTGGTCAG	0.1
GTGGTCAG	0.09
CTGGTCAG	0.1
TGGGTCAG	0.1
GGGGTCAG	0.09
TCGGTCAG	0.1
GCGGTCAG	0.1
TAGGTCAG	0.1
GAGGTCAG	0.1
TTCGTCAG	0.09
GTCGTCAG	0.1
TGCGTCAG	0.09
GGCGTCAG	0.09
TCCGTCAG	0.11
GCCGTCAG	0.1
TACGTCAG	0.08
GACGTCAG	0.11
TTAGTCAG	0.1
GTAGTCAG	0.1
TGAGTCAG	0.1
GGAGTCAG	0.1
TCAGTCAG	0.1
GCAGTCAG	0.08
TAAGTCAG	0.1
GAAGTCAG	0.11
TTTCTCAG	0.1
GTTCTCAG	0.11
CTTCTCAG	0.11
TGTCTCAG	0.1
GGTCTCAG	0.09
TCTCTCAG	0.1
GCTCTCAG	0.1
TATCTCAG	0.12
GATCTCAG	0.1
TTGCTCAG	0.09
GTGCTCAG	0.09
CTGCTCAG	0.09
TGGCTCAG	0.09
GGGCTCAG	0.11
TCGCTCAG	0.1
GCGCTCAG	0.1
TAGCTCAG	0.08
GAGCTCAG	0.09
TTCCTCAG	0.12
GTCCTCAG	0.12
TGCCTCAG	0.09
GGCCTCAG	0.08
TCCCTCAG	0.09
GCCCTCAG	0.08
TACCTCAG	0.11
GACCTCAG	0.1
TTACTCAG	0.11
GTACTCAG	0.1
TGACTCAG	0.11
GGACTCAG	0.1
TCACTCAG	0.13
GCACTCAG	0.09
TAACTCAG	0.09
GAACTCAG	0.12
TTTATCAG	0.12
GTTATCAG	0.12
CTTATCAG	0.11
TGTATCAG	0.1
GGTATCAG	0.12
TCTATCAG	0.12
GCTATCAG	0.09
TATATCAG	0.1
GATATCAG	0.12
TTGATCAG	0.11
GTGATCAG	0.11
TGGATCAG	0.1
GGGATCAG	0.1
TCGATCAG	0.09
GCGATCAG	0.09
TAGATCAG	0.1
GAGATCAG	0.1
TTCATCAG	0.11
GTCATCAG	0.09
TGCATCAG	0.09
GGCATCAG	0.1
TCCATCAG	0.09
GCCATCAG	0.1
TACATCAG	0.1
GACATCAG	0.1
TTAATCAG	0.11
GTAATCAG	0.13
TGAATCAG	0.1
GGAATCAG	0.11
TCAATCAG	0.09
GCAATCAG	0.11
TAAATCAG	0.1
GAAATCAG	0.11
TTTTGCAG	0.1
GTTTGCAG	0.11
CTTTGCAG	0.1
TGTTGCAG	0.11
GGTTGCAG	0.1
TCTTGCAG	0.1
GCTTGCAG	0.1
TATTGCAG	0.09
GATTGCAG	0.1
TTGTGCAG	0.1
GTGTGCAG	0.08
CTGTGCAG	0.09
TGGTGCAG	0.09
GGGTGCAG	0.09
TCGTGCAG	0.11
GCGTGCAG	0.09
TAGTGCAG	0.11
GAGTGCAG	0.08
TTCTGCAG	0.1
GTCTGCAG	0.09
TGCTGCAG	0.1
GGCTGCAG	0.1
TCCTGCAG	0.12
GCCTGCAG	0.09
TACTGCAG	0.09
GACTGCAG	0.08
TTATGCAG	0.11
GTATGCAG	0.11
TGATGCAG	0.1
GGATGCAG	0.15
TCATGCAG	0.09
GCATGCAG	0.09
TAATGCAG	0.1
GAATGCAG	0.11
TTTGGCAG	0.11
GTTGGCAG	0.1
CTTGGCAG	0.1
TGTGGCAG	0.1
GGTGGCAG	0.12
TCTGGCAG	0.09
GCTGGCAG	0.1
TATGGCAG	0.1
GATGGCAG	0.11
TTGGGCAG	0.11
GTGGGCAG	0.1
CTGGGCAG	0.1
TGGGGCAG	0.11
GGGGGCAG	0.11
TCGGGCAG	0.1
GCGGGCAG	0.1
TAGGGCAG	0.1
GAGGGCAG	0.08
TTCGGCAG	0.1
GTCGGCAG	0.1
TGCGGCAG	0.1
GGCGGCAG	0.1
TCCGGCAG	0.19
GCCGGCAG	0.1
TACGGCAG	0.1
GACGGCAG	0.09
TTAGGCAG	0.09
GTAGGCAG	0.11
TGAGGCAG	0.1
GGAGGCAG	0.11
TCAGGCAG	0.11
GCAGGCAG	0.09
TAAGGCAG	0.11
GAAGGCAG	0.11
TTTCGCAG	0.1
GTTCGCAG	0.1
CTTCGCAG	0.1
TGTCGCAG	0.1
GGTCGCAG	0.09
TCTCGCAG	0.09
GCTCGCAG	0.09
TATCGCAG	0.09
GATCGCAG	0.09
TTGCGCAG	0.1
GTGCGCAG	0.1
TGGCGCAG	0.1
GGGCGCAG	0.08
TCGCGCAG	0.1
GCGCGCAG	0.1
TAGCGCAG	0.09
GAGCGCAG	0.08
TTCCGCAG	0.13
GTCCGCAG	0.11
TGCCGCAG	0.09
GGCCGCAG	0.08
TCCCGCAG	0.11
GCCCGCAG	0.1
TACCGCAG	0.09
GACCGCAG	0.09
TTACGCAG	0.1
GTACGCAG	0.09
TGACGCAG	0.09
GGACGCAG	0.1
TCACGCAG	0.1
GCACGCAG	0.11
TAACGCAG	0.09
GAACGCAG	0.1
TTTAGCAG	0.11
GTTAGCAG	0.1
CTTAGCAG	0.1
TGTAGCAG	0.1
GGTAGCAG	0.09
TCTAGCAG	0.09
GCTAGCAG	0.09
TATAGCAG	0.12
GATAGCAG	0.12
TTGAGCAG	0.11
GTGAGCAG	0.09
TGGAGCAG	0.09
GGGAGCAG	0.09
TCGAGCAG	0.1
GCGAGCAG	0.1
TAGAGCAG	0.1
GAGAGCAG	0.11
TTCAGCAG	0.09
GTCAGCAG	0.1
TGCAGCAG	0.1
GGCAGCAG	0.1
TCCAGCAG	0.11
GCCAGCAG	0.08
TACAGCAG	0.09
GACAGCAG	0.1
TTAAGCAG	0.1
GTAAGCAG	0.1
TGAAGCAG	0.1
GGAAGCAG	0.19
TCAAGCAG	0.11
GCAAGCAG	0.1
TAAAGCAG	0.14
GAAAGCAG	0.11
TTTTCCAG	0.12
GTTTCCAG	0.12
CTTTCCAG	0.11
TGTTCCAG	0.11
GGTTCCAG	0.11
TCTTCCAG	0.11
GCTTCCAG	0.1
TATTCCAG	0.11
GATTCCAG	0.12
TTGTCCAG	0.1
GTGTCCAG	0.1
CTGTCCAG	0.11
TGGTCCAG	0.09
GGGTCCAG	0.09
TCGTCCAG	0.1
GCGTCCAG	0.09
TAGTCCAG	0.1
GAGTCCAG	0.09
TTCTCCAG	0.11
GTCTCCAG	0.09
TGCTCCAG	0.09
GGCTCCAG	0.1
TCCTCCAG	0.1
GCCTCCAG	0.11
TACTCCAG	0.09
GACTCCAG	0.1
TTATCCAG	0.12
GTATCCAG	0.1
TGATCCAG	0.1
GGATCCAG	0.11
TCATCCAG	0.1
GCATCCAG	0.09
TAATCCAG	0.11
GAATCCAG	0.1
TTTGCCAG	0.12
GTTGCCAG	0.1
CTTGCCAG	0.09
TGTGCCAG	0.09
GGTGCCAG	0.1
TCTGCCAG	0.12
GCTGCCAG	0.1
TATGCCAG	0.09
GATGCCAG	0.1
TTGGCCAG	0.1
GTGGCCAG	0.08
TGGGCCAG	0.09
GGGGCCAG	0.1
TCGGCCAG	0.08
GCGGCCAG	0.1
TAGGCCAG	0.1
GAGGCCAG	0.1
TTCGCCAG	0.09
GTCGCCAG	0.1
TGCGCCAG	0.09
GGCGCCAG	0.1
TCCGCCAG	0.11
GCCGCCAG	0.1
TACGCCAG	0.1
GACGCCAG	0.09
TTAGCCAG	0.09
GTAGCCAG	0.09
TGAGCCAG	0.11
GGAGCCAG	0.09
TCAGCCAG	0.1
GCAGCCAG	0.1
TAAGCCAG	0.09
GAAGCCAG	0.1
TTTCCCAG	0.11
GTTCCCAG	0.1
CTTCCCAG	0.12
TGTCCCAG	0.11
GGTCCCAG	0.1
TCTCCCAG	0.09
GCTCCCAG	0.1
TATCCCAG	0.11
GATCCCAG	0.1
TTGCCCAG	0.09
GTGCCCAG	0.1
TGGCCCAG	0.09
GGGCCCAG	0.1
TCGCCCAG	0.1
GCGCCCAG	0.09
TAGCCCAG	0.1
GAGCCCAG	0.1
TTCCCCAG	0.12
GTCCCCAG	0.1
TGCCCCAG	0.09
GGCCCCAG	0.1
TCCCCCAG	0.1
GCCCCCAG	0.09
TACCCCAG	0.1
GACCCCAG	0.1
TTACCCAG	0.11
GTACCCAG	0.09
TGACCCAG	0.09
GGACCCAG	0.09
TCACCCAG	0.11
GCACCCAG	0.1
TAACCCAG	0.09
GAACCCAG	0.1
TTTACCAG	0.11
GTTACCAG	0.11
CTTACCAG	0.12
TGTACCAG	0.09
GGTACCAG	0.1
TCTACCAG	0.11
GCTACCAG	0.1
TATACCAG	0.09
GATACCAG	0.09
TTGACCAG	0.09
GTGACCAG	0.1
TGGACCAG	0.09
GGGACCAG	0.09
TCGACCAG	0.09
GCGACCAG	0.11
TAGACCAG	0.09
GAGACCAG	0.1
TTCACCAG	0.1
GTCACCAG	0.09
TGCACCAG	0.09
GGCACCAG	0.1
TCCACCAG	0.1
GCCACCAG	0.11
TACACCAG	0.09
GACACCAG	0.1
TTAACCAG	0.1
GTAACCAG	0.1
TGAACCAG	0.11
GGAACCAG	0.11
TCAACCAG	0.1
GCAACCAG	0.1
TAAACCAG	0.1
GAAACCAG	0.12
TTTTACAG	0.11
GTTTACAG	0.12
CTTTACAG	0.1
TGTTACAG	0.1
GGTTACAG	0.1
TCTTACAG	0.09
GCTTACAG	0.1
TATTACAG	0.1
GATTACAG	0.1
TTGTACAG	0.11
GTGTACAG	0.08
TGGTACAG	0.1
GGGTACAG	0.09
TCGTACAG	0.09
GCGTACAG	0.1
TAGTACAG	0.09
GAGTACAG	0.12
TTCTACAG	0.12
GTCTACAG	0.1
TGCTACAG	0.1
GGCTACAG	0.11
TCCTACAG	0.1
GCCTACAG	0.1
TACTACAG	0.09
GACTACAG	0.08
TTATACAG	0.11
GTATACAG	0.1
TGATACAG	0.09
GGATACAG	0.17
TCATACAG	0.11
GCATACAG	0.11
TAATACAG	0.12
GAATACAG	0.1
TTTGACAG	0.1
GTTGACAG	0.11
CTTGACAG	0.09
TGTGACAG	0.1
GGTGACAG	0.1
TCTGACAG	0.09
GCTGACAG	0.1
TATGACAG	0.09
GATGACAG	0.11
TTGGACAG	0.11
GTGGACAG	0.1
TGGGACAG	0.1
GGGGACAG	0.12
TCGGACAG	0.09
GCGGACAG	0.12
TAGGACAG	0.11
GAGGACAG	0.11
TTCGACAG	0.09
GTCGACAG	0.09
TGCGACAG	0.11
GGCGACAG	0.09
TCCGACAG	0.12
GCCGACAG	0.09
TACGACAG	0.1
GACGACAG	0.11
TTAGACAG	0.1
GTAGACAG	0.1
TGAGACAG	0.1
GGAGACAG	0.11
TCAGACAG	0.09
GCAGACAG	0.08
TAAGACAG	0.1
GAAGACAG	0.12
TTTCACAG	0.12
GTTCACAG	0.11
CTTCACAG	0.1
TGTCACAG	0.12
GGTCACAG	0.09
TCTCACAG	0.1
GCTCACAG	0.11
TATCACAG	0.11
GATCACAG	0.09
TTGCACAG	0.1
GTGCACAG	0.09
TGGCACAG	0.09
GGGCACAG	0.1
TCGCACAG	0.11
GCGCACAG	0.1
TAGCACAG	0.11
GAGCACAG	0.09
TTCCACAG	0.11
GTCCACAG	0.1
TGCCACAG	0.09
GGCCACAG	0.09
TCCCACAG	0.1
GCCCACAG	0.1
TACCACAG	0.1
GACCACAG	0.11
TTACACAG	0.1
GTACACAG	0.11
TGACACAG	0.1
GGACACAG	0.09
TCACACAG	0.11
GCACACAG	0.09
TAACACAG	0.11
GAACACAG	0.1
TTTAACAG	0.11
GTTAACAG	0.1
CTTAACAG	0.09
TGTAACAG	0.09
GGTAACAG	0.12
TCTAACAG	0.1
GCTAACAG	0.1
TATAACAG	0.11
GATAACAG	0.11
TTGAACAG	0.11
GTGAACAG	0.1
TGGAACAG	0.11
GGGAACAG	0.11
TCGAACAG	0.09
GCGAACAG	0.1
TAGAACAG	0.09
GAGAACAG	0.11
TTCAACAG	0.12
GTCAACAG	0.11
TGCAACAG	0.1
GGCAACAG	0.1
TCCAACAG	0.1
GCCAACAG	0.11
TACAACAG	0.11
GACAACAG	0.11
TTAAACAG	0.11
GTAAACAG	0.11
TGAAACAG	0.1
GGAAACAG	0.21
TCAAACAG	0.11
GCAAACAG	0.09
TAAAACAG	0.12
GAAAACAG	0.11
TTTTTAAG	0.13
GTTTTAAG	0.13
CTTTTAAG	0.11
TGTTTAAG	0.11
GGTTTAAG	0.11
TCTTTAAG	0.1
GCTTTAAG	0.12
TATTTAAG	0.13
GATTTAAG	0.12
TTGTTAAG	0.11
GTGTTAAG	0.1
TGGTTAAG	0.11
GGGTTAAG	0.1
TCGTTAAG	0.11
GCGTTAAG	0.09
TAGTTAAG	0.11
GAGTTAAG	0.11
TTCTTAAG	0.12
GTCTTAAG	0.1
TGCTTAAG	0.12
GGCTTAAG	0.11
TCCTTAAG	0.12
GCCTTAAG	0.11
TACTTAAG	0.1
GACTTAAG	0.1
TTATTAAG	0.12
GTATTAAG	0.12
TGATTAAG	0.12
GGATTAAG	0.11
TCATTAAG	0.11
GCATTAAG	0.1
TAATTAAG	0.11
GAATTAAG	0.12
TTTGTAAG	0.12
GTTGTAAG	0.1
CTTGTAAG	0.09
TGTGTAAG	0.12
GGTGTAAG	0.1
TCTGTAAG	0.1
GCTGTAAG	0.09
TATGTAAG	0.1
GATGTAAG	0.11
TTGGTAAG	0.11
GTGGTAAG	0.08
TGGGTAAG	0.11
GGGGTAAG	0.11
TCGGTAAG	0.11
GCGGTAAG	0.1
TAGGTAAG	0.1
GAGGTAAG	0.11
TTCGTAAG	0.11
GTCGTAAG	0.1
TGCGTAAG	0.09
GGCGTAAG	0.11
TCCGTAAG	0.11
GCCGTAAG	0.1
TACGTAAG	0.1
GACGTAAG	0.11
TTAGTAAG	0.1
GTAGTAAG	0.11
TGAGTAAG	0.11
GGAGTAAG	0.11
TCAGTAAG	0.12
GCAGTAAG	0.09
TAAGTAAG	0.11
GAAGTAAG	0.12
TTTCTAAG	0.12
GTTCTAAG	0.12
CTTCTAAG	0.11
TGTCTAAG	0.1
GGTCTAAG	0.09
TCTCTAAG	0.11
GCTCTAAG	0.1
TATCTAAG	0.12
GATCTAAG	0.11
TTGCTAAG	0.1
GTGCTAAG	0.11
TGGCTAAG	0.09
GGGCTAAG	0.09
TCGCTAAG	0.1
GCGCTAAG	0.1
TAGCTAAG	0.1
GAGCTAAG	0.09
TTCCTAAG	0.14
GTCCTAAG	0.11
TGCCTAAG	0.11
GGCCTAAG	0.1
TCCCTAAG	0.09
GCCCTAAG	0.11
TACCTAAG	0.09
GACCTAAG	0.11
TTACTAAG	0.09
GTACTAAG	0.08
TGACTAAG	0.09
GGACTAAG	0.1
TCACTAAG	0.11
GCACTAAG	0.11
TAACTAAG	0.11
GAACTAAG	0.12
TTTATAAG	0.1
GTTATAAG	0.1
TGTATAAG	0.11
GGTATAAG	0.1
TCTATAAG	0.11
GCTATAAG	0.11
TATATAAG	0.11
GATATAAG	0.12
TTGATAAG	0.1
GTGATAAG	0.1
TGGATAAG	0.13
GGGATAAG	0.12
TCGATAAG	0.11
GCGATAAG	0.11
TAGATAAG	0.1
GAGATAAG	0.11
TTCATAAG	0.11
GTCATAAG	0.11
TGCATAAG	0.1
GGCATAAG	0.1
TCCATAAG	0.1
GCCATAAG	0.09
TACATAAG	0.1
GACATAAG	0.09
TTAATAAG	0.12
GTAATAAG	0.12
TGAATAAG	0.11
GGAATAAG	0.12
TCAATAAG	0.11
GCAATAAG	0.1
TAAATAAG	0.1
GAAATAAG	0.12
TTTTGAAG	0.13
GTTTGAAG	0.11
CTTTGAAG	0.1
TGTTGAAG	0.1
GGTTGAAG	0.1
TCTTGAAG	0.1
GCTTGAAG	0.1
TATTGAAG	0.11
GATTGAAG	0.11
TTGTGAAG	0.11
GTGTGAAG	0.11
TGGTGAAG	0.09
GGGTGAAG	0.11
TCGTGAAG	0.09
GCGTGAAG	0.1
TAGTGAAG	0.12
GAGTGAAG	0.11
TTCTGAAG	0.12
GTCTGAAG	0.09
TGCTGAAG	0.11
GGCTGAAG	0.09
TCCTGAAG	0.1
GCCTGAAG	0.09
TACTGAAG	0.1
GACTGAAG	0.1
TTATGAAG	0.1
GTATGAAG	0.11
TGATGAAG	0.11
GGATGAAG	0.13
TCATGAAG	0.1
GCATGAAG	0.09
TAATGAAG	0.11
GAATGAAG	0.11
TTTGGAAG	0.12
GTTGGAAG	0.11
CTTGGAAG	0.1
TGTGGAAG	0.12
GGTGGAAG	0.13
TCTGGAAG	0.1
GCTGGAAG	0.12
TATGGAAG	0.11
GATGGAAG	0.14
TTGGGAAG	0.11
GTGGGAAG	0.12
TGGGGAAG	0.13
GGGGGAAG	0.16
TCGGGAAG	0.13
GCGGGAAG	0.16
TAGGGAAG	0.14
GAGGGAAG	0.13
TTCGGAAG	0.14
GTCGGAAG	0.24
TGCGGAAG	0.42
GGCGGAAG	0.59
TCCGGAAG	0.57
GCCGGAAG	0.68
TACGGAAG	0.24
GACGGAAG	0.32
TTAGGAAG	0.18
GTAGGAAG	0.18
TGAGGAAG	0.2
GGAGGAAG	0.23
TCAGGAAG	0.28
GCAGGAAG	0.47
TAAGGAAG	0.17
GAAGGAAG	0.2
TTTCGAAG	0.1
GTTCGAAG	0.1
TGTCGAAG	0.1
GGTCGAAG	0.1
TCTCGAAG	0.08
GCTCGAAG	0.09
TATCGAAG	0.1
GATCGAAG	0.1
TTGCGAAG	0.1
GTGCGAAG	0.11
TGGCGAAG	0.1
GGGCGAAG	0.1
TCGCGAAG	0.08
GCGCGAAG	0.12
TAGCGAAG	0.11
GAGCGAAG	0.09
TTCCGAAG	0.12
GTCCGAAG	0.12
TGCCGAAG	0.1
GGCCGAAG	0.1
TCCCGAAG	0.12
GCCCGAAG	0.09
TACCGAAG	0.1
GACCGAAG	0.1
TTACGAAG	0.1
GTACGAAG	0.09
TGACGAAG	0.11
GGACGAAG	0.11
TCACGAAG	0.09
GCACGAAG	0.1
TAACGAAG	0.09
GAACGAAG	0.13
TTTAGAAG	0.11
GTTAGAAG	0.09
TGTAGAAG	0.1
GGTAGAAG	0.1
TCTAGAAG	0.12
GCTAGAAG	0.09
TATAGAAG	0.1
GATAGAAG	0.11
TTGAGAAG	0.12
GTGAGAAG	0.1
TGGAGAAG	0.11
GGGAGAAG	0.1
TCGAGAAG	0.11
GCGAGAAG	0.1
TAGAGAAG	0.11
GAGAGAAG	0.1
TTCAGAAG	0.12
GTCAGAAG	0.09
TGCAGAAG	0.11
GGCAGAAG	0.1
TCCAGAAG	0.13
GCCAGAAG	0.1
TACAGAAG	0.1
GACAGAAG	0.11
TTAAGAAG	0.12
GTAAGAAG	0.11
TGAAGAAG	0.1
GGAAGAAG	0.13
TCAAGAAG	0.1
GCAAGAAG	0.11
TAAAGAAG	0.12
GAAAGAAG	0.12
TTTTCAAG	0.12
GTTTCAAG	0.12
CTTTCAAG	0.11
TGTTCAAG	0.1
GGTTCAAG	0.1
TCTTCAAG	0.11
GCTTCAAG	0.1
TATTCAAG	0.1
GATTCAAG	0.1
TTGTCAAG	0.1
GTGTCAAG	0.11
TGGTCAAG	0.08
GGGTCAAG	0.1
TCGTCAAG	0.1
GCGTCAAG	0.1
TAGTCAAG	0.1
GAGTCAAG	0.09
TTCTCAAG	0.11
GTCTCAAG	0.1
TGCTCAAG	0.1
GGCTCAAG	0.09
TCCTCAAG	0.12
GCCTCAAG	0.1
TACTCAAG	0.1
GACTCAAG	0.11
TTATCAAG	0.1
GTATCAAG	0.09
TGATCAAG	0.1
GGATCAAG	0.11
TCATCAAG	0.11
GCATCAAG	0.1
TAATCAAG	0.1
GAATCAAG	0.11
TTTGCAAG	0.11
GTTGCAAG	0.1
TGTGCAAG	0.1
GGTGCAAG	0.1
TCTGCAAG	0.08
GCTGCAAG	0.09
TATGCAAG	0.1
GATGCAAG	0.09
TTGGCAAG	0.09
GTGGCAAG	0.11
TGGGCAAG	0.11
GGGGCAAG	0.1
TCGGCAAG	0.09
GCGGCAAG	0.09
TAGGCAAG	0.09
GAGGCAAG	0.1
TTCGCAAG	0.11
GTCGCAAG	0.1
TGCGCAAG	0.1
GGCGCAAG	0.1
TCCGCAAG	0.12
GCCGCAAG	0.1
TACGCAAG	0.1
GACGCAAG	0.1
TTAGCAAG	0.1
GTAGCAAG	0.11
TGAGCAAG	0.09
GGAGCAAG	0.09
TCAGCAAG	0.1
GCAGCAAG	0.09
TAAGCAAG	0.09
GAAGCAAG	0.12
TTTCCAAG	0.11
GTTCCAAG	0.11
TGTCCAAG	0.1
GGTCCAAG	0.1
TCTCCAAG	0.11
GCTCCAAG	0.1
TATCCAAG	0.11
GATCCAAG	0.1
TTGCCAAG	0.1
GTGCCAAG	0.1
TGGCCAAG	0.1
GGGCCAAG	0.08
TCGCCAAG	0.09
GCGCCAAG	0.11
TAGCCAAG	0.1
GAGCCAAG	0.1
TTCCCAAG	0.12
GTCCCAAG	0.09
TGCCCAAG	0.11
GGCCCAAG	0.1
TCCCCAAG	0.09
GCCCCAAG	0.1
TACCCAAG	0.12
GACCCAAG	0.1
TTACCAAG	0.11
GTACCAAG	0.11
TGACCAAG	0.11
GGACCAAG	0.11
TCACCAAG	0.1
GCACCAAG	0.09
TAACCAAG	0.12
GAACCAAG	0.11
TTTACAAG	0.1
GTTACAAG	0.11
TGTACAAG	0.11
GGTACAAG	0.11
TCTACAAG	0.1
GCTACAAG	0.1
TATACAAG	0.09
GATACAAG	0.12
TTGACAAG	0.11
GTGACAAG	0.09
TGGACAAG	0.11
GGGACAAG	0.1
TCGACAAG	0.09
GCGACAAG	0.09
TAGACAAG	0.1
GAGACAAG	0.11
TTCACAAG	0.09
GTCACAAG	0.09
TGCACAAG	0.1
GGCACAAG	0.09
TCCACAAG	0.1
GCCACAAG	0.11
TACACAAG	0.11
GACACAAG	0.1
TTAACAAG	0.11
GTAACAAG	0.1
TGAACAAG	0.1
GGAACAAG	0.11
TCAACAAG	0.12
GCAACAAG	0.11
TAAACAAG	0.11
GAAACAAG	0.12
TTTTAAAG	0.13
GTTTAAAG	0.11
TGTTAAAG	0.11
GGTTAAAG	0.12
TCTTAAAG	0.12
GCTTAAAG	0.11
TATTAAAG	0.13
GATTAAAG	0.11
TTGTAAAG	0.1
GTGTAAAG	0.1
TGGTAAAG	0.11
GGGTAAAG	0.1
TCGTAAAG	0.11
GCGTAAAG	0.1
TAGTAAAG	0.11
GAGTAAAG	0.11
TTCTAAAG	0.13
GTCTAAAG	0.11
TGCTAAAG	0.1
GGCTAAAG	0.09
TCCTAAAG	0.11
GCCTAAAG	0.09
TACTAAAG	0.11
GACTAAAG	0.1
TTATAAAG	0.1
GTATAAAG	0.13
TGATAAAG	0.11
GGATAAAG	0.12
TCATAAAG	0.1
GCATAAAG	0.11
TAATAAAG	0.1
GAATAAAG	0.12
TTTGAAAG	0.13
GTTGAAAG	0.1
TGTGAAAG	0.1
GGTGAAAG	0.13
TCTGAAAG	0.1
GCTGAAAG	0.1
TATGAAAG	0.11
GATGAAAG	0.12
TTGGAAAG	0.11
GTGGAAAG	0.11
TGGGAAAG	0.12
GGGGAAAG	0.13
TCGGAAAG	0.11
GCGGAAAG	0.21
TAGGAAAG	0.12
GAGGAAAG	0.14
TTCGAAAG	0.11
GTCGAAAG	0.09
TGCGAAAG	0.1
GGCGAAAG	0.11
TCCGAAAG	0.11
GCCGAAAG	0.1
TACGAAAG	0.1
GACGAAAG	0.1
TTAGAAAG	0.12
GTAGAAAG	0.11
TGAGAAAG	0.11
GGAGAAAG	0.11
TCAGAAAG	0.11
GCAGAAAG	0.1
TAAGAAAG	0.12
GAAGAAAG	0.11
TTTCAAAG	0.13
GTTCAAAG	0.12
TGTCAAAG	0.1
GGTCAAAG	0.1
TCTCAAAG	0.12
GCTCAAAG	0.09
TATCAAAG	0.11
GATCAAAG	0.1
TTGCAAAG	0.1
GTGCAAAG	0.1
TGGCAAAG	0.1
GGGCAAAG	0.1
TCGCAAAG	0.08
GCGCAAAG	0.09
TAGCAAAG	0.1
GAGCAAAG	0.1
TTCCAAAG	0.1
GTCCAAAG	0.11
TGCCAAAG	0.09
GGCCAAAG	0.09
TCCCAAAG	0.1
GCCCAAAG	0.1
TACCAAAG	0.1
GACCAAAG	0.12
TTACAAAG	0.12
GTACAAAG	0.1
TGACAAAG	0.1
GGACAAAG	0.12
TCACAAAG	0.11
GCACAAAG	0.1
TAACAAAG	0.11
GAACAAAG	0.11
TTTAAAAG	0.12
GTTAAAAG	0.09
TGTAAAAG	0.12
GGTAAAAG	0.12
TCTAAAAG	0.1
GCTAAAAG	0.1
TATAAAAG	0.12
GATAAAAG	0.13
TTGAAAAG	0.1
GTGAAAAG	0.11
TGGAAAAG	0.11
GGGAAAAG	0.13
TCGAAAAG	0.11
GCGAAAAG	0.11
TAGAAAAG	0.11
GAGAAAAG	0.13
TTCAAAAG	0.11
GTCAAAAG	0.12
TGCAAAAG	0.11
GGCAAAAG	0.12
TCCAAAAG	0.12
GCCAAAAG	0.12
TACAAAAG	0.12
GACAAAAG	0.1
TTAAAAAG	0.1
GTAAAAAG	0.1
TGAAAAAG	0.11
GGAAAAAG	0.16
TCAAAAAG	0.12
GCAAAAAG	0.1
TAAAAAAG	0.12
GAAAAAAG	0.13
TTTTTTTC	0.13
GTTTTTTC	0.15
TGTTTTTC	0.11
GGTTTTTC	0.13
TCTTTTTC	0.13
GCTTTTTC	0.13
TATTTTTC	0.14
GATTTTTC	0.13
TTGTTTTC	0.13
GTGTTTTC	0.1
TGGTTTTC	0.12
GGGTTTTC	0.11
TCGTTTTC	0.11
GCGTTTTC	0.12
TAGTTTTC	0.12
GAGTTTTC	0.13
TTCTTTTC	0.13
GTCTTTTC	0.1
TGCTTTTC	0.11
GGCTTTTC	0.11
TCCTTTTC	0.14
GCCTTTTC	0.13
TACTTTTC	0.13
GACTTTTC	0.11
TTATTTTC	0.12
GTATTTTC	0.12
TGATTTTC	0.11
GGATTTTC	0.12
TCATTTTC	0.12
GCATTTTC	0.12
TAATTTTC	0.12
GAATTTTC	0.12
TTTGTTTC	0.13
GTTGTTTC	0.12
TGTGTTTC	0.12
GGTGTTTC	0.11
TCTGTTTC	0.11
GCTGTTTC	0.1
TATGTTTC	0.14
GATGTTTC	0.11
TTGGTTTC	0.13
GTGGTTTC	0.1
TGGGTTTC	0.12
GGGGTTTC	0.11
TCGGTTTC	0.12
GCGGTTTC	0.11
TAGGTTTC	0.1
GAGGTTTC	0.1
TTCGTTTC	0.12
GTCGTTTC	0.1
TGCGTTTC	0.11
GGCGTTTC	0.11
TCCGTTTC	0.18
GCCGTTTC	0.12
TACGTTTC	0.1
GACGTTTC	0.13
TTAGTTTC	0.12
GTAGTTTC	0.12
TGAGTTTC	0.1
GGAGTTTC	0.1
TCAGTTTC	0.11
GCAGTTTC	0.11
TAAGTTTC	0.13
GAAGTTTC	0.13
TTTCTTTC	0.13
GTTCTTTC	0.11
TGTCTTTC	0.11
GGTCTTTC	0.11
TCTCTTTC	0.11
GCTCTTTC	0.11
TATCTTTC	0.13
GATCTTTC	0.1
TTGCTTTC	0.13
GTGCTTTC	0.1
TGGCTTTC	0.12
GGGCTTTC	0.11
TCGCTTTC	0.11
GCGCTTTC	0.1
TAGCTTTC	0.11
GAGCTTTC	0.1
TTCCTTTC	0.18
GTCCTTTC	0.14
TGCCTTTC	0.11
GGCCTTTC	0.1
TCCCTTTC	0.11
GCCCTTTC	0.1
TACCTTTC	0.11
GACCTTTC	0.12
TTACTTTC	0.12
GTACTTTC	0.1
TGACTTTC	0.11
GGACTTTC	0.12
TCACTTTC	0.11
GCACTTTC	0.1
TAACTTTC	0.1
GAACTTTC	0.1
TTTATTTC	0.14
GTTATTTC	0.12
TGTATTTC	0.13
GGTATTTC	0.14
TCTATTTC	0.13
GCTATTTC	0.11
TATATTTC	0.11
GATATTTC	0.13
TTGATTTC	0.13
GTGATTTC	0.11
TGGATTTC	0.12
GGGATTTC	0.14
TCGATTTC	0.1
GCGATTTC	0.11
TAGATTTC	0.12
GAGATTTC	0.11
TTCATTTC	0.13
GTCATTTC	0.11
TGCATTTC	0.13
GGCATTTC	0.12
TCCATTTC	0.12
GCCATTTC	0.11
TACATTTC	0.12
GACATTTC	0.13
TTAATTTC	0.12
GTAATTTC	0.12
TGAATTTC	0.12
GGAATTTC	0.12
TCAATTTC	0.12
GCAATTTC	0.11
TAAATTTC	0.1
TTTTGTTC	0.12
GTTTGTTC	0.11
TGTTGTTC	0.11
GGTTGTTC	0.11
TCTTGTTC	0.11
GCTTGTTC	0.1
TATTGTTC	0.11
GATTGTTC	0.1
TTGTGTTC	0.1
GTGTGTTC	0.12
TGGTGTTC	0.11
GGGTGTTC	0.11
TCGTGTTC	0.11
GCGTGTTC	0.1
TAGTGTTC	0.1
GAGTGTTC	0.11
TTCTGTTC	0.11
GTCTGTTC	0.1
TGCTGTTC	0.11
GGCTGTTC	0.1
TCCTGTTC	0.12
GCCTGTTC	0.11
TACTGTTC	0.11
GACTGTTC	0.09
TTATGTTC	0.1
GTATGTTC	0.11
TGATGTTC	0.1
GGATGTTC	0.22
TCATGTTC	0.1
GCATGTTC	0.1
TAATGTTC	0.12
GAATGTTC	0.1
TTTGGTTC	0.11
GTTGGTTC	0.11
TGTGGTTC	0.09
GGTGGTTC	0.1
TCTGGTTC	0.12
GCTGGTTC	0.1
TATGGTTC	0.12
GATGGTTC	0.1
TTGGGTTC	0.1
GTGGGTTC	0.1
TGGGGTTC	0.1
GGGGGTTC	0.09
TCGGGTTC	0.11
GCGGGTTC	0.1
TAGGGTTC	0.11
GAGGGTTC	0.09
TTCGGTTC	0.1
GTCGGTTC	0.1
TGCGGTTC	0.11
GGCGGTTC	0.1
TCCGGTTC	0.36
GCCGGTTC	0.1
TACGGTTC	0.11
GACGGTTC	0.1
TTAGGTTC	0.09
GTAGGTTC	0.1
TGAGGTTC	0.11
GGAGGTTC	0.11
TCAGGTTC	0.11
GCAGGTTC	0.1
TAAGGTTC	0.1
GAAGGTTC	0.1
TTTCGTTC	0.1
GTTCGTTC	0.1
TGTCGTTC	0.11
GGTCGTTC	0.1
TCTCGTTC	0.11
GCTCGTTC	0.1
TATCGTTC	0.11
GATCGTTC	0.09
TTGCGTTC	0.1
GTGCGTTC	0.11
TGGCGTTC	0.09
GGGCGTTC	0.1
TCGCGTTC	0.1
GCGCGTTC	0.1
TAGCGTTC	0.1
GAGCGTTC	0.1
TTCCGTTC	0.23
GTCCGTTC	0.13
TGCCGTTC	0.11
GGCCGTTC	0.1
TCCCGTTC	0.11
GCCCGTTC	0.09
TACCGTTC	0.11
GACCGTTC	0.09
TTACGTTC	0.1
GTACGTTC	0.09
TGACGTTC	0.11
GGACGTTC	0.11
TCACGTTC	0.09
GCACGTTC	0.09
TAACGTTC	0.09
TTTAGTTC	0.13
GTTAGTTC	0.11
TGTAGTTC	0.11
GGTAGTTC	0.11
TCTAGTTC	0.11
GCTAGTTC	0.11
TATAGTTC	0.1
GATAGTTC	0.1
TTGAGTTC	0.1
GTGAGTTC	0.11
TGGAGTTC	0.11
GGGAGTTC	0.11
TCGAGTTC	0.1
GCGAGTTC	0.11
TAGAGTTC	0.1
GAGAGTTC	0.1
TTCAGTTC	0.12
GTCAGTTC	0.13
TGCAGTTC	0.11
GGCAGTTC	0.11
TCCAGTTC	0.1
GCCAGTTC	0.1
TACAGTTC	0.11
GACAGTTC	0.11
TTAAGTTC	0.12
GTAAGTTC	0.1
TGAAGTTC	0.1
GGAAGTTC	0.41
TCAAGTTC	0.11
GCAAGTTC	0.12
TAAAGTTC	0.12
TTTTCTTC	0.13
GTTTCTTC	0.13
TGTTCTTC	0.13
GGTTCTTC	0.11
TCTTCTTC	0.13
GCTTCTTC	0.11
TATTCTTC	0.12
GATTCTTC	0.11
TTGTCTTC	0.12
GTGTCTTC	0.11
TGGTCTTC	0.11
GGGTCTTC	0.11
TCGTCTTC	0.11
GCGTCTTC	0.12
TAGTCTTC	0.12
GAGTCTTC	0.1
TTCTCTTC	0.15
GTCTCTTC	0.12
TGCTCTTC	0.1
GGCTCTTC	0.1
TCCTCTTC	0.13
GCCTCTTC	0.12
TACTCTTC	0.14
GACTCTTC	0.11
TTATCTTC	0.11
GTATCTTC	0.12
TGATCTTC	0.11
GGATCTTC	0.1
TCATCTTC	0.11
GCATCTTC	0.1
TAATCTTC	0.12
GAATCTTC	0.13
TTTGCTTC	0.11
GTTGCTTC	0.11
TGTGCTTC	0.13
GGTGCTTC	0.1
TCTGCTTC	0.11
GCTGCTTC	0.11
TATGCTTC	0.1
GATGCTTC	0.11
TTGGCTTC	0.12
GTGGCTTC	0.12
TGGGCTTC	0.1
GGGGCTTC	0.1
TCGGCTTC	0.12
GCGGCTTC	0.1
TAGGCTTC	0.1
GAGGCTTC	0.1
TTCGCTTC	0.1
GTCGCTTC	0.12
TGCGCTTC	0.11
GGCGCTTC	0.11
TCCGCTTC	0.18
GCCGCTTC	0.09
TACGCTTC	0.1
GACGCTTC	0.1
TTAGCTTC	0.11
GTAGCTTC	0.11
TGAGCTTC	0.11
GGAGCTTC	0.1
TCAGCTTC	0.1
GCAGCTTC	0.1
TAAGCTTC	0.12
TTTCCTTC	0.27
GTTCCTTC	0.12
TGTCCTTC	0.11
GGTCCTTC	0.09
TCTCCTTC	0.12
GCTCCTTC	0.1
TATCCTTC	0.13
GATCCTTC	0.1
TTGCCTTC	0.11
GTGCCTTC	0.1
TGGCCTTC	0.09
GGGCCTTC	0.11
TCGCCTTC	0.1
GCGCCTTC	0.11
TAGCCTTC	0.1
GAGCCTTC	0.09
TTCCCTTC	0.16
GTCCCTTC	0.09
TGCCCTTC	0.11
GGCCCTTC	0.1
TCCCCTTC	0.11
GCCCCTTC	0.11
TACCCTTC	0.11
GACCCTTC	0.1
TTACCTTC	0.12
GTACCTTC	0.09
TGACCTTC	0.09
GGACCTTC	0.1
TCACCTTC	0.1
GCACCTTC	0.1
TAACCTTC	0.11
TTTACTTC	0.15
GTTACTTC	0.12
TGTACTTC	0.09
GGTACTTC	0.11
TCTACTTC	0.11
GCTACTTC	0.12
TATACTTC	0.1
GATACTTC	0.12
TTGACTTC	0.11
GTGACTTC	0.11
TGGACTTC	0.13
GGGACTTC	0.11
TCGACTTC	0.11
GCGACTTC	0.1
TAGACTTC	0.11
GAGACTTC	0.11
TTCACTTC	0.11
GTCACTTC	0.11
TGCACTTC	0.1
GGCACTTC	0.11
TCCACTTC	0.1
GCCACTTC	0.09
TACACTTC	0.1
GACACTTC	0.13
TTAACTTC	0.09
GTAACTTC	0.11
TGAACTTC	0.12
GGAACTTC	0.12
TCAACTTC	0.12
GCAACTTC	0.09
TAAACTTC	0.11
TTTTATTC	0.13
GTTTATTC	0.12
TGTTATTC	0.12
GGTTATTC	0.11
TCTTATTC	0.12
GCTTATTC	0.1
TATTATTC	0.1
GATTATTC	0.11
TTGTATTC	0.11
GTGTATTC	0.11
TGGTATTC	0.1
GGGTATTC	0.11
TCGTATTC	0.11
GCGTATTC	0.11
TAGTATTC	0.1
GAGTATTC	0.1
TTCTATTC	0.12
GTCTATTC	0.1
TGCTATTC	0.1
GGCTATTC	0.1
TCCTATTC	0.11
GCCTATTC	0.11
TACTATTC	0.11
GACTATTC	0.11
TTATATTC	0.1
GTATATTC	0.1
TGATATTC	0.11
GGATATTC	0.15
TCATATTC	0.11
GCATATTC	0.09
TAATATTC	0.11
TTTGATTC	0.11
GTTGATTC	0.11
TGTGATTC	0.11
GGTGATTC	0.11
TCTGATTC	0.11
GCTGATTC	0.09
TATGATTC	0.1
GATGATTC	0.09
TTGGATTC	0.11
GTGGATTC	0.1
TGGGATTC	0.1
GGGGATTC	0.09
TCGGATTC	0.11
GCGGATTC	0.11
TAGGATTC	0.1
GAGGATTC	0.09
TTCGATTC	0.1
GTCGATTC	0.13
TGCGATTC	0.1
GGCGATTC	0.1
TCCGATTC	0.12
GCCGATTC	0.12
TACGATTC	0.1
GACGATTC	0.1
TTAGATTC	0.12
GTAGATTC	0.1
TGAGATTC	0.1
GGAGATTC	0.11
TCAGATTC	0.1
GCAGATTC	0.1
TAAGATTC	0.11
TTTCATTC	0.11
GTTCATTC	0.11
TGTCATTC	0.11
GGTCATTC	0.1
TCTCATTC	0.11
GCTCATTC	0.12
TATCATTC	0.12
GATCATTC	0.09
TTGCATTC	0.1
GTGCATTC	0.11
TGGCATTC	0.09
GGGCATTC	0.11
TCGCATTC	0.09
GCGCATTC	0.11
TAGCATTC	0.09
GAGCATTC	0.1
TTCCATTC	0.1
GTCCATTC	0.1
TGCCATTC	0.1
GGCCATTC	0.1
TCCCATTC	0.11
GCCCATTC	0.09
TACCATTC	0.09
GACCATTC	0.11
TTACATTC	0.11
GTACATTC	0.11
TGACATTC	0.11
GGACATTC	0.11
TCACATTC	0.1
GCACATTC	0.09
TAACATTC	0.11
TTTAATTC	0.1
GTTAATTC	0.11
TGTAATTC	0.12
GGTAATTC	0.1
TCTAATTC	0.11
GCTAATTC	0.12
TATAATTC	0.11
GATAATTC	0.11
TTGAATTC	0.12
GTGAATTC	0.1
TGGAATTC	0.11
GGGAATTC	0.12
TCGAATTC	0.1
GCGAATTC	0.1
TAGAATTC	0.1
GAGAATTC	0.11
TTCAATTC	0.12
GTCAATTC	0.11
TGCAATTC	0.1
GGCAATTC	0.1
TCCAATTC	0.1
GCCAATTC	0.1
TACAATTC	0.12
GACAATTC	0.12
TTAAATTC	0.11
GTAAATTC	0.11
TGAAATTC	0.11
GGAAATTC	0.15
TCAAATTC	0.12
GCAAATTC	0.11
TAAAATTC	0.12
TTTTTGTC	0.13
GTTTTGTC	0.13
TGTTTGTC	0.11
GGTTTGTC	0.11
TCTTTGTC	0.11
GCTTTGTC	0.12
TATTTGTC	0.11
GATTTGTC	0.11
TTGTTGTC	0.1
GTGTTGTC	0.1
TGGTTGTC	0.09
GGGTTGTC	0.1
TCGTTGTC	0.1
GCGTTGTC	0.11
TAGTTGTC	0.1
GAGTTGTC	0.11
TTCTTGTC	0.12
GTCTTGTC	0.12
TGCTTGTC	0.1
GGCTTGTC	0.09
TCCTTGTC	0.11
GCCTTGTC	0.09
TACTTGTC	0.11
GACTTGTC	0.1
TTATTGTC	0.12
GTATTGTC	0.1
TGATTGTC	0.11
GGATTGTC	0.1
TCATTGTC	0.11
GCATTGTC	0.1
TAATTGTC	0.1
TTTGTGTC	0.12
GTTGTGTC	0.09
TGTGTGTC	0.11
GGTGTGTC	0.11
TCTGTGTC	0.1
GCTGTGTC	0.1
TATGTGTC	0.1
GATGTGTC	0.11
TTGGTGTC	0.11
GTGGTGTC	0.1
TGGGTGTC	0.11
GGGGTGTC	0.09
TCGGTGTC	0.1
GCGGTGTC	0.09
TAGGTGTC	0.1
GAGGTGTC	0.1
TTCGTGTC	0.11
GTCGTGTC	0.1
TGCGTGTC	0.1
GGCGTGTC	0.1
TCCGTGTC	0.12
GCCGTGTC	0.1
TACGTGTC	0.1
GACGTGTC	0.1
TTAGTGTC	0.09
GTAGTGTC	0.11
TGAGTGTC	0.1
GGAGTGTC	0.11
TCAGTGTC	0.11
GCAGTGTC	0.1
TAAGTGTC	0.1
TTTCTGTC	0.1
GTTCTGTC	0.12
TGTCTGTC	0.1
GGTCTGTC	0.09
TCTCTGTC	0.11
GCTCTGTC	0.1
TATCTGTC	0.1
GATCTGTC	0.1
TTGCTGTC	0.11
GTGCTGTC	0.11
TGGCTGTC	0.1
GGGCTGTC	0.1
TCGCTGTC	0.09
GCGCTGTC	0.1
TAGCTGTC	0.08
GAGCTGTC	0.09
TTCCTGTC	0.34
GTCCTGTC	0.12
TGCCTGTC	0.11
GGCCTGTC	0.1
TCCCTGTC	0.12
GCCCTGTC	0.08
TACCTGTC	0.11
GACCTGTC	0.09
TTACTGTC	0.1
GTACTGTC	0.1
TGACTGTC	0.09
GGACTGTC	0.1
TCACTGTC	0.09
GCACTGTC	0.09
TAACTGTC	0.09
TTTATGTC	0.11
GTTATGTC	0.11
TGTATGTC	0.12
GGTATGTC	0.1
TCTATGTC	0.12
GCTATGTC	0.11
TATATGTC	0.11
GATATGTC	0.11
TTGATGTC	0.12
GTGATGTC	0.1
TGGATGTC	0.11
GGGATGTC	0.13
TCGATGTC	0.11
GCGATGTC	0.08
TAGATGTC	0.11
GAGATGTC	0.1
TTCATGTC	0.11
GTCATGTC	0.09
TGCATGTC	0.1
GGCATGTC	0.1
TCCATGTC	0.11
GCCATGTC	0.1
TACATGTC	0.1
TTAATGTC	0.12
GTAATGTC	0.12
TGAATGTC	0.1
GGAATGTC	0.11
TCAATGTC	0.1
GCAATGTC	0.1
TAAATGTC	0.1
TTTTGGTC	0.13
GTTTGGTC	0.11
TGTTGGTC	0.11
GGTTGGTC	0.09
TCTTGGTC	0.11
GCTTGGTC	0.1
TATTGGTC	0.1
GATTGGTC	0.1
TTGTGGTC	0.1
GTGTGGTC	0.1
TGGTGGTC	0.09
GGGTGGTC	0.1
TCGTGGTC	0.08
GCGTGGTC	0.09
TAGTGGTC	0.1
GAGTGGTC	0.1
TTCTGGTC	0.1
GTCTGGTC	0.1
TGCTGGTC	0.11
GGCTGGTC	0.1
TCCTGGTC	0.12
GCCTGGTC	0.1
TACTGGTC	0.1
GACTGGTC	0.08
TTATGGTC	0.1
GTATGGTC	0.09
TGATGGTC	0.1
GGATGGTC	0.11
TCATGGTC	0.09
GCATGGTC	0.09
TAATGGTC	0.11
TTTGGGTC	0.1
GTTGGGTC	0.09
TGTGGGTC	0.1
GGTGGGTC	0.09
TCTGGGTC	0.11
GCTGGGTC	0.09
TATGGGTC	0.11
GATGGGTC	0.1
TTGGGGTC	0.08
GTGGGGTC	0.11
TGGGGGTC	0.1
GGGGGGTC	0.1
TCGGGGTC	0.11
GCGGGGTC	0.09
TAGGGGTC	0.1
GAGGGGTC	0.09
TTCGGGTC	0.11
GTCGGGTC	0.1
TGCGGGTC	0.1
GGCGGGTC	0.09
TCCGGGTC	0.13
GCCGGGTC	0.11
TACGGGTC	0.09
GACGGGTC	0.09
TTAGGGTC	0.12
GTAGGGTC	0.09
TGAGGGTC	0.11
GGAGGGTC	0.11
TCAGGGTC	0.09
GCAGGGTC	0.1
TAAGGGTC	0.1
TTTCGGTC	0.1
GTTCGGTC	0.12
TGTCGGTC	0.12
GGTCGGTC	0.11
TCTCGGTC	0.11
GCTCGGTC	0.09
TATCGGTC	0.12
GATCGGTC	0.08
TTGCGGTC	0.11
GTGCGGTC	0.11
TGGCGGTC	0.1
GGGCGGTC	0.1
TCGCGGTC	0.1
GCGCGGTC	0.1
TAGCGGTC	0.1
GAGCGGTC	0.1
TTCCGGTC	0.56
GTCCGGTC	0.17
TGCCGGTC	0.11
GGCCGGTC	0.08
TCCCGGTC	0.13
GCCCGGTC	0.09
TACCGGTC	0.12
TTACGGTC	0.11
GTACGGTC	0.09
TGACGGTC	0.11
GGACGGTC	0.1
TCACGGTC	0.09
GCACGGTC	0.08
TAACGGTC	0.09
TTTAGGTC	0.11
GTTAGGTC	0.1
TGTAGGTC	0.1
GGTAGGTC	0.11
TCTAGGTC	0.1
GCTAGGTC	0.1
TATAGGTC	0.1
GATAGGTC	0.1
TTGAGGTC	0.1
GTGAGGTC	0.1
TGGAGGTC	0.1
GGGAGGTC	0.1
TCGAGGTC	0.1
GCGAGGTC	0.09
TAGAGGTC	0.09
GAGAGGTC	0.1
TTCAGGTC	0.11
GTCAGGTC	0.1
TGCAGGTC	0.09
GGCAGGTC	0.1
TCCAGGTC	0.09
GCCAGGTC	0.1
TACAGGTC	0.09
TTAAGGTC	0.1
GTAAGGTC	0.1
TGAAGGTC	0.1
GGAAGGTC	0.12
TCAAGGTC	0.11
GCAAGGTC	0.1
TAAAGGTC	0.12
TTTTCGTC	0.11
GTTTCGTC	0.11
TGTTCGTC	0.11
GGTTCGTC	0.1
TCTTCGTC	0.11
GCTTCGTC	0.11
TATTCGTC	0.11
GATTCGTC	0.11
TTGTCGTC	0.12
GTGTCGTC	0.12
TGGTCGTC	0.1
GGGTCGTC	0.11
TCGTCGTC	0.1
GCGTCGTC	0.09
TAGTCGTC	0.11
GAGTCGTC	0.1
TTCTCGTC	0.11
GTCTCGTC	0.09
TGCTCGTC	0.1
GGCTCGTC	0.09
TCCTCGTC	0.1
GCCTCGTC	0.1
TACTCGTC	0.1
GACTCGTC	0.09
TTATCGTC	0.1
GTATCGTC	0.1
TGATCGTC	0.08
GGATCGTC	0.11
TCATCGTC	0.1
GCATCGTC	0.09
TAATCGTC	0.09
TTTGCGTC	0.1
GTTGCGTC	0.1
TGTGCGTC	0.1
GGTGCGTC	0.1
TCTGCGTC	0.1
GCTGCGTC	0.1
TATGCGTC	0.11
GATGCGTC	0.1
TTGGCGTC	0.11
GTGGCGTC	0.09
TGGGCGTC	0.09
GGGGCGTC	0.11
TCGGCGTC	0.11
GCGGCGTC	0.09
TAGGCGTC	0.1
GAGGCGTC	0.1
TTCGCGTC	0.11
GTCGCGTC	0.08
TGCGCGTC	0.09
GGCGCGTC	0.08
TCCGCGTC	0.12
GCCGCGTC	0.1
TACGCGTC	0.1
TTAGCGTC	0.09
GTAGCGTC	0.1
TGAGCGTC	0.1
GGAGCGTC	0.09
TCAGCGTC	0.09
GCAGCGTC	0.1
TAAGCGTC	0.1
TTTCCGTC	0.32
GTTCCGTC	0.15
TGTCCGTC	0.13
GGTCCGTC	0.09
TCTCCGTC	0.12
GCTCCGTC	0.1
TATCCGTC	0.18
GATCCGTC	0.1
TTGCCGTC	0.09
GTGCCGTC	0.09
TGGCCGTC	0.1
GGGCCGTC	0.1
TCGCCGTC	0.1
GCGCCGTC	0.09
TAGCCGTC	0.09
GAGCCGTC	0.1
TTCCCGTC	0.13
GTCCCGTC	0.1
TGCCCGTC	0.1
GGCCCGTC	0.09
TCCCCGTC	0.11
GCCCCGTC	0.09
TACCCGTC	0.1
TTACCGTC	0.1
GTACCGTC	0.11
TGACCGTC	0.09
GGACCGTC	0.1
TCACCGTC	0.1
GCACCGTC	0.09
TAACCGTC	0.11
TTTACGTC	0.13
GTTACGTC	0.1
TGTACGTC	0.1
GGTACGTC	0.1
TCTACGTC	0.1
GCTACGTC	0.1
TATACGTC	0.1
GATACGTC	0.1
TTGACGTC	0.1
GTGACGTC	0.09
TGGACGTC	0.11
GGGACGTC	0.1
TCGACGTC	0.11
GCGACGTC	0.09
TAGACGTC	0.11
GAGACGTC	0.1
TTCACGTC	0.12
GTCACGTC	0.09
TGCACGTC	0.1
GGCACGTC	0.09
TCCACGTC	0.11
GCCACGTC	0.1
TACACGTC	0.1
TTAACGTC	0.11
GTAACGTC	0.1
TGAACGTC	0.1
GGAACGTC	0.1
TCAACGTC	0.12
GCAACGTC	0.11
TAAACGTC	0.1
TTTTAGTC	0.11
GTTTAGTC	0.1
TGTTAGTC	0.11
GGTTAGTC	0.1
TCTTAGTC	0.1
GCTTAGTC	0.09
TATTAGTC	0.1
GATTAGTC	0.1
TTGTAGTC	0.1
GTGTAGTC	0.1
TGGTAGTC	0.11
GGGTAGTC	0.11
TCGTAGTC	0.1
GCGTAGTC	0.09
TAGTAGTC	0.1
GAGTAGTC	0.1
TTCTAGTC	0.11
GTCTAGTC	0.1
TGCTAGTC	0.11
GGCTAGTC	0.1
TCCTAGTC	0.11
GCCTAGTC	0.1
TACTAGTC	0.09
TTATAGTC	0.11
GTATAGTC	0.1
TGATAGTC	0.09
GGATAGTC	0.09
TCATAGTC	0.09
GCATAGTC	0.09
TAATAGTC	0.1
TTTGAGTC	0.09
GTTGAGTC	0.1
TGTGAGTC	0.09
GGTGAGTC	0.09
TCTGAGTC	0.1
GCTGAGTC	0.09
TATGAGTC	0.1
GATGAGTC	0.09
TTGGAGTC	0.09
GTGGAGTC	0.09
TGGGAGTC	0.1
GGGGAGTC	0.11
TCGGAGTC	0.11
GCGGAGTC	0.1
TAGGAGTC	0.1
GAGGAGTC	0.1
TTCGAGTC	0.1
GTCGAGTC	0.1
TGCGAGTC	0.1
GGCGAGTC	0.09
TCCGAGTC	0.1
GCCGAGTC	0.09
TACGAGTC	0.09
TTAGAGTC	0.1
GTAGAGTC	0.09
TGAGAGTC	0.09
GGAGAGTC	0.1
TCAGAGTC	0.09
GCAGAGTC	0.1
TAAGAGTC	0.12
TTTCAGTC	0.1
GTTCAGTC	0.1
TGTCAGTC	0.11
GGTCAGTC	0.1
TCTCAGTC	0.11
GCTCAGTC	0.1
TATCAGTC	0.09
GATCAGTC	0.08
TTGCAGTC	0.09
GTGCAGTC	0.09
TGGCAGTC	0.1
GGGCAGTC	0.09
TCGCAGTC	0.1
GCGCAGTC	0.09
TAGCAGTC	0.1
GAGCAGTC	0.08
TTCCAGTC	0.09
GTCCAGTC	0.09
TGCCAGTC	0.09
GGCCAGTC	0.08
TCCCAGTC	0.1
GCCCAGTC	0.09
TACCAGTC	0.09
TTACAGTC	0.1
GTACAGTC	0.09
TGACAGTC	0.09
GGACAGTC	0.11
TCACAGTC	0.11
GCACAGTC	0.08
TAACAGTC	0.09
TTTAAGTC	0.1
GTTAAGTC	0.09
TGTAAGTC	0.1
GGTAAGTC	0.08
TCTAAGTC	0.1
GCTAAGTC	0.1
TATAAGTC	0.12
GATAAGTC	0.09
TTGAAGTC	0.1
GTGAAGTC	0.09
TGGAAGTC	0.13
GGGAAGTC	0.16
TCGAAGTC	0.08
GCGAAGTC	0.11
TAGAAGTC	0.1
GAGAAGTC	0.11
TTCAAGTC	0.1
GTCAAGTC	0.08
TGCAAGTC	0.1
GGCAAGTC	0.09
TCCAAGTC	0.1
GCCAAGTC	0.08
TACAAGTC	0.11
TTAAAGTC	0.1
GTAAAGTC	0.1
TGAAAGTC	0.1
GGAAAGTC	0.12
TCAAAGTC	0.11
GCAAAGTC	0.1
TAAAAGTC	0.11
TTTTTCTC	0.11
GTTTTCTC	0.13
TGTTTCTC	0.12
GGTTTCTC	0.1
TCTTTCTC	0.13
GCTTTCTC	0.11
TATTTCTC	0.1
GATTTCTC	0.12
TTGTTCTC	0.11
GTGTTCTC	0.11
TGGTTCTC	0.09
GGGTTCTC	0.11
TCGTTCTC	0.11
GCGTTCTC	0.09
TAGTTCTC	0.11
GAGTTCTC	0.1
TTCTTCTC	0.12
GTCTTCTC	0.1
TGCTTCTC	0.09
GGCTTCTC	0.11
TCCTTCTC	0.11
GCCTTCTC	0.1
TACTTCTC	0.11
TTATTCTC	0.11
GTATTCTC	0.1
TGATTCTC	0.1
GGATTCTC	0.1
TCATTCTC	0.11
GCATTCTC	0.1
TAATTCTC	0.1
TTTGTCTC	0.11
GTTGTCTC	0.11
TGTGTCTC	0.1
GGTGTCTC	0.1
TCTGTCTC	0.1
GCTGTCTC	0.09
TATGTCTC	0.09
GATGTCTC	0.11
TTGGTCTC	0.11
GTGGTCTC	0.08
TGGGTCTC	0.1
GGGGTCTC	0.09
TCGGTCTC	0.09
GCGGTCTC	0.1
TAGGTCTC	0.1
GAGGTCTC	0.1
TTCGTCTC	0.09
GTCGTCTC	0.11
TGCGTCTC	0.09
GGCGTCTC	0.1
TCCGTCTC	0.12
GCCGTCTC	0.1
TACGTCTC	0.11
TTAGTCTC	0.11
GTAGTCTC	0.1
TGAGTCTC	0.09
GGAGTCTC	0.11
TCAGTCTC	0.1
GCAGTCTC	0.1
TAAGTCTC	0.1
TTTCTCTC	0.13
GTTCTCTC	0.1
TGTCTCTC	0.1
GGTCTCTC	0.09
TCTCTCTC	0.11
GCTCTCTC	0.1
TATCTCTC	0.12
GATCTCTC	0.11
TTGCTCTC	0.1
GTGCTCTC	0.09
TGGCTCTC	0.09
GGGCTCTC	0.09
TCGCTCTC	0.1
GCGCTCTC	0.09
TAGCTCTC	0.1
GAGCTCTC	0.1
TTCCTCTC	0.17
GTCCTCTC	0.1
TGCCTCTC	0.1
GGCCTCTC	0.11
TCCCTCTC	0.13
GCCCTCTC	0.09
TACCTCTC	0.1
TTACTCTC	0.11
GTACTCTC	0.09
TGACTCTC	0.09
GGACTCTC	0.09
TCACTCTC	0.1
GCACTCTC	0.1
TAACTCTC	0.09
TTTATCTC	0.12
GTTATCTC	0.1
TGTATCTC	0.11
GGTATCTC	0.1
TCTATCTC	0.11
GCTATCTC	0.1
TATATCTC	0.12
GATATCTC	0.11
TTGATCTC	0.12
GTGATCTC	0.09
TGGATCTC	0.09
GGGATCTC	0.11
TCGATCTC	0.1
GCGATCTC	0.1
TAGATCTC	0.09
TTCATCTC	0.12
GTCATCTC	0.1
TGCATCTC	0.1
GGCATCTC	0.09
TCCATCTC	0.11
GCCATCTC	0.1
TACATCTC	0.11
TTAATCTC	0.1
GTAATCTC	0.12
TGAATCTC	0.11
GGAATCTC	0.11
TCAATCTC	0.1
GCAATCTC	0.09
TAAATCTC	0.09
TTTTGCTC	0.1
GTTTGCTC	0.1
TGTTGCTC	0.11
GGTTGCTC	0.1
TCTTGCTC	0.11
GCTTGCTC	0.09
TATTGCTC	0.09
GATTGCTC	0.11
TTGTGCTC	0.1
GTGTGCTC	0.09
TGGTGCTC	0.11
GGGTGCTC	0.09
TCGTGCTC	0.1
GCGTGCTC	0.09
TAGTGCTC	0.09
GAGTGCTC	0.09
TTCTGCTC	0.11
GTCTGCTC	0.1
TGCTGCTC	0.09
GGCTGCTC	0.09
TCCTGCTC	0.14
GCCTGCTC	0.1
TACTGCTC	0.1
TTATGCTC	0.1
GTATGCTC	0.1
TGATGCTC	0.1
GGATGCTC	0.17
TCATGCTC	0.1
GCATGCTC	0.09
TAATGCTC	0.1
TTTGGCTC	0.09
GTTGGCTC	0.09
TGTGGCTC	0.1
GGTGGCTC	0.1
TCTGGCTC	0.1
GCTGGCTC	0.09
TATGGCTC	0.1
GATGGCTC	0.09
TTGGGCTC	0.1
GTGGGCTC	0.09
TGGGGCTC	0.1
GGGGGCTC	0.1
TCGGGCTC	0.1
GCGGGCTC	0.09
TAGGGCTC	0.1
GAGGGCTC	0.1
TTCGGCTC	0.11
GTCGGCTC	0.08
TGCGGCTC	0.11
GGCGGCTC	0.09
TCCGGCTC	0.14
GCCGGCTC	0.1
TACGGCTC	0.1
TTAGGCTC	0.1
GTAGGCTC	0.1
TGAGGCTC	0.09
GGAGGCTC	0.09
TCAGGCTC	0.1
GCAGGCTC	0.09
TAAGGCTC	0.08
TTTCGCTC	0.12
GTTCGCTC	0.11
TGTCGCTC	0.1
GGTCGCTC	0.09
TCTCGCTC	0.1
GCTCGCTC	0.09
TATCGCTC	0.1
GATCGCTC	0.09
TTGCGCTC	0.09
GTGCGCTC	0.09
TGGCGCTC	0.1
GGGCGCTC	0.08
TCGCGCTC	0.09
GCGCGCTC	0.1
TAGCGCTC	0.09
TTCCGCTC	0.33
GTCCGCTC	0.1
TGCCGCTC	0.1
GGCCGCTC	0.09
TCCCGCTC	0.11
GCCCGCTC	0.1
TACCGCTC	0.12
TTACGCTC	0.11
GTACGCTC	0.09
TGACGCTC	0.1
GGACGCTC	0.11
TCACGCTC	0.09
GCACGCTC	0.09
TAACGCTC	0.09
TTTAGCTC	0.09
GTTAGCTC	0.1
TGTAGCTC	0.1
GGTAGCTC	0.1
TCTAGCTC	0.09
GCTAGCTC	0.1
TATAGCTC	0.1
GATAGCTC	0.11
TTGAGCTC	0.09
GTGAGCTC	0.09
TGGAGCTC	0.11
GGGAGCTC	0.1
TCGAGCTC	0.09
GCGAGCTC	0.09
TAGAGCTC	0.1
TTCAGCTC	0.1
GTCAGCTC	0.1
TGCAGCTC	0.09
GGCAGCTC	0.09
TCCAGCTC	0.11
GCCAGCTC	0.08
TACAGCTC	0.1
TTAAGCTC	0.09
GTAAGCTC	0.09
TGAAGCTC	0.11
GGAAGCTC	0.15
TCAAGCTC	0.12
GCAAGCTC	0.09
TAAAGCTC	0.09
TTTTCCTC	0.16
GTTTCCTC	0.21
TGTTCCTC	0.11
GGTTCCTC	0.11
TCTTCCTC	0.18
GCTTCCTC	0.2
TATTCCTC	0.11
GATTCCTC	0.12
TTGTCCTC	0.1
GTGTCCTC	0.11
TGGTCCTC	0.1
GGGTCCTC	0.09
TCGTCCTC	0.1
GCGTCCTC	0.11
TAGTCCTC	0.09
GAGTCCTC	0.09
TTCTCCTC	0.1
GTCTCCTC	0.09
TGCTCCTC	0.1
GGCTCCTC	0.1
TCCTCCTC	0.12
GCCTCCTC	0.09
TACTCCTC	0.1
TTATCCTC	0.1
GTATCCTC	0.16
TGATCCTC	0.1
GGATCCTC	0.1
TCATCCTC	0.14
GCATCCTC	0.18
TAATCCTC	0.11
TTTGCCTC	0.11
GTTGCCTC	0.09
TGTGCCTC	0.1
GGTGCCTC	0.09
TCTGCCTC	0.1
GCTGCCTC	0.1
TATGCCTC	0.1
GATGCCTC	0.11
TTGGCCTC	0.09
GTGGCCTC	0.09
TGGGCCTC	0.09
GGGGCCTC	0.09
TCGGCCTC	0.09
GCGGCCTC	0.09
TAGGCCTC	0.1
TTCGCCTC	0.1
GTCGCCTC	0.11
TGCGCCTC	0.1
GGCGCCTC	0.09
TCCGCCTC	0.11
GCCGCCTC	0.09
TACGCCTC	0.1
TTAGCCTC	0.1
GTAGCCTC	0.1
TGAGCCTC	0.1
GGAGCCTC	0.09
TCAGCCTC	0.1
GCAGCCTC	0.1
TAAGCCTC	0.09
TTTCCCTC	0.12
GTTCCCTC	0.11
TGTCCCTC	0.1
GGTCCCTC	0.1
TCTCCCTC	0.1
GCTCCCTC	0.09
TATCCCTC	0.11
GATCCCTC	0.09
TTGCCCTC	0.11
GTGCCCTC	0.09
TGGCCCTC	0.09
GGGCCCTC	0.08
TCGCCCTC	0.1
GCGCCCTC	0.09
TAGCCCTC	0.09
TTCCCCTC	0.14
GTCCCCTC	0.08
TGCCCCTC	0.12
GGCCCCTC	0.1
TCCCCCTC	0.11
GCCCCCTC	0.1
TACCCCTC	0.11
TTACCCTC	0.09
GTACCCTC	0.09
TGACCCTC	0.11
GGACCCTC	0.1
TCACCCTC	0.1
GCACCCTC	0.08
TAACCCTC	0.1
TTTACCTC	0.11
GTTACCTC	0.1
TGTACCTC	0.11
GGTACCTC	0.09
TCTACCTC	0.1
GCTACCTC	0.09
TATACCTC	0.12
GATACCTC	0.1
TTGACCTC	0.1
GTGACCTC	0.1
TGGACCTC	0.1
GGGACCTC	0.11
TCGACCTC	0.09
GCGACCTC	0.11
TAGACCTC	0.09
TTCACCTC	0.11
GTCACCTC	0.11
TGCACCTC	0.1
GGCACCTC	0.1
TCCACCTC	0.1
GCCACCTC	0.1
TACACCTC	0.1
TTAACCTC	0.1
GTAACCTC	0.09
TGAACCTC	0.1
GGAACCTC	0.11
TCAACCTC	0.1
GCAACCTC	0.09
TAAACCTC	0.11
TTTTACTC	0.1
GTTTACTC	0.11
TGTTACTC	0.1
GGTTACTC	0.13
TCTTACTC	0.13
GCTTACTC	0.11
TATTACTC	0.11
GATTACTC	0.09
TTGTACTC	0.11
GTGTACTC	0.08
TGGTACTC	0.1
GGGTACTC	0.09
TCGTACTC	0.1
GCGTACTC	0.1
TAGTACTC	0.11
TTCTACTC	0.11
GTCTACTC	0.11
TGCTACTC	0.1
GGCTACTC	0.09
TCCTACTC	0.12
GCCTACTC	0.1
TACTACTC	0.12
TTATACTC	0.1
GTATACTC	0.11
TGATACTC	0.09
GGATACTC	0.13
TCATACTC	0.1
GCATACTC	0.1
TAATACTC	0.1
TTTGACTC	0.1
GTTGACTC	0.1
TGTGACTC	0.1
GGTGACTC	0.1
TCTGACTC	0.1
GCTGACTC	0.1
TATGACTC	0.1
GATGACTC	0.09
TTGGACTC	0.1
GTGGACTC	0.1
TGGGACTC	0.09
GGGGACTC	0.1
TCGGACTC	0.11
GCGGACTC	0.09
TAGGACTC	0.1
TTCGACTC	0.1
GTCGACTC	0.09
TGCGACTC	0.08
GGCGACTC	0.1
TCCGACTC	0.11
GCCGACTC	0.09
TACGACTC	0.08
TTAGACTC	0.1
GTAGACTC	0.09
TGAGACTC	0.11
GGAGACTC	0.1
TCAGACTC	0.1
GCAGACTC	0.08
TAAGACTC	0.1
TTTCACTC	0.13
GTTCACTC	0.09
TGTCACTC	0.09
GGTCACTC	0.1
TCTCACTC	0.11
GCTCACTC	0.09
TATCACTC	0.1
GATCACTC	0.09
TTGCACTC	0.11
GTGCACTC	0.08
TGGCACTC	0.1
GGGCACTC	0.09
TCGCACTC	0.11
GCGCACTC	0.1
TAGCACTC	0.1
TTCCACTC	0.14
GTCCACTC	0.1
TGCCACTC	0.11
GGCCACTC	0.08
TCCCACTC	0.1
GCCCACTC	0.1
TACCACTC	0.1
TTACACTC	0.11
GTACACTC	0.09
TGACACTC	0.11
GGACACTC	0.1
TCACACTC	0.11
GCACACTC	0.1
TAACACTC	0.09
TTTAACTC	0.1
GTTAACTC	0.1
TGTAACTC	0.1
GGTAACTC	0.1
TCTAACTC	0.1
GCTAACTC	0.11
TATAACTC	0.1
GATAACTC	0.1
TTGAACTC	0.1
GTGAACTC	0.1
TGGAACTC	0.1
GGGAACTC	0.11
TCGAACTC	0.1
GCGAACTC	0.1
TAGAACTC	0.1
TTCAACTC	0.11
GTCAACTC	0.1
TGCAACTC	0.1
GGCAACTC	0.11
TCCAACTC	0.1
GCCAACTC	0.1
TACAACTC	0.11
TTAAACTC	0.12
GTAAACTC	0.11
TGAAACTC	0.1
GGAAACTC	0.19
TCAAACTC	0.11
GCAAACTC	0.11
TAAAACTC	0.09
TTTTTATC	0.14
GTTTTATC	0.11
TGTTTATC	0.11
GGTTTATC	0.11
TCTTTATC	0.11
GCTTTATC	0.12
TATTTATC	0.1
GATTTATC	0.13
TTGTTATC	0.12
GTGTTATC	0.1
TGGTTATC	0.1
GGGTTATC	0.1
TCGTTATC	0.11
GCGTTATC	0.12
TAGTTATC	0.11
TTCTTATC	0.1
GTCTTATC	0.11
TGCTTATC	0.12
GGCTTATC	0.1
TCCTTATC	0.1
GCCTTATC	0.11
TACTTATC	0.11
TTATTATC	0.13
GTATTATC	0.11
TGATTATC	0.1
GGATTATC	0.12
TCATTATC	0.12
GCATTATC	0.1
TAATTATC	0.09
TTTGTATC	0.14
GTTGTATC	0.12
TGTGTATC	0.09
GGTGTATC	0.11
TCTGTATC	0.1
GCTGTATC	0.12
TATGTATC	0.1
GATGTATC	0.11
TTGGTATC	0.1
GTGGTATC	0.11
TGGGTATC	0.11
GGGGTATC	0.1
TCGGTATC	0.11
GCGGTATC	0.1
TAGGTATC	0.1
TTCGTATC	0.09
GTCGTATC	0.11
TGCGTATC	0.1
GGCGTATC	0.11
TCCGTATC	0.13
GCCGTATC	0.1
TACGTATC	0.1
TTAGTATC	0.12
GTAGTATC	0.1
TGAGTATC	0.1
GGAGTATC	0.1
TCAGTATC	0.1
GCAGTATC	0.09
TAAGTATC	0.1
TTTCTATC	0.12
GTTCTATC	0.12
TGTCTATC	0.11
GGTCTATC	0.09
TCTCTATC	0.09
GCTCTATC	0.1
TATCTATC	0.12
GATCTATC	0.1
TTGCTATC	0.1
GTGCTATC	0.11
TGGCTATC	0.1
GGGCTATC	0.11
TCGCTATC	0.1
GCGCTATC	0.11
TAGCTATC	0.09
TTCCTATC	0.15
GTCCTATC	0.1
TGCCTATC	0.1
GGCCTATC	0.1
TCCCTATC	0.12
GCCCTATC	0.1
TACCTATC	0.1
TTACTATC	0.11
GTACTATC	0.1
TGACTATC	0.09
GGACTATC	0.09
TCACTATC	0.11
GCACTATC	0.11
TAACTATC	0.1
TTTATATC	0.14
GTTATATC	0.11
TGTATATC	0.11
GGTATATC	0.13
TCTATATC	0.1
GCTATATC	0.13
TATATATC	0.12
TTGATATC	0.12
GTGATATC	0.09
TGGATATC	0.13
GGGATATC	0.11
TCGATATC	0.12
GCGATATC	0.1
TAGATATC	0.1
TTCATATC	0.12
GTCATATC	0.12
TGCATATC	0.13
GGCATATC	0.12
TCCATATC	0.13
GCCATATC	0.09
TACATATC	0.1
TTAATATC	0.12
GTAATATC	0.13
TGAATATC	0.11
GGAATATC	0.12
TCAATATC	0.13
GCAATATC	0.12
TAAATATC	0.12
TTTTGATC	0.1
GTTTGATC	0.1
TGTTGATC	0.11
GGTTGATC	0.1
TCTTGATC	0.09
GCTTGATC	0.1
TATTGATC	0.11
GATTGATC	0.11
TTGTGATC	0.12
GTGTGATC	0.1
TGGTGATC	0.09
GGGTGATC	0.11
TCGTGATC	0.1
GCGTGATC	0.11
TAGTGATC	0.1
TTCTGATC	0.11
GTCTGATC	0.08
TGCTGATC	0.11
GGCTGATC	0.09
TCCTGATC	0.13
GCCTGATC	0.11
TACTGATC	0.1
TTATGATC	0.11
GTATGATC	0.09
TGATGATC	0.1
GGATGATC	0.12
TCATGATC	0.11
GCATGATC	0.1
TAATGATC	0.1
TTTGGATC	0.11
GTTGGATC	0.1
TGTGGATC	0.12
GGTGGATC	0.1
TCTGGATC	0.11
GCTGGATC	0.09
TATGGATC	0.09
GATGGATC	0.11
TTGGGATC	0.11
GTGGGATC	0.11
TGGGGATC	0.09
GGGGGATC	0.1
TCGGGATC	0.1
GCGGGATC	0.1
TAGGGATC	0.1
TTCGGATC	0.11
GTCGGATC	0.1
TGCGGATC	0.1
GGCGGATC	0.12
TCCGGATC	0.21
GCCGGATC	0.15
TACGGATC	0.12
TTAGGATC	0.09
GTAGGATC	0.08
TGAGGATC	0.11
GGAGGATC	0.1
TCAGGATC	0.11
GCAGGATC	0.11
TAAGGATC	0.11
TTTCGATC	0.1
GTTCGATC	0.1
TGTCGATC	0.11
GGTCGATC	0.11
TCTCGATC	0.11
GCTCGATC	0.1
TATCGATC	0.1
TTGCGATC	0.1
GTGCGATC	0.09
TGGCGATC	0.09
GGGCGATC	0.09
TCGCGATC	0.1
GCGCGATC	0.09
TAGCGATC	0.09
TTCCGATC	0.15
GTCCGATC	0.09
TGCCGATC	0.09
GGCCGATC	0.1
TCCCGATC	0.1
GCCCGATC	0.09
TACCGATC	0.12
TTACGATC	0.1
GTACGATC	0.1
TGACGATC	0.09
GGACGATC	0.1
TCACGATC	0.1
GCACGATC	0.09
TAACGATC	0.09
TTTAGATC	0.1
GTTAGATC	0.1
TGTAGATC	0.11
GGTAGATC	0.11
TCTAGATC	0.1
GCTAGATC	0.09
TATAGATC	0.1
TTGAGATC	0.1
GTGAGATC	0.1
TGGAGATC	0.11
GGGAGATC	0.1
TCGAGATC	0.1
GCGAGATC	0.1
TAGAGATC	0.1
TTCAGATC	0.1
GTCAGATC	0.09
TGCAGATC	0.08
GGCAGATC	0.09
TCCAGATC	0.1
GCCAGATC	0.1
TACAGATC	0.09
TTAAGATC	0.12
GTAAGATC	0.1
TGAAGATC	0.1
GGAAGATC	0.13
TCAAGATC	0.11
GCAAGATC	0.1
TAAAGATC	0.12
TTTTCATC	0.12
GTTTCATC	0.11
TGTTCATC	0.12
GGTTCATC	0.12
TCTTCATC	0.11
GCTTCATC	0.1
TATTCATC	0.12
GATTCATC	0.1
TTGTCATC	0.11
GTGTCATC	0.1
TGGTCATC	0.08
GGGTCATC	0.1
TCGTCATC	0.11
GCGTCATC	0.11
TAGTCATC	0.11
TTCTCATC	0.11
GTCTCATC	0.11
TGCTCATC	0.1
GGCTCATC	0.11
TCCTCATC	0.12
GCCTCATC	0.1
TACTCATC	0.12
TTATCATC	0.1
GTATCATC	0.11
TGATCATC	0.1
GGATCATC	0.1
TCATCATC	0.1
GCATCATC	0.09
TAATCATC	0.1
TTTGCATC	0.12
GTTGCATC	0.12
TGTGCATC	0.1
GGTGCATC	0.09
TCTGCATC	0.1
GCTGCATC	0.11
TATGCATC	0.11
TTGGCATC	0.1
GTGGCATC	0.1
TGGGCATC	0.1
GGGGCATC	0.11
TCGGCATC	0.1
GCGGCATC	0.1
TAGGCATC	0.11
TTCGCATC	0.13
GTCGCATC	0.12
TGCGCATC	0.11
GGCGCATC	0.1
TCCGCATC	0.11
GCCGCATC	0.1
TACGCATC	0.11
TTAGCATC	0.11
GTAGCATC	0.11
TGAGCATC	0.11
GGAGCATC	0.11
TCAGCATC	0.11
GCAGCATC	0.1
TAAGCATC	0.11
TTTCCATC	0.11
GTTCCATC	0.11
TGTCCATC	0.1
GGTCCATC	0.12
TCTCCATC	0.11
GCTCCATC	0.11
TATCCATC	0.12
TTGCCATC	0.1
GTGCCATC	0.1
TGGCCATC	0.1
GGGCCATC	0.1
TCGCCATC	0.1
GCGCCATC	0.09
TAGCCATC	0.1
TTCCCATC	0.1
GTCCCATC	0.09
TGCCCATC	0.09
GGCCCATC	0.1
TCCCCATC	0.11
GCCCCATC	0.11
TACCCATC	0.12
TTACCATC	0.11
GTACCATC	0.1
TGACCATC	0.1
GGACCATC	0.1
TCACCATC	0.1
GCACCATC	0.09
TAACCATC	0.1
TTTACATC	0.11
GTTACATC	0.1
TGTACATC	0.12
GGTACATC	0.1
TCTACATC	0.12
GCTACATC	0.1
TATACATC	0.1
TTGACATC	0.12
GTGACATC	0.11
TGGACATC	0.12
GGGACATC	0.11
TCGACATC	0.12
GCGACATC	0.1
TAGACATC	0.1
TTCACATC	0.11
GTCACATC	0.13
TGCACATC	0.1
GGCACATC	0.11
TCCACATC	0.14
GCCACATC	0.1
TACACATC	0.12
TTAACATC	0.12
GTAACATC	0.11
TGAACATC	0.09
GGAACATC	0.13
TCAACATC	0.11
GCAACATC	0.13
TAAACATC	0.11
TTTTAATC	0.12
GTTTAATC	0.12
TGTTAATC	0.1
GGTTAATC	0.1
TCTTAATC	0.13
GCTTAATC	0.1
TATTAATC	0.11
TTGTAATC	0.12
GTGTAATC	0.1
TGGTAATC	0.1
GGGTAATC	0.1
TCGTAATC	0.11
GCGTAATC	0.1
TAGTAATC	0.1
TTCTAATC	0.11
GTCTAATC	0.1
TGCTAATC	0.11
GGCTAATC	0.09
TCCTAATC	0.12
GCCTAATC	0.13
TACTAATC	0.1
TTATAATC	0.1
GTATAATC	0.11
TGATAATC	0.1
GGATAATC	0.12
TCATAATC	0.1
GCATAATC	0.11
TAATAATC	0.11
TTTGAATC	0.11
GTTGAATC	0.1
TGTGAATC	0.1
GGTGAATC	0.1
TCTGAATC	0.1
GCTGAATC	0.1
TATGAATC	0.1
TTGGAATC	0.1
GTGGAATC	0.11
TGGGAATC	0.11
GGGGAATC	0.11
TCGGAATC	0.11
GCGGAATC	0.12
TAGGAATC	0.11
TTCGAATC	0.11
GTCGAATC	0.11
TGCGAATC	0.1
GGCGAATC	0.09
TCCGAATC	0.14
GCCGAATC	0.1
TACGAATC	0.11
TTAGAATC	0.1
GTAGAATC	0.11
TGAGAATC	0.1
GGAGAATC	0.1
TCAGAATC	0.09
GCAGAATC	0.1
TAAGAATC	0.11
TTTCAATC	0.1
GTTCAATC	0.11
TGTCAATC	0.11
GGTCAATC	0.1
TCTCAATC	0.11
GCTCAATC	0.1
TATCAATC	0.1
TTGCAATC	0.11
GTGCAATC	0.1
TGGCAATC	0.1
GGGCAATC	0.1
TCGCAATC	0.09
GCGCAATC	0.1
TAGCAATC	0.09
TTCCAATC	0.11
GTCCAATC	0.1
TGCCAATC	0.09
GGCCAATC	0.1
TCCCAATC	0.11
GCCCAATC	0.11
TACCAATC	0.1
TTACAATC	0.1
GTACAATC	0.09
TGACAATC	0.1
GGACAATC	0.11
TCACAATC	0.12
GCACAATC	0.09
TAACAATC	0.1
TTTAAATC	0.12
GTTAAATC	0.1
TGTAAATC	0.09
GGTAAATC	0.15
TCTAAATC	0.11
GCTAAATC	0.11
TATAAATC	0.11
TTGAAATC	0.11
GTGAAATC	0.1
TGGAAATC	0.1
GGGAAATC	0.14
TCGAAATC	0.1
GCGAAATC	0.12
TAGAAATC	0.11
TTCAAATC	0.12
GTCAAATC	0.11
TGCAAATC	0.1
GGCAAATC	0.12
TCCAAATC	0.11
GCCAAATC	0.11
TACAAATC	0.13
TTAAAATC	0.12
GTAAAATC	0.12
TGAAAATC	0.12
GGAAAATC	0.12
TCAAAATC	0.12
GCAAAATC	0.11
TAAAAATC	0.11
TTTTTTGC	0.11
GTTTTTGC	0.12
TGTTTTGC	0.1
GGTTTTGC	0.1
TCTTTTGC	0.09
GCTTTTGC	0.11
TATTTTGC	0.12
TTGTTTGC	0.12
GTGTTTGC	0.1
TGGTTTGC	0.1
GGGTTTGC	0.1
TCGTTTGC	0.1
GCGTTTGC	0.1
TAGTTTGC	0.11
TTCTTTGC	0.11
GTCTTTGC	0.09
TGCTTTGC	0.09
GGCTTTGC	0.08
TCCTTTGC	0.11
GCCTTTGC	0.1
TACTTTGC	0.1
TTATTTGC	0.11
GTATTTGC	0.11
TGATTTGC	0.1
GGATTTGC	0.11
TCATTTGC	0.1
GCATTTGC	0.1
TAATTTGC	0.13
TTTGTTGC	0.11
GTTGTTGC	0.11
TGTGTTGC	0.09
GGTGTTGC	0.1
TCTGTTGC	0.1
GCTGTTGC	0.09
TATGTTGC	0.11
TTGGTTGC	0.11
GTGGTTGC	0.1
TGGGTTGC	0.1
GGGGTTGC	0.1
TCGGTTGC	0.11
GCGGTTGC	0.09
TAGGTTGC	0.1
TTCGTTGC	0.1
GTCGTTGC	0.1
TGCGTTGC	0.1
GGCGTTGC	0.09
TCCGTTGC	0.15
GCCGTTGC	0.09
TACGTTGC	0.1
TTAGTTGC	0.12
GTAGTTGC	0.1
TGAGTTGC	0.1
GGAGTTGC	0.1
TCAGTTGC	0.12
GCAGTTGC	0.11
TAAGTTGC	0.1
TTTCTTGC	0.1
GTTCTTGC	0.11
TGTCTTGC	0.09
GGTCTTGC	0.11
TCTCTTGC	0.08
GCTCTTGC	0.1
TATCTTGC	0.1
TTGCTTGC	0.1
GTGCTTGC	0.09
TGGCTTGC	0.1
GGGCTTGC	0.09
TCGCTTGC	0.1
GCGCTTGC	0.1
TAGCTTGC	0.09
TTCCTTGC	0.17
GTCCTTGC	0.1
TGCCTTGC	0.1
GGCCTTGC	0.09
TCCCTTGC	0.1
GCCCTTGC	0.1
TACCTTGC	0.1
TTACTTGC	0.11
GTACTTGC	0.09
TGACTTGC	0.09
GGACTTGC	0.09
TCACTTGC	0.09
GCACTTGC	0.09
TAACTTGC	0.09
TTTATTGC	0.14
GTTATTGC	0.1
TGTATTGC	0.11
GGTATTGC	0.1
TCTATTGC	0.09
GCTATTGC	0.1
TATATTGC	0.11
TTGATTGC	0.1
GTGATTGC	0.1
TGGATTGC	0.09
GGGATTGC	0.1
TCGATTGC	0.1
GCGATTGC	0.1
TAGATTGC	0.11
TTCATTGC	0.09
GTCATTGC	0.1
TGCATTGC	0.09
GGCATTGC	0.11
TCCATTGC	0.1
GCCATTGC	0.1
TACATTGC	0.1
TTAATTGC	0.1
GTAATTGC	0.1
TGAATTGC	0.1
GGAATTGC	0.11
TCAATTGC	0.11
TAAATTGC	0.1
TTTTGTGC	0.11
GTTTGTGC	0.11
TGTTGTGC	0.11
GGTTGTGC	0.1
TCTTGTGC	0.1
GCTTGTGC	0.1
TATTGTGC	0.1
TTGTGTGC	0.1
GTGTGTGC	0.11
TGGTGTGC	0.09
GGGTGTGC	0.09
TCGTGTGC	0.1
GCGTGTGC	0.1
TAGTGTGC	0.1
TTCTGTGC	0.1
GTCTGTGC	0.1
TGCTGTGC	0.1
GGCTGTGC	0.1
TCCTGTGC	0.15
GCCTGTGC	0.09
TACTGTGC	0.09
TTATGTGC	0.1
GTATGTGC	0.11
TGATGTGC	0.09
GGATGTGC	0.15
TCATGTGC	0.09
GCATGTGC	0.11
TAATGTGC	0.09
TTTGGTGC	0.11
GTTGGTGC	0.11
TGTGGTGC	0.1
GGTGGTGC	0.12
TCTGGTGC	0.1
GCTGGTGC	0.1
TATGGTGC	0.09
TTGGGTGC	0.1
GTGGGTGC	0.09
TGGGGTGC	0.11
GGGGGTGC	0.1
TCGGGTGC	0.1
GCGGGTGC	0.1
TAGGGTGC	0.09
TTCGGTGC	0.09
GTCGGTGC	0.12
TGCGGTGC	0.1
GGCGGTGC	0.1
TCCGGTGC	0.2
GCCGGTGC	0.1
TACGGTGC	0.11
TTAGGTGC	0.11
GTAGGTGC	0.09
TGAGGTGC	0.1
GGAGGTGC	0.1
TCAGGTGC	0.09
GCAGGTGC	0.1
TAAGGTGC	0.1
TTTCGTGC	0.1
GTTCGTGC	0.1
TGTCGTGC	0.09
GGTCGTGC	0.1
TCTCGTGC	0.1
GCTCGTGC	0.09
TATCGTGC	0.1
TTGCGTGC	0.09
GTGCGTGC	0.09
TGGCGTGC	0.09
GGGCGTGC	0.11
TCGCGTGC	0.11
GCGCGTGC	0.11
TAGCGTGC	0.11
TTCCGTGC	0.14
GTCCGTGC	0.12
TGCCGTGC	0.09
GGCCGTGC	0.09
TCCCGTGC	0.12
GCCCGTGC	0.08
TACCGTGC	0.09
TTACGTGC	0.09
GTACGTGC	0.09
TGACGTGC	0.09
GGACGTGC	0.11
TCACGTGC	0.09
TAACGTGC	0.09
TTTAGTGC	0.1
GTTAGTGC	0.1
TGTAGTGC	0.09
GGTAGTGC	0.1
TCTAGTGC	0.1
GCTAGTGC	0.1
TATAGTGC	0.09
TTGAGTGC	0.1
GTGAGTGC	0.09
TGGAGTGC	0.09
GGGAGTGC	0.1
TCGAGTGC	0.11
GCGAGTGC	0.09
TAGAGTGC	0.11
TTCAGTGC	0.1
GTCAGTGC	0.1
TGCAGTGC	0.09
GGCAGTGC	0.11
TCCAGTGC	0.1
GCCAGTGC	0.09
TACAGTGC	0.09
TTAAGTGC	0.11
GTAAGTGC	0.1
TGAAGTGC	0.09
GGAAGTGC	0.27
TCAAGTGC	0.1
TAAAGTGC	0.11
TTTTCTGC	0.12
GTTTCTGC	0.09
TGTTCTGC	0.1
GGTTCTGC	0.09
TCTTCTGC	0.11
GCTTCTGC	0.09
TATTCTGC	0.1
TTGTCTGC	0.11
GTGTCTGC	0.11
TGGTCTGC	0.1
GGGTCTGC	0.1
TCGTCTGC	0.1
GCGTCTGC	0.1
TAGTCTGC	0.09
TTCTCTGC	0.12
GTCTCTGC	0.09
TGCTCTGC	0.11
GGCTCTGC	0.1
TCCTCTGC	0.11
GCCTCTGC	0.09
TACTCTGC	0.1
TTATCTGC	0.1
GTATCTGC	0.1
TGATCTGC	0.08
GGATCTGC	0.09
TCATCTGC	0.09
GCATCTGC	0.09
TAATCTGC	0.1
TTTGCTGC	0.1
GTTGCTGC	0.1
TGTGCTGC	0.11
GGTGCTGC	0.09
TCTGCTGC	0.09
GCTGCTGC	0.09
TATGCTGC	0.09
TTGGCTGC	0.09
GTGGCTGC	0.1
TGGGCTGC	0.1
GGGGCTGC	0.1
TCGGCTGC	0.1
GCGGCTGC	0.1
TAGGCTGC	0.11
TTCGCTGC	0.1
GTCGCTGC	0.1
TGCGCTGC	0.09
GGCGCTGC	0.1
TCCGCTGC	0.15
GCCGCTGC	0.1
TACGCTGC	0.09
TTAGCTGC	0.09
GTAGCTGC	0.1
TGAGCTGC	0.1
GGAGCTGC	0.09
TCAGCTGC	0.1
TAAGCTGC	0.1
TTTCCTGC	0.31
GTTCCTGC	0.15
TGTCCTGC	0.13
GGTCCTGC	0.09
TCTCCTGC	0.11
GCTCCTGC	0.09
TATCCTGC	0.21
TTGCCTGC	0.1
GTGCCTGC	0.09
TGGCCTGC	0.09
GGGCCTGC	0.08
TCGCCTGC	0.1
GCGCCTGC	0.1
TAGCCTGC	0.11
TTCCCTGC	0.12
GTCCCTGC	0.1
TGCCCTGC	0.09
GGCCCTGC	0.1
TCCCCTGC	0.11
GCCCCTGC	0.1
TACCCTGC	0.1
TTACCTGC	0.11
GTACCTGC	0.09
TGACCTGC	0.08
GGACCTGC	0.1
TCACCTGC	0.09
TAACCTGC	0.09
TTTACTGC	0.12
GTTACTGC	0.09
TGTACTGC	0.1
GGTACTGC	0.1
TCTACTGC	0.09
GCTACTGC	0.1
TATACTGC	0.1
TTGACTGC	0.1
GTGACTGC	0.09
TGGACTGC	0.1
GGGACTGC	0.1
TCGACTGC	0.09
GCGACTGC	0.1
TAGACTGC	0.1
TTCACTGC	0.11
GTCACTGC	0.1
TGCACTGC	0.1
GGCACTGC	0.1
TCCACTGC	0.11
GCCACTGC	0.1
TACACTGC	0.08
TTAACTGC	0.09
GTAACTGC	0.1
TGAACTGC	0.1
GGAACTGC	0.12
TCAACTGC	0.11
TAAACTGC	0.1
TTTTATGC	0.11
GTTTATGC	0.11
TGTTATGC	0.11
GGTTATGC	0.11
TCTTATGC	0.09
GCTTATGC	0.09
TATTATGC	0.13
TTGTATGC	0.11
GTGTATGC	0.09
TGGTATGC	0.1
GGGTATGC	0.1
TCGTATGC	0.09
GCGTATGC	0.1
TAGTATGC	0.1
TTCTATGC	0.11
GTCTATGC	0.09
TGCTATGC	0.1
GGCTATGC	0.09
TCCTATGC	0.11
GCCTATGC	0.09
TACTATGC	0.11
TTATATGC	0.13
GTATATGC	0.09
TGATATGC	0.1
GGATATGC	0.17
TCATATGC	0.1
TAATATGC	0.09
TTTGATGC	0.1
GTTGATGC	0.1
TGTGATGC	0.09
GGTGATGC	0.1
TCTGATGC	0.1
GCTGATGC	0.1
TATGATGC	0.11
TTGGATGC	0.1
GTGGATGC	0.1
TGGGATGC	0.11
GGGGATGC	0.12
TCGGATGC	0.16
GCGGATGC	0.34
TAGGATGC	0.14
TTCGATGC	0.1
GTCGATGC	0.1
TGCGATGC	0.09
GGCGATGC	0.1
TCCGATGC	0.1
GCCGATGC	0.1
TACGATGC	0.12
TTAGATGC	0.11
GTAGATGC	0.09
TGAGATGC	0.1
GGAGATGC	0.09
TCAGATGC	0.09
TAAGATGC	0.09
TTTCATGC	0.13
GTTCATGC	0.09
TGTCATGC	0.1
GGTCATGC	0.09
TCTCATGC	0.1
GCTCATGC	0.08
TATCATGC	0.1
TTGCATGC	0.09
GTGCATGC	0.08
TGGCATGC	0.09
GGGCATGC	0.1
TCGCATGC	0.09
GCGCATGC	0.09
TAGCATGC	0.09
TTCCATGC	0.1
GTCCATGC	0.1
TGCCATGC	0.1
GGCCATGC	0.09
TCCCATGC	0.1
GCCCATGC	0.08
TACCATGC	0.1
TTACATGC	0.1
GTACATGC	0.09
TGACATGC	0.1
GGACATGC	0.09
TCACATGC	0.09
TAACATGC	0.09
TTTAATGC	0.1
GTTAATGC	0.11
TGTAATGC	0.1
GGTAATGC	0.1
TCTAATGC	0.1
GCTAATGC	0.09
TATAATGC	0.1
TTGAATGC	0.1
GTGAATGC	0.11
TGGAATGC	0.09
GGGAATGC	0.1
TCGAATGC	0.1
GCGAATGC	0.1
TAGAATGC	0.1
TTCAATGC	0.1
GTCAATGC	0.11
TGCAATGC	0.1
GGCAATGC	0.1
TCCAATGC	0.1
GCCAATGC	0.1
TACAATGC	0.1
TTAAATGC	0.11
GTAAATGC	0.09
TGAAATGC	0.11
GGAAATGC	0.28
TCAAATGC	0.09
TAAAATGC	0.11
TTTTTGGC	0.11
GTTTTGGC	0.09
TGTTTGGC	0.11
GGTTTGGC	0.11
TCTTTGGC	0.1
GCTTTGGC	0.09
TATTTGGC	0.1
TTGTTGGC	0.1
GTGTTGGC	0.1
TGGTTGGC	0.1
GGGTTGGC	0.1
TCGTTGGC	0.1
GCGTTGGC	0.08
TAGTTGGC	0.1
TTCTTGGC	0.11
GTCTTGGC	0.1
TGCTTGGC	0.1
GGCTTGGC	0.1
TCCTTGGC	0.11
GCCTTGGC	0.09
TACTTGGC	0.1
TTATTGGC	0.11
GTATTGGC	0.11
TGATTGGC	0.1
GGATTGGC	0.1
TCATTGGC	0.1
TAATTGGC	0.1
TTTGTGGC	0.1
GTTGTGGC	0.11
TGTGTGGC	0.11
GGTGTGGC	0.1
TCTGTGGC	0.09
GCTGTGGC	0.09
TATGTGGC	0.1
TTGGTGGC	0.1
GTGGTGGC	0.1
TGGGTGGC	0.09
GGGGTGGC	0.1
TCGGTGGC	0.1
GCGGTGGC	0.09
TAGGTGGC	0.08
TTCGTGGC	0.09
GTCGTGGC	0.11
TGCGTGGC	0.09
GGCGTGGC	0.1
TCCGTGGC	0.11
GCCGTGGC	0.1
TACGTGGC	0.09
TTAGTGGC	0.09
GTAGTGGC	0.1
TGAGTGGC	0.1
GGAGTGGC	0.09
TCAGTGGC	0.12
TAAGTGGC	0.08
TTTCTGGC	0.12
GTTCTGGC	0.1
TGTCTGGC	0.11
GGTCTGGC	0.1
TCTCTGGC	0.11
GCTCTGGC	0.09
TATCTGGC	0.1
TTGCTGGC	0.09
GTGCTGGC	0.1
TGGCTGGC	0.09
GGGCTGGC	0.09
TCGCTGGC	0.1
GCGCTGGC	0.09
TAGCTGGC	0.1
TTCCTGGC	0.15
GTCCTGGC	0.1
TGCCTGGC	0.1
GGCCTGGC	0.1
TCCCTGGC	0.1
GCCCTGGC	0.09
TACCTGGC	0.1
TTACTGGC	0.1
GTACTGGC	0.1
TGACTGGC	0.08
GGACTGGC	0.09
TCACTGGC	0.1
TAACTGGC	0.1
TTTATGGC	0.1
GTTATGGC	0.1
TGTATGGC	0.09
GGTATGGC	0.1
TCTATGGC	0.09
GCTATGGC	0.08
TATATGGC	0.1
TTGATGGC	0.09
GTGATGGC	0.1
TGGATGGC	0.1
GGGATGGC	0.1
TCGATGGC	0.09
GCGATGGC	0.09
TAGATGGC	0.09
TTCATGGC	0.1
GTCATGGC	0.09
TGCATGGC	0.1
GGCATGGC	0.09
TCCATGGC	0.1
TACATGGC	0.1
TTAATGGC	0.12
GTAATGGC	0.1
TGAATGGC	0.1
GGAATGGC	0.1
TCAATGGC	0.1
TAAATGGC	0.1
TTTTGGGC	0.1
GTTTGGGC	0.1
TGTTGGGC	0.11
GGTTGGGC	0.09
TCTTGGGC	0.11
GCTTGGGC	0.11
TATTGGGC	0.08
TTGTGGGC	0.1
GTGTGGGC	0.09
TGGTGGGC	0.11
GGGTGGGC	0.11
TCGTGGGC	0.1
GCGTGGGC	0.09
TAGTGGGC	0.1
TTCTGGGC	0.12
GTCTGGGC	0.09
TGCTGGGC	0.09
GGCTGGGC	0.09
TCCTGGGC	0.1
GCCTGGGC	0.1
TACTGGGC	0.1
TTATGGGC	0.09
GTATGGGC	0.1
TGATGGGC	0.09
GGATGGGC	0.12
TCATGGGC	0.1
TAATGGGC	0.09
TTTGGGGC	0.1
GTTGGGGC	0.1
TGTGGGGC	0.09
GGTGGGGC	0.1
TCTGGGGC	0.11
GCTGGGGC	0.1
TATGGGGC	0.1
TTGGGGGC	0.11
GTGGGGGC	0.1
TGGGGGGC	0.1
GGGGGGGC	0.12
TCGGGGGC	0.1
GCGGGGGC	0.09
TAGGGGGC	0.1
TTCGGGGC	0.1
GTCGGGGC	0.1
TGCGGGGC	0.09
GGCGGGGC	0.11
TCCGGGGC	0.16
GCCGGGGC	0.09
TACGGGGC	0.09
TTAGGGGC	0.09
GTAGGGGC	0.1
TGAGGGGC	0.09
GGAGGGGC	0.1
TCAGGGGC	0.09
TAAGGGGC	0.11
TTTCGGGC	0.1
GTTCGGGC	0.09
TGTCGGGC	0.1
GGTCGGGC	0.09
TCTCGGGC	0.1
GCTCGGGC	0.1
TATCGGGC	0.1
TTGCGGGC	0.1
GTGCGGGC	0.08
TGGCGGGC	0.09
GGGCGGGC	0.09
TCGCGGGC	0.09
GCGCGGGC	0.1
TAGCGGGC	0.08
TTCCGGGC	0.2
GTCCGGGC	0.12
TGCCGGGC	0.1
GGCCGGGC	0.09
TCCCGGGC	0.12
TACCGGGC	0.11
TTACGGGC	0.1
GTACGGGC	0.09
TGACGGGC	0.09
GGACGGGC	0.1
TCACGGGC	0.1
TAACGGGC	0.09
TTTAGGGC	0.1
GTTAGGGC	0.11
TGTAGGGC	0.11
GGTAGGGC	0.1
TCTAGGGC	0.08
GCTAGGGC	0.1
TATAGGGC	0.1
TTGAGGGC	0.1
GTGAGGGC	0.1
TGGAGGGC	0.09
GGGAGGGC	0.1
TCGAGGGC	0.08
GCGAGGGC	0.09
TAGAGGGC	0.09
TTCAGGGC	0.11
GTCAGGGC	0.09
TGCAGGGC	0.09
GGCAGGGC	0.09
TCCAGGGC	0.1
TACAGGGC	0.1
TTAAGGGC	0.1
GTAAGGGC	0.11
TGAAGGGC	0.1
GGAAGGGC	0.14
TCAAGGGC	0.1
TAAAGGGC	0.09
TTTTCGGC	0.12
GTTTCGGC	0.1
TGTTCGGC	0.09
GGTTCGGC	0.1
TCTTCGGC	0.1
GCTTCGGC	0.11
TATTCGGC	0.1
TTGTCGGC	0.1
GTGTCGGC	0.09
TGGTCGGC	0.1
GGGTCGGC	0.11
TCGTCGGC	0.09
GCGTCGGC	0.11
TAGTCGGC	0.1
TTCTCGGC	0.11
GTCTCGGC	0.09
TGCTCGGC	0.1
GGCTCGGC	0.1
TCCTCGGC	0.1
GCCTCGGC	0.1
TACTCGGC	0.09
TTATCGGC	0.09
GTATCGGC	0.1
TGATCGGC	0.09
GGATCGGC	0.1
TCATCGGC	0.09
TAATCGGC	0.1
TTTGCGGC	0.09
GTTGCGGC	0.09
TGTGCGGC	0.1
GGTGCGGC	0.09
TCTGCGGC	0.1
GCTGCGGC	0.1
TATGCGGC	0.1
TTGGCGGC	0.1
GTGGCGGC	0.08
TGGGCGGC	0.09
GGGGCGGC	0.11
TCGGCGGC	0.08
GCGGCGGC	0.11
TAGGCGGC	0.09
TTCGCGGC	0.09
GTCGCGGC	0.09
TGCGCGGC	0.1
GGCGCGGC	0.09
TCCGCGGC	0.09
TACGCGGC	0.08
TTAGCGGC	0.1
GTAGCGGC	0.11
TGAGCGGC	0.1
GGAGCGGC	0.09
TCAGCGGC	0.1
TAAGCGGC	0.1
TTTCCGGC	0.59
GTTCCGGC	0.29
TGTCCGGC	0.14
GGTCCGGC	0.11
TCTCCGGC	0.11
GCTCCGGC	0.1
TATCCGGC	0.49
TTGCCGGC	0.11
GTGCCGGC	0.11
TGGCCGGC	0.11
GGGCCGGC	0.11
TCGCCGGC	0.11
GCGCCGGC	0.1
TAGCCGGC	0.09
TTCCCGGC	0.13
GTCCCGGC	0.1
TGCCCGGC	0.09
GGCCCGGC	0.09
TCCCCGGC	0.1
TACCCGGC	0.1
TTACCGGC	0.11
GTACCGGC	0.09
TGACCGGC	0.1
GGACCGGC	0.11
TCACCGGC	0.1
TAACCGGC	0.1
TTTACGGC	0.11
GTTACGGC	0.1
TGTACGGC	0.09
GGTACGGC	0.09
TCTACGGC	0.11
GCTACGGC	0.1
TATACGGC	0.12
TTGACGGC	0.1
GTGACGGC	0.09
TGGACGGC	0.1
GGGACGGC	0.1
TCGACGGC	0.09
GCGACGGC	0.09
TAGACGGC	0.1
TTCACGGC	0.1
GTCACGGC	0.1
TGCACGGC	0.09
GGCACGGC	0.08
TCCACGGC	0.09
TACACGGC	0.09
TTAACGGC	0.11
GTAACGGC	0.1
TGAACGGC	0.11
GGAACGGC	0.1
TCAACGGC	0.1
TAAACGGC	0.1
TTTTAGGC	0.11
GTTTAGGC	0.1
TGTTAGGC	0.1
GGTTAGGC	0.1
TCTTAGGC	0.1
GCTTAGGC	0.1
TATTAGGC	0.09
TTGTAGGC	0.11
GTGTAGGC	0.08
TGGTAGGC	0.09
GGGTAGGC	0.1
TCGTAGGC	0.1
GCGTAGGC	0.09
TAGTAGGC	0.1
TTCTAGGC	0.11
GTCTAGGC	0.1
TGCTAGGC	0.09
GGCTAGGC	0.11
TCCTAGGC	0.1
TACTAGGC	0.09
TTATAGGC	0.1
GTATAGGC	0.11
TGATAGGC	0.1
GGATAGGC	0.11
TCATAGGC	0.1
TAATAGGC	0.1
TTTGAGGC	0.11
GTTGAGGC	0.11
TGTGAGGC	0.11
GGTGAGGC	0.1
TCTGAGGC	0.11
GCTGAGGC	0.09
TATGAGGC	0.1
TTGGAGGC	0.1
GTGGAGGC	0.09
TGGGAGGC	0.09
GGGGAGGC	0.11
TCGGAGGC	0.1
GCGGAGGC	0.09
TAGGAGGC	0.1
TTCGAGGC	0.11
GTCGAGGC	0.09
TGCGAGGC	0.1
GGCGAGGC	0.1
TCCGAGGC	0.1
TACGAGGC	0.09
TTAGAGGC	0.08
GTAGAGGC	0.11
TGAGAGGC	0.09
GGAGAGGC	0.1
TCAGAGGC	0.1
TAAGAGGC	0.11
TTTCAGGC	0.12
GTTCAGGC	0.1
TGTCAGGC	0.09
GGTCAGGC	0.1
TCTCAGGC	0.1
GCTCAGGC	0.08
TATCAGGC	0.1
TTGCAGGC	0.09
GTGCAGGC	0.09
TGGCAGGC	0.08
GGGCAGGC	0.1
TCGCAGGC	0.08
GCGCAGGC	0.09
TAGCAGGC	0.09
TTCCAGGC	0.09
GTCCAGGC	0.09
TGCCAGGC	0.09
GGCCAGGC	0.08
TCCCAGGC	0.1
TACCAGGC	0.1
TTACAGGC	0.1
GTACAGGC	0.1
TGACAGGC	0.1
GGACAGGC	0.11
TCACAGGC	0.1
TAACAGGC	0.1
TTTAAGGC	0.11
GTTAAGGC	0.09
TGTAAGGC	0.1
GGTAAGGC	0.09
TCTAAGGC	0.09
GCTAAGGC	0.08
TATAAGGC	0.1
TTGAAGGC	0.11
GTGAAGGC	0.11
TGGAAGGC	0.11
GGGAAGGC	0.11
TCGAAGGC	0.1
GCGAAGGC	0.1
TAGAAGGC	0.1
TTCAAGGC	0.08
GTCAAGGC	0.11
TGCAAGGC	0.1
GGCAAGGC	0.1
TCCAAGGC	0.09
TACAAGGC	0.1
TTAAAGGC	0.12
GTAAAGGC	0.1
TGAAAGGC	0.09
GGAAAGGC	0.13
TCAAAGGC	0.11
TAAAAGGC	0.09
TTTTTCGC	0.11
GTTTTCGC	0.12
TGTTTCGC	0.11
GGTTTCGC	0.11
TCTTTCGC	0.1
GCTTTCGC	0.09
TATTTCGC	0.11
TTGTTCGC	0.11
GTGTTCGC	0.09
TGGTTCGC	0.11
GGGTTCGC	0.1
TCGTTCGC	0.11
GCGTTCGC	0.09
TAGTTCGC	0.09
TTCTTCGC	0.11
GTCTTCGC	0.1
TGCTTCGC	0.1
GGCTTCGC	0.09
TCCTTCGC	0.1
TACTTCGC	0.1
TTATTCGC	0.09
GTATTCGC	0.1
TGATTCGC	0.11
GGATTCGC	0.1
TCATTCGC	0.11
TAATTCGC	0.1
TTTGTCGC	0.1
GTTGTCGC	0.1
TGTGTCGC	0.09
GGTGTCGC	0.1
TCTGTCGC	0.11
GCTGTCGC	0.09
TATGTCGC	0.1
TTGGTCGC	0.1
GTGGTCGC	0.1
TGGGTCGC	0.09
GGGGTCGC	0.1
TCGGTCGC	0.08
GCGGTCGC	0.09
TAGGTCGC	0.09
TTCGTCGC	0.1
GTCGTCGC	0.1
TGCGTCGC	0.09
GGCGTCGC	0.09
TCCGTCGC	0.14
TACGTCGC	0.1
TTAGTCGC	0.1
GTAGTCGC	0.1
TGAGTCGC	0.09
GGAGTCGC	0.09
TCAGTCGC	0.09
TAAGTCGC	0.09
TTTCTCGC	0.1
GTTCTCGC	0.1
TGTCTCGC	0.09
GGTCTCGC	0.09
TCTCTCGC	0.1
GCTCTCGC	0.11
TATCTCGC	0.1
TTGCTCGC	0.09
GTGCTCGC	0.08
TGGCTCGC	0.08
GGGCTCGC	0.1
TCGCTCGC	0.13
GCGCTCGC	0.09
TAGCTCGC	0.11
TTCCTCGC	0.13
GTCCTCGC	0.09
TGCCTCGC	0.1
GGCCTCGC	0.1
TCCCTCGC	0.1
TACCTCGC	0.1
TTACTCGC	0.1
GTACTCGC	0.1
TGACTCGC	0.09
GGACTCGC	0.09
TCACTCGC	0.1
TAACTCGC	0.11
TTTATCGC	0.1
GTTATCGC	0.11
TGTATCGC	0.1
GGTATCGC	0.09
TCTATCGC	0.11
GCTATCGC	0.1
TATATCGC	0.1
TTGATCGC	0.1
GTGATCGC	0.09
TGGATCGC	0.09
GGGATCGC	0.1
TCGATCGC	0.1
TAGATCGC	0.1
TTCATCGC	0.1
GTCATCGC	0.1
TGCATCGC	0.08
GGCATCGC	0.09
TCCATCGC	0.09
TACATCGC	0.1
TTAATCGC	0.12
GTAATCGC	0.08
TGAATCGC	0.09
GGAATCGC	0.11
TCAATCGC	0.09
TAAATCGC	0.11
TTTTGCGC	0.11
GTTTGCGC	0.1
TGTTGCGC	0.09
GGTTGCGC	0.09
TCTTGCGC	0.09
GCTTGCGC	0.09
TATTGCGC	0.1
TTGTGCGC	0.09
GTGTGCGC	0.11
TGGTGCGC	0.11
GGGTGCGC	0.09
TCGTGCGC	0.09
GCGTGCGC	0.11
TAGTGCGC	0.09
TTCTGCGC	0.09
GTCTGCGC	0.11
TGCTGCGC	0.09
GGCTGCGC	0.1
TCCTGCGC	0.11
TACTGCGC	0.09
TTATGCGC	0.1
GTATGCGC	0.09
TGATGCGC	0.09
GGATGCGC	0.15
TCATGCGC	0.1
TAATGCGC	0.11
TTTGGCGC	0.11
GTTGGCGC	0.09
TGTGGCGC	0.08
GGTGGCGC	0.09
TCTGGCGC	0.1
GCTGGCGC	0.09
TATGGCGC	0.09
TTGGGCGC	0.09
GTGGGCGC	0.1
TGGGGCGC	0.1
GGGGGCGC	0.11
TCGGGCGC	0.09
GCGGGCGC	0.1
TAGGGCGC	0.09
TTCGGCGC	0.1
GTCGGCGC	0.08
TGCGGCGC	0.09
GGCGGCGC	0.1
TCCGGCGC	0.14
TACGGCGC	0.1
TTAGGCGC	0.1
GTAGGCGC	0.09
TGAGGCGC	0.08
GGAGGCGC	0.11
TCAGGCGC	0.1
TAAGGCGC	0.09
TTTCGCGC	0.11
GTTCGCGC	0.1
TGTCGCGC	0.12
GGTCGCGC	0.1
TCTCGCGC	0.1
GCTCGCGC	0.09
TATCGCGC	0.1
TTGCGCGC	0.09
GTGCGCGC	0.08
TGGCGCGC	0.09
GGGCGCGC	0.1
TCGCGCGC	0.1
TAGCGCGC	0.1
TTCCGCGC	0.15
GTCCGCGC	0.1
TGCCGCGC	0.09
GGCCGCGC	0.1
TCCCGCGC	0.09
TACCGCGC	0.1
TTACGCGC	0.1
GTACGCGC	0.1
TGACGCGC	0.09
GGACGCGC	0.1
TCACGCGC	0.1
TAACGCGC	0.1
TTTAGCGC	0.09
GTTAGCGC	0.09
TGTAGCGC	0.1
GGTAGCGC	0.09
TCTAGCGC	0.08
GCTAGCGC	0.08
TATAGCGC	0.11
TTGAGCGC	0.1
GTGAGCGC	0.1
TGGAGCGC	0.1
GGGAGCGC	0.1
TCGAGCGC	0.09
TAGAGCGC	0.1
TTCAGCGC	0.1
GTCAGCGC	0.09
TGCAGCGC	0.08
GGCAGCGC	0.09
TCCAGCGC	0.1
TACAGCGC	0.08
TTAAGCGC	0.1
GTAAGCGC	0.1
TGAAGCGC	0.09
GGAAGCGC	0.19
TCAAGCGC	0.08
TAAAGCGC	0.11
TTTTCCGC	0.18
GTTTCCGC	0.43
TGTTCCGC	0.13
GGTTCCGC	0.15
TCTTCCGC	0.27
GCTTCCGC	0.55
TATTCCGC	0.11
TTGTCCGC	0.11
GTGTCCGC	0.12
TGGTCCGC	0.11
GGGTCCGC	0.09
TCGTCCGC	0.11
GCGTCCGC	0.14
TAGTCCGC	0.1
TTCTCCGC	0.1
GTCTCCGC	0.11
TGCTCCGC	0.1
GGCTCCGC	0.1
TCCTCCGC	0.11
TACTCCGC	0.1
TTATCCGC	0.14
GTATCCGC	0.28
TGATCCGC	0.1
GGATCCGC	0.12
TCATCCGC	0.17
TAATCCGC	0.11
TTTGCCGC	0.1
GTTGCCGC	0.1
TGTGCCGC	0.09
GGTGCCGC	0.1
TCTGCCGC	0.1
GCTGCCGC	0.09
TATGCCGC	0.11
TTGGCCGC	0.1
GTGGCCGC	0.08
TGGGCCGC	0.1
GGGGCCGC	0.1
TCGGCCGC	0.1
TAGGCCGC	0.09
TTCGCCGC	0.1
GTCGCCGC	0.1
TGCGCCGC	0.08
GGCGCCGC	0.1
TCCGCCGC	0.13
TACGCCGC	0.1
TTAGCCGC	0.11
GTAGCCGC	0.09
TGAGCCGC	0.09
GGAGCCGC	0.08
TCAGCCGC	0.09
TAAGCCGC	0.09
TTTCCCGC	0.16
GTTCCCGC	0.1
TGTCCCGC	0.11
GGTCCCGC	0.1
TCTCCCGC	0.12
GCTCCCGC	0.1
TATCCCGC	0.1
TTGCCCGC	0.09
GTGCCCGC	0.09
TGGCCCGC	0.09
GGGCCCGC	0.09
TCGCCCGC	0.1
TAGCCCGC	0.09
TTCCCCGC	0.12
GTCCCCGC	0.1
TGCCCCGC	0.1
GGCCCCGC	0.09
TCCCCCGC	0.11
TACCCCGC	0.09
TTACCCGC	0.1
GTACCCGC	0.1
TGACCCGC	0.09
GGACCCGC	0.09
TCACCCGC	0.1
TAACCCGC	0.11
TTTACCGC	0.1
GTTACCGC	0.11
TGTACCGC	0.08
GGTACCGC	0.09
TCTACCGC	0.09
GCTACCGC	0.1
TATACCGC	0.1
TTGACCGC	0.11
GTGACCGC	0.11
TGGACCGC	0.09
GGGACCGC	0.1
TCGACCGC	0.13
TAGACCGC	0.1
TTCACCGC	0.11
GTCACCGC	0.11
TGCACCGC	0.1
GGCACCGC	0.1
TCCACCGC	0.1
TACACCGC	0.09
TTAACCGC	0.1
GTAACCGC	0.1
TGAACCGC	0.1
GGAACCGC	0.11
TCAACCGC	0.1
TAAACCGC	0.1
TTTTACGC	0.1
GTTTACGC	0.11
TGTTACGC	0.11
GGTTACGC	0.09
TCTTACGC	0.11
GCTTACGC	0.09
TATTACGC	0.11
TTGTACGC	0.09
GTGTACGC	0.09
TGGTACGC	0.1
GGGTACGC	0.11
TCGTACGC	0.09
TAGTACGC	0.08
TTCTACGC	0.11
GTCTACGC	0.09
TGCTACGC	0.1
GGCTACGC	0.09
TCCTACGC	0.11
TACTACGC	0.09
TTATACGC	0.11
GTATACGC	0.09
TGATACGC	0.08
GGATACGC	0.14
TCATACGC	0.08
TAATACGC	0.11
TTTGACGC	0.1
GTTGACGC	0.09
TGTGACGC	0.11
GGTGACGC	0.09
TCTGACGC	0.09
GCTGACGC	0.09
TATGACGC	0.09
TTGGACGC	0.1
GTGGACGC	0.09
TGGGACGC	0.09
GGGGACGC	0.1
TCGGACGC	0.09
TAGGACGC	0.1
TTCGACGC	0.11
GTCGACGC	0.09
TGCGACGC	0.08
GGCGACGC	0.1
TCCGACGC	0.11
TACGACGC	0.09
TTAGACGC	0.09
GTAGACGC	0.09
TGAGACGC	0.1
GGAGACGC	0.08
TCAGACGC	0.09
TAAGACGC	0.11
TTTCACGC	0.11
GTTCACGC	0.1
TGTCACGC	0.1
GGTCACGC	0.1
TCTCACGC	0.1
GCTCACGC	0.08
TATCACGC	0.09
TTGCACGC	0.09
GTGCACGC	0.09
TGGCACGC	0.09
GGGCACGC	0.09
TCGCACGC	0.11
TAGCACGC	0.1
TTCCACGC	0.11
GTCCACGC	0.09
TGCCACGC	0.09
GGCCACGC	0.1
TCCCACGC	0.09
TACCACGC	0.09
TTACACGC	0.09
GTACACGC	0.08
TGACACGC	0.1
GGACACGC	0.1
TCACACGC	0.09
TAACACGC	0.09
TTTAACGC	0.12
GTTAACGC	0.08
TGTAACGC	0.11
GGTAACGC	0.09
TCTAACGC	0.1
GCTAACGC	0.1
TATAACGC	0.1
TTGAACGC	0.08
GTGAACGC	0.1
TGGAACGC	0.09
GGGAACGC	0.1
TCGAACGC	0.1
TAGAACGC	0.1
TTCAACGC	0.11
GTCAACGC	0.1
TGCAACGC	0.11
GGCAACGC	0.11
TCCAACGC	0.1
TACAACGC	0.1
TTAAACGC	0.11
GTAAACGC	0.08
TGAAACGC	0.09
GGAAACGC	0.21
TCAAACGC	0.1
TAAAACGC	0.09
TTTTTAGC	0.11
GTTTTAGC	0.11
TGTTTAGC	0.1
GGTTTAGC	0.09
TCTTTAGC	0.11
GCTTTAGC	0.1
TATTTAGC	0.11
TTGTTAGC	0.11
GTGTTAGC	0.09
TGGTTAGC	0.09
GGGTTAGC	0.09
TCGTTAGC	0.09
TAGTTAGC	0.1
TTCTTAGC	0.1
GTCTTAGC	0.09
TGCTTAGC	0.09
GGCTTAGC	0.1
TCCTTAGC	0.1
TACTTAGC	0.11
TTATTAGC	0.1
GTATTAGC	0.1
TGATTAGC	0.1
GGATTAGC	0.1
TCATTAGC	0.1
TAATTAGC	0.09
TTTGTAGC	0.11
GTTGTAGC	0.11
TGTGTAGC	0.1
GGTGTAGC	0.1
TCTGTAGC	0.11
GCTGTAGC	0.09
TATGTAGC	0.1
TTGGTAGC	0.1
GTGGTAGC	0.1
TGGGTAGC	0.09
GGGGTAGC	0.09
TCGGTAGC	0.1
TAGGTAGC	0.09
TTCGTAGC	0.11
GTCGTAGC	0.09
TGCGTAGC	0.1
GGCGTAGC	0.09
TCCGTAGC	0.12
TACGTAGC	0.1
TTAGTAGC	0.12
GTAGTAGC	0.11
TGAGTAGC	0.1
GGAGTAGC	0.12
TCAGTAGC	0.1
TAAGTAGC	0.09
TTTCTAGC	0.1
GTTCTAGC	0.1
TGTCTAGC	0.1
GGTCTAGC	0.09
TCTCTAGC	0.1
GCTCTAGC	0.08
TATCTAGC	0.11
TTGCTAGC	0.09
GTGCTAGC	0.09
TGGCTAGC	0.09
GGGCTAGC	0.1
TCGCTAGC	0.09
TAGCTAGC	0.09
TTCCTAGC	0.11
GTCCTAGC	0.1
TGCCTAGC	0.1
GGCCTAGC	0.09
TCCCTAGC	0.09
TACCTAGC	0.1
TTACTAGC	0.1
GTACTAGC	0.09
TGACTAGC	0.09
GGACTAGC	0.09
TCACTAGC	0.1
TAACTAGC	0.1
TTTATAGC	0.1
GTTATAGC	0.09
TGTATAGC	0.1
GGTATAGC	0.09
TCTATAGC	0.11
TATATAGC	0.1
TTGATAGC	0.1
GTGATAGC	0.11
TGGATAGC	0.1
GGGATAGC	0.11
TCGATAGC	0.1
TAGATAGC	0.09
TTCATAGC	0.1
GTCATAGC	0.09
TGCATAGC	0.09
GGCATAGC	0.11
TCCATAGC	0.11
TACATAGC	0.1
TTAATAGC	0.11
GTAATAGC	0.1
TGAATAGC	0.11
GGAATAGC	0.1
TCAATAGC	0.1
TAAATAGC	0.1
TTTTGAGC	0.12
GTTTGAGC	0.1
TGTTGAGC	0.1
GGTTGAGC	0.09
TCTTGAGC	0.1
GCTTGAGC	0.1
TATTGAGC	0.1
TTGTGAGC	0.08
GTGTGAGC	0.09
TGGTGAGC	0.09
GGGTGAGC	0.1
TCGTGAGC	0.1
TAGTGAGC	0.09
TTCTGAGC	0.1
GTCTGAGC	0.1
TGCTGAGC	0.1
GGCTGAGC	0.09
TCCTGAGC	0.12
TACTGAGC	0.09
TTATGAGC	0.11
GTATGAGC	0.11
TGATGAGC	0.1
GGATGAGC	0.1
TCATGAGC	0.09
TAATGAGC	0.12
TTTGGAGC	0.11
GTTGGAGC	0.09
TGTGGAGC	0.1
GGTGGAGC	0.09
TCTGGAGC	0.1
GCTGGAGC	0.09
TATGGAGC	0.11
TTGGGAGC	0.09
GTGGGAGC	0.09
TGGGGAGC	0.1
GGGGGAGC	0.09
TCGGGAGC	0.09
TAGGGAGC	0.1
TTCGGAGC	0.1
GTCGGAGC	0.09
TGCGGAGC	0.1
GGCGGAGC	0.1
TCCGGAGC	0.15
TACGGAGC	0.1
TTAGGAGC	0.09
GTAGGAGC	0.09
TGAGGAGC	0.1
GGAGGAGC	0.09
TCAGGAGC	0.1
TAAGGAGC	0.11
TTTCGAGC	0.11
GTTCGAGC	0.09
TGTCGAGC	0.08
GGTCGAGC	0.1
TCTCGAGC	0.09
TATCGAGC	0.1
TTGCGAGC	0.11
GTGCGAGC	0.11
TGGCGAGC	0.09
GGGCGAGC	0.11
TCGCGAGC	0.1
TAGCGAGC	0.1
TTCCGAGC	0.1
GTCCGAGC	0.08
TGCCGAGC	0.1
GGCCGAGC	0.09
TCCCGAGC	0.1
TACCGAGC	0.1
TTACGAGC	0.09
GTACGAGC	0.09
TGACGAGC	0.09
GGACGAGC	0.11
TCACGAGC	0.08
TAACGAGC	0.1
TTTAGAGC	0.11
GTTAGAGC	0.11
TGTAGAGC	0.1
GGTAGAGC	0.1
TCTAGAGC	0.1
TATAGAGC	0.1
TTGAGAGC	0.09
GTGAGAGC	0.1
TGGAGAGC	0.09
GGGAGAGC	0.09
TCGAGAGC	0.1
TAGAGAGC	0.09
TTCAGAGC	0.11
GTCAGAGC	0.09
TGCAGAGC	0.1
GGCAGAGC	0.09
TCCAGAGC	0.1
TACAGAGC	0.1
TTAAGAGC	0.11
GTAAGAGC	0.09
TGAAGAGC	0.09
GGAAGAGC	0.16
TCAAGAGC	0.12
TAAAGAGC	0.1
TTTTCAGC	0.11
GTTTCAGC	0.11
TGTTCAGC	0.1
GGTTCAGC	0.1
TCTTCAGC	0.11
GCTTCAGC	0.1
TATTCAGC	0.1
TTGTCAGC	0.1
GTGTCAGC	0.09
TGGTCAGC	0.1
GGGTCAGC	0.09
TCGTCAGC	0.09
TAGTCAGC	0.1
TTCTCAGC	0.11
GTCTCAGC	0.1
TGCTCAGC	0.07
GGCTCAGC	0.09
TCCTCAGC	0.12
TACTCAGC	0.08
TTATCAGC	0.11
GTATCAGC	0.11
TGATCAGC	0.09
GGATCAGC	0.1
TCATCAGC	0.1
TAATCAGC	0.1
TTTGCAGC	0.11
GTTGCAGC	0.11
TGTGCAGC	0.08
GGTGCAGC	0.09
TCTGCAGC	0.1
TATGCAGC	0.1
TTGGCAGC	0.09
GTGGCAGC	0.09
TGGGCAGC	0.09
GGGGCAGC	0.11
TCGGCAGC	0.11
TAGGCAGC	0.09
TTCGCAGC	0.09
GTCGCAGC	0.09
TGCGCAGC	0.12
GGCGCAGC	0.09
TCCGCAGC	0.12
TACGCAGC	0.09
TTAGCAGC	0.1
GTAGCAGC	0.09
TGAGCAGC	0.09
GGAGCAGC	0.09
TCAGCAGC	0.09
TAAGCAGC	0.1
TTTCCAGC	0.12
GTTCCAGC	0.11
TGTCCAGC	0.1
GGTCCAGC	0.1
TCTCCAGC	0.1
TATCCAGC	0.1
TTGCCAGC	0.1
GTGCCAGC	0.09
TGGCCAGC	0.08
GGGCCAGC	0.09
TCGCCAGC	0.09
TAGCCAGC	0.09
TTCCCAGC	0.1
GTCCCAGC	0.09
TGCCCAGC	0.1
GGCCCAGC	0.09
TCCCCAGC	0.1
TACCCAGC	0.09
TTACCAGC	0.11
GTACCAGC	0.09
TGACCAGC	0.09
GGACCAGC	0.09
TCACCAGC	0.11
TAACCAGC	0.1
TTTACAGC	0.12
GTTACAGC	0.1
TGTACAGC	0.08
GGTACAGC	0.1
TCTACAGC	0.1
TATACAGC	0.09
TTGACAGC	0.1
GTGACAGC	0.09
TGGACAGC	0.1
GGGACAGC	0.1
TCGACAGC	0.09
TAGACAGC	0.1
TTCACAGC	0.1
GTCACAGC	0.1
TGCACAGC	0.09
GGCACAGC	0.1
TCCACAGC	0.1
TACACAGC	0.09
TTAACAGC	0.1
GTAACAGC	0.09
TGAACAGC	0.1
GGAACAGC	0.1
TCAACAGC	0.11
TAAACAGC	0.11
TTTTAAGC	0.11
GTTTAAGC	0.11
TGTTAAGC	0.11
GGTTAAGC	0.1
TCTTAAGC	0.1
TATTAAGC	0.1
TTGTAAGC	0.09
GTGTAAGC	0.11
TGGTAAGC	0.11
GGGTAAGC	0.11
TCGTAAGC	0.1
TAGTAAGC	0.11
TTCTAAGC	0.11
GTCTAAGC	0.09
TGCTAAGC	0.11
GGCTAAGC	0.09
TCCTAAGC	0.12
TACTAAGC	0.09
TTATAAGC	0.09
GTATAAGC	0.1
TGATAAGC	0.1
GGATAAGC	0.14
TCATAAGC	0.1
TAATAAGC	0.11
TTTGAAGC	0.11
GTTGAAGC	0.11
TGTGAAGC	0.1
GGTGAAGC	0.1
TCTGAAGC	0.1
TATGAAGC	0.12
TTGGAAGC	0.1
GTGGAAGC	0.11
TGGGAAGC	0.11
GGGGAAGC	0.13
TCGGAAGC	0.19
TAGGAAGC	0.16
TTCGAAGC	0.1
GTCGAAGC	0.1
TGCGAAGC	0.1
GGCGAAGC	0.1
TCCGAAGC	0.12
TACGAAGC	0.1
TTAGAAGC	0.1
GTAGAAGC	0.09
TGAGAAGC	0.1
GGAGAAGC	0.09
TCAGAAGC	0.11
TAAGAAGC	0.09
TTTCAAGC	0.12
GTTCAAGC	0.1
TGTCAAGC	0.1
GGTCAAGC	0.1
TCTCAAGC	0.1
TATCAAGC	0.1
TTGCAAGC	0.1
GTGCAAGC	0.09
TGGCAAGC	0.1
GGGCAAGC	0.1
TCGCAAGC	0.1
TAGCAAGC	0.1
TTCCAAGC	0.09
GTCCAAGC	0.1
TGCCAAGC	0.08
GGCCAAGC	0.1
TCCCAAGC	0.1
TACCAAGC	0.1
TTACAAGC	0.1
GTACAAGC	0.1
TGACAAGC	0.1
GGACAAGC	0.08
TCACAAGC	0.1
TAACAAGC	0.1
TTTAAAGC	0.1
GTTAAAGC	0.13
TGTAAAGC	0.1
GGTAAAGC	0.1
TCTAAAGC	0.1
TATAAAGC	0.09
TTGAAAGC	0.12
GTGAAAGC	0.09
TGGAAAGC	0.11
GGGAAAGC	0.11
TCGAAAGC	0.1
TAGAAAGC	0.12
TTCAAAGC	0.12
GTCAAAGC	0.1
TGCAAAGC	0.09
GGCAAAGC	0.1
TCCAAAGC	0.11
TACAAAGC	0.1
TTAAAAGC	0.11
GTAAAAGC	0.11
TGAAAAGC	0.11
GGAAAAGC	0.12
TCAAAAGC	0.11
TAAAAAGC	0.1
TTTTTTCC	0.16
GTTTTTCC	0.13
TGTTTTCC	0.13
GGTTTTCC	0.12
TCTTTTCC	0.16
TATTTTCC	0.13
TTGTTTCC	0.15
GTGTTTCC	0.17
TGGTTTCC	0.16
GGGTTTCC	0.17
TCGTTTCC	0.19
TAGTTTCC	0.15
TTCTTTCC	0.15
GTCTTTCC	0.13
TGCTTTCC	0.14
GGCTTTCC	0.12
TCCTTTCC	0.15
TACTTTCC	0.11
TTATTTCC	0.22
GTATTTCC	0.22
TGATTTCC	0.18
GGATTTCC	0.19
TCATTTCC	0.27
TAATTTCC	0.21
TTTGTTCC	0.13
GTTGTTCC	0.13
TGTGTTCC	0.12
GGTGTTCC	0.11
TCTGTTCC	0.12
TATGTTCC	0.1
TTGGTTCC	0.13
GTGGTTCC	0.1
TGGGTTCC	0.11
GGGGTTCC	0.1
TCGGTTCC	0.12
TAGGTTCC	0.11
TTCGTTCC	0.1
GTCGTTCC	0.1
TGCGTTCC	0.1
GGCGTTCC	0.1
TCCGTTCC	0.15
TACGTTCC	0.1
TTAGTTCC	0.15
GTAGTTCC	0.13
TGAGTTCC	0.14
GGAGTTCC	0.12
TCAGTTCC	0.12
TAAGTTCC	0.13
TTTCTTCC	0.15
GTTCTTCC	0.14
TGTCTTCC	0.15
GGTCTTCC	0.14
TCTCTTCC	0.17
TATCTTCC	0.13
TTGCTTCC	0.17
GTGCTTCC	0.15
TGGCTTCC	0.16
GGGCTTCC	0.13
TCGCTTCC	0.16
TAGCTTCC	0.16
TTCCTTCC	0.23
GTCCTTCC	0.14
TGCCTTCC	0.13
GGCCTTCC	0.12
TCCCTTCC	0.16
TACCTTCC	0.13
TTACTTCC	0.35
GTACTTCC	0.29
TGACTTCC	0.29
GGACTTCC	0.22
TCACTTCC	0.45
TAACTTCC	0.23
TTTATTCC	0.14
GTTATTCC	0.11
TGTATTCC	0.11
GGTATTCC	0.1
TCTATTCC	0.11
TATATTCC	0.11
TTGATTCC	0.11
GTGATTCC	0.11
TGGATTCC	0.1
GGGATTCC	0.1
TCGATTCC	0.12
TAGATTCC	0.11
TTCATTCC	0.12
GTCATTCC	0.11
TGCATTCC	0.1
GGCATTCC	0.09
TCCATTCC	0.1
TACATTCC	0.11
TTAATTCC	0.13
GTAATTCC	0.12
TGAATTCC	0.11
TCAATTCC	0.14
TAAATTCC	0.12
TTTTGTCC	0.12
GTTTGTCC	0.1
TGTTGTCC	0.1
GGTTGTCC	0.1
TCTTGTCC	0.11
TATTGTCC	0.11
TTGTGTCC	0.11
GTGTGTCC	0.1
TGGTGTCC	0.11
GGGTGTCC	0.11
TCGTGTCC	0.11
TAGTGTCC	0.1
TTCTGTCC	0.11
GTCTGTCC	0.1
TGCTGTCC	0.1
GGCTGTCC	0.11
TCCTGTCC	0.16
TACTGTCC	0.12
TTATGTCC	0.11
GTATGTCC	0.1
TGATGTCC	0.12
GGATGTCC	0.18
TCATGTCC	0.11
TAATGTCC	0.13
TTTGGTCC	0.11
GTTGGTCC	0.09
TGTGGTCC	0.11
GGTGGTCC	0.09
TCTGGTCC	0.1
TATGGTCC	0.09
TTGGGTCC	0.1
GTGGGTCC	0.1
TGGGGTCC	0.09
GGGGGTCC	0.1
TCGGGTCC	0.1
TAGGGTCC	0.09
TTCGGTCC	0.12
GTCGGTCC	0.11
TGCGGTCC	0.11
GGCGGTCC	0.09
TCCGGTCC	0.3
TACGGTCC	0.1
TTAGGTCC	0.1
GTAGGTCC	0.1
TGAGGTCC	0.1
GGAGGTCC	0.11
TCAGGTCC	0.1
TAAGGTCC	0.1
TTTCGTCC	0.12
GTTCGTCC	0.11
TGTCGTCC	0.11
GGTCGTCC	0.1
TCTCGTCC	0.11
TATCGTCC	0.1
TTGCGTCC	0.11
GTGCGTCC	0.1
TGGCGTCC	0.1
GGGCGTCC	0.11
TCGCGTCC	0.11
TAGCGTCC	0.1
TTCCGTCC	0.29
GTCCGTCC	0.13
TGCCGTCC	0.11
GGCCGTCC	0.1
TCCCGTCC	0.12
TACCGTCC	0.09
TTACGTCC	0.14
GTACGTCC	0.11
TGACGTCC	0.13
TCACGTCC	0.12
TAACGTCC	0.12
TTTAGTCC	0.1
GTTAGTCC	0.1
TGTAGTCC	0.1
GGTAGTCC	0.12
TCTAGTCC	0.11
TATAGTCC	0.11
TTGAGTCC	0.09
GTGAGTCC	0.09
TGGAGTCC	0.09
GGGAGTCC	0.09
TCGAGTCC	0.08
TAGAGTCC	0.09
TTCAGTCC	0.11
GTCAGTCC	0.1
TGCAGTCC	0.08
GGCAGTCC	0.09
TCCAGTCC	0.1
TACAGTCC	0.11
TTAAGTCC	0.09
GTAAGTCC	0.1
TGAAGTCC	0.11
TCAAGTCC	0.1
TAAAGTCC	0.1
TTTTCTCC	0.11
GTTTCTCC	0.11
TGTTCTCC	0.11
GGTTCTCC	0.11
TCTTCTCC	0.12
TATTCTCC	0.11
TTGTCTCC	0.11
GTGTCTCC	0.1
TGGTCTCC	0.11
GGGTCTCC	0.1
TCGTCTCC	0.1
TAGTCTCC	0.1
TTCTCTCC	0.11
GTCTCTCC	0.11
TGCTCTCC	0.09
GGCTCTCC	0.09
TCCTCTCC	0.13
TACTCTCC	0.12
TTATCTCC	0.12
GTATCTCC	0.09
TGATCTCC	0.1
GGATCTCC	0.12
TCATCTCC	0.11
TAATCTCC	0.1
TTTGCTCC	0.1
GTTGCTCC	0.1
TGTGCTCC	0.1
GGTGCTCC	0.11
TCTGCTCC	0.1
TATGCTCC	0.09
TTGGCTCC	0.1
GTGGCTCC	0.09
TGGGCTCC	0.09
GGGGCTCC	0.09
TCGGCTCC	0.1
TAGGCTCC	0.09
TTCGCTCC	0.11
GTCGCTCC	0.1
TGCGCTCC	0.09
GGCGCTCC	0.09
TCCGCTCC	0.15
TACGCTCC	0.1
TTAGCTCC	0.1
GTAGCTCC	0.09
TGAGCTCC	0.09
TCAGCTCC	0.09
TAAGCTCC	0.09
TTTCCTCC	0.19
GTTCCTCC	0.11
TGTCCTCC	0.12
GGTCCTCC	0.1
TCTCCTCC	0.1
TATCCTCC	0.16
TTGCCTCC	0.09
GTGCCTCC	0.09
TGGCCTCC	0.1
GGGCCTCC	0.1
TCGCCTCC	0.11
TAGCCTCC	0.1
TTCCCTCC	0.13
GTCCCTCC	0.1
TGCCCTCC	0.09
GGCCCTCC	0.1
TCCCCTCC	0.13
TACCCTCC	0.1
TTACCTCC	0.11
GTACCTCC	0.1
TGACCTCC	0.1
TCACCTCC	0.12
TAACCTCC	0.1
TTTACTCC	0.11
GTTACTCC	0.09
TGTACTCC	0.11
GGTACTCC	0.09
TCTACTCC	0.11
TATACTCC	0.09
TTGACTCC	0.1
GTGACTCC	0.1
TGGACTCC	0.09
GGGACTCC	0.09
TCGACTCC	0.11
TAGACTCC	0.09
TTCACTCC	0.12
GTCACTCC	0.09
TGCACTCC	0.09
GGCACTCC	0.1
TCCACTCC	0.13
TACACTCC	0.1
TTAACTCC	0.11
GTAACTCC	0.11
TGAACTCC	0.11
TCAACTCC	0.1
TAAACTCC	0.11
TTTTATCC	0.16
GTTTATCC	0.12
TGTTATCC	0.12
GGTTATCC	0.11
TCTTATCC	0.12
TATTATCC	0.12
TTGTATCC	0.13
GTGTATCC	0.13
TGGTATCC	0.11
GGGTATCC	0.13
TCGTATCC	0.14
TAGTATCC	0.14
TTCTATCC	0.13
GTCTATCC	0.1
TGCTATCC	0.12
GGCTATCC	0.11
TCCTATCC	0.12
TACTATCC	0.11
TTATATCC	0.19
GTATATCC	0.15
TGATATCC	0.15
TCATATCC	0.17
TAATATCC	0.18
TTTGATCC	0.1
GTTGATCC	0.12
TGTGATCC	0.1
GGTGATCC	0.1
TCTGATCC	0.1
TATGATCC	0.1
TTGGATCC	0.1
GTGGATCC	0.11
TGGGATCC	0.09
GGGGATCC	0.11
TCGGATCC	0.1
TAGGATCC	0.1
TTCGATCC	0.11
GTCGATCC	0.1
TGCGATCC	0.1
GGCGATCC	0.1
TCCGATCC	0.11
TACGATCC	0.1
TTAGATCC	0.11
GTAGATCC	0.11
TGAGATCC	0.11
TCAGATCC	0.12
TAAGATCC	0.12
TTTCATCC	0.12
GTTCATCC	0.14
TGTCATCC	0.12
GGTCATCC	0.12
TCTCATCC	0.11
TATCATCC	0.12
TTGCATCC	0.13
GTGCATCC	0.13
TGGCATCC	0.11
GGGCATCC	0.16
TCGCATCC	0.14
TAGCATCC	0.14
TTCCATCC	0.13
GTCCATCC	0.13
TGCCATCC	0.13
GGCCATCC	0.11
TCCCATCC	0.12
TACCATCC	0.13
TTACATCC	0.19
GTACATCC	0.17
TGACATCC	0.18
TCACATCC	0.22
TAACATCC	0.19
TTTAATCC	0.14
GTTAATCC	0.1
TGTAATCC	0.1
GGTAATCC	0.1
TCTAATCC	0.11
TATAATCC	0.11
TTGAATCC	0.1
GTGAATCC	0.11
TGGAATCC	0.12
GGGAATCC	0.1
TCGAATCC	0.11
TAGAATCC	0.11
TTCAATCC	0.1
GTCAATCC	0.1
TGCAATCC	0.1
GGCAATCC	0.1
TCCAATCC	0.12
TACAATCC	0.11
TTAAATCC	0.12
GTAAATCC	0.12
TGAAATCC	0.11
TCAAATCC	0.11
TAAAATCC	0.14
TTTTTGCC	0.11
GTTTTGCC	0.09
TGTTTGCC	0.11
GGTTTGCC	0.09
TCTTTGCC	0.11
TATTTGCC	0.11
TTGTTGCC	0.1
GTGTTGCC	0.12
TGGTTGCC	0.11
GGGTTGCC	0.09
TCGTTGCC	0.1
TAGTTGCC	0.1
TTCTTGCC	0.11
GTCTTGCC	0.09
TGCTTGCC	0.1
GGCTTGCC	0.1
TCCTTGCC	0.1
TACTTGCC	0.09
TTATTGCC	0.11
GTATTGCC	0.1
TGATTGCC	0.11
TCATTGCC	0.1
TAATTGCC	0.09
TTTGTGCC	0.1
GTTGTGCC	0.1
TGTGTGCC	0.09
GGTGTGCC	0.09
TCTGTGCC	0.1
TATGTGCC	0.1
TTGGTGCC	0.11
GTGGTGCC	0.09
TGGGTGCC	0.11
GGGGTGCC	0.1
TCGGTGCC	0.11
TAGGTGCC	0.09
TTCGTGCC	0.09
GTCGTGCC	0.1
TGCGTGCC	0.1
GGCGTGCC	0.09
TCCGTGCC	0.13
TACGTGCC	0.1
TTAGTGCC	0.1
GTAGTGCC	0.09
TGAGTGCC	0.08
TCAGTGCC	0.1
TAAGTGCC	0.1
TTTCTGCC	0.1
GTTCTGCC	0.09
TGTCTGCC	0.11
GGTCTGCC	0.1
TCTCTGCC	0.12
TATCTGCC	0.09
TTGCTGCC	0.1
GTGCTGCC	0.09
TGGCTGCC	0.1
GGGCTGCC	0.1
TCGCTGCC	0.11
TAGCTGCC	0.1
TTCCTGCC	0.2
GTCCTGCC	0.12
TGCCTGCC	0.1
GGCCTGCC	0.08
TCCCTGCC	0.11
TACCTGCC	0.11
TTACTGCC	0.1
GTACTGCC	0.1
TGACTGCC	0.12
TCACTGCC	0.1
TAACTGCC	0.09
TTTATGCC	0.11
GTTATGCC	0.11
TGTATGCC	0.1
GGTATGCC	0.1
TCTATGCC	0.1
TATATGCC	0.12
TTGATGCC	0.1
GTGATGCC	0.09
TGGATGCC	0.1
GGGATGCC	0.11
TCGATGCC	0.11
TAGATGCC	0.11
TTCATGCC	0.11
GTCATGCC	0.09
TGCATGCC	0.09
TCCATGCC	0.1
TACATGCC	0.09
TTAATGCC	0.1
GTAATGCC	0.1
TGAATGCC	0.12
TCAATGCC	0.1
TAAATGCC	0.1
TTTTGGCC	0.1
GTTTGGCC	0.09
TGTTGGCC	0.1
GGTTGGCC	0.1
TCTTGGCC	0.1
TATTGGCC	0.09
TTGTGGCC	0.09
GTGTGGCC	0.09
TGGTGGCC	0.1
GGGTGGCC	0.08
TCGTGGCC	0.11
TAGTGGCC	0.09
TTCTGGCC	0.13
GTCTGGCC	0.09
TGCTGGCC	0.1
GGCTGGCC	0.09
TCCTGGCC	0.13
TACTGGCC	0.11
TTATGGCC	0.09
GTATGGCC	0.1
TGATGGCC	0.1
TCATGGCC	0.11
TAATGGCC	0.1
TTTGGGCC	0.1
GTTGGGCC	0.1
TGTGGGCC	0.09
GGTGGGCC	0.1
TCTGGGCC	0.1
TATGGGCC	0.09
TTGGGGCC	0.1
GTGGGGCC	0.08
TGGGGGCC	0.09
GGGGGGCC	0.11
TCGGGGCC	0.1
TAGGGGCC	0.08
TTCGGGCC	0.1
GTCGGGCC	0.09
TGCGGGCC	0.09
GGCGGGCC	0.09
TCCGGGCC	0.12
TACGGGCC	0.1
TTAGGGCC	0.11
GTAGGGCC	0.09
TGAGGGCC	0.09
TCAGGGCC	0.09
TAAGGGCC	0.11
TTTCGGCC	0.1
GTTCGGCC	0.08
TGTCGGCC	0.09
GGTCGGCC	0.09
TCTCGGCC	0.1
TATCGGCC	0.09
TTGCGGCC	0.09
GTGCGGCC	0.1
TGGCGGCC	0.09
GGGCGGCC	0.1
TCGCGGCC	0.09
TAGCGGCC	0.08
TTCCGGCC	0.38
GTCCGGCC	0.15
TGCCGGCC	0.11
TCCCGGCC	0.13
TACCGGCC	0.11
TTACGGCC	0.1
GTACGGCC	0.09
TGACGGCC	0.09
TCACGGCC	0.09
TAACGGCC	0.12
TTTAGGCC	0.09
GTTAGGCC	0.1
TGTAGGCC	0.08
GGTAGGCC	0.08
TCTAGGCC	0.09
TATAGGCC	0.1
TTGAGGCC	0.11
GTGAGGCC	0.1
TGGAGGCC	0.1
GGGAGGCC	0.11
TCGAGGCC	0.09
TAGAGGCC	0.08
TTCAGGCC	0.09
GTCAGGCC	0.1
TGCAGGCC	0.09
TCCAGGCC	0.1
TACAGGCC	0.1
TTAAGGCC	0.1
GTAAGGCC	0.1
TGAAGGCC	0.12
TCAAGGCC	0.1
TAAAGGCC	0.11
TTTTCGCC	0.1
GTTTCGCC	0.1
TGTTCGCC	0.1
GGTTCGCC	0.1
TCTTCGCC	0.1
TATTCGCC	0.1
TTGTCGCC	0.11
GTGTCGCC	0.09
TGGTCGCC	0.1
GGGTCGCC	0.1
TCGTCGCC	0.09
TAGTCGCC	0.1
TTCTCGCC	0.11
GTCTCGCC	0.1
TGCTCGCC	0.1
GGCTCGCC	0.1
TCCTCGCC	0.11
TACTCGCC	0.1
TTATCGCC	0.11
GTATCGCC	0.1
TGATCGCC	0.09
TCATCGCC	0.09
TAATCGCC	0.09
TTTGCGCC	0.08
GTTGCGCC	0.09
TGTGCGCC	0.11
GGTGCGCC	0.1
TCTGCGCC	0.08
TATGCGCC	0.09
TTGGCGCC	0.09
GTGGCGCC	0.08
TGGGCGCC	0.09
GGGGCGCC	0.1
TCGGCGCC	0.09
TAGGCGCC	0.1
TTCGCGCC	0.11
GTCGCGCC	0.11
TGCGCGCC	0.09
TCCGCGCC	0.11
TACGCGCC	0.1
TTAGCGCC	0.1
GTAGCGCC	0.09
TGAGCGCC	0.1
TCAGCGCC	0.09
TAAGCGCC	0.09
TTTCCGCC	0.42
GTTCCGCC	0.16
TGTCCGCC	0.13
GGTCCGCC	0.1
TCTCCGCC	0.11
TATCCGCC	0.26
TTGCCGCC	0.1
GTGCCGCC	0.09
TGGCCGCC	0.1
GGGCCGCC	0.1
TCGCCGCC	0.1
TAGCCGCC	0.1
TTCCCGCC	0.16
GTCCCGCC	0.1
TGCCCGCC	0.09
TCCCCGCC	0.12
TACCCGCC	0.11
TTACCGCC	0.11
GTACCGCC	0.08
TGACCGCC	0.11
TCACCGCC	0.1
TAACCGCC	0.1
TTTACGCC	0.11
GTTACGCC	0.12
TGTACGCC	0.09
GGTACGCC	0.11
TCTACGCC	0.09
TATACGCC	0.1
TTGACGCC	0.09
GTGACGCC	0.11
TGGACGCC	0.1
GGGACGCC	0.09
TCGACGCC	0.09
TAGACGCC	0.09
TTCACGCC	0.11
GTCACGCC	0.09
TGCACGCC	0.09
TCCACGCC	0.12
TACACGCC	0.1
TTAACGCC	0.09
GTAACGCC	0.11
TGAACGCC	0.09
TCAACGCC	0.1
TAAACGCC	0.1
TTTTAGCC	0.11
GTTTAGCC	0.1
TGTTAGCC	0.1
GGTTAGCC	0.09
TCTTAGCC	0.09
TATTAGCC	0.1
TTGTAGCC	0.11
GTGTAGCC	0.09
TGGTAGCC	0.1
GGGTAGCC	0.09
TCGTAGCC	0.1
TAGTAGCC	0.1
TTCTAGCC	0.09
GTCTAGCC	0.1
TGCTAGCC	0.1
TCCTAGCC	0.11
TACTAGCC	0.1
TTATAGCC	0.11
GTATAGCC	0.09
TGATAGCC	0.1
TCATAGCC	0.09
TAATAGCC	0.1
TTTGAGCC	0.1
GTTGAGCC	0.1
TGTGAGCC	0.1
GGTGAGCC	0.08
TCTGAGCC	0.1
TATGAGCC	0.1
TTGGAGCC	0.09
GTGGAGCC	0.1
TGGGAGCC	0.08
GGGGAGCC	0.1
TCGGAGCC	0.09
TAGGAGCC	0.09
TTCGAGCC	0.09
GTCGAGCC	0.09
TGCGAGCC	0.1
TCCGAGCC	0.1
TACGAGCC	0.11
TTAGAGCC	0.1
GTAGAGCC	0.1
TGAGAGCC	0.09
TCAGAGCC	0.11
TAAGAGCC	0.1
TTTCAGCC	0.11
GTTCAGCC	0.1
TGTCAGCC	0.1
GGTCAGCC	0.1
TCTCAGCC	0.1
TATCAGCC	0.1
TTGCAGCC	0.11
GTGCAGCC	0.09
TGGCAGCC	0.1
GGGCAGCC	0.09
TCGCAGCC	0.1
TAGCAGCC	0.1
TTCCAGCC	0.11
GTCCAGCC	0.09
TGCCAGCC	0.09
TCCCAGCC	0.1
TACCAGCC	0.1
TTACAGCC	0.09
GTACAGCC	0.08
TGACAGCC	0.09
TCACAGCC	0.1
TAACAGCC	0.11
TTTAAGCC	0.11
GTTAAGCC	0.12
TGTAAGCC	0.1
GGTAAGCC	0.11
TCTAAGCC	0.11
TATAAGCC	0.11
TTGAAGCC	0.09
GTGAAGCC	0.09
TGGAAGCC	0.1
GGGAAGCC	0.14
TCGAAGCC	0.1
TAGAAGCC	0.11
TTCAAGCC	0.1
GTCAAGCC	0.1
TGCAAGCC	0.1
TCCAAGCC	0.1
TACAAGCC	0.1
TTAAAGCC	0.1
GTAAAGCC	0.11
TGAAAGCC	0.11
TCAAAGCC	0.11
TAAAAGCC	0.1
TTTTTCCC	0.15
GTTTTCCC	0.11
TGTTTCCC	0.13
GGTTTCCC	0.13
TCTTTCCC	0.14
TATTTCCC	0.18
TTGTTCCC	0.12
GTGTTCCC	0.1
TGGTTCCC	0.1
GGGTTCCC	0.1
TCGTTCCC	0.1
TAGTTCCC	0.13
TTCTTCCC	0.13
GTCTTCCC	0.13
TGCTTCCC	0.13
TCCTTCCC	0.15
TACTTCCC	0.25
TTATTCCC	0.12
GTATTCCC	0.12
TGATTCCC	0.1
TCATTCCC	0.11
TAATTCCC	0.14
TTTGTCCC	0.1
GTTGTCCC	0.11
TGTGTCCC	0.1
GGTGTCCC	0.1
TCTGTCCC	0.11
TATGTCCC	0.11
TTGGTCCC	0.08
GTGGTCCC	0.09
TGGGTCCC	0.08
GGGGTCCC	0.08
TCGGTCCC	0.11
TAGGTCCC	0.09
TTCGTCCC	0.11
GTCGTCCC	0.11
TGCGTCCC	0.09
TCCGTCCC	0.13
TACGTCCC	0.11
TTAGTCCC	0.09
GTAGTCCC	0.11
TGAGTCCC	0.09
TCAGTCCC	0.09
TAAGTCCC	0.1
TTTCTCCC	0.1
GTTCTCCC	0.1
TGTCTCCC	0.12
GGTCTCCC	0.08
TCTCTCCC	0.1
TATCTCCC	0.09
TTGCTCCC	0.09
GTGCTCCC	0.12
TGGCTCCC	0.1
GGGCTCCC	0.1
TCGCTCCC	0.09
TAGCTCCC	0.1
TTCCTCCC	0.16
GTCCTCCC	0.1
TGCCTCCC	0.09
TCCCTCCC	0.1
TACCTCCC	0.1
TTACTCCC	0.12
GTACTCCC	0.12
TGACTCCC	0.11
TCACTCCC	0.11
TAACTCCC	0.11
TTTATCCC	0.14
GTTATCCC	0.1
TGTATCCC	0.13
GGTATCCC	0.1
TCTATCCC	0.09
TATATCCC	0.13
TTGATCCC	0.11
GTGATCCC	0.1
TGGATCCC	0.09
TCGATCCC	0.11
TAGATCCC	0.1
TTCATCCC	0.1
GTCATCCC	0.12
TGCATCCC	0.12
TCCATCCC	0.13
TACATCCC	0.14
TTAATCCC	0.11
GTAATCCC	0.08
TGAATCCC	0.09
TCAATCCC	0.1
TAAATCCC	0.12
TTTTGCCC	0.12
GTTTGCCC	0.09
TGTTGCCC	0.11
GGTTGCCC	0.1
TCTTGCCC	0.11
TATTGCCC	0.1
TTGTGCCC	0.1
GTGTGCCC	0.09
TGGTGCCC	0.1
GGGTGCCC	0.09
TCGTGCCC	0.1
TAGTGCCC	0.09
TTCTGCCC	0.1
GTCTGCCC	0.1
TGCTGCCC	0.1
TCCTGCCC	0.13
TACTGCCC	0.1
TTATGCCC	0.11
GTATGCCC	0.1
TGATGCCC	0.09
TCATGCCC	0.1
TAATGCCC	0.09
TTTGGCCC	0.09
GTTGGCCC	0.1
TGTGGCCC	0.09
GGTGGCCC	0.09
TCTGGCCC	0.09
TATGGCCC	0.1
TTGGGCCC	0.09
GTGGGCCC	0.09
TGGGGCCC	0.1
GGGGGCCC	0.08
TCGGGCCC	0.09
TAGGGCCC	0.08
TTCGGCCC	0.11
GTCGGCCC	0.1
TGCGGCCC	0.09
TCCGGCCC	0.24
TACGGCCC	0.09
TTAGGCCC	0.1
GTAGGCCC	0.08
TGAGGCCC	0.09
TCAGGCCC	0.1
TAAGGCCC	0.09
TTTCGCCC	0.1
GTTCGCCC	0.09
TGTCGCCC	0.09
GGTCGCCC	0.1
TCTCGCCC	0.11
TATCGCCC	0.1
TTGCGCCC	0.09
GTGCGCCC	0.09
TGGCGCCC	0.09
TCGCGCCC	0.11
TAGCGCCC	0.09
TTCCGCCC	0.25
GTCCGCCC	0.12
TGCCGCCC	0.1
TCCCGCCC	0.11
TACCGCCC	0.1
TTACGCCC	0.11
GTACGCCC	0.1
TGACGCCC	0.09
TCACGCCC	0.1
TAACGCCC	0.1
TTTAGCCC	0.11
GTTAGCCC	0.09
TGTAGCCC	0.1
GGTAGCCC	0.09
TCTAGCCC	0.1
TATAGCCC	0.09
TTGAGCCC	0.1
GTGAGCCC	0.11
TGGAGCCC	0.1
TCGAGCCC	0.09
TAGAGCCC	0.08
TTCAGCCC	0.09
GTCAGCCC	0.09
TGCAGCCC	0.1
TCCAGCCC	0.11
TACAGCCC	0.1
TTAAGCCC	0.11
GTAAGCCC	0.1
TGAAGCCC	0.09
TCAAGCCC	0.09
TAAAGCCC	0.08
TTTTCCCC	0.14
GTTTCCCC	0.12
TGTTCCCC	0.11
GGTTCCCC	0.09
TCTTCCCC	0.13
TATTCCCC	0.12
TTGTCCCC	0.1
GTGTCCCC	0.1
TGGTCCCC	0.08
GGGTCCCC	0.08
TCGTCCCC	0.13
TAGTCCCC	0.09
TTCTCCCC	0.1
GTCTCCCC	0.09
TGCTCCCC	0.09
TCCTCCCC	0.12
TACTCCCC	0.11
TTATCCCC	0.12
GTATCCCC	0.1
TGATCCCC	0.1
TCATCCCC	0.11
TAATCCCC	0.1
TTTGCCCC	0.11
GTTGCCCC	0.09
TGTGCCCC	0.1
GGTGCCCC	0.09
TCTGCCCC	0.12
TATGCCCC	0.1
TTGGCCCC	0.1
GTGGCCCC	0.1
TGGGCCCC	0.1
TCGGCCCC	0.1
TAGGCCCC	0.08
TTCGCCCC	0.11
GTCGCCCC	0.09
TGCGCCCC	0.08
TCCGCCCC	0.12
TACGCCCC	0.11
TTAGCCCC	0.11
GTAGCCCC	0.09
TGAGCCCC	0.1
TCAGCCCC	0.08
TAAGCCCC	0.11
TTTCCCCC	0.16
GTTCCCCC	0.1
TGTCCCCC	0.12
GGTCCCCC	0.08
TCTCCCCC	0.14
TATCCCCC	0.12
TTGCCCCC	0.11
GTGCCCCC	0.11
TGGCCCCC	0.11
TCGCCCCC	0.11
TAGCCCCC	0.09
TTCCCCCC	0.14
GTCCCCCC	0.11
TGCCCCCC	0.11
TCCCCCCC	0.1
TACCCCCC	0.1
TTACCCCC	0.12
GTACCCCC	0.1
TGACCCCC	0.1
TCACCCCC	0.1
TAACCCCC	0.1
TTTACCCC	0.11
GTTACCCC	0.11
TGTACCCC	0.12
GGTACCCC	0.09
TCTACCCC	0.13
TATACCCC	0.12
TTGACCCC	0.1
GTGACCCC	0.1
TGGACCCC	0.09
TCGACCCC	0.1
TAGACCCC	0.11
TTCACCCC	0.1
GTCACCCC	0.12
TGCACCCC	0.1
TCCACCCC	0.1
TACACCCC	0.1
TTAACCCC	0.1
GTAACCCC	0.09
TGAACCCC	0.09
TCAACCCC	0.1
TAAACCCC	0.1
TTTTACCC	0.12
GTTTACCC	0.1
TGTTACCC	0.11
GGTTACCC	0.1
TCTTACCC	0.11
TATTACCC	0.1
TTGTACCC	0.11
GTGTACCC	0.09
TGGTACCC	0.11
TCGTACCC	0.1
TAGTACCC	0.1
TTCTACCC	0.12
GTCTACCC	0.1
TGCTACCC	0.1
TCCTACCC	0.12
TACTACCC	0.1
TTATACCC	0.11
GTATACCC	0.11
TGATACCC	0.1
TCATACCC	0.11
TAATACCC	0.11
TTTGACCC	0.11
GTTGACCC	0.11
TGTGACCC	0.09
GGTGACCC	0.09
TCTGACCC	0.09
TATGACCC	0.12
TTGGACCC	0.1
GTGGACCC	0.11
TGGGACCC	0.08
TCGGACCC	0.1
TAGGACCC	0.1
TTCGACCC	0.1
GTCGACCC	0.09
TGCGACCC	0.09
TCCGACCC	0.11
TACGACCC	0.1
TTAGACCC	0.11
GTAGACCC	0.09
TGAGACCC	0.09
TCAGACCC	0.11
TAAGACCC	0.1
TTTCACCC	0.12
GTTCACCC	0.11
TGTCACCC	0.11
GGTCACCC	0.11
TCTCACCC	0.11
TATCACCC	0.11
TTGCACCC	0.1
GTGCACCC	0.1
TGGCACCC	0.1
TCGCACCC	0.11
TAGCACCC	0.09
TTCCACCC	0.1
GTCCACCC	0.12
TGCCACCC	0.09
TCCCACCC	0.11
TACCACCC	0.1
TTACACCC	0.11
GTACACCC	0.1
TGACACCC	0.1
TCACACCC	0.1
TAACACCC	0.1
TTTAACCC	0.11
GTTAACCC	0.11
TGTAACCC	0.08
GGTAACCC	0.1
TCTAACCC	0.09
TATAACCC	0.1
TTGAACCC	0.1
GTGAACCC	0.09
TGGAACCC	0.1
TCGAACCC	0.09
TAGAACCC	0.1
TTCAACCC	0.1
GTCAACCC	0.11
TGCAACCC	0.11
TCCAACCC	0.11
TACAACCC	0.1
TTAAACCC	0.11
GTAAACCC	0.1
TGAAACCC	0.11
TCAAACCC	0.11
TAAAACCC	0.1
TTTTTACC	0.11
GTTTTACC	0.11
TGTTTACC	0.11
GGTTTACC	0.1
TCTTTACC	0.12
TATTTACC	0.12
TTGTTACC	0.12
GTGTTACC	0.1
TGGTTACC	0.09
TCGTTACC	0.11
TAGTTACC	0.12
TTCTTACC	0.1
GTCTTACC	0.1
TGCTTACC	0.1
TCCTTACC	0.12
TACTTACC	0.13
TTATTACC	0.11
GTATTACC	0.11
TGATTACC	0.1
TCATTACC	0.11
TAATTACC	0.11
TTTGTACC	0.11
GTTGTACC	0.12
TGTGTACC	0.1
GGTGTACC	0.09
TCTGTACC	0.1
TATGTACC	0.1
TTGGTACC	0.1
GTGGTACC	0.11
TGGGTACC	0.09
TCGGTACC	0.09
TAGGTACC	0.1
TTCGTACC	0.1
GTCGTACC	0.08
TGCGTACC	0.11
TCCGTACC	0.1
TACGTACC	0.1
TTAGTACC	0.11
GTAGTACC	0.09
TGAGTACC	0.1
TCAGTACC	0.11
TAAGTACC	0.1
TTTCTACC	0.11
GTTCTACC	0.1
TGTCTACC	0.11
GGTCTACC	0.1
TCTCTACC	0.11
TATCTACC	0.1
TTGCTACC	0.1
GTGCTACC	0.1
TGGCTACC	0.09
TCGCTACC	0.09
TAGCTACC	0.1
TTCCTACC	0.15
GTCCTACC	0.11
TGCCTACC	0.1
TCCCTACC	0.1
TACCTACC	0.1
TTACTACC	0.12
GTACTACC	0.09
TGACTACC	0.1
TCACTACC	0.1
TAACTACC	0.11
TTTATACC	0.12
GTTATACC	0.11
TGTATACC	0.11
TCTATACC	0.12
TATATACC	0.1
TTGATACC	0.12
GTGATACC	0.09
TGGATACC	0.11
TCGATACC	0.09
TAGATACC	0.1
TTCATACC	0.1
GTCATACC	0.11
TGCATACC	0.09
TCCATACC	0.11
TACATACC	0.11
TTAATACC	0.11
GTAATACC	0.12
TGAATACC	0.11
TCAATACC	0.11
TAAATACC	0.11
TTTTGACC	0.12
GTTTGACC	0.1
TGTTGACC	0.1
GGTTGACC	0.1
TCTTGACC	0.08
TATTGACC	0.1
TTGTGACC	0.1
GTGTGACC	0.09
TGGTGACC	0.09
TCGTGACC	0.09
TAGTGACC	0.11
TTCTGACC	0.1
GTCTGACC	0.1
TGCTGACC	0.1
TCCTGACC	0.11
TACTGACC	0.09
TTATGACC	0.12
GTATGACC	0.09
TGATGACC	0.09
TCATGACC	0.11
TAATGACC	0.11
TTTGGACC	0.12
GTTGGACC	0.09
TGTGGACC	0.09
GGTGGACC	0.1
TCTGGACC	0.09
TATGGACC	0.11
TTGGGACC	0.08
GTGGGACC	0.11
TGGGGACC	0.08
TCGGGACC	0.09
TAGGGACC	0.1
TTCGGACC	0.1
GTCGGACC	0.09
TGCGGACC	0.09
TCCGGACC	0.14
TACGGACC	0.12
TTAGGACC	0.09
GTAGGACC	0.09
TGAGGACC	0.1
TCAGGACC	0.1
TAAGGACC	0.11
TTTCGACC	0.09
GTTCGACC	0.1
TGTCGACC	0.1
TCTCGACC	0.09
TATCGACC	0.11
TTGCGACC	0.12
GTGCGACC	0.1
TGGCGACC	0.11
TCGCGACC	0.11
TAGCGACC	0.08
TTCCGACC	0.15
GTCCGACC	0.1
TGCCGACC	0.1
TCCCGACC	0.11
TACCGACC	0.1
TTACGACC	0.11
GTACGACC	0.09
TGACGACC	0.11
TCACGACC	0.09
TAACGACC	0.11
TTTAGACC	0.11
GTTAGACC	0.1
TGTAGACC	0.1
TCTAGACC	0.09
TATAGACC	0.1
TTGAGACC	0.1
GTGAGACC	0.09
TGGAGACC	0.11
TCGAGACC	0.1
TAGAGACC	0.1
TTCAGACC	0.1
GTCAGACC	0.11
TGCAGACC	0.1
TCCAGACC	0.11
TACAGACC	0.1
TTAAGACC	0.1
GTAAGACC	0.09
TGAAGACC	0.1
TCAAGACC	0.09
TAAAGACC	0.1
TTTTCACC	0.11
GTTTCACC	0.1
TGTTCACC	0.1
GGTTCACC	0.09
TCTTCACC	0.09
TATTCACC	0.11
TTGTCACC	0.1
GTGTCACC	0.11
TGGTCACC	0.11
TCGTCACC	0.09
TAGTCACC	0.11
TTCTCACC	0.1
GTCTCACC	0.11
TGCTCACC	0.1
TCCTCACC	0.1
TACTCACC	0.1
TTATCACC	0.1
GTATCACC	0.08
TGATCACC	0.09
TCATCACC	0.1
TAATCACC	0.12
TTTGCACC	0.1
GTTGCACC	0.1
TGTGCACC	0.09
TCTGCACC	0.11
TATGCACC	0.11
TTGGCACC	0.1
GTGGCACC	0.09
TGGGCACC	0.11
TCGGCACC	0.11
TAGGCACC	0.11
TTCGCACC	0.12
GTCGCACC	0.1
TGCGCACC	0.09
TCCGCACC	0.11
TACGCACC	0.1
TTAGCACC	0.11
GTAGCACC	0.1
TGAGCACC	0.1
TCAGCACC	0.1
TAAGCACC	0.1
TTTCCACC	0.11
GTTCCACC	0.1
TGTCCACC	0.1
TCTCCACC	0.09
TATCCACC	0.11
TTGCCACC	0.1
GTGCCACC	0.09
TGGCCACC	0.08
TCGCCACC	0.11
TAGCCACC	0.1
TTCCCACC	0.11
GTCCCACC	0.1
TGCCCACC	0.1
TCCCCACC	0.11
TACCCACC	0.11
TTACCACC	0.11
GTACCACC	0.09
TGACCACC	0.09
TCACCACC	0.1
TAACCACC	0.11
TTTACACC	0.11
GTTACACC	0.09
TGTACACC	0.09
TCTACACC	0.1
TATACACC	0.11
TTGACACC	0.09
GTGACACC	0.11
TGGACACC	0.1
TCGACACC	0.09
TAGACACC	0.1
TTCACACC	0.11
GTCACACC	0.11
TGCACACC	0.08
TCCACACC	0.12
TACACACC	0.11
TTAACACC	0.1
GTAACACC	0.11
TGAACACC	0.1
TCAACACC	0.1
TAAACACC	0.1
TTTTAACC	0.1
GTTTAACC	0.13
TGTTAACC	0.11
TCTTAACC	0.1
TATTAACC	0.11
TTGTAACC	0.12
GTGTAACC	0.1
TGGTAACC	0.1
TCGTAACC	0.11
TAGTAACC	0.11
TTCTAACC	0.08
GTCTAACC	0.1
TGCTAACC	0.1
TCCTAACC	0.1
TACTAACC	0.12
TTATAACC	0.1
GTATAACC	0.1
TGATAACC	0.1
TCATAACC	0.12
TAATAACC	0.13
TTTGAACC	0.11
GTTGAACC	0.09
TGTGAACC	0.09
TCTGAACC	0.11
TATGAACC	0.11
TTGGAACC	0.11
GTGGAACC	0.11
TGGGAACC	0.1
TCGGAACC	0.11
TAGGAACC	0.11
TTCGAACC	0.09
GTCGAACC	0.09
TGCGAACC	0.1
TCCGAACC	0.1
TACGAACC	0.1
TTAGAACC	0.1
GTAGAACC	0.11
TGAGAACC	0.11
TCAGAACC	0.1
TAAGAACC	0.11
TTTCAACC	0.09
GTTCAACC	0.1
TGTCAACC	0.1
TCTCAACC	0.1
TATCAACC	0.1
TTGCAACC	0.1
GTGCAACC	0.1
TGGCAACC	0.1
TCGCAACC	0.12
TAGCAACC	0.09
TTCCAACC	0.11
GTCCAACC	0.1
TGCCAACC	0.11
TCCCAACC	0.11
TACCAACC	0.11
TTACAACC	0.11
GTACAACC	0.11
TGACAACC	0.09
TCACAACC	0.11
TAACAACC	0.11
TTTAAACC	0.12
GTTAAACC	0.11
TGTAAACC	0.1
TCTAAACC	0.11
TATAAACC	0.1
TTGAAACC	0.12
GTGAAACC	0.11
TGGAAACC	0.12
TCGAAACC	0.1
TAGAAACC	0.11
TTCAAACC	0.1
GTCAAACC	0.09
TGCAAACC	0.11
TCCAAACC	0.11
TACAAACC	0.12
TTAAAACC	0.11
GTAAAACC	0.1
TGAAAACC	0.11
TCAAAACC	0.1
TAAAAACC	0.11
TTTTTTAC	0.12
GTTTTTAC	0.11
TGTTTTAC	0.1
TCTTTTAC	0.11
TATTTTAC	0.11
TTGTTTAC	0.11
GTGTTTAC	0.09
TGGTTTAC	0.12
TCGTTTAC	0.11
TAGTTTAC	0.1
TTCTTTAC	0.11
GTCTTTAC	0.11
TGCTTTAC	0.11
TCCTTTAC	0.12
TACTTTAC	0.09
TTATTTAC	0.11
GTATTTAC	0.1
TGATTTAC	0.12
TCATTTAC	0.11
TAATTTAC	0.11
TTTGTTAC	0.12
GTTGTTAC	0.11
TGTGTTAC	0.12
TCTGTTAC	0.12
TATGTTAC	0.1
TTGGTTAC	0.1
GTGGTTAC	0.09
TGGGTTAC	0.12
TCGGTTAC	0.11
TAGGTTAC	0.12
TTCGTTAC	0.09
GTCGTTAC	0.11
TGCGTTAC	0.1
TCCGTTAC	0.13
TACGTTAC	0.1
TTAGTTAC	0.12
GTAGTTAC	0.09
TGAGTTAC	0.08
TCAGTTAC	0.09
TAAGTTAC	0.11
TTTCTTAC	0.12
GTTCTTAC	0.1
TGTCTTAC	0.09
TCTCTTAC	0.12
TATCTTAC	0.12
TTGCTTAC	0.11
GTGCTTAC	0.1
TGGCTTAC	0.11
TCGCTTAC	0.11
TAGCTTAC	0.09
TTCCTTAC	0.13
GTCCTTAC	0.11
TGCCTTAC	0.1
TCCCTTAC	0.11
TACCTTAC	0.12
TTACTTAC	0.12
GTACTTAC	0.09
TGACTTAC	0.09
TCACTTAC	0.12
TAACTTAC	0.1
TTTATTAC	0.11
GTTATTAC	0.1
TGTATTAC	0.11
TCTATTAC	0.12
TATATTAC	0.1
TTGATTAC	0.1
GTGATTAC	0.1
TGGATTAC	0.1
TCGATTAC	0.11
TAGATTAC	0.1
TTCATTAC	0.09
GTCATTAC	0.11
TGCATTAC	0.1
TCCATTAC	0.11
TACATTAC	0.09
TTAATTAC	0.12
TGAATTAC	0.11
TCAATTAC	0.11
TAAATTAC	0.13
TTTTGTAC	0.11
GTTTGTAC	0.1
TGTTGTAC	0.11
TCTTGTAC	0.1
TATTGTAC	0.1
TTGTGTAC	0.1
GTGTGTAC	0.1
TGGTGTAC	0.09
TCGTGTAC	0.09
TAGTGTAC	0.1
TTCTGTAC	0.1
GTCTGTAC	0.09
TGCTGTAC	0.09
TCCTGTAC	0.12
TACTGTAC	0.1
TTATGTAC	0.09
GTATGTAC	0.1
TGATGTAC	0.1
TCATGTAC	0.1
TAATGTAC	0.11
TTTGGTAC	0.1
GTTGGTAC	0.1
TGTGGTAC	0.11
TCTGGTAC	0.1
TATGGTAC	0.09
TTGGGTAC	0.1
GTGGGTAC	0.11
TGGGGTAC	0.1
TCGGGTAC	0.1
TAGGGTAC	0.11
TTCGGTAC	0.11
GTCGGTAC	0.11
TGCGGTAC	0.09
TCCGGTAC	0.33
TACGGTAC	0.1
TTAGGTAC	0.1
GTAGGTAC	0.1
TGAGGTAC	0.09
TCAGGTAC	0.1
TAAGGTAC	0.1
TTTCGTAC	0.1
GTTCGTAC	0.11
TGTCGTAC	0.12
TCTCGTAC	0.11
TATCGTAC	0.09
TTGCGTAC	0.1
GTGCGTAC	0.1
TGGCGTAC	0.09
TCGCGTAC	0.09
TAGCGTAC	0.1
TTCCGTAC	0.16
GTCCGTAC	0.1
TGCCGTAC	0.1
TCCCGTAC	0.11
TACCGTAC	0.09
TTACGTAC	0.09
TGACGTAC	0.09
TCACGTAC	0.11
TAACGTAC	0.1
TTTAGTAC	0.11
GTTAGTAC	0.12
TGTAGTAC	0.09
TCTAGTAC	0.1
TATAGTAC	0.1
TTGAGTAC	0.1
GTGAGTAC	0.09
TGGAGTAC	0.1
TCGAGTAC	0.1
TAGAGTAC	0.1
TTCAGTAC	0.12
GTCAGTAC	0.09
TGCAGTAC	0.11
TCCAGTAC	0.1
TACAGTAC	0.09
TTAAGTAC	0.1
TGAAGTAC	0.11
TCAAGTAC	0.1
TAAAGTAC	0.1
TTTTCTAC	0.13
GTTTCTAC	0.11
TGTTCTAC	0.1
TCTTCTAC	0.09
TATTCTAC	0.12
TTGTCTAC	0.1
GTGTCTAC	0.1
TGGTCTAC	0.1
TCGTCTAC	0.09
TAGTCTAC	0.09
TTCTCTAC	0.11
GTCTCTAC	0.1
TGCTCTAC	0.1
TCCTCTAC	0.12
TACTCTAC	0.11
TTATCTAC	0.1
GTATCTAC	0.09
TGATCTAC	0.1
TCATCTAC	0.11
TAATCTAC	0.11
TTTGCTAC	0.1
GTTGCTAC	0.1
TGTGCTAC	0.1
TCTGCTAC	0.09
TATGCTAC	0.1
TTGGCTAC	0.1
GTGGCTAC	0.09
TGGGCTAC	0.1
TCGGCTAC	0.1
TAGGCTAC	0.1
TTCGCTAC	0.09
GTCGCTAC	0.09
TGCGCTAC	0.1
TCCGCTAC	0.19
TACGCTAC	0.09
TTAGCTAC	0.09
TGAGCTAC	0.1
TCAGCTAC	0.09
TAAGCTAC	0.09
TTTCCTAC	0.18
GTTCCTAC	0.1
TGTCCTAC	0.11
TCTCCTAC	0.11
TATCCTAC	0.11
TTGCCTAC	0.1
GTGCCTAC	0.11
TGGCCTAC	0.1
TCGCCTAC	0.09
TAGCCTAC	0.1
TTCCCTAC	0.14
GTCCCTAC	0.09
TGCCCTAC	0.1
TCCCCTAC	0.12
TACCCTAC	0.09
TTACCTAC	0.1
TGACCTAC	0.11
TCACCTAC	0.1
TAACCTAC	0.1
TTTACTAC	0.11
GTTACTAC	0.11
TGTACTAC	0.1
TCTACTAC	0.11
TATACTAC	0.1
TTGACTAC	0.1
GTGACTAC	0.09
TGGACTAC	0.11
TCGACTAC	0.1
TAGACTAC	0.1
TTCACTAC	0.11
GTCACTAC	0.09
TGCACTAC	0.1
TCCACTAC	0.1
TACACTAC	0.11
TTAACTAC	0.11
TGAACTAC	0.11
TCAACTAC	0.12
TAAACTAC	0.11
TTTTATAC	0.13
GTTTATAC	0.1
TGTTATAC	0.11
TCTTATAC	0.1
TATTATAC	0.12
TTGTATAC	0.11
GTGTATAC	0.1
TGGTATAC	0.09
TCGTATAC	0.11
TAGTATAC	0.1
TTCTATAC	0.1
GTCTATAC	0.09
TGCTATAC	0.11
TCCTATAC	0.12
TACTATAC	0.12
TTATATAC	0.1
TGATATAC	0.11
TCATATAC	0.12
TAATATAC	0.11
TTTGATAC	0.12
GTTGATAC	0.11
TGTGATAC	0.09
TCTGATAC	0.11
TATGATAC	0.11
TTGGATAC	0.12
GTGGATAC	0.11
TGGGATAC	0.12
TCGGATAC	0.14
TAGGATAC	0.13
TTCGATAC	0.11
GTCGATAC	0.09
TGCGATAC	0.1
TCCGATAC	0.11
TACGATAC	0.1
TTAGATAC	0.12
TGAGATAC	0.11
TCAGATAC	0.1
TAAGATAC	0.12
TTTCATAC	0.12
GTTCATAC	0.11
TGTCATAC	0.1
TCTCATAC	0.11
TATCATAC	0.12
TTGCATAC	0.11
GTGCATAC	0.1
TGGCATAC	0.1
TCGCATAC	0.09
TAGCATAC	0.1
TTCCATAC	0.12
GTCCATAC	0.1
TGCCATAC	0.1
TCCCATAC	0.1
TACCATAC	0.1
TTACATAC	0.12
TGACATAC	0.11
TCACATAC	0.11
TAACATAC	0.1
TTTAATAC	0.13
GTTAATAC	0.11
TGTAATAC	0.11
TCTAATAC	0.12
TATAATAC	0.11
TTGAATAC	0.11
GTGAATAC	0.11
TGGAATAC	0.1
TCGAATAC	0.1
TAGAATAC	0.11
TTCAATAC	0.13
GTCAATAC	0.09
TGCAATAC	0.1
TCCAATAC	0.11
TACAATAC	0.1
TTAAATAC	0.13
TGAAATAC	0.11
TCAAATAC	0.1
TAAAATAC	0.12
TTTTTGAC	0.12
GTTTTGAC	0.1
TGTTTGAC	0.1
TCTTTGAC	0.11
TATTTGAC	0.12
TTGTTGAC	0.12
GTGTTGAC	0.1
TGGTTGAC	0.11
TCGTTGAC	0.1
TAGTTGAC	0.12
TTCTTGAC	0.1
GTCTTGAC	0.09
TGCTTGAC	0.1
TCCTTGAC	0.09
TACTTGAC	0.09
TTATTGAC	0.09
TGATTGAC	0.09
TCATTGAC	0.09
TAATTGAC	0.11
TTTGTGAC	0.11
GTTGTGAC	0.11
TGTGTGAC	0.1
TCTGTGAC	0.11
TATGTGAC	0.09
TTGGTGAC	0.09
GTGGTGAC	0.1
TGGGTGAC	0.11
TCGGTGAC	0.11
TAGGTGAC	0.09
TTCGTGAC	0.09
GTCGTGAC	0.1
TGCGTGAC	0.1
TCCGTGAC	0.13
TACGTGAC	0.09
TTAGTGAC	0.12
TGAGTGAC	0.12
TCAGTGAC	0.1
TAAGTGAC	0.11
TTTCTGAC	0.11
GTTCTGAC	0.09
TGTCTGAC	0.1
TCTCTGAC	0.08
TATCTGAC	0.1
TTGCTGAC	0.1
GTGCTGAC	0.09
TGGCTGAC	0.09
TCGCTGAC	0.1
TAGCTGAC	0.09
TTCCTGAC	0.15
GTCCTGAC	0.09
TGCCTGAC	0.1
TCCCTGAC	0.09
TACCTGAC	0.11
TTACTGAC	0.1
TGACTGAC	0.1
TCACTGAC	0.1
TAACTGAC	0.1
TTTATGAC	0.12
GTTATGAC	0.12
TGTATGAC	0.1
TCTATGAC	0.1
TATATGAC	0.13
TTGATGAC	0.11
GTGATGAC	0.09
TGGATGAC	0.09
TCGATGAC	0.09
TAGATGAC	0.1
TTCATGAC	0.1
TGCATGAC	0.1
TCCATGAC	0.1
TACATGAC	0.1
TTAATGAC	0.12
TGAATGAC	0.11
TCAATGAC	0.11
TAAATGAC	0.1
TTTTGGAC	0.11
GTTTGGAC	0.11
TGTTGGAC	0.09
TCTTGGAC	0.1
TATTGGAC	0.11
TTGTGGAC	0.1
GTGTGGAC	0.1
TGGTGGAC	0.1
TCGTGGAC	0.09
TAGTGGAC	0.1
TTCTGGAC	0.1
GTCTGGAC	0.08
TGCTGGAC	0.11
TCCTGGAC	0.11
TACTGGAC	0.09
TTATGGAC	0.1
TGATGGAC	0.11
TCATGGAC	0.09
TAATGGAC	0.1
TTTGGGAC	0.1
GTTGGGAC	0.1
TGTGGGAC	0.11
TCTGGGAC	0.08
TATGGGAC	0.09
TTGGGGAC	0.09
GTGGGGAC	0.09
TGGGGGAC	0.1
TCGGGGAC	0.1
TAGGGGAC	0.1
TTCGGGAC	0.11
GTCGGGAC	0.1
TGCGGGAC	0.11
TCCGGGAC	0.13
TACGGGAC	0.1
TTAGGGAC	0.1
TGAGGGAC	0.1
TCAGGGAC	0.09
TAAGGGAC	0.11
TTTCGGAC	0.11
GTTCGGAC	0.09
TGTCGGAC	0.11
TCTCGGAC	0.11
TATCGGAC	0.11
TTGCGGAC	0.11
GTGCGGAC	0.1
TGGCGGAC	0.11
TCGCGGAC	0.11
TAGCGGAC	0.14
TTCCGGAC	0.39
TGCCGGAC	0.14
TCCCGGAC	0.14
TACCGGAC	0.2
TTACGGAC	0.1
TGACGGAC	0.11
TCACGGAC	0.1
TAACGGAC	0.12
TTTAGGAC	0.1
GTTAGGAC	0.1
TGTAGGAC	0.09
TCTAGGAC	0.1
TATAGGAC	0.1
TTGAGGAC	0.11
GTGAGGAC	0.1
TGGAGGAC	0.1
TCGAGGAC	0.1
TAGAGGAC	0.1
TTCAGGAC	0.1
TGCAGGAC	0.09
TCCAGGAC	0.1
TACAGGAC	0.12
TTAAGGAC	0.13
TGAAGGAC	0.1
TCAAGGAC	0.1
TAAAGGAC	0.1
TTTTCGAC	0.12
GTTTCGAC	0.1
TGTTCGAC	0.1
TCTTCGAC	0.12
TATTCGAC	0.13
TTGTCGAC	0.09
GTGTCGAC	0.1
TGGTCGAC	0.09
TCGTCGAC	0.1
TAGTCGAC	0.1
TTCTCGAC	0.11
GTCTCGAC	0.09
TGCTCGAC	0.07
TCCTCGAC	0.08
TACTCGAC	0.1
TTATCGAC	0.1
TGATCGAC	0.1
TCATCGAC	0.1
TAATCGAC	0.09
TTTGCGAC	0.1
GTTGCGAC	0.1
TGTGCGAC	0.1
TCTGCGAC	0.1
TATGCGAC	0.09
TTGGCGAC	0.1
GTGGCGAC	0.1
TGGGCGAC	0.09
TCGGCGAC	0.11
TAGGCGAC	0.1
TTCGCGAC	0.11
TGCGCGAC	0.09
TCCGCGAC	0.11
TACGCGAC	0.09
TTAGCGAC	0.1
TGAGCGAC	0.1
TCAGCGAC	0.08
TAAGCGAC	0.1
TTTCCGAC	0.19
GTTCCGAC	0.11
TGTCCGAC	0.11
TCTCCGAC	0.1
TATCCGAC	0.13
TTGCCGAC	0.09
GTGCCGAC	0.09
TGGCCGAC	0.09
TCGCCGAC	0.1
TAGCCGAC	0.1
TTCCCGAC	0.12
TGCCCGAC	0.11
TCCCCGAC	0.1
TACCCGAC	0.09
TTACCGAC	0.1
TGACCGAC	0.1
TCACCGAC	0.1
TAACCGAC	0.1
TTTACGAC	0.12
GTTACGAC	0.11
TGTACGAC	0.09
TCTACGAC	0.1
TATACGAC	0.11
TTGACGAC	0.11
GTGACGAC	0.09
TGGACGAC	0.1
TCGACGAC	0.09
TAGACGAC	0.1
TTCACGAC	0.1
TGCACGAC	0.11
TCCACGAC	0.09
TACACGAC	0.09
TTAACGAC	0.11
TGAACGAC	0.1
TCAACGAC	0.11
TAAACGAC	0.12
TTTTAGAC	0.12
GTTTAGAC	0.1
TGTTAGAC	0.1
TCTTAGAC	0.1
TATTAGAC	0.1
TTGTAGAC	0.1
GTGTAGAC	0.09
TGGTAGAC	0.09
TCGTAGAC	0.08
TAGTAGAC	0.11
TTCTAGAC	0.11
TGCTAGAC	0.1
TCCTAGAC	0.11
TACTAGAC	0.1
TTATAGAC	0.11
TGATAGAC	0.1
TCATAGAC	0.11
TAATAGAC	0.1
TTTGAGAC	0.11
GTTGAGAC	0.09
TGTGAGAC	0.09
TCTGAGAC	0.1
TATGAGAC	0.1
TTGGAGAC	0.11
GTGGAGAC	0.11
TGGGAGAC	0.1
TCGGAGAC	0.1
TAGGAGAC	0.11
TTCGAGAC	0.1
TGCGAGAC	0.09
TCCGAGAC	0.11
TACGAGAC	0.1
TTAGAGAC	0.1
TGAGAGAC	0.09
TCAGAGAC	0.1
TAAGAGAC	0.12
TTTCAGAC	0.1
GTTCAGAC	0.09
TGTCAGAC	0.1
TCTCAGAC	0.1
TATCAGAC	0.12
TTGCAGAC	0.09
GTGCAGAC	0.09
TGGCAGAC	0.09
TCGCAGAC	0.09
TAGCAGAC	0.11
TTCCAGAC	0.1
TGCCAGAC	0.1
TCCCAGAC	0.11
TACCAGAC	0.09
TTACAGAC	0.1
TGACAGAC	0.1
TCACAGAC	0.1
TAACAGAC	0.11
TTTAAGAC	0.1
GTTAAGAC	0.09
TGTAAGAC	0.09
TCTAAGAC	0.1
TATAAGAC	0.11
TTGAAGAC	0.1
GTGAAGAC	0.09
TGGAAGAC	0.11
TCGAAGAC	0.1
TAGAAGAC	0.1
TTCAAGAC	0.11
TGCAAGAC	0.09
TCCAAGAC	0.1
TACAAGAC	0.12
TTAAAGAC	0.11
TGAAAGAC	0.1
TCAAAGAC	0.1
TAAAAGAC	0.11
TTTTTCAC	0.13
GTTTTCAC	0.11
TGTTTCAC	0.12
TCTTTCAC	0.13
TATTTCAC	0.11
TTGTTCAC	0.1
GTGTTCAC	0.09
TGGTTCAC	0.11
TCGTTCAC	0.1
TAGTTCAC	0.12
TTCTTCAC	0.12
TGCTTCAC	0.11
TCCTTCAC	0.1
TACTTCAC	0.1
TTATTCAC	0.11
TGATTCAC	0.1
TCATTCAC	0.11
TAATTCAC	0.1
TTTGTCAC	0.1
GTTGTCAC	0.1
TGTGTCAC	0.1
TCTGTCAC	0.1
TATGTCAC	0.11
TTGGTCAC	0.12
GTGGTCAC	0.09
TGGGTCAC	0.09
TCGGTCAC	0.09
TAGGTCAC	0.1
TTCGTCAC	0.11
TGCGTCAC	0.11
TCCGTCAC	0.13
TACGTCAC	0.1
TTAGTCAC	0.1
TGAGTCAC	0.1
TCAGTCAC	0.09
TAAGTCAC	0.09
TTTCTCAC	0.11
GTTCTCAC	0.09
TGTCTCAC	0.1
TCTCTCAC	0.11
TATCTCAC	0.11
TTGCTCAC	0.11
GTGCTCAC	0.09
TGGCTCAC	0.08
TCGCTCAC	0.1
TAGCTCAC	0.09
TTCCTCAC	0.13
TGCCTCAC	0.1
TCCCTCAC	0.11
TACCTCAC	0.11
TTACTCAC	0.11
TGACTCAC	0.09
TCACTCAC	0.1
TAACTCAC	0.1
TTTATCAC	0.1
GTTATCAC	0.1
TGTATCAC	0.09
TCTATCAC	0.11
TATATCAC	0.09
TTGATCAC	0.09
TGGATCAC	0.09
TCGATCAC	0.11
TAGATCAC	0.11
TTCATCAC	0.11
TGCATCAC	0.11
TCCATCAC	0.11
TACATCAC	0.1
TTAATCAC	0.12
TGAATCAC	0.1
TCAATCAC	0.12
TAAATCAC	0.12
TTTTGCAC	0.11
GTTTGCAC	0.09
TGTTGCAC	0.1
TCTTGCAC	0.09
TATTGCAC	0.1
TTGTGCAC	0.11
GTGTGCAC	0.08
TGGTGCAC	0.1
TCGTGCAC	0.09
TAGTGCAC	0.09
TTCTGCAC	0.11
TGCTGCAC	0.09
TCCTGCAC	0.12
TACTGCAC	0.11
TTATGCAC	0.1
TGATGCAC	0.09
TCATGCAC	0.1
TAATGCAC	0.11
TTTGGCAC	0.1
GTTGGCAC	0.1
TGTGGCAC	0.09
TCTGGCAC	0.09
TATGGCAC	0.1
TTGGGCAC	0.1
GTGGGCAC	0.09
TGGGGCAC	0.1
TCGGGCAC	0.09
TAGGGCAC	0.09
TTCGGCAC	0.12
TGCGGCAC	0.1
TCCGGCAC	0.18
TACGGCAC	0.1
TTAGGCAC	0.1
TGAGGCAC	0.09
TCAGGCAC	0.09
TAAGGCAC	0.1
TTTCGCAC	0.11
GTTCGCAC	0.1
TGTCGCAC	0.1
TCTCGCAC	0.11
TATCGCAC	0.1
TTGCGCAC	0.09
TGGCGCAC	0.1
TCGCGCAC	0.1
TAGCGCAC	0.08
TTCCGCAC	0.2
TGCCGCAC	0.09
TCCCGCAC	0.12
TACCGCAC	0.1
TTACGCAC	0.09
TGACGCAC	0.1
TCACGCAC	0.1
TAACGCAC	0.11
TTTAGCAC	0.11
GTTAGCAC	0.11
TGTAGCAC	0.1
TCTAGCAC	0.12
TATAGCAC	0.11
TTGAGCAC	0.1
TGGAGCAC	0.09
TCGAGCAC	0.09
TAGAGCAC	0.1
TTCAGCAC	0.11
TGCAGCAC	0.09
TCCAGCAC	0.1
TACAGCAC	0.09
TTAAGCAC	0.11
TGAAGCAC	0.1
TCAAGCAC	0.11
TAAAGCAC	0.1
TTTTCCAC	0.12
GTTTCCAC	0.14
TGTTCCAC	0.11
TCTTCCAC	0.12
TATTCCAC	0.1
TTGTCCAC	0.11
GTGTCCAC	0.1
TGGTCCAC	0.1
TCGTCCAC	0.1
TAGTCCAC	0.11
TTCTCCAC	0.11
TGCTCCAC	0.08
TCCTCCAC	0.11
TACTCCAC	0.1
TTATCCAC	0.11
TGATCCAC	0.1
TCATCCAC	0.08
TAATCCAC	0.1
TTTGCCAC	0.1
GTTGCCAC	0.09
TGTGCCAC	0.09
TCTGCCAC	0.1
TATGCCAC	0.1
TTGGCCAC	0.1
TGGGCCAC	0.1
TCGGCCAC	0.09
TAGGCCAC	0.09
TTCGCCAC	0.12
TGCGCCAC	0.08
TCCGCCAC	0.13
TACGCCAC	0.11
TTAGCCAC	0.1
TGAGCCAC	0.1
TCAGCCAC	0.09
TAAGCCAC	0.11
TTTCCCAC	0.12
GTTCCCAC	0.08
TGTCCCAC	0.11
TCTCCCAC	0.09
TATCCCAC	0.12
TTGCCCAC	0.1
TGGCCCAC	0.1
TCGCCCAC	0.1
TAGCCCAC	0.1
TTCCCCAC	0.12
TGCCCCAC	0.09
TCCCCCAC	0.13
TACCCCAC	0.12
TTACCCAC	0.11
TGACCCAC	0.1
TCACCCAC	0.12
TAACCCAC	0.1
TTTACCAC	0.11
GTTACCAC	0.1
TGTACCAC	0.1
TCTACCAC	0.09
TATACCAC	0.1
TTGACCAC	0.09
TGGACCAC	0.09
TCGACCAC	0.1
TAGACCAC	0.1
TTCACCAC	0.09
TGCACCAC	0.1
TCCACCAC	0.11
TACACCAC	0.1
TTAACCAC	0.11
TGAACCAC	0.1
TCAACCAC	0.09
TAAACCAC	0.12
TTTTACAC	0.13
GTTTACAC	0.12
TGTTACAC	0.09
TCTTACAC	0.1
TATTACAC	0.1
TTGTACAC	0.12
TGGTACAC	0.09
TCGTACAC	0.1
TAGTACAC	0.1
TTCTACAC	0.12
TGCTACAC	0.09
TCCTACAC	0.11
TACTACAC	0.11
TTATACAC	0.1
TGATACAC	0.1
TCATACAC	0.1
TAATACAC	0.11
TTTGACAC	0.1
GTTGACAC	0.09
TGTGACAC	0.11
TCTGACAC	0.11
TATGACAC	0.11
TTGGACAC	0.1
TGGGACAC	0.11
TCGGACAC	0.12
TAGGACAC	0.11
TTCGACAC	0.1
TGCGACAC	0.1
TCCGACAC	0.1
TACGACAC	0.11
TTAGACAC	0.1
TGAGACAC	0.1
TCAGACAC	0.09
TAAGACAC	0.1
TTTCACAC	0.1
GTTCACAC	0.1
TGTCACAC	0.09
TCTCACAC	0.11
TATCACAC	0.1
TTGCACAC	0.1
TGGCACAC	0.1
TCGCACAC	0.1
TAGCACAC	0.1
TTCCACAC	0.12
TGCCACAC	0.09
TCCCACAC	0.1
TACCACAC	0.11
TTACACAC	0.11
TGACACAC	0.1
TCACACAC	0.1
TAACACAC	0.11
TTTAACAC	0.11
GTTAACAC	0.09
TGTAACAC	0.1
TCTAACAC	0.11
TATAACAC	0.1
TTGAACAC	0.11
TGGAACAC	0.11
TCGAACAC	0.11
TAGAACAC	0.1
TTCAACAC	0.11
TGCAACAC	0.1
TCCAACAC	0.09
TACAACAC	0.1
TTAAACAC	0.12
TGAAACAC	0.11
TCAAACAC	0.11
TAAAACAC	0.11
TTTTTAAC	0.12
GTTTTAAC	0.12
TGTTTAAC	0.11
TCTTTAAC	0.12
TATTTAAC	0.13
TTGTTAAC	0.1
TGGTTAAC	0.09
TCGTTAAC	0.12
TAGTTAAC	0.11
TTCTTAAC	0.11
TGCTTAAC	0.11
TCCTTAAC	0.11
TACTTAAC	0.11
TTATTAAC	0.12
TGATTAAC	0.11
TCATTAAC	0.1
TAATTAAC	0.11
TTTGTAAC	0.12
GTTGTAAC	0.12
TGTGTAAC	0.09
TCTGTAAC	0.1
TATGTAAC	0.1
TTGGTAAC	0.11
TGGGTAAC	0.11
TCGGTAAC	0.1
TAGGTAAC	0.12
TTCGTAAC	0.1
TGCGTAAC	0.09
TCCGTAAC	0.11
TACGTAAC	0.11
TTAGTAAC	0.1
TGAGTAAC	0.12
TCAGTAAC	0.11
TAAGTAAC	0.11
TTTCTAAC	0.1
GTTCTAAC	0.09
TGTCTAAC	0.1
TCTCTAAC	0.1
TATCTAAC	0.13
TTGCTAAC	0.11
TGGCTAAC	0.1
TCGCTAAC	0.09
TAGCTAAC	0.09
TTCCTAAC	0.13
TGCCTAAC	0.1
TCCCTAAC	0.11
TACCTAAC	0.11
TTACTAAC	0.1
TGACTAAC	0.1
TCACTAAC	0.12
TAACTAAC	0.12
TTTATAAC	0.12
TGTATAAC	0.1
TCTATAAC	0.11
TATATAAC	0.09
TTGATAAC	0.1
TGGATAAC	0.11
TCGATAAC	0.09
TAGATAAC	0.1
TTCATAAC	0.1
TGCATAAC	0.1
TCCATAAC	0.11
TACATAAC	0.1
TTAATAAC	0.11
TGAATAAC	0.11
TCAATAAC	0.11
TAAATAAC	0.12
TTTTGAAC	0.11
GTTTGAAC	0.11
TGTTGAAC	0.12
TCTTGAAC	0.1
TATTGAAC	0.11
TTGTGAAC	0.1
TGGTGAAC	0.09
TCGTGAAC	0.1
TAGTGAAC	0.1
TTCTGAAC	0.12
TGCTGAAC	0.09
TCCTGAAC	0.12
TACTGAAC	0.12
TTATGAAC	0.11
TGATGAAC	0.1
TCATGAAC	0.11
TAATGAAC	0.12
TTTGGAAC	0.11
GTTGGAAC	0.11
TGTGGAAC	0.11
TCTGGAAC	0.11
TATGGAAC	0.11
TTGGGAAC	0.11
TGGGGAAC	0.09
TCGGGAAC	0.1
TAGGGAAC	0.1
TTCGGAAC	0.13
TGCGGAAC	0.11
TCCGGAAC	0.34
TACGGAAC	0.13
TTAGGAAC	0.12
TGAGGAAC	0.13
TCAGGAAC	0.11
TAAGGAAC	0.12
TTTCGAAC	0.1
TGTCGAAC	0.1
TCTCGAAC	0.11
TATCGAAC	0.09
TTGCGAAC	0.1
TGGCGAAC	0.11
TCGCGAAC	0.1
TAGCGAAC	0.1
TTCCGAAC	0.14
TGCCGAAC	0.1
TCCCGAAC	0.09
TACCGAAC	0.11
TTACGAAC	0.1
TGACGAAC	0.1
TCACGAAC	0.1
TAACGAAC	0.1
TTTAGAAC	0.12
TGTAGAAC	0.1
TCTAGAAC	0.11
TATAGAAC	0.09
TTGAGAAC	0.11
TGGAGAAC	0.11
TCGAGAAC	0.1
TAGAGAAC	0.1
TTCAGAAC	0.11
TGCAGAAC	0.1
TCCAGAAC	0.12
TACAGAAC	0.11
TTAAGAAC	0.11
TGAAGAAC	0.1
TCAAGAAC	0.12
TAAAGAAC	0.11
TTTTCAAC	0.13
GTTTCAAC	0.1
TGTTCAAC	0.1
TCTTCAAC	0.1
TATTCAAC	0.11
TTGTCAAC	0.12
TGGTCAAC	0.1
TCGTCAAC	0.11
TAGTCAAC	0.1
TTCTCAAC	0.12
TGCTCAAC	0.09
TCCTCAAC	0.12
TACTCAAC	0.1
TTATCAAC	0.11
TGATCAAC	0.11
TCATCAAC	0.11
TAATCAAC	0.11
TTTGCAAC	0.1
TGTGCAAC	0.1
TCTGCAAC	0.1
TATGCAAC	0.1
TTGGCAAC	0.1
TGGGCAAC	0.11
TCGGCAAC	0.1
TAGGCAAC	0.11
TTCGCAAC	0.11
TGCGCAAC	0.09
TCCGCAAC	0.13
TACGCAAC	0.11
TTAGCAAC	0.1
TGAGCAAC	0.11
TCAGCAAC	0.11
TAAGCAAC	0.11
TTTCCAAC	0.1
TGTCCAAC	0.09
TCTCCAAC	0.09
TATCCAAC	0.11
TTGCCAAC	0.11
TGGCCAAC	0.11
TCGCCAAC	0.11
TAGCCAAC	0.12
TTCCCAAC	0.12
TGCCCAAC	0.1
TCCCCAAC	0.1
TACCCAAC	0.09
TTACCAAC	0.12
TGACCAAC	0.11
TCACCAAC	0.1
TAACCAAC	0.1
TTTACAAC	0.1
TGTACAAC	0.11
TCTACAAC	0.11
TATACAAC	0.1
TTGACAAC	0.1
TGGACAAC	0.09
TCGACAAC	0.1
TAGACAAC	0.1
TTCACAAC	0.1
TGCACAAC	0.1
TCCACAAC	0.1
TACACAAC	0.1
TTAACAAC	0.11
TGAACAAC	0.1
TCAACAAC	0.11
TAAACAAC	0.1
TTTTAAAC	0.11
TGTTAAAC	0.11
TCTTAAAC	0.11
TATTAAAC	0.13
TTGTAAAC	0.1
TGGTAAAC	0.1
TCGTAAAC	0.09
TAGTAAAC	0.09
TTCTAAAC	0.1
TGCTAAAC	0.1
TCCTAAAC	0.11
TACTAAAC	0.1
TTATAAAC	0.12
TGATAAAC	0.12
TCATAAAC	0.12
TAATAAAC	0.11
TTTGAAAC	0.13
TGTGAAAC	0.11
TCTGAAAC	0.1
TATGAAAC	0.11
TTGGAAAC	0.1
TGGGAAAC	0.11
TCGGAAAC	0.24
TAGGAAAC	0.19
TTCGAAAC	0.12
TGCGAAAC	0.09
TCCGAAAC	0.13
TACGAAAC	0.11
TTAGAAAC	0.11
TGAGAAAC	0.1
TCAGAAAC	0.11
TAAGAAAC	0.11
TTTCAAAC	0.12
TGTCAAAC	0.11
TCTCAAAC	0.1
TATCAAAC	0.12
TTGCAAAC	0.11
TGGCAAAC	0.11
TCGCAAAC	0.11
TAGCAAAC	0.1
TTCCAAAC	0.11
TGCCAAAC	0.09
TCCCAAAC	0.1
TACCAAAC	0.1
TTACAAAC	0.1
TGACAAAC	0.1
TCACAAAC	0.11
TAACAAAC	0.11
TTTAAAAC	0.12
TGTAAAAC	0.11
TCTAAAAC	0.11
TATAAAAC	0.12
TTGAAAAC	0.14
TGGAAAAC	0.12
TCGAAAAC	0.09
TAGAAAAC	0.11
TTCAAAAC	0.11
TGCAAAAC	0.11
TCCAAAAC	0.12
TACAAAAC	0.11
TTAAAAAC	0.12
TGAAAAAC	0.13
TCAAAAAC	0.11
TAAAAAAC	0.12
TTTTTTTA	0.13
TGTTTTTA	0.11
TCTTTTTA	0.12
TATTTTTA	0.12
TTGTTTTA	0.11
TGGTTTTA	0.1
TCGTTTTA	0.11
TAGTTTTA	0.13
TTCTTTTA	0.12
TGCTTTTA	0.13
TCCTTTTA	0.14
TACTTTTA	0.12
TTATTTTA	0.13
TGATTTTA	0.12
TCATTTTA	0.11
TAATTTTA	0.13
TTTGTTTA	0.12
TGTGTTTA	0.11
TCTGTTTA	0.12
TATGTTTA	0.11
TTGGTTTA	0.12
TGGGTTTA	0.11
TCGGTTTA	0.11
TAGGTTTA	0.1
TTCGTTTA	0.1
TGCGTTTA	0.09
TCCGTTTA	0.15
TACGTTTA	0.1
TTAGTTTA	0.11
TGAGTTTA	0.12
TCAGTTTA	0.11
TAAGTTTA	0.1
TTTCTTTA	0.13
TGTCTTTA	0.11
TCTCTTTA	0.12
TATCTTTA	0.11
TTGCTTTA	0.1
TGGCTTTA	0.11
TCGCTTTA	0.11
TAGCTTTA	0.09
TTCCTTTA	0.18
TGCCTTTA	0.12
TCCCTTTA	0.1
TACCTTTA	0.12
TTACTTTA	0.11
TGACTTTA	0.1
TCACTTTA	0.11
TAACTTTA	0.11
TTTATTTA	0.12
TGTATTTA	0.13
TCTATTTA	0.1
TATATTTA	0.12
TTGATTTA	0.12
TGGATTTA	0.11
TCGATTTA	0.11
TAGATTTA	0.11
TTCATTTA	0.11
TGCATTTA	0.11
TCCATTTA	0.1
TACATTTA	0.11
TTAATTTA	0.11
TGAATTTA	0.11
TCAATTTA	0.12
TTTTGTTA	0.12
TGTTGTTA	0.11
TCTTGTTA	0.13
TATTGTTA	0.12
TTGTGTTA	0.1
TGGTGTTA	0.11
TCGTGTTA	0.1
TAGTGTTA	0.1
TTCTGTTA	0.12
TGCTGTTA	0.1
TCCTGTTA	0.15
TACTGTTA	0.11
TTATGTTA	0.11
TGATGTTA	0.1
TCATGTTA	0.11
TAATGTTA	0.11
TTTGGTTA	0.13
TGTGGTTA	0.11
TCTGGTTA	0.1
TATGGTTA	0.1
TTGGGTTA	0.13
TGGGGTTA	0.09
TCGGGTTA	0.1
TAGGGTTA	0.09
TTCGGTTA	0.13
TGCGGTTA	0.1
TCCGGTTA	0.28
TACGGTTA	0.09
TTAGGTTA	0.12
TGAGGTTA	0.11
TCAGGTTA	0.1
TAAGGTTA	0.11
TTTCGTTA	0.11
TGTCGTTA	0.1
TCTCGTTA	0.11
TATCGTTA	0.12
TTGCGTTA	0.11
TGGCGTTA	0.1
TCGCGTTA	0.09
TAGCGTTA	0.1
TTCCGTTA	0.21
TGCCGTTA	0.08
TCCCGTTA	0.12
TACCGTTA	0.1
TTACGTTA	0.09
TGACGTTA	0.09
TCACGTTA	0.1
TTTAGTTA	0.12
TGTAGTTA	0.11
TCTAGTTA	0.1
TATAGTTA	0.11
TTGAGTTA	0.09
TGGAGTTA	0.1
TCGAGTTA	0.11
TAGAGTTA	0.1
TTCAGTTA	0.1
TGCAGTTA	0.1
TCCAGTTA	0.1
TACAGTTA	0.1
TTAAGTTA	0.12
TGAAGTTA	0.1
TCAAGTTA	0.1
TTTTCTTA	0.14
TGTTCTTA	0.12
TCTTCTTA	0.11
TATTCTTA	0.11
TTGTCTTA	0.09
TGGTCTTA	0.1
TCGTCTTA	0.1
TAGTCTTA	0.09
TTCTCTTA	0.12
TGCTCTTA	0.11
TCCTCTTA	0.13
TACTCTTA	0.1
TTATCTTA	0.1
TGATCTTA	0.1
TCATCTTA	0.12
TAATCTTA	0.1
TTTGCTTA	0.11
TGTGCTTA	0.1
TCTGCTTA	0.1
TATGCTTA	0.1
TTGGCTTA	0.11
TGGGCTTA	0.1
TCGGCTTA	0.11
TAGGCTTA	0.11
TTCGCTTA	0.11
TGCGCTTA	0.09
TCCGCTTA	0.14
TACGCTTA	0.09
TTAGCTTA	0.1
TGAGCTTA	0.09
TCAGCTTA	0.1
TTTCCTTA	0.16
TGTCCTTA	0.11
TCTCCTTA	0.1
TATCCTTA	0.13
TTGCCTTA	0.11
TGGCCTTA	0.09
TCGCCTTA	0.11
TAGCCTTA	0.11
TTCCCTTA	0.13
TGCCCTTA	0.1
TCCCCTTA	0.1
TACCCTTA	0.1
TTACCTTA	0.11
TGACCTTA	0.1
TCACCTTA	0.09
TTTACTTA	0.11
TGTACTTA	0.11
TCTACTTA	0.11
TATACTTA	0.09
TTGACTTA	0.09
TGGACTTA	0.1
TCGACTTA	0.1
TAGACTTA	0.1
TTCACTTA	0.11
TGCACTTA	0.11
TCCACTTA	0.11
TACACTTA	0.1
TTAACTTA	0.12
TGAACTTA	0.11
TCAACTTA	0.1
TTTTATTA	0.14
TGTTATTA	0.09
TCTTATTA	0.11
TATTATTA	0.12
TTGTATTA	0.12
TGGTATTA	0.11
TCGTATTA	0.12
TAGTATTA	0.11
TTCTATTA	0.1
TGCTATTA	0.12
TCCTATTA	0.11
TACTATTA	0.12
TTATATTA	0.12
TGATATTA	0.11
TCATATTA	0.13
TTTGATTA	0.13
TGTGATTA	0.11
TCTGATTA	0.1
TATGATTA	0.11
TTGGATTA	0.1
TGGGATTA	0.11
TCGGATTA	0.1
TAGGATTA	0.11
TTCGATTA	0.12
TGCGATTA	0.1
TCCGATTA	0.12
TACGATTA	0.11
TTAGATTA	0.11
TGAGATTA	0.1
TCAGATTA	0.11
TTTCATTA	0.12
TGTCATTA	0.1
TCTCATTA	0.11
TATCATTA	0.11
TTGCATTA	0.09
TGGCATTA	0.11
TCGCATTA	0.09
TAGCATTA	0.12
TTCCATTA	0.12
TGCCATTA	0.12
TCCCATTA	0.12
TACCATTA	0.1
TTACATTA	0.1
TGACATTA	0.11
TCACATTA	0.11
TTTAATTA	0.11
TGTAATTA	0.11
TCTAATTA	0.12
TATAATTA	0.12
TTGAATTA	0.12
TGGAATTA	0.11
TCGAATTA	0.1
TAGAATTA	0.12
TTCAATTA	0.11
TGCAATTA	0.11
TCCAATTA	0.1
TACAATTA	0.1
TTAAATTA	0.13
TGAAATTA	0.12
TCAAATTA	0.11
TTTTTGTA	0.12
TGTTTGTA	0.1
TCTTTGTA	0.12
TATTTGTA	0.12
TTGTTGTA	0.11
TGGTTGTA	0.12
TCGTTGTA	0.12
TAGTTGTA	0.09
TTCTTGTA	0.11
TGCTTGTA	0.1
TCCTTGTA	0.12
TACTTGTA	0.09
TTATTGTA	0.11
TGATTGTA	0.1
TCATTGTA	0.11
TTTGTGTA	0.11
TGTGTGTA	0.1
TCTGTGTA	0.1
TATGTGTA	0.1
TTGGTGTA	0.11
TGGGTGTA	0.12
TCGGTGTA	0.11
TAGGTGTA	0.1
TTCGTGTA	0.12
TGCGTGTA	0.09
TCCGTGTA	0.13
TACGTGTA	0.09
TTAGTGTA	0.09
TGAGTGTA	0.11
TCAGTGTA	0.1
TTTCTGTA	0.12
TGTCTGTA	0.12
TCTCTGTA	0.09
TATCTGTA	0.1
TTGCTGTA	0.11
TGGCTGTA	0.1
TCGCTGTA	0.08
TAGCTGTA	0.09
TTCCTGTA	0.34
TGCCTGTA	0.11
TCCCTGTA	0.1
TACCTGTA	0.1
TTACTGTA	0.1
TGACTGTA	0.09
TCACTGTA	0.12
TTTATGTA	0.1
TGTATGTA	0.11
TCTATGTA	0.1
TATATGTA	0.09
TTGATGTA	0.11
TGGATGTA	0.12
TCGATGTA	0.1
TAGATGTA	0.11
TTCATGTA	0.09
TGCATGTA	0.1
TCCATGTA	0.11
TTAATGTA	0.11
TGAATGTA	0.12
TCAATGTA	0.11
TTTTGGTA	0.13
TGTTGGTA	0.12
TCTTGGTA	0.12
TATTGGTA	0.1
TTGTGGTA	0.12
TGGTGGTA	0.09
TCGTGGTA	0.1
TAGTGGTA	0.09
TTCTGGTA	0.11
TGCTGGTA	0.1
TCCTGGTA	0.13
TACTGGTA	0.09
TTATGGTA	0.12
TGATGGTA	0.11
TCATGGTA	0.09
TTTGGGTA	0.1
TGTGGGTA	0.12
TCTGGGTA	0.09
TATGGGTA	0.1
TTGGGGTA	0.1
TGGGGGTA	0.1
TCGGGGTA	0.11
TAGGGGTA	0.11
TTCGGGTA	0.11
TGCGGGTA	0.11
TCCGGGTA	0.16
TACGGGTA	0.09
TTAGGGTA	0.11
TGAGGGTA	0.11
TCAGGGTA	0.09
TTTCGGTA	0.12
TGTCGGTA	0.14
TCTCGGTA	0.1
TATCGGTA	0.11
TTGCGGTA	0.11
TGGCGGTA	0.11
TCGCGGTA	0.1
TAGCGGTA	0.1
TTCCGGTA	0.66
TGCCGGTA	0.12
TCCCGGTA	0.15
TTACGGTA	0.11
TGACGGTA	0.11
TCACGGTA	0.11
TTTAGGTA	0.11
TGTAGGTA	0.12
TCTAGGTA	0.11
TATAGGTA	0.1
TTGAGGTA	0.1
TGGAGGTA	0.1
TCGAGGTA	0.09
TAGAGGTA	0.1
TTCAGGTA	0.11
TGCAGGTA	0.1
TCCAGGTA	0.11
TTAAGGTA	0.11
TGAAGGTA	0.09
TCAAGGTA	0.12
TTTTCGTA	0.11
TGTTCGTA	0.11
TCTTCGTA	0.1
TATTCGTA	0.12
TTGTCGTA	0.12
TGGTCGTA	0.11
TCGTCGTA	0.1
TAGTCGTA	0.1
TTCTCGTA	0.11
TGCTCGTA	0.11
TCCTCGTA	0.11
TACTCGTA	0.11
TTATCGTA	0.1
TGATCGTA	0.1
TCATCGTA	0.1
TTTGCGTA	0.09
TGTGCGTA	0.09
TCTGCGTA	0.1
TATGCGTA	0.1
TTGGCGTA	0.1
TGGGCGTA	0.1
TCGGCGTA	0.1
TAGGCGTA	0.1
TTCGCGTA	0.12
TGCGCGTA	0.11
TCCGCGTA	0.12
TTAGCGTA	0.1
TGAGCGTA	0.1
TCAGCGTA	0.1
TTTCCGTA	0.2
TGTCCGTA	0.1
TCTCCGTA	0.1
TATCCGTA	0.15
TTGCCGTA	0.11
TGGCCGTA	0.1
TCGCCGTA	0.1
TAGCCGTA	0.08
TTCCCGTA	0.13
TGCCCGTA	0.1
TCCCCGTA	0.1
TTACCGTA	0.11
TGACCGTA	0.11
TCACCGTA	0.12
TTTACGTA	0.11
TGTACGTA	0.1
TCTACGTA	0.1
TATACGTA	0.1
TTGACGTA	0.1
TGGACGTA	0.09
TCGACGTA	0.1
TAGACGTA	0.1
TTCACGTA	0.1
TGCACGTA	0.09
TCCACGTA	0.12
TTAACGTA	0.09
TGAACGTA	0.09
TCAACGTA	0.09
TTTTAGTA	0.11
TGTTAGTA	0.11
TCTTAGTA	0.11
TATTAGTA	0.13
TTGTAGTA	0.1
TGGTAGTA	0.1
TCGTAGTA	0.1
TAGTAGTA	0.11
TTCTAGTA	0.11
TGCTAGTA	0.1
TCCTAGTA	0.1
TTATAGTA	0.11
TGATAGTA	0.11
TCATAGTA	0.11
TTTGAGTA	0.11
TGTGAGTA	0.1
TCTGAGTA	0.11
TATGAGTA	0.1
TTGGAGTA	0.1
TGGGAGTA	0.13
TCGGAGTA	0.11
TAGGAGTA	0.1
TTCGAGTA	0.09
TGCGAGTA	0.09
TCCGAGTA	0.1
TTAGAGTA	0.11
TGAGAGTA	0.11
TCAGAGTA	0.12
TTTCAGTA	0.11
TGTCAGTA	0.1
TCTCAGTA	0.1
TATCAGTA	0.12
TTGCAGTA	0.11
TGGCAGTA	0.1
TCGCAGTA	0.1
TAGCAGTA	0.09
TTCCAGTA	0.11
TGCCAGTA	0.09
TCCCAGTA	0.12
TTACAGTA	0.1
TGACAGTA	0.09
TCACAGTA	0.1
TTTAAGTA	0.11
TGTAAGTA	0.1
TCTAAGTA	0.09
TATAAGTA	0.1
TTGAAGTA	0.11
TGGAAGTA	0.13
TCGAAGTA	0.11
TAGAAGTA	0.1
TTCAAGTA	0.11
TGCAAGTA	0.09
TCCAAGTA	0.1
TTAAAGTA	0.1
TGAAAGTA	0.11
TCAAAGTA	0.1
TTTTTCTA	0.12
TGTTTCTA	0.11
TCTTTCTA	0.11
TATTTCTA	0.11
TTGTTCTA	0.11
TGGTTCTA	0.11
TCGTTCTA	0.1
TAGTTCTA	0.1
TTCTTCTA	0.13
TGCTTCTA	0.11
TCCTTCTA	0.11
TTATTCTA	0.13
TGATTCTA	0.1
TCATTCTA	0.12
TTTGTCTA	0.11
TGTGTCTA	0.1
TCTGTCTA	0.09
TATGTCTA	0.1
TTGGTCTA	0.13
TGGGTCTA	0.09
TCGGTCTA	0.09
TAGGTCTA	0.1
TTCGTCTA	0.09
TGCGTCTA	0.1
TCCGTCTA	0.14
TTAGTCTA	0.1
TGAGTCTA	0.09
TCAGTCTA	0.1
TTTCTCTA	0.1
TGTCTCTA	0.11
TCTCTCTA	0.11
TATCTCTA	0.11
TTGCTCTA	0.1
TGGCTCTA	0.09
TCGCTCTA	0.1
TAGCTCTA	0.09
TTCCTCTA	0.18
TGCCTCTA	0.11
TCCCTCTA	0.1
TTACTCTA	0.11
TGACTCTA	0.09
TCACTCTA	0.1
TTTATCTA	0.11
TGTATCTA	0.11
TCTATCTA	0.11
TATATCTA	0.11
TTGATCTA	0.1
TGGATCTA	0.1
TCGATCTA	0.09
TTCATCTA	0.1
TGCATCTA	0.1
TCCATCTA	0.11
TTAATCTA	0.12
TGAATCTA	0.11
TCAATCTA	0.11
TTTTGCTA	0.11
TGTTGCTA	0.09
TCTTGCTA	0.1
TATTGCTA	0.1
TTGTGCTA	0.11
TGGTGCTA	0.11
TCGTGCTA	0.1
TAGTGCTA	0.1
TTCTGCTA	0.1
TGCTGCTA	0.09
TCCTGCTA	0.13
TTATGCTA	0.12
TGATGCTA	0.11
TCATGCTA	0.09
TTTGGCTA	0.11
TGTGGCTA	0.09
TCTGGCTA	0.09
TATGGCTA	0.1
TTGGGCTA	0.1
TGGGGCTA	0.1
TCGGGCTA	0.09
TAGGGCTA	0.11
TTCGGCTA	0.09
TGCGGCTA	0.1
TCCGGCTA	0.12
TTAGGCTA	0.09
TGAGGCTA	0.1
TCAGGCTA	0.09
TTTCGCTA	0.1
TGTCGCTA	0.09
TCTCGCTA	0.1
TATCGCTA	0.1
TTGCGCTA	0.1
TGGCGCTA	0.09
TCGCGCTA	0.1
TTCCGCTA	0.26
TGCCGCTA	0.11
TCCCGCTA	0.12
TTACGCTA	0.11
TGACGCTA	0.09
TCACGCTA	0.1
TTTAGCTA	0.11
TGTAGCTA	0.1
TCTAGCTA	0.1
TATAGCTA	0.09
TTGAGCTA	0.11
TGGAGCTA	0.11
TCGAGCTA	0.1
TTCAGCTA	0.11
TGCAGCTA	0.08
TCCAGCTA	0.1
TTAAGCTA	0.1
TGAAGCTA	0.1
TCAAGCTA	0.09
TTTTCCTA	0.14
TGTTCCTA	0.11
TCTTCCTA	0.13
TATTCCTA	0.11
TTGTCCTA	0.12
TGGTCCTA	0.08
TCGTCCTA	0.1
TAGTCCTA	0.1
TTCTCCTA	0.1
TGCTCCTA	0.09
TCCTCCTA	0.13
TTATCCTA	0.11
TGATCCTA	0.1
TCATCCTA	0.12
TTTGCCTA	0.1
TGTGCCTA	0.11
TCTGCCTA	0.09
TATGCCTA	0.1
TTGGCCTA	0.1
TGGGCCTA	0.1
TCGGCCTA	0.09
TTCGCCTA	0.1
TGCGCCTA	0.1
TCCGCCTA	0.16
TTAGCCTA	0.09
TGAGCCTA	0.09
TCAGCCTA	0.09
TTTCCCTA	0.13
TGTCCCTA	0.1
TCTCCCTA	0.1
TATCCCTA	0.09
TTGCCCTA	0.11
TGGCCCTA	0.09
TCGCCCTA	0.1
TTCCCCTA	0.15
TGCCCCTA	0.09
TCCCCCTA	0.1
TTACCCTA	0.12
TGACCCTA	0.09
TCACCCTA	0.11
TTTACCTA	0.1
TGTACCTA	0.09
TCTACCTA	0.1
TATACCTA	0.1
TTGACCTA	0.11
TGGACCTA	0.1
TCGACCTA	0.09
TTCACCTA	0.11
TGCACCTA	0.1
TCCACCTA	0.1
TTAACCTA	0.11
TGAACCTA	0.1
TCAACCTA	0.1
TTTTACTA	0.12
TGTTACTA	0.12
TCTTACTA	0.1
TATTACTA	0.09
TTGTACTA	0.1
TGGTACTA	0.09
TCGTACTA	0.09
TTCTACTA	0.1
TGCTACTA	0.1
TCCTACTA	0.1
TTATACTA	0.11
TGATACTA	0.1
TCATACTA	0.1
TTTGACTA	0.09
TGTGACTA	0.1
TCTGACTA	0.1
TATGACTA	0.1
TTGGACTA	0.1
TGGGACTA	0.1
TCGGACTA	0.09
TTCGACTA	0.12
TGCGACTA	0.1
TCCGACTA	0.12
TTAGACTA	0.09
TGAGACTA	0.1
TCAGACTA	0.09
TTTCACTA	0.12
TGTCACTA	0.09
TCTCACTA	0.11
TATCACTA	0.1
TTGCACTA	0.1
TGGCACTA	0.09
TCGCACTA	0.11
TTCCACTA	0.12
TGCCACTA	0.1
TCCCACTA	0.12
TTACACTA	0.1
TGACACTA	0.1
TCACACTA	0.1
TTTAACTA	0.12
TGTAACTA	0.1
TCTAACTA	0.1
TATAACTA	0.12
TTGAACTA	0.09
TGGAACTA	0.12
TCGAACTA	0.1
TTCAACTA	0.11
TGCAACTA	0.1
TCCAACTA	0.1
TTAAACTA	0.11
TGAAACTA	0.11
TCAAACTA	0.1
TTTTTATA	0.15
TGTTTATA	0.1
TCTTTATA	0.12
TATTTATA	0.12
TTGTTATA	0.12
TGGTTATA	0.11
TCGTTATA	0.1
TTCTTATA	0.11
TGCTTATA	0.11
TCCTTATA	0.12
TTATTATA	0.12
TGATTATA	0.12
TCATTATA	0.11
TTTGTATA	0.12
TGTGTATA	0.1
TCTGTATA	0.12
TATGTATA	0.12
TTGGTATA	0.11
TGGGTATA	0.12
TCGGTATA	0.1
TTCGTATA	0.11
TGCGTATA	0.1
TCCGTATA	0.12
TTAGTATA	0.11
TGAGTATA	0.1
TCAGTATA	0.13
TTTCTATA	0.1
TGTCTATA	0.11
TCTCTATA	0.12
TATCTATA	0.11
TTGCTATA	0.11
TGGCTATA	0.1
TCGCTATA	0.09
TTCCTATA	0.13
TGCCTATA	0.1
TCCCTATA	0.12
TTACTATA	0.11
TGACTATA	0.09
TCACTATA	0.1
TTTATATA	0.12
TGTATATA	0.1
TCTATATA	0.12
TTGATATA	0.12
TGGATATA	0.12
TCGATATA	0.09
TTCATATA	0.11
TGCATATA	0.1
TCCATATA	0.13
TTAATATA	0.12
TGAATATA	0.11
TCAATATA	0.12
TTTTGATA	0.11
TGTTGATA	0.1
TCTTGATA	0.12
TATTGATA	0.11
TTGTGATA	0.11
TGGTGATA	0.1
TCGTGATA	0.1
TTCTGATA	0.12
TGCTGATA	0.1
TCCTGATA	0.12
TTATGATA	0.11
TGATGATA	0.11
TCATGATA	0.1
TTTGGATA	0.11
TGTGGATA	0.12
TCTGGATA	0.12
TATGGATA	0.1
TTGGGATA	0.12
TGGGGATA	0.11
TCGGGATA	0.11
TTCGGATA	0.11
TGCGGATA	0.18
TCCGGATA	0.42
TTAGGATA	0.13
TGAGGATA	0.13
TCAGGATA	0.19
TTTCGATA	0.1
TGTCGATA	0.11
TCTCGATA	0.1
TTGCGATA	0.1
TGGCGATA	0.11
TCGCGATA	0.09
TTCCGATA	0.13
TGCCGATA	0.1
TCCCGATA	0.11
TTACGATA	0.1
TGACGATA	0.1
TCACGATA	0.11
TTTAGATA	0.12
TGTAGATA	0.1
TCTAGATA	0.09
TTGAGATA	0.11
TGGAGATA	0.1
TCGAGATA	0.1
TTCAGATA	0.1
TGCAGATA	0.1
TCCAGATA	0.11
TTAAGATA	0.13
TGAAGATA	0.11
TCAAGATA	0.11
TTTTCATA	0.11
TGTTCATA	0.1
TCTTCATA	0.12
TATTCATA	0.1
TTGTCATA	0.11
TGGTCATA	0.1
TCGTCATA	0.11
TTCTCATA	0.1
TGCTCATA	0.09
TCCTCATA	0.11
TTATCATA	0.12
TGATCATA	0.1
TCATCATA	0.1
TTTGCATA	0.1
TGTGCATA	0.1
TCTGCATA	0.1
TTGGCATA	0.11
TGGGCATA	0.09
TCGGCATA	0.1
TTCGCATA	0.09
TGCGCATA	0.1
TCCGCATA	0.14
TTAGCATA	0.1
TGAGCATA	0.1
TCAGCATA	0.11
TTTCCATA	0.12
TGTCCATA	0.11
TCTCCATA	0.12
TTGCCATA	0.1
TGGCCATA	0.11
TCGCCATA	0.1
TTCCCATA	0.11
TGCCCATA	0.1
TCCCCATA	0.12
TTACCATA	0.12
TGACCATA	0.09
TCACCATA	0.1
TTTACATA	0.11
TGTACATA	0.1
TCTACATA	0.11
TTGACATA	0.12
TGGACATA	0.09
TCGACATA	0.09
TTCACATA	0.1
TGCACATA	0.1
TCCACATA	0.11
TTAACATA	0.11
TGAACATA	0.12
TCAACATA	0.1
TTTTAATA	0.14
TGTTAATA	0.1
TCTTAATA	0.12
TTGTAATA	0.11
TGGTAATA	0.11
TCGTAATA	0.12
TTCTAATA	0.11
TGCTAATA	0.11
TCCTAATA	0.12
TTATAATA	0.11
TGATAATA	0.11
TCATAATA	0.1
TTTGAATA	0.12
TGTGAATA	0.12
TCTGAATA	0.1
TTGGAATA	0.12
TGGGAATA	0.11
TCGGAATA	0.11
TTCGAATA	0.1
TGCGAATA	0.09
TCCGAATA	0.1
TTAGAATA	0.13
TGAGAATA	0.1
TCAGAATA	0.1
TTTCAATA	0.12
TGTCAATA	0.09
TCTCAATA	0.11
TTGCAATA	0.11
TGGCAATA	0.1
TCGCAATA	0.1
TTCCAATA	0.12
TGCCAATA	0.1
TCCCAATA	0.12
TTACAATA	0.11
TGACAATA	0.11
TCACAATA	0.11
TTTAAATA	0.12
TGTAAATA	0.09
TCTAAATA	0.1
TTGAAATA	0.11
TGGAAATA	0.13
TCGAAATA	0.11
TTCAAATA	0.11
TGCAAATA	0.1
TCCAAATA	0.12
TTAAAATA	0.12
TGAAAATA	0.11
TCAAAATA	0.13
TTTTTTGA	0.12
TGTTTTGA	0.12
TCTTTTGA	0.11
TTGTTTGA	0.11
TGGTTTGA	0.12
TCGTTTGA	0.11
TTCTTTGA	0.11
TGCTTTGA	0.11
TCCTTTGA	0.11
TTATTTGA	0.12
TGATTTGA	0.12
TCATTTGA	0.11
TTTGTTGA	0.12
TGTGTTGA	0.12
TCTGTTGA	0.11
TTGGTTGA	0.11
TGGGTTGA	0.1
TCGGTTGA	0.1
TTCGTTGA	0.1
TGCGTTGA	0.1
TCCGTTGA	0.13
TTAGTTGA	0.1
TGAGTTGA	0.1
TCAGTTGA	0.1
TTTCTTGA	0.12
TGTCTTGA	0.11
TCTCTTGA	0.1
TTGCTTGA	0.1
TGGCTTGA	0.09
TCGCTTGA	0.11
TTCCTTGA	0.12
TGCCTTGA	0.1
TCCCTTGA	0.1
TTACTTGA	0.13
TGACTTGA	0.1
TCACTTGA	0.09
TTTATTGA	0.12
TGTATTGA	0.1
TCTATTGA	0.11
TTGATTGA	0.1
TGGATTGA	0.1
TCGATTGA	0.1
TTCATTGA	0.09
TGCATTGA	0.1
TCCATTGA	0.1
TTAATTGA	0.12
TGAATTGA	0.12
TTTTGTGA	0.11
TGTTGTGA	0.11
TCTTGTGA	0.09
TTGTGTGA	0.1
TGGTGTGA	0.12
TCGTGTGA	0.09
TTCTGTGA	0.1
TGCTGTGA	0.12
TCCTGTGA	0.14
TTATGTGA	0.09
TGATGTGA	0.1
TCATGTGA	0.09
TTTGGTGA	0.13
TGTGGTGA	0.12
TCTGGTGA	0.08
TTGGGTGA	0.11
TGGGGTGA	0.11
TCGGGTGA	0.1
TTCGGTGA	0.11
TGCGGTGA	0.11
TCCGGTGA	0.18
TTAGGTGA	0.1
TGAGGTGA	0.11
TCAGGTGA	0.09
TTTCGTGA	0.12
TGTCGTGA	0.12
TCTCGTGA	0.09
TTGCGTGA	0.1
TGGCGTGA	0.11
TCGCGTGA	0.1
TTCCGTGA	0.15
TGCCGTGA	0.09
TCCCGTGA	0.09
TTACGTGA	0.09
TGACGTGA	0.11
TTTAGTGA	0.11
TGTAGTGA	0.11
TCTAGTGA	0.11
TTGAGTGA	0.1
TGGAGTGA	0.1
TCGAGTGA	0.1
TTCAGTGA	0.11
TGCAGTGA	0.11
TCCAGTGA	0.11
TTAAGTGA	0.11
TGAAGTGA	0.11
TTTTCTGA	0.11
TGTTCTGA	0.11
TCTTCTGA	0.11
TTGTCTGA	0.1
TGGTCTGA	0.11
TCGTCTGA	0.1
TTCTCTGA	0.08
TGCTCTGA	0.11
TCCTCTGA	0.12
TTATCTGA	0.11
TGATCTGA	0.1
TCATCTGA	0.09
TTTGCTGA	0.11
TGTGCTGA	0.09
TCTGCTGA	0.09
TTGGCTGA	0.09
TGGGCTGA	0.08
TCGGCTGA	0.09
TTCGCTGA	0.1
TGCGCTGA	0.09
TCCGCTGA	0.15
TTAGCTGA	0.11
TGAGCTGA	0.09
TTTCCTGA	0.26
TGTCCTGA	0.1
TCTCCTGA	0.11
TTGCCTGA	0.09
TGGCCTGA	0.1
TCGCCTGA	0.1
TTCCCTGA	0.11
TGCCCTGA	0.1
TCCCCTGA	0.1
TTACCTGA	0.12
TGACCTGA	0.12
TTTACTGA	0.1
TGTACTGA	0.1
TCTACTGA	0.1
TTGACTGA	0.11
TGGACTGA	0.1
TCGACTGA	0.1
TTCACTGA	0.1
TGCACTGA	0.09
TCCACTGA	0.11
TTAACTGA	0.11
TGAACTGA	0.11
TTTTATGA	0.12
TGTTATGA	0.11
TCTTATGA	0.1
TTGTATGA	0.12
TGGTATGA	0.1
TCGTATGA	0.1
TTCTATGA	0.12
TGCTATGA	0.12
TCCTATGA	0.11
TTATATGA	0.11
TGATATGA	0.12
TTTGATGA	0.11
TGTGATGA	0.09
TCTGATGA	0.1
TTGGATGA	0.1
TGGGATGA	0.1
TCGGATGA	0.12
TTCGATGA	0.11
TGCGATGA	0.1
TCCGATGA	0.11
TTAGATGA	0.09
TGAGATGA	0.11
TTTCATGA	0.1
TGTCATGA	0.11
TCTCATGA	0.11
TTGCATGA	0.11
TGGCATGA	0.11
TCGCATGA	0.09
TTCCATGA	0.12
TGCCATGA	0.09
TCCCATGA	0.1
TTACATGA	0.1
TGACATGA	0.09
TTTAATGA	0.11
TGTAATGA	0.11
TCTAATGA	0.11
TTGAATGA	0.12
TGGAATGA	0.11
TCGAATGA	0.09
TTCAATGA	0.11
TGCAATGA	0.1
TCCAATGA	0.1
TTAAATGA	0.1
TGAAATGA	0.11
TTTTTGGA	0.13
TGTTTGGA	0.11
TCTTTGGA	0.12
TTGTTGGA	0.11
TGGTTGGA	0.1
TCGTTGGA	0.1
TTCTTGGA	0.12
TGCTTGGA	0.09
TCCTTGGA	0.1
TTATTGGA	0.11
TGATTGGA	0.11
TTTGTGGA	0.12
TGTGTGGA	0.11
TCTGTGGA	0.11
TTGGTGGA	0.1
TGGGTGGA	0.09
TCGGTGGA	0.1
TTCGTGGA	0.09
TGCGTGGA	0.11
TCCGTGGA	0.12
TTAGTGGA	0.11
TGAGTGGA	0.1
TTTCTGGA	0.12
TGTCTGGA	0.1
TCTCTGGA	0.1
TTGCTGGA	0.1
TGGCTGGA	0.1
TCGCTGGA	0.12
TTCCTGGA	0.18
TGCCTGGA	0.09
TCCCTGGA	0.1
TTACTGGA	0.1
TGACTGGA	0.09
TTTATGGA	0.1
TGTATGGA	0.11
TCTATGGA	0.1
TTGATGGA	0.12
TGGATGGA	0.1
TCGATGGA	0.12
TTCATGGA	0.1
TGCATGGA	0.1
TTAATGGA	0.12
TGAATGGA	0.11
TTTTGGGA	0.11
TGTTGGGA	0.11
TCTTGGGA	0.1
TTGTGGGA	0.11
TGGTGGGA	0.1
TCGTGGGA	0.11
TTCTGGGA	0.1
TGCTGGGA	0.11
TCCTGGGA	0.11
TTATGGGA	0.12
TGATGGGA	0.09
TTTGGGGA	0.1
TGTGGGGA	0.09
TCTGGGGA	0.11
TTGGGGGA	0.14
TGGGGGGA	0.11
TCGGGGGA	0.1
TTCGGGGA	0.11
TGCGGGGA	0.11
TCCGGGGA	0.15
TTAGGGGA	0.11
TGAGGGGA	0.12
TTTCGGGA	0.11
TGTCGGGA	0.13
TCTCGGGA	0.12
TTGCGGGA	0.11
TGGCGGGA	0.14
TCGCGGGA	0.1
TTCCGGGA	0.32
TGCCGGGA	0.11
TTACGGGA	0.11
TGACGGGA	0.12
TTTAGGGA	0.12
TGTAGGGA	0.1
TCTAGGGA	0.1
TTGAGGGA	0.1
TGGAGGGA	0.1
TCGAGGGA	0.1
TTCAGGGA	0.1
TGCAGGGA	0.12
TTAAGGGA	0.11
TGAAGGGA	0.11
TTTTCGGA	0.12
TGTTCGGA	0.11
TCTTCGGA	0.1
TTGTCGGA	0.14
TGGTCGGA	0.12
TCGTCGGA	0.12
TTCTCGGA	0.11
TGCTCGGA	0.1
TCCTCGGA	0.12
TTATCGGA	0.11
TGATCGGA	0.11
TTTGCGGA	0.12
TGTGCGGA	0.12
TCTGCGGA	0.13
TTGGCGGA	0.13
TGGGCGGA	0.12
TCGGCGGA	0.14
TTCGCGGA	0.11
TGCGCGGA	0.11
TTAGCGGA	0.14
TGAGCGGA	0.15
TTTCCGGA	0.53
TGTCCGGA	0.18
TCTCCGGA	0.16
TTGCCGGA	0.15
TGGCCGGA	0.21
TCGCCGGA	0.14
TTCCCGGA	0.15
TGCCCGGA	0.14
TTACCGGA	0.21
TGACCGGA	0.33
TTTACGGA	0.12
TGTACGGA	0.11
TCTACGGA	0.12
TTGACGGA	0.13
TGGACGGA	0.13
TCGACGGA	0.12
TTCACGGA	0.11
TGCACGGA	0.13
TTAACGGA	0.12
TGAACGGA	0.14
TTTTAGGA	0.12
TGTTAGGA	0.11
TCTTAGGA	0.11
TTGTAGGA	0.12
TGGTAGGA	0.1
TCGTAGGA	0.1
TTCTAGGA	0.13
TGCTAGGA	0.1
TTATAGGA	0.11
TGATAGGA	0.11
TTTGAGGA	0.13
TGTGAGGA	0.11
TCTGAGGA	0.11
TTGGAGGA	0.11
TGGGAGGA	0.11
TCGGAGGA	0.11
TTCGAGGA	0.1
TGCGAGGA	0.11
TTAGAGGA	0.11
TGAGAGGA	0.13
TTTCAGGA	0.12
TGTCAGGA	0.11
TCTCAGGA	0.11
TTGCAGGA	0.12
TGGCAGGA	0.13
TCGCAGGA	0.12
TTCCAGGA	0.12
TGCCAGGA	0.11
TTACAGGA	0.13
TGACAGGA	0.17
TTTAAGGA	0.13
TGTAAGGA	0.11
TCTAAGGA	0.11
TTGAAGGA	0.13
TGGAAGGA	0.12
TCGAAGGA	0.11
TTCAAGGA	0.11
TGCAAGGA	0.12
TTAAAGGA	0.13
TGAAAGGA	0.15
TTTTTCGA	0.12
TGTTTCGA	0.12
TCTTTCGA	0.11
TTGTTCGA	0.1
TGGTTCGA	0.1
TCGTTCGA	0.1
TTCTTCGA	0.1
TGCTTCGA	0.09
TTATTCGA	0.11
TGATTCGA	0.1
TTTGTCGA	0.1
TGTGTCGA	0.1
TCTGTCGA	0.09
TTGGTCGA	0.1
TGGGTCGA	0.1
TCGGTCGA	0.09
TTCGTCGA	0.12
TGCGTCGA	0.09
TTAGTCGA	0.1
TGAGTCGA	0.09
TTTCTCGA	0.11
TGTCTCGA	0.1
TCTCTCGA	0.1
TTGCTCGA	0.11
TGGCTCGA	0.09
TCGCTCGA	0.09
TTCCTCGA	0.13
TGCCTCGA	0.1
TTACTCGA	0.12
TGACTCGA	0.09
TTTATCGA	0.11
TGTATCGA	0.11
TCTATCGA	0.09
TTGATCGA	0.1
TGGATCGA	0.1
TTCATCGA	0.11
TGCATCGA	0.1
TTAATCGA	0.12
TGAATCGA	0.1
TTTTGCGA	0.1
TGTTGCGA	0.11
TCTTGCGA	0.08
TTGTGCGA	0.1
TGGTGCGA	0.1
TCGTGCGA	0.09
TTCTGCGA	0.1
TGCTGCGA	0.09
TTATGCGA	0.1
TGATGCGA	0.11
TTTGGCGA	0.13
TGTGGCGA	0.1
TCTGGCGA	0.11
TTGGGCGA	0.09
TGGGGCGA	0.1
TCGGGCGA	0.09
TTCGGCGA	0.12
TGCGGCGA	0.1
TTAGGCGA	0.1
TGAGGCGA	0.13
TTTCGCGA	0.12
TGTCGCGA	0.1
TCTCGCGA	0.1
TTGCGCGA	0.11
TGGCGCGA	0.1
TTCCGCGA	0.14
TGCCGCGA	0.09
TTACGCGA	0.1
TGACGCGA	0.1
TTTAGCGA	0.11
TGTAGCGA	0.09
TCTAGCGA	0.1
TTGAGCGA	0.11
TGGAGCGA	0.1
TTCAGCGA	0.1
TGCAGCGA	0.1
TTAAGCGA	0.11
TGAAGCGA	0.11
TTTTCCGA	0.12
TGTTCCGA	0.12
TCTTCCGA	0.14
TTGTCCGA	0.1
TGGTCCGA	0.1
TCGTCCGA	0.1
TTCTCCGA	0.11
TGCTCCGA	0.1
TTATCCGA	0.12
TGATCCGA	0.1
TTTGCCGA	0.1
TGTGCCGA	0.09
TCTGCCGA	0.1
TTGGCCGA	0.1
TGGGCCGA	0.09
TTCGCCGA	0.11
TGCGCCGA	0.09
TTAGCCGA	0.08
TGAGCCGA	0.1
TTTCCCGA	0.15
TGTCCCGA	0.11
TCTCCCGA	0.1
TTGCCCGA	0.1
TGGCCCGA	0.09
TTCCCCGA	0.11
TGCCCCGA	0.11
TTACCCGA	0.09
TGACCCGA	0.1
TTTACCGA	0.1
TGTACCGA	0.1
TCTACCGA	0.1
TTGACCGA	0.08
TGGACCGA	0.09
TTCACCGA	0.1
TGCACCGA	0.11
TTAACCGA	0.12
TGAACCGA	0.09
TTTTACGA	0.1
TGTTACGA	0.11
TCTTACGA	0.1
TTGTACGA	0.11
TGGTACGA	0.11
TTCTACGA	0.1
TGCTACGA	0.1
TTATACGA	0.11
TGATACGA	0.08
TTTGACGA	0.13
TGTGACGA	0.1
TCTGACGA	0.1
TTGGACGA	0.11
TGGGACGA	0.1
TTCGACGA	0.12
TGCGACGA	0.1
TTAGACGA	0.1
TGAGACGA	0.1
TTTCACGA	0.11
TGTCACGA	0.12
TCTCACGA	0.11
TTGCACGA	0.11
TGGCACGA	0.09
TTCCACGA	0.1
TGCCACGA	0.1
TTACACGA	0.1
TGACACGA	0.09
TTTAACGA	0.11
TGTAACGA	0.1
TCTAACGA	0.1
TTGAACGA	0.11
TGGAACGA	0.09
TTCAACGA	0.11
TGCAACGA	0.09
TTAAACGA	0.11
TGAAACGA	0.11
TTTTTAGA	0.12
TGTTTAGA	0.1
TCTTTAGA	0.11
TTGTTAGA	0.12
TGGTTAGA	0.1
TTCTTAGA	0.12
TGCTTAGA	0.1
TTATTAGA	0.1
TGATTAGA	0.1
TTTGTAGA	0.11
TGTGTAGA	0.11
TCTGTAGA	0.09
TTGGTAGA	0.1
TGGGTAGA	0.11
TTCGTAGA	0.1
TGCGTAGA	0.1
TTAGTAGA	0.12
TGAGTAGA	0.12
TTTCTAGA	0.11
TGTCTAGA	0.09
TCTCTAGA	0.1
TTGCTAGA	0.1
TGGCTAGA	0.09
TTCCTAGA	0.13
TGCCTAGA	0.11
TTACTAGA	0.11
TGACTAGA	0.11
TTTATAGA	0.12
TGTATAGA	0.09
TTGATAGA	0.1
TGGATAGA	0.11
TTCATAGA	0.1
TGCATAGA	0.1
TTAATAGA	0.1
TGAATAGA	0.12
TTTTGAGA	0.12
TGTTGAGA	0.1
TCTTGAGA	0.11
TTGTGAGA	0.12
TGGTGAGA	0.11
TTCTGAGA	0.11
TGCTGAGA	0.1
TTATGAGA	0.11
TGATGAGA	0.1
TTTGGAGA	0.12
TGTGGAGA	0.11
TCTGGAGA	0.11
TTGGGAGA	0.11
TGGGGAGA	0.1
TTCGGAGA	0.11
TGCGGAGA	0.11
TTAGGAGA	0.13
TGAGGAGA	0.1
TTTCGAGA	0.11
TGTCGAGA	0.11
TTGCGAGA	0.09
TGGCGAGA	0.09
TTCCGAGA	0.13
TGCCGAGA	0.1
TTACGAGA	0.11
TGACGAGA	0.13
TTTAGAGA	0.11
TGTAGAGA	0.11
TTGAGAGA	0.12
TGGAGAGA	0.1
TTCAGAGA	0.1
TGCAGAGA	0.09
TTAAGAGA	0.12
TGAAGAGA	0.1
TTTTCAGA	0.11
TGTTCAGA	0.1
TCTTCAGA	0.09
TTGTCAGA	0.1
TGGTCAGA	0.1
TTCTCAGA	0.11
TGCTCAGA	0.09
TTATCAGA	0.12
TGATCAGA	0.11
TTTGCAGA	0.11
TGTGCAGA	0.11
TTGGCAGA	0.09
TGGGCAGA	0.11
TTCGCAGA	0.09
TGCGCAGA	0.1
TTAGCAGA	0.1
TGAGCAGA	0.1
TTTCCAGA	0.11
TGTCCAGA	0.1
TTGCCAGA	0.1
TGGCCAGA	0.1
TTCCCAGA	0.12
TGCCCAGA	0.1
TTACCAGA	0.12
TGACCAGA	0.09
TTTACAGA	0.11
TGTACAGA	0.11
TTGACAGA	0.12
TGGACAGA	0.11
TTCACAGA	0.12
TGCACAGA	0.1
TTAACAGA	0.11
TGAACAGA	0.1
TTTTAAGA	0.11
TGTTAAGA	0.11
TTGTAAGA	0.1
TGGTAAGA	0.1
TTCTAAGA	0.13
TGCTAAGA	0.1
TTATAAGA	0.11
TGATAAGA	0.1
TTTGAAGA	0.1
TGTGAAGA	0.1
TTGGAAGA	0.11
TGGGAAGA	0.11
TTCGAAGA	0.1
TGCGAAGA	0.11
TTAGAAGA	0.11
TGAGAAGA	0.12
TTTCAAGA	0.12
TGTCAAGA	0.11
TTGCAAGA	0.11
TGGCAAGA	0.1
TTCCAAGA	0.11
TGCCAAGA	0.12
TTACAAGA	0.1
TGACAAGA	0.1
TTTAAAGA	0.12
TGTAAAGA	0.13
TTGAAAGA	0.1
TGGAAAGA	0.11
TTCAAAGA	0.12
TGCAAAGA	0.09
TTAAAAGA	0.12
TGAAAAGA	0.11
TTTTTTCA	0.13
TGTTTTCA	0.11
TTGTTTCA	0.11
TGGTTTCA	0.13
TTCTTTCA	0.12
TGCTTTCA	0.12
TTATTTCA	0.12
TGATTTCA	0.1
TTTGTTCA	0.11
TGTGTTCA	0.11
TTGGTTCA	0.11
TGGGTTCA	0.1
TTCGTTCA	0.1
TGCGTTCA	0.1
TTAGTTCA	0.11
TGAGTTCA	0.1
TTTCTTCA	0.13
TGTCTTCA	0.09
TTGCTTCA	0.12
TGGCTTCA	0.1
TTCCTTCA	0.15
TGCCTTCA	0.11
TTACTTCA	0.1
TGACTTCA	0.1
TTTATTCA	0.13
TGTATTCA	0.11
TTGATTCA	0.12
TGGATTCA	0.11
TTCATTCA	0.12
TGCATTCA	0.11
TTAATTCA	0.12
TTTTGTCA	0.12
TGTTGTCA	0.1
TTGTGTCA	0.11
TGGTGTCA	0.11
TTCTGTCA	0.12
TGCTGTCA	0.11
TTATGTCA	0.12
TGATGTCA	0.11
TTTGGTCA	0.12
TGTGGTCA	0.1
TTGGGTCA	0.1
TGGGGTCA	0.1
TTCGGTCA	0.09
TGCGGTCA	0.09
TTAGGTCA	0.11
TGAGGTCA	0.1
TTTCGTCA	0.1
TGTCGTCA	0.1
TTGCGTCA	0.1
TGGCGTCA	0.1
TTCCGTCA	0.15
TGCCGTCA	0.09
TTACGTCA	0.09
TTTAGTCA	0.11
TGTAGTCA	0.11
TTGAGTCA	0.1
TGGAGTCA	0.1
TTCAGTCA	0.11
TGCAGTCA	0.1
TTAAGTCA	0.1
TTTTCTCA	0.12
TGTTCTCA	0.1
TTGTCTCA	0.12
TGGTCTCA	0.1
TTCTCTCA	0.11
TGCTCTCA	0.1
TTATCTCA	0.12
TGATCTCA	0.1
TTTGCTCA	0.1
TGTGCTCA	0.09
TTGGCTCA	0.1
TGGGCTCA	0.11
TTCGCTCA	0.1
TGCGCTCA	0.1
TTAGCTCA	0.09
TTTCCTCA	0.16
TGTCCTCA	0.1
TTGCCTCA	0.1
TGGCCTCA	0.1
TTCCCTCA	0.12
TGCCCTCA	0.11
TTACCTCA	0.11
TTTACTCA	0.11
TGTACTCA	0.1
TTGACTCA	0.1
TGGACTCA	0.11
TTCACTCA	0.11
TGCACTCA	0.11
TTAACTCA	0.1
TTTTATCA	0.12
TGTTATCA	0.11
TTGTATCA	0.11
TGGTATCA	0.11
TTCTATCA	0.11
TGCTATCA	0.1
TTATATCA	0.1
TTTGATCA	0.09
TGTGATCA	0.1
TTGGATCA	0.1
TGGGATCA	0.1
TTCGATCA	0.1
TGCGATCA	0.09
TTAGATCA	0.1
TTTCATCA	0.11
TGTCATCA	0.1
TTGCATCA	0.1
TGGCATCA	0.09
TTCCATCA	0.12
TGCCATCA	0.08
TTACATCA	0.1
TTTAATCA	0.12
TGTAATCA	0.12
TTGAATCA	0.12
TGGAATCA	0.1
TTCAATCA	0.1
TGCAATCA	0.12
TTAAATCA	0.12
TTTTTGCA	0.11
TGTTTGCA	0.09
TTGTTGCA	0.1
TGGTTGCA	0.1
TTCTTGCA	0.11
TGCTTGCA	0.1
TTATTGCA	0.11
TTTGTGCA	0.11
TGTGTGCA	0.1
TTGGTGCA	0.12
TGGGTGCA	0.1
TTCGTGCA	0.1
TGCGTGCA	0.09
TTAGTGCA	0.11
TTTCTGCA	0.1
TGTCTGCA	0.11
TTGCTGCA	0.09
TGGCTGCA	0.1
TTCCTGCA	0.2
TGCCTGCA	0.09
TTACTGCA	0.1
TTTATGCA	0.12
TGTATGCA	0.1
TTGATGCA	0.1
TGGATGCA	0.1
TTCATGCA	0.11
TTAATGCA	0.1
TTTTGGCA	0.12
TGTTGGCA	0.1
TTGTGGCA	0.1
TGGTGGCA	0.11
TTCTGGCA	0.09
TGCTGGCA	0.1
TTATGGCA	0.11
TTTGGGCA	0.1
TGTGGGCA	0.1
TTGGGGCA	0.1
TGGGGGCA	0.11
TTCGGGCA	0.09
TGCGGGCA	0.1
TTAGGGCA	0.1
TTTCGGCA	0.12
TGTCGGCA	0.09
TTGCGGCA	0.1
TGGCGGCA	0.1
TTCCGGCA	0.41
TTACGGCA	0.1
TTTAGGCA	0.1
TGTAGGCA	0.1
TTGAGGCA	0.11
TGGAGGCA	0.09
TTCAGGCA	0.09
TTAAGGCA	0.11
TTTTCGCA	0.12
TGTTCGCA	0.09
TTGTCGCA	0.1
TGGTCGCA	0.1
TTCTCGCA	0.1
TGCTCGCA	0.09
TTATCGCA	0.1
TTTGCGCA	0.1
TGTGCGCA	0.1
TTGGCGCA	0.11
TGGGCGCA	0.09
TTCGCGCA	0.11
TTAGCGCA	0.09
TTTCCGCA	0.27
TGTCCGCA	0.13
TTGCCGCA	0.1
TGGCCGCA	0.09
TTCCCGCA	0.13
TTACCGCA	0.1
TTTACGCA	0.1
TGTACGCA	0.09
TTGACGCA	0.11
TGGACGCA	0.09
TTCACGCA	0.11
TTAACGCA	0.09
TTTTAGCA	0.12
TGTTAGCA	0.11
TTGTAGCA	0.1
TGGTAGCA	0.1
TTCTAGCA	0.1
TTATAGCA	0.1
TTTGAGCA	0.1
TGTGAGCA	0.09
TTGGAGCA	0.12
TGGGAGCA	0.12
TTCGAGCA	0.1
TTAGAGCA	0.1
TTTCAGCA	0.13
TGTCAGCA	0.09
TTGCAGCA	0.09
TGGCAGCA	0.1
TTCCAGCA	0.12
TTACAGCA	0.09
TTTAAGCA	0.11
TGTAAGCA	0.1
TTGAAGCA	0.11
TGGAAGCA	0.13
TTCAAGCA	0.11
TTAAAGCA	0.11
TTTTTCCA	0.11
TGTTTCCA	0.11
TTGTTCCA	0.1
TGGTTCCA	0.11
TTCTTCCA	0.13
TTATTCCA	0.1
TTTGTCCA	0.11
TGTGTCCA	0.09
TTGGTCCA	0.11
TGGGTCCA	0.11
TTCGTCCA	0.11
TTAGTCCA	0.1
TTTCTCCA	0.1
TGTCTCCA	0.11
TTGCTCCA	0.1
TGGCTCCA	0.09
TTCCTCCA	0.15
TTACTCCA	0.1
TTTATCCA	0.11
TGTATCCA	0.1
TTGATCCA	0.11
TTCATCCA	0.1
TTAATCCA	0.11
TTTTGCCA	0.11
TGTTGCCA	0.1
TTGTGCCA	0.1
TGGTGCCA	0.09
TTCTGCCA	0.11
TTATGCCA	0.11
TTTGGCCA	0.09
TGTGGCCA	0.09
TTGGGCCA	0.09
TGGGGCCA	0.1
TTCGGCCA	0.1
TTAGGCCA	0.1
TTTCGCCA	0.1
TGTCGCCA	0.1
TTGCGCCA	0.1
TTCCGCCA	0.26
TTACGCCA	0.11
TTTAGCCA	0.11
TGTAGCCA	0.11
TTGAGCCA	0.11
TTCAGCCA	0.11
TTAAGCCA	0.11
TTTTCCCA	0.11
TGTTCCCA	0.1
TTGTCCCA	0.1
TGGTCCCA	0.1
TTCTCCCA	0.11
TTATCCCA	0.12
TTTGCCCA	0.09
TGTGCCCA	0.09
TTGGCCCA	0.08
TTCGCCCA	0.09
TTAGCCCA	0.09
TTTCCCCA	0.12
TGTCCCCA	0.1
TTGCCCCA	0.09
TTCCCCCA	0.14
TTACCCCA	0.1
TTTACCCA	0.1
TGTACCCA	0.1
TTGACCCA	0.1
TTCACCCA	0.12
TTAACCCA	0.11
TTTTACCA	0.12
TGTTACCA	0.12
TTGTACCA	0.11
TTCTACCA	0.11
TTATACCA	0.11
TTTGACCA	0.11
TGTGACCA	0.11
TTGGACCA	0.1
TTCGACCA	0.1
TTAGACCA	0.1
TTTCACCA	0.11
TGTCACCA	0.1
TTGCACCA	0.1
TTCCACCA	0.12
TTACACCA	0.1
TTTAACCA	0.12
TGTAACCA	0.09
TTGAACCA	0.1
TTCAACCA	0.1
TTAAACCA	0.12
TTTTTACA	0.12
TGTTTACA	0.11
TTGTTACA	0.1
TTCTTACA	0.11
TTATTACA	0.11
TTTGTACA	0.11
TGTGTACA	0.1
TTGGTACA	0.1
TTCGTACA	0.1
TTAGTACA	0.1
TTTCTACA	0.12
TGTCTACA	0.11
TTGCTACA	0.1
TTCCTACA	0.13
TTACTACA	0.11
TTTATACA	0.1
TTGATACA	0.11
TTCATACA	0.12
TTAATACA	0.12
TTTTGACA	0.12
TGTTGACA	0.1
TTGTGACA	0.11
TTCTGACA	0.1
TTATGACA	0.11
TTTGGACA	0.11
TGTGGACA	0.11
TTGGGACA	0.1
TTCGGACA	0.12
TTAGGACA	0.12
TTTCGACA	0.12
TTGCGACA	0.1
TTCCGACA	0.13
TTACGACA	0.1
TTTAGACA	0.1
TTGAGACA	0.1
TTCAGACA	0.09
TTAAGACA	0.1
TTTTCACA	0.11
TGTTCACA	0.11
TTGTCACA	0.1
TTCTCACA	0.12
TTATCACA	0.12
TTTGCACA	0.11
TTGGCACA	0.11
TTCGCACA	0.1
TTAGCACA	0.12
TTTCCACA	0.13
TTGCCACA	0.11
TTCCCACA	0.11
TTACCACA	0.11
TTTACACA	0.11
TTGACACA	0.09
TTCACACA	0.1
TTAACACA	0.11
TTTTAACA	0.12
TTGTAACA	0.11
TTCTAACA	0.11
TTATAACA	0.11
TTTGAACA	0.12
TTGGAACA	0.09
TTCGAACA	0.09
TTAGAACA	0.11
TTTCAACA	0.11
TTGCAACA	0.12
TTCCAACA	0.12
TTACAACA	0.11
TTTAAACA	0.11
TTGAAACA	0.12
TTCAAACA	0.1
TTAAAACA	0.13
TTTTTTAA	0.14
TTGTTTAA	0.12
TTCTTTAA	0.12
TTATTTAA	0.14
TTTGTTAA	0.11
TTGGTTAA	0.11
TTCGTTAA	0.11
TTAGTTAA	0.12
TTTCTTAA	0.12
TTGCTTAA	0.11
TTCCTTAA	0.16
TTACTTAA	0.12
TTTATTAA	0.12
TTGATTAA	0.13
TTCATTAA	0.13
TTTTGTAA	0.12
TTGTGTAA	0.12
TTCTGTAA	0.11
TTATGTAA	0.1
TTTGGTAA	0.13
TTGGGTAA	0.1
TTCGGTAA	0.11
TTAGGTAA	0.12
TTTCGTAA	0.1
TTGCGTAA	0.1
TTCCGTAA	0.14
TTTAGTAA	0.1
TTGAGTAA	0.11
TTCAGTAA	0.11
TTTTCTAA	0.12
TTGTCTAA	0.11
TTCTCTAA	0.1
TTATCTAA	0.12
TTTGCTAA	0.11
TTGGCTAA	0.09
TTCGCTAA	0.11
TTTCCTAA	0.16
TTGCCTAA	0.1
TTCCCTAA	0.12
TTTACTAA	0.1
TTGACTAA	0.1
TTCACTAA	0.12
TTTTATAA	0.13
TTGTATAA	0.12
TTCTATAA	0.1
TTTGATAA	0.11
TTGGATAA	0.12
TTCGATAA	0.11
TTTCATAA	0.11
TTGCATAA	0.1
TTCCATAA	0.12
TTTAATAA	0.13
TTGAATAA	0.12
TTCAATAA	0.12
TTTTTGAA	0.12
TTGTTGAA	0.1
TTCTTGAA	0.13
TTTGTGAA	0.11
TTGGTGAA	0.11
TTCGTGAA	0.1
TTTCTGAA	0.11
TTGCTGAA	0.1
TTCCTGAA	0.17
TTTATGAA	0.12
TTGATGAA	0.13
TTTTGGAA	0.12
TTGTGGAA	0.11
TTCTGGAA	0.14
TTTGGGAA	0.11
TTGGGGAA	0.1
TTCGGGAA	0.14
TTTCGGAA	0.14
TTGCGGAA	0.2
TTTAGGAA	0.13
TTGAGGAA	0.16
TTTTCGAA	0.11
TTGTCGAA	0.11
TTCTCGAA	0.11
TTTGCGAA	0.1
TTGGCGAA	0.13
TTTCCGAA	0.14
TTGCCGAA	0.1
TTTACGAA	0.1
TTGACGAA	0.1
TTTTAGAA	0.11
TTGTAGAA	0.11
TTTGAGAA	0.12
TTGGAGAA	0.11
TTTCAGAA	0.11
TTGCAGAA	0.1
TTTAAGAA	0.11
TTGAAGAA	0.11
TTTTTCAA	0.13
TTGTTCAA	0.1
TTTGTCAA	0.11
TTGGTCAA	0.1
TTTCTCAA	0.11
TTGCTCAA	0.1
TTTATCAA	0.12
TTTTGCAA	0.11
TTGTGCAA	0.12
TTTGGCAA	0.11
TTGGGCAA	0.1
TTTCGCAA	0.11
TTTAGCAA	0.09
TTTTCCAA	0.11
TTGTCCAA	0.1
TTTGCCAA	0.11
TTTCCCAA	0.12
TTTACCAA	0.12
TTTTACAA	0.11
TTTGACAA	0.12
TTTCACAA	0.09
TTTAACAA	0.11
TTTTTAAA	0.11
TTTGTAAA	0.1
TTTCTAAA	0.11
TTTTGAAA	0.13
TTTGGAAA	0.13
TTTTCAAA	0.12
